Title,Parents,Leafs,Families
Application Business Analyst,Business and Systems Analysis,IT Business Analyst,Architecture and Systems Analysis
Asset Management Systems Business Analyst,Business and Systems Analysis,IT Business Analyst,Architecture and Systems Analysis
Business Analyst — Applications,Business and Systems Analysis,IT Business Analyst,Architecture and Systems Analysis
Business Analyst — IT Projects,Business and Systems Analysis,IT Business Analyst,Architecture and Systems Analysis
Business Analyst — Software Delivery,Business and Systems Analysis,IT Business Analyst,Architecture and Systems Analysis
Business Applications Analyst,Business and Systems Analysis; User and Application Support,IT Business Analyst; Systems Analyst; Application Support Specialist,Architecture and Systems Analysis; IT Support
Business Process Analyst,Business and Systems Analysis; Data Analysis and Business Intelligence,IT Business Analyst; Systems Analyst; Business Intelligence Analyst,"Architecture and Systems Analysis; Data, Analytics and AI"
Business Solutions Analyst,Business and Systems Analysis,IT Business Analyst,Architecture and Systems Analysis
Business Systems Analyst,Business and Systems Analysis; Data Analysis and Business Intelligence,IT Business Analyst; Systems Analyst; Business Intelligence Analyst,"Architecture and Systems Analysis; Data, Analytics and AI"
Compliance Systems Business Analyst,Business and Systems Analysis,IT Business Analyst,Architecture and Systems Analysis
Core Banking Business Analyst,Business and Systems Analysis,IT Business Analyst,Architecture and Systems Analysis
CRM Business Analyst,Business and Systems Analysis,IT Business Analyst,Architecture and Systems Analysis
Customer Journey Business Analyst,Business and Systems Analysis,IT Business Analyst,Architecture and Systems Analysis
Data/BI Business Analyst,Business and Systems Analysis,IT Business Analyst,Architecture and Systems Analysis
Digital Business Analyst,Business and Systems Analysis,IT Business Analyst,Architecture and Systems Analysis
Digital Channels Business Analyst,Business and Systems Analysis,IT Business Analyst,Architecture and Systems Analysis
Digital Transformation Business Analyst,Business and Systems Analysis,IT Business Analyst,Architecture and Systems Analysis
Dynamics 365 Business Analyst,Business and Systems Analysis,IT Business Analyst,Architecture and Systems Analysis
E-commerce Business Analyst,Business and Systems Analysis,IT Business Analyst,Architecture and Systems Analysis
Enterprise Applications Business Analyst,Business and Systems Analysis,IT Business Analyst,Architecture and Systems Analysis
ERP Business Analyst,Business and Systems Analysis,IT Business Analyst,Architecture and Systems Analysis
Finance Systems Business Analyst,Business and Systems Analysis,IT Business Analyst,Architecture and Systems Analysis
Functional Business Analyst,Business and Systems Analysis,IT Business Analyst,Architecture and Systems Analysis
Healthcare Systems Business Analyst,Business and Systems Analysis,IT Business Analyst,Architecture and Systems Analysis
HRIS Business Analyst,Business and Systems Analysis,IT Business Analyst,Architecture and Systems Analysis
ICT Business Analyst,Business and Systems Analysis,IT Business Analyst,Architecture and Systems Analysis
Information Systems Business Analyst,Business and Systems Analysis,IT Business Analyst,Architecture and Systems Analysis
Information Technology Business Analyst,Business and Systems Analysis,IT Business Analyst,Architecture and Systems Analysis
Insurance Business Analyst,Business and Systems Analysis,IT Business Analyst,Architecture and Systems Analysis
IS Business Analyst,Business and Systems Analysis,IT Business Analyst,Architecture and Systems Analysis
IT Business Analyst,Business and Systems Analysis,IT Business Analyst,Architecture and Systems Analysis
IT Process Analyst,Business and Systems Analysis,IT Business Analyst,Architecture and Systems Analysis
IT Solutions Analyst,Business and Systems Analysis,IT Business Analyst,Architecture and Systems Analysis
Manufacturing Systems Business Analyst,Business and Systems Analysis,IT Business Analyst,Architecture and Systems Analysis
Oracle Business Analyst,Business and Systems Analysis,IT Business Analyst,Architecture and Systems Analysis
Payments Business Analyst,Business and Systems Analysis,IT Business Analyst,Architecture and Systems Analysis
Product Business Analyst,Business and Systems Analysis,IT Business Analyst,Architecture and Systems Analysis
Retail Systems Business Analyst,Business and Systems Analysis,IT Business Analyst,Architecture and Systems Analysis
Risk Systems Business Analyst,Business and Systems Analysis,IT Business Analyst,Architecture and Systems Analysis
Salesforce Business Analyst,Business and Systems Analysis,IT Business Analyst,Architecture and Systems Analysis
SAP Business Analyst,Business and Systems Analysis,IT Business Analyst,Architecture and Systems Analysis
ServiceNow Business Analyst,Business and Systems Analysis,IT Business Analyst,Architecture and Systems Analysis
Software Business Analyst,Business and Systems Analysis,IT Business Analyst,Architecture and Systems Analysis
Supply Chain Systems Business Analyst,Business and Systems Analysis,IT Business Analyst,Architecture and Systems Analysis
Systems Business Analyst,Business and Systems Analysis,IT Business Analyst,Architecture and Systems Analysis
Technical Business Analyst,Business and Systems Analysis,IT Business Analyst; Software Requirements Engineer; Systems Analyst,Architecture and Systems Analysis
Technology Transformation Analyst,Business and Systems Analysis,IT Business Analyst,Architecture and Systems Analysis
Telecom Business Analyst,Business and Systems Analysis; Telecommunications Engineering,IT Business Analyst; Telecommunications Analyst,Architecture and Systems Analysis; Networks and Telecommunications
Trading Systems Business Analyst,Business and Systems Analysis,IT Business Analyst,Architecture and Systems Analysis
Workday Business Analyst,Business and Systems Analysis,IT Business Analyst,Architecture and Systems Analysis
Application Consultant,Business and Systems Analysis,IT Consultant,Architecture and Systems Analysis
Applications Consultant,Business and Systems Analysis,IT Consultant,Architecture and Systems Analysis
Business Systems Consultant,Business and Systems Analysis,IT Consultant; IT Business Analyst; Systems Analyst,Architecture and Systems Analysis
Business Technology Consultant,Business and Systems Analysis,IT Consultant,Architecture and Systems Analysis
Cloud Transformation Consultant,Business and Systems Analysis,IT Consultant,Architecture and Systems Analysis
Core Banking Consultant,Business and Systems Analysis,IT Consultant,Architecture and Systems Analysis
CRM Consultant,Business and Systems Analysis; Enterprise and Systems Architecture,IT Consultant; IT Business Analyst; Systems Integration Engineer,Architecture and Systems Analysis
CRM Functional Consultant,Business and Systems Analysis,IT Consultant,Architecture and Systems Analysis
Digital Technology Consultant,Business and Systems Analysis,IT Consultant,Architecture and Systems Analysis
Digital Transformation Consultant,Business and Systems Analysis; Enterprise and Systems Architecture; Cloud and Platform Engineering,IT Consultant; IT Business Analyst; Solution Architect; Cloud Architect,"Architecture and Systems Analysis; Cloud, Platforms and IT Operations"
Digital Workplace Consultant,Business and Systems Analysis,IT Consultant,Architecture and Systems Analysis
Dynamics 365 Consultant,Business and Systems Analysis,IT Consultant,Architecture and Systems Analysis
Enterprise Systems Consultant,Business and Systems Analysis,IT Consultant,Architecture and Systems Analysis
ERP Consultant,Business and Systems Analysis; Enterprise and Systems Architecture,IT Consultant; IT Business Analyst; Systems Integration Engineer,Architecture and Systems Analysis
ERP Functional Consultant,Business and Systems Analysis,IT Consultant,Architecture and Systems Analysis
Finance Systems Consultant,Business and Systems Analysis,IT Consultant,Architecture and Systems Analysis
Functional Consultant,Business and Systems Analysis,IT Consultant; IT Business Analyst; Systems Analyst,Architecture and Systems Analysis
Functional Systems Consultant,Business and Systems Analysis,IT Consultant,Architecture and Systems Analysis
GRC Technology Consultant,"Business and Systems Analysis; Cybersecurity Governance, Risk and Compliance",IT Consultant; Cybersecurity Consultant; Cybersecurity GRC Specialist,Architecture and Systems Analysis; Cybersecurity
HCM Consultant,Business and Systems Analysis,IT Consultant,Architecture and Systems Analysis
HRIS Consultant,Business and Systems Analysis,IT Consultant,Architecture and Systems Analysis
ICT Consultant,Business and Systems Analysis,IT Consultant,Architecture and Systems Analysis
Information Systems Consultant,Business and Systems Analysis,IT Consultant; IT Business Analyst; Systems Analyst,Architecture and Systems Analysis
Information Technology Consultant,Business and Systems Analysis,IT Consultant,Architecture and Systems Analysis
Insurance Systems Consultant,Business and Systems Analysis,IT Consultant,Architecture and Systems Analysis
IT Advisory Consultant,Business and Systems Analysis,IT Consultant,Architecture and Systems Analysis
IT Consultant,"Business and Systems Analysis; Cybersecurity Governance, Risk and Compliance; Technical Documentation and Learning",IT Consultant; Cybersecurity Consultant; IT Technical Account Specialist,Architecture and Systems Analysis; Cybersecurity; IT Support
IT Management Consultant,Business and Systems Analysis,IT Consultant,Architecture and Systems Analysis
IT Strategy Consultant,Business and Systems Analysis,IT Consultant,Architecture and Systems Analysis
IT Transformation Consultant,Business and Systems Analysis,IT Consultant,Architecture and Systems Analysis
ITSM Consultant,Business and Systems Analysis,IT Consultant,Architecture and Systems Analysis
MES Consultant,Business and Systems Analysis,IT Consultant,Architecture and Systems Analysis
Microsoft Dynamics Consultant,Business and Systems Analysis,IT Consultant,Architecture and Systems Analysis
Oracle Cloud Functional Consultant,Business and Systems Analysis,IT Consultant,Architecture and Systems Analysis
Oracle Consultant,Business and Systems Analysis,IT Consultant,Architecture and Systems Analysis
Oracle ERP Consultant,Business and Systems Analysis,IT Consultant,Architecture and Systems Analysis
Oracle Functional Consultant,Business and Systems Analysis,IT Consultant,Architecture and Systems Analysis
Payments Systems Consultant,Business and Systems Analysis,IT Consultant,Architecture and Systems Analysis
PLM Consultant,Business and Systems Analysis,IT Consultant,Architecture and Systems Analysis
Salesforce Consultant,Business and Systems Analysis; Enterprise and Systems Architecture,IT Consultant; IT Business Analyst; Systems Integration Engineer,Architecture and Systems Analysis
Salesforce Functional Consultant,Business and Systems Analysis,IT Consultant,Architecture and Systems Analysis
SAP Consultant,Business and Systems Analysis; Enterprise and Systems Architecture,IT Consultant; IT Business Analyst; Systems Integration Engineer,Architecture and Systems Analysis
SAP FI/CO Consultant,Business and Systems Analysis,IT Consultant,Architecture and Systems Analysis
SAP Functional Consultant,Business and Systems Analysis,IT Consultant,Architecture and Systems Analysis
SAP HCM Consultant,Business and Systems Analysis,IT Consultant,Architecture and Systems Analysis
SAP PP/PM Consultant,Business and Systems Analysis,IT Consultant,Architecture and Systems Analysis
SAP S/4HANA Consultant,Business and Systems Analysis,IT Consultant,Architecture and Systems Analysis
SAP SD/MM Consultant,Business and Systems Analysis,IT Consultant,Architecture and Systems Analysis
SAP SuccessFactors Consultant,Business and Systems Analysis,IT Consultant,Architecture and Systems Analysis
SCM Consultant,Business and Systems Analysis,IT Consultant,Architecture and Systems Analysis
ServiceNow Consultant,Business and Systems Analysis; Enterprise and Systems Architecture; User and Application Support,IT Consultant; IT Business Analyst; Systems Integration Engineer; Application Support Specialist,Architecture and Systems Analysis; IT Support
ServiceNow Functional Consultant,Business and Systems Analysis,IT Consultant,Architecture and Systems Analysis
Software Consultant,Business and Systems Analysis,IT Consultant,Architecture and Systems Analysis
Supply Chain Systems Consultant,Business and Systems Analysis,IT Consultant,Architecture and Systems Analysis
Technology Advisory Consultant,Business and Systems Analysis,IT Consultant,Architecture and Systems Analysis
Technology Consultant,Business and Systems Analysis,IT Consultant,Architecture and Systems Analysis
Technology Management Consultant,Business and Systems Analysis,IT Consultant,Architecture and Systems Analysis
Technology Strategy Consultant,Business and Systems Analysis,IT Consultant,Architecture and Systems Analysis
Workday Consultant,Business and Systems Analysis,IT Consultant,Architecture and Systems Analysis
Workday Functional Consultant,Business and Systems Analysis,IT Consultant,Architecture and Systems Analysis
ALM Requirements Engineer,Business and Systems Analysis,Software Requirements Engineer,Architecture and Systems Analysis
API Requirements Analyst,Business and Systems Analysis,Software Requirements Engineer,Architecture and Systems Analysis
Application Requirements Engineer,Business and Systems Analysis,Software Requirements Engineer,Architecture and Systems Analysis
Automotive Software Requirements Engineer,Business and Systems Analysis,Software Requirements Engineer,Architecture and Systems Analysis
Business Requirements Analyst,Business and Systems Analysis,Software Requirements Engineer,Architecture and Systems Analysis
Business Requirements Engineer,Business and Systems Analysis,Software Requirements Engineer,Architecture and Systems Analysis
DOORS Requirements Engineer,Business and Systems Analysis,Software Requirements Engineer,Architecture and Systems Analysis
Embedded Software Requirements Engineer,Business and Systems Analysis,Software Requirements Engineer,Architecture and Systems Analysis
Functional Requirements Analyst,Business and Systems Analysis,Software Requirements Engineer,Architecture and Systems Analysis
Functional Requirements Engineer,Business and Systems Analysis,Software Requirements Engineer,Architecture and Systems Analysis
Functional Specification Analyst,Business and Systems Analysis,Software Requirements Engineer,Architecture and Systems Analysis
Functional Specification Engineer,Business and Systems Analysis,Software Requirements Engineer,Architecture and Systems Analysis
IT Requirements Engineer,Business and Systems Analysis,Software Requirements Engineer,Architecture and Systems Analysis
Jama Requirements Engineer,Business and Systems Analysis,Software Requirements Engineer,Architecture and Systems Analysis
Non-Functional Requirements Engineer,Business and Systems Analysis,Software Requirements Engineer,Architecture and Systems Analysis
Platform Requirements Engineer,Business and Systems Analysis,Software Requirements Engineer,Architecture and Systems Analysis
Polarion Requirements Engineer,Business and Systems Analysis,Software Requirements Engineer,Architecture and Systems Analysis
Product Requirements Engineer,Business and Systems Analysis,Software Requirements Engineer,Architecture and Systems Analysis
Requirements Analyst,Business and Systems Analysis,Software Requirements Engineer,Architecture and Systems Analysis
Requirements Consultant,Business and Systems Analysis,Software Requirements Engineer,Architecture and Systems Analysis
Requirements Coordinator,Business and Systems Analysis,Software Requirements Engineer,Architecture and Systems Analysis
Requirements Engineer,Business and Systems Analysis,Software Requirements Engineer,Architecture and Systems Analysis
Requirements Governance Specialist,Business and Systems Analysis,Software Requirements Engineer,Architecture and Systems Analysis
Requirements Management Engineer,Business and Systems Analysis,Software Requirements Engineer,Architecture and Systems Analysis
Requirements Management Specialist,Business and Systems Analysis,Software Requirements Engineer,Architecture and Systems Analysis
Requirements Manager,Business and Systems Analysis,Software Requirements Engineer,Architecture and Systems Analysis
Requirements Owner,Business and Systems Analysis,Software Requirements Engineer,Architecture and Systems Analysis
Requirements Specialist,Business and Systems Analysis,Software Requirements Engineer,Architecture and Systems Analysis
Requirements Traceability Engineer,Business and Systems Analysis,Software Requirements Engineer,Architecture and Systems Analysis
Requirements Validation Engineer,Business and Systems Analysis,Software Requirements Engineer,Architecture and Systems Analysis
Requirements Verification Engineer,Business and Systems Analysis,Software Requirements Engineer,Architecture and Systems Analysis
Software Requirements Analyst,Business and Systems Analysis,Software Requirements Engineer,Architecture and Systems Analysis
Software Requirements Coordinator,Business and Systems Analysis,Software Requirements Engineer,Architecture and Systems Analysis
Software Requirements Engineer,Business and Systems Analysis,Software Requirements Engineer,Architecture and Systems Analysis
Software Specification Analyst,Business and Systems Analysis,Software Requirements Engineer,Architecture and Systems Analysis
Software Specification Engineer,Business and Systems Analysis,Software Requirements Engineer,Architecture and Systems Analysis
Stakeholder Requirements Analyst,Business and Systems Analysis,Software Requirements Engineer,Architecture and Systems Analysis
System Requirements Analyst,Business and Systems Analysis,Software Requirements Engineer,Architecture and Systems Analysis
System Requirements Engineer,Business and Systems Analysis,Software Requirements Engineer,Architecture and Systems Analysis
System Specification Engineer,Business and Systems Analysis,Software Requirements Engineer,Architecture and Systems Analysis
Systems Requirements Engineer,Business and Systems Analysis,Software Requirements Engineer,Architecture and Systems Analysis
Technical Requirements Engineer,Business and Systems Analysis,Software Requirements Engineer,Architecture and Systems Analysis
Technical Specification Engineer,Business and Systems Analysis,Software Requirements Engineer,Architecture and Systems Analysis
Telecom Requirements Engineer,Business and Systems Analysis,Software Requirements Engineer,Architecture and Systems Analysis
User Requirements Engineer,Business and Systems Analysis,Software Requirements Engineer,Architecture and Systems Analysis
Application Analyst,Business and Systems Analysis,Systems Analyst,Architecture and Systems Analysis
Application Systems Analyst,Business and Systems Analysis,Systems Analyst,Architecture and Systems Analysis
Applications Systems Analyst,Business and Systems Analysis,Systems Analyst,Architecture and Systems Analysis
COBOL Systems Analyst,Business and Systems Analysis,Systems Analyst,Architecture and Systems Analysis
Computer System Analyst,Business and Systems Analysis,Systems Analyst,Architecture and Systems Analysis
Computer Systems Analyst,Business and Systems Analysis,Systems Analyst,Architecture and Systems Analysis
Core Banking Systems Analyst,Business and Systems Analysis,Systems Analyst,Architecture and Systems Analysis
CRM Systems Analyst,Business and Systems Analysis,Systems Analyst,Architecture and Systems Analysis
Digital Systems Analyst,Business and Systems Analysis,Systems Analyst,Architecture and Systems Analysis
Dynamics 365 Systems Analyst,Business and Systems Analysis,Systems Analyst,Architecture and Systems Analysis
EDI Analyst,Business and Systems Analysis,Systems Analyst,Architecture and Systems Analysis
Electronic Data Interchange Analyst,Business and Systems Analysis,Systems Analyst,Architecture and Systems Analysis
Enterprise Systems Analyst,Business and Systems Analysis,Systems Analyst,Architecture and Systems Analysis
ERP Analyst,Business and Systems Analysis,Systems Analyst,Architecture and Systems Analysis
ERP Systems Analyst,Business and Systems Analysis,Systems Analyst,Architecture and Systems Analysis
Finance Systems Analyst,Business and Systems Analysis,Systems Analyst,Architecture and Systems Analysis
Functional Systems Analyst,Business and Systems Analysis,Systems Analyst,Architecture and Systems Analysis
HRIS Analyst,Business and Systems Analysis,Systems Analyst,Architecture and Systems Analysis
Information System Analyst,Business and Systems Analysis,Systems Analyst,Architecture and Systems Analysis
Information Systems Analyst,Business and Systems Analysis; Data Analysis and Business Intelligence,Systems Analyst; IT Business Analyst; Business Intelligence Analyst,"Architecture and Systems Analysis; Data, Analytics and AI"
Infrastructure Systems Analyst,Business and Systems Analysis,Systems Analyst,Architecture and Systems Analysis
Insurance Systems Analyst,Business and Systems Analysis,Systems Analyst,Architecture and Systems Analysis
Integration Analyst,Business and Systems Analysis; Enterprise and Systems Architecture,Systems Analyst; Software Requirements Engineer; Systems Integration Engineer,Architecture and Systems Analysis
Interface Analyst,Business and Systems Analysis,Systems Analyst,Architecture and Systems Analysis
IT Process and Systems Analyst,Business and Systems Analysis,Systems Analyst,Architecture and Systems Analysis
IT System Analyst,Business and Systems Analysis,Systems Analyst,Architecture and Systems Analysis
IT Systems Analyst,Business and Systems Analysis,Systems Analyst,Architecture and Systems Analysis
Legacy Systems Analyst,Business and Systems Analysis,Systems Analyst,Architecture and Systems Analysis
Mainframe Systems Analyst,Business and Systems Analysis,Systems Analyst,Architecture and Systems Analysis
MVS Systems Analyst,Business and Systems Analysis,Systems Analyst,Architecture and Systems Analysis
Network Systems Analyst,Business and Systems Analysis,Systems Analyst,Architecture and Systems Analysis
Operations Systems Analyst,Business and Systems Analysis,Systems Analyst,Architecture and Systems Analysis
Oracle Systems Analyst,Business and Systems Analysis,Systems Analyst,Architecture and Systems Analysis
Payments Systems Analyst,Business and Systems Analysis,Systems Analyst,Architecture and Systems Analysis
Platform Systems Analyst,Business and Systems Analysis,Systems Analyst,Architecture and Systems Analysis
Production Systems Analyst,Business and Systems Analysis,Systems Analyst,Architecture and Systems Analysis
Salesforce Systems Analyst,Business and Systems Analysis,Systems Analyst,Architecture and Systems Analysis
SAP Systems Analyst,Business and Systems Analysis,Systems Analyst,Architecture and Systems Analysis
ServiceNow Systems Analyst,Business and Systems Analysis,Systems Analyst,Architecture and Systems Analysis
Software Analyst,Business and Systems Analysis,Systems Analyst,Architecture and Systems Analysis
Software Systems Analyst,Business and Systems Analysis,Systems Analyst,Architecture and Systems Analysis
System Analyst,Business and Systems Analysis,Systems Analyst,Architecture and Systems Analysis
System Configuration Analyst,Business and Systems Analysis,Systems Analyst,Architecture and Systems Analysis
Systems Analyst,Business and Systems Analysis,Systems Analyst,Architecture and Systems Analysis
Systems and Process Analyst,Business and Systems Analysis,Systems Analyst,Architecture and Systems Analysis
Systems Functional Analyst,Business and Systems Analysis,Systems Analyst,Architecture and Systems Analysis
Systems Migration Analyst,Business and Systems Analysis,Systems Analyst,Architecture and Systems Analysis
Systems Support Analyst,Business and Systems Analysis,Systems Analyst,Architecture and Systems Analysis
Technical Systems Analyst,Business and Systems Analysis,Systems Analyst,Architecture and Systems Analysis
Telecom Systems Analyst,Business and Systems Analysis; Telecommunications Engineering,Systems Analyst; Telecommunications Analyst,Architecture and Systems Analysis; Networks and Telecommunications
Workflow Systems Analyst,Business and Systems Analysis,Systems Analyst,Architecture and Systems Analysis
Automotive Systems Engineer,Enterprise and Systems Architecture,Computer Systems Engineer,Architecture and Systems Analysis
Avionics Systems Engineer,Enterprise and Systems Architecture,Computer Systems Engineer,Architecture and Systems Analysis
Compute Platform Engineer,Enterprise and Systems Architecture,Computer Systems Engineer,Architecture and Systems Analysis
Compute Systems Engineer,Enterprise and Systems Architecture,Computer Systems Engineer,Architecture and Systems Analysis
Computer Engineer — Systems,Enterprise and Systems Architecture,Computer Systems Engineer,Architecture and Systems Analysis
Computer Platform Engineer,Enterprise and Systems Architecture,Computer Systems Engineer,Architecture and Systems Analysis
Computer System Engineer,Enterprise and Systems Architecture,Computer Systems Engineer,Architecture and Systems Analysis
Computer Systems Design Engineer,Enterprise and Systems Architecture,Computer Systems Engineer,Architecture and Systems Analysis
Computer Systems Engineer,Enterprise and Systems Architecture; Computing Hardware Engineering; Software Development,Computer Systems Engineer; Computer Hardware Engineer; Systems Programmer,Architecture and Systems Analysis; Computer Hardware; Software Engineering
Computing System Engineer,Enterprise and Systems Architecture,Computer Systems Engineer,Architecture and Systems Analysis
Computing Systems Engineer,Enterprise and Systems Architecture,Computer Systems Engineer,Architecture and Systems Analysis
Device Systems Engineer,Enterprise and Systems Architecture,Computer Systems Engineer,Architecture and Systems Analysis
Edge Systems Engineer,Enterprise and Systems Architecture,Computer Systems Engineer,Architecture and Systems Analysis
Embedded Systems Engineer,Enterprise and Systems Architecture; Computing Hardware Engineering; Specialized Software Development,Computer Systems Engineer; Computer Hardware Engineer; Embedded System Designer; Embedded Software Developer,Architecture and Systems Analysis; Computer Hardware; Software Engineering
Firmware Systems Engineer,Enterprise and Systems Architecture,Computer Systems Engineer,Architecture and Systems Analysis
Hardware-Software Systems Engineer,Enterprise and Systems Architecture,Computer Systems Engineer,Architecture and Systems Analysis
Hardware/Software Systems Engineer,Enterprise and Systems Architecture,Computer Systems Engineer,Architecture and Systems Analysis
High Performance Computing Systems Engineer,Enterprise and Systems Architecture,Computer Systems Engineer,Architecture and Systems Analysis
HPC Systems Engineer,Enterprise and Systems Architecture; Cloud and Platform Engineering; Software Development,Computer Systems Engineer; Platform Engineer; Systems Programmer,"Architecture and Systems Analysis; Cloud, Platforms and IT Operations; Software Engineering"
Industrial Computer Systems Engineer,Enterprise and Systems Architecture,Computer Systems Engineer,Architecture and Systems Analysis
Information Systems Engineer,Enterprise and Systems Architecture; Systems Administration and Operations; Software Development,Computer Systems Engineer; Systems Administrator; Systems Programmer,"Architecture and Systems Analysis; Cloud, Platforms and IT Operations; Software Engineering"
Infrastructure Systems Engineer,Enterprise and Systems Architecture,Computer Systems Engineer,Architecture and Systems Analysis
IT Systems Engineer,Enterprise and Systems Architecture; Business and Systems Analysis; Cloud and Platform Engineering; Systems Administration and Operations,Computer Systems Engineer; Systems Analyst; Systems Architect; Platform Engineer; Systems Administrator,"Architecture and Systems Analysis; Cloud, Platforms and IT Operations"
Operating Systems Engineer,Enterprise and Systems Architecture; Software Development; Systems Administration and Operations,Computer Systems Engineer; Systems Programmer; Systems Administrator,"Architecture and Systems Analysis; Software Engineering; Cloud, Platforms and IT Operations"
OS Engineer,Enterprise and Systems Architecture,Computer Systems Engineer,Architecture and Systems Analysis
Platform Systems Engineer,Enterprise and Systems Architecture,Computer Systems Engineer,Architecture and Systems Analysis
Real-Time Systems Engineer,Enterprise and Systems Architecture,Computer Systems Engineer,Architecture and Systems Analysis
Server Systems Engineer,Enterprise and Systems Architecture,Computer Systems Engineer,Architecture and Systems Analysis
System Design and Integration Engineer,Enterprise and Systems Architecture,Computer Systems Engineer,Architecture and Systems Analysis
System Engineer,Enterprise and Systems Architecture,Computer Systems Engineer,Architecture and Systems Analysis
System Performance Engineer,Enterprise and Systems Architecture,Computer Systems Engineer,Architecture and Systems Analysis
System Software Engineer,Enterprise and Systems Architecture; Software Development,Computer Systems Engineer; Systems Programmer,Architecture and Systems Analysis; Software Engineering
System Verification Engineer,Enterprise and Systems Architecture,Computer Systems Engineer,Architecture and Systems Analysis
Systems Design Engineer,Enterprise and Systems Architecture,Computer Systems Engineer,Architecture and Systems Analysis
Systems Engineer,Enterprise and Systems Architecture,Computer Systems Engineer; Systems Architect; Systems Integration Engineer,Architecture and Systems Analysis
Systems Reliability Engineer,Enterprise and Systems Architecture,Computer Systems Engineer,Architecture and Systems Analysis
Telecom Systems Engineer,Enterprise and Systems Architecture; Telecommunications Engineering,Computer Systems Engineer; Telecommunications Engineer,Architecture and Systems Analysis; Networks and Telecommunications
Virtualization Systems Engineer,Enterprise and Systems Architecture,Computer Systems Engineer,Architecture and Systems Analysis
Application Portfolio Architect,Enterprise and Systems Architecture,Enterprise Architect,Architecture and Systems Analysis
Architecture Governance Manager,Enterprise and Systems Architecture,Enterprise Architect,Architecture and Systems Analysis
Business Capability Architect,Enterprise and Systems Architecture,Enterprise Architect,Architecture and Systems Analysis
Business Technology Architect,Enterprise and Systems Architecture,Enterprise Architect,Architecture and Systems Analysis
Capability Architect,Enterprise and Systems Architecture,Enterprise Architect,Architecture and Systems Analysis
CIO Office Enterprise Architect,Enterprise and Systems Architecture,Enterprise Architect,Architecture and Systems Analysis
Corporate Enterprise Architect,Enterprise and Systems Architecture,Enterprise Architect,Architecture and Systems Analysis
Digital Enterprise Architect,Enterprise and Systems Architecture,Enterprise Architect,Architecture and Systems Analysis
Domain Architect,Enterprise and Systems Architecture,Enterprise Architect,Architecture and Systems Analysis
Enterprise Applications Architect,Enterprise and Systems Architecture; Business and Systems Analysis,Enterprise Architect; Systems Analyst; Solution Architect; Systems Architect,Architecture and Systems Analysis
Enterprise Architect,Enterprise and Systems Architecture; Data Engineering,Enterprise Architect; Data Architect,"Architecture and Systems Analysis; Data, Analytics and AI"
Enterprise Architecture Director,Enterprise and Systems Architecture,Enterprise Architect,Architecture and Systems Analysis
Enterprise Architecture Manager,Enterprise and Systems Architecture,Enterprise Architect,Architecture and Systems Analysis
Enterprise Data and Technology Architect,Enterprise and Systems Architecture,Enterprise Architect,Architecture and Systems Analysis
Enterprise Integration Architect,Enterprise and Systems Architecture; Business and Systems Analysis,Enterprise Architect; IT Consultant; Systems Architect; Systems Integration Engineer,Architecture and Systems Analysis
Enterprise IT Architect,Enterprise and Systems Architecture,Enterprise Architect,Architecture and Systems Analysis
Enterprise Modernization Architect,Enterprise and Systems Architecture,Enterprise Architect,Architecture and Systems Analysis
Enterprise Platform Architect,Enterprise and Systems Architecture,Enterprise Architect,Architecture and Systems Analysis
Enterprise Solutions Architect,Enterprise and Systems Architecture,Enterprise Architect; Solution Architect; Systems Architect,Architecture and Systems Analysis
Enterprise Systems Architect,Enterprise and Systems Architecture; Business and Systems Analysis; Systems Administration and Operations,Enterprise Architect; Systems Analyst; Systems Architect; Systems Administrator,"Architecture and Systems Analysis; Cloud, Platforms and IT Operations"
Enterprise Technology Architect,Enterprise and Systems Architecture,Enterprise Architect,Architecture and Systems Analysis
Global Enterprise Architect,Enterprise and Systems Architecture,Enterprise Architect,Architecture and Systems Analysis
Group Enterprise Architect,Enterprise and Systems Architecture,Enterprise Architect,Architecture and Systems Analysis
Information Systems Architecture Manager,Enterprise and Systems Architecture,Enterprise Architect,Architecture and Systems Analysis
Information Systems Enterprise Architect,Enterprise and Systems Architecture,Enterprise Architect,Architecture and Systems Analysis
IT Architecture Director,Enterprise and Systems Architecture,Enterprise Architect,Architecture and Systems Analysis
IT Architecture Manager,Enterprise and Systems Architecture,Enterprise Architect,Architecture and Systems Analysis
IT Landscape Architect,Enterprise and Systems Architecture,Enterprise Architect,Architecture and Systems Analysis
IT Portfolio Architect,Enterprise and Systems Architecture,Enterprise Architect,Architecture and Systems Analysis
Strategic Technology Architect,Enterprise and Systems Architecture,Enterprise Architect,Architecture and Systems Analysis
Technology Governance Architect,Enterprise and Systems Architecture,Enterprise Architect,Architecture and Systems Analysis
Technology Portfolio Architect,Enterprise and Systems Architecture,Enterprise Architect,Architecture and Systems Analysis
Technology Roadmap Architect,Enterprise and Systems Architecture,Enterprise Architect,Architecture and Systems Analysis
Application Solution Architect,Enterprise and Systems Architecture,Solution Architect,Architecture and Systems Analysis
Applications Solution Architect,Enterprise and Systems Architecture,Solution Architect,Architecture and Systems Analysis
Business Solution Architect,Enterprise and Systems Architecture,Solution Architect,Architecture and Systems Analysis
Business Solutions Architect,Enterprise and Systems Architecture; Business and Systems Analysis,Solution Architect; IT Business Analyst,Architecture and Systems Analysis
Client Solution Architect,Enterprise and Systems Architecture,Solution Architect,Architecture and Systems Analysis
Cloud Solution Architect,Enterprise and Systems Architecture,Solution Architect; Systems Architect,Architecture and Systems Analysis
Contact Center Solution Architect,Enterprise and Systems Architecture,Solution Architect,Architecture and Systems Analysis
Core Banking Solution Architect,Enterprise and Systems Architecture,Solution Architect,Architecture and Systems Analysis
CRM Solution Architect,Enterprise and Systems Architecture; Business and Systems Analysis,Solution Architect; IT Consultant; Systems Integration Engineer,Architecture and Systems Analysis
Customer Experience Solution Architect,Enterprise and Systems Architecture,Solution Architect,Architecture and Systems Analysis
Customer Solution Architect,Enterprise and Systems Architecture,Solution Architect,Architecture and Systems Analysis
Data and AI Solution Architect,Enterprise and Systems Architecture,Solution Architect,Architecture and Systems Analysis
Digital Solution Architect,Enterprise and Systems Architecture,Solution Architect,Architecture and Systems Analysis
Digital Solutions Architect,Enterprise and Systems Architecture,Solution Architect,Architecture and Systems Analysis
Domain Solution Architect,Enterprise and Systems Architecture,Solution Architect,Architecture and Systems Analysis
E-commerce Solution Architect,Enterprise and Systems Architecture,Solution Architect,Architecture and Systems Analysis
ERP Solution Architect,Enterprise and Systems Architecture; Business and Systems Analysis,Solution Architect; IT Consultant; Systems Integration Engineer,Architecture and Systems Analysis
Insurance Solution Architect,Enterprise and Systems Architecture,Solution Architect,Architecture and Systems Analysis
Integration Solution Architect,Enterprise and Systems Architecture,Solution Architect; Systems Architect; Systems Integration Engineer,Architecture and Systems Analysis
IoT Solution Architect,Enterprise and Systems Architecture,Solution Architect,Architecture and Systems Analysis
IT Solution Architect,Enterprise and Systems Architecture,Solution Architect,Architecture and Systems Analysis
IT Solutions Architect,Enterprise and Systems Architecture,Solution Architect,Architecture and Systems Analysis
Managed Services Solution Architect,Enterprise and Systems Architecture,Solution Architect,Architecture and Systems Analysis
OSS/BSS Solution Architect,Enterprise and Systems Architecture,Solution Architect,Architecture and Systems Analysis
Payments Solution Architect,Enterprise and Systems Architecture,Solution Architect,Architecture and Systems Analysis
Pre-Sales Solution Architect,Enterprise and Systems Architecture,Solution Architect,Architecture and Systems Analysis
Presales Solution Architect,Enterprise and Systems Architecture,Solution Architect,Architecture and Systems Analysis
Product Solution Architect,Enterprise and Systems Architecture,Solution Architect,Architecture and Systems Analysis
Sales Solution Architect,Enterprise and Systems Architecture,Solution Architect,Architecture and Systems Analysis
Salesforce Solution Architect,Enterprise and Systems Architecture; Business and Systems Analysis,Solution Architect; IT Consultant; Systems Integration Engineer,Architecture and Systems Analysis
SAP Solution Architect,Enterprise and Systems Architecture; Business and Systems Analysis,Solution Architect; IT Consultant; Systems Integration Engineer,Architecture and Systems Analysis
Service Solution Architect,Enterprise and Systems Architecture,Solution Architect,Architecture and Systems Analysis
ServiceNow Solution Architect,Enterprise and Systems Architecture; Business and Systems Analysis,Solution Architect; IT Consultant; Systems Integration Engineer,Architecture and Systems Analysis
Solution Architect,Enterprise and Systems Architecture; Business and Systems Analysis; Software Development,Solution Architect; IT Consultant; Enterprise Architect; Software Architect,Architecture and Systems Analysis; Software Engineering
Solution Architecture Manager,Enterprise and Systems Architecture,Solution Architect,Architecture and Systems Analysis
Solution Design Architect,Enterprise and Systems Architecture,Solution Architect,Architecture and Systems Analysis
Solution Engineer,Enterprise and Systems Architecture; Technical Documentation and Learning,Solution Architect; Computer Systems Engineer; Systems Integration Engineer; IT Technical Account Specialist,Architecture and Systems Analysis; IT Support
Solutions Architect,Enterprise and Systems Architecture,Solution Architect,Architecture and Systems Analysis
Solutions Engineer,Enterprise and Systems Architecture,Solution Architect,Architecture and Systems Analysis
Technical Pre-Sales Architect,Enterprise and Systems Architecture,Solution Architect,Architecture and Systems Analysis
Technical Solution Architect,Enterprise and Systems Architecture,Solution Architect,Architecture and Systems Analysis
Technical Solutions Architect,Enterprise and Systems Architecture,Solution Architect,Architecture and Systems Analysis
Telecom Solution Architect,Enterprise and Systems Architecture,Solution Architect,Architecture and Systems Analysis
Application Systems Architect,Enterprise and Systems Architecture,Systems Architect,Architecture and Systems Analysis
Automotive Systems Architect,Enterprise and Systems Architecture,Systems Architect,Architecture and Systems Analysis
Cloud Systems Architect,Enterprise and Systems Architecture,Systems Architect,Architecture and Systems Analysis
Computer System Architect,Enterprise and Systems Architecture,Systems Architect,Architecture and Systems Analysis
Computer Systems Architect,Enterprise and Systems Architecture,Systems Architect,Architecture and Systems Analysis
Core Systems Architect,Enterprise and Systems Architecture,Systems Architect,Architecture and Systems Analysis
Data Platform Systems Architect,Enterprise and Systems Architecture,Systems Architect,Architecture and Systems Analysis
Distributed Platform Architect,Enterprise and Systems Architecture,Systems Architect,Architecture and Systems Analysis
Distributed Systems Architect,Enterprise and Systems Architecture,Systems Architect,Architecture and Systems Analysis
Embedded Systems Architect,Enterprise and Systems Architecture,Systems Architect,Architecture and Systems Analysis
High Availability Systems Architect,Enterprise and Systems Architecture,Systems Architect,Architecture and Systems Analysis
Identity Systems Architect,Enterprise and Systems Architecture,Systems Architect,Architecture and Systems Analysis
Information System Architect,Enterprise and Systems Architecture,Systems Architect,Architecture and Systems Analysis
Information Systems Architect,Enterprise and Systems Architecture; Business and Systems Analysis; Data Engineering,Systems Architect; Systems Analyst; Enterprise Architect; Data Architect,"Architecture and Systems Analysis; Data, Analytics and AI"
Infrastructure Systems Architect,Enterprise and Systems Architecture,Systems Architect,Architecture and Systems Analysis
Integration Systems Architect,Enterprise and Systems Architecture,Systems Architect,Architecture and Systems Analysis
IoT Systems Architect,Enterprise and Systems Architecture,Systems Architect,Architecture and Systems Analysis
IT System Architect,Enterprise and Systems Architecture,Systems Architect,Architecture and Systems Analysis
IT Systems Architect,Enterprise and Systems Architecture,Systems Architect,Architecture and Systems Analysis
Legacy Systems Architect,Enterprise and Systems Architecture,Systems Architect,Architecture and Systems Analysis
Mainframe Systems Architect,Enterprise and Systems Architecture,Systems Architect,Architecture and Systems Analysis
Microservices Architect,Enterprise and Systems Architecture; Software Development,Systems Architect; Software Architect; Solution Architect; Backend Developer,Architecture and Systems Analysis; Software Engineering
Network Systems Architect,Enterprise and Systems Architecture; Computer Network Engineering; Telecommunications Engineering,Systems Architect; Network Architect; Telecommunications Engineer,Architecture and Systems Analysis; Networks and Telecommunications
OSS/BSS Systems Architect,Enterprise and Systems Architecture,Systems Architect,Architecture and Systems Analysis
Platform Systems Architect,Enterprise and Systems Architecture,Systems Architect,Architecture and Systems Analysis
Resilience Architect,Enterprise and Systems Architecture,Systems Architect,Architecture and Systems Analysis
Security Systems Architect,Enterprise and Systems Architecture,Systems Architect,Architecture and Systems Analysis
Software Systems Architect,Enterprise and Systems Architecture; Software Development,Systems Architect; Software Architect,Architecture and Systems Analysis; Software Engineering
System Architect,Enterprise and Systems Architecture,Systems Architect,Architecture and Systems Analysis
Systems Architect,Enterprise and Systems Architecture,Systems Architect,Architecture and Systems Analysis
Systems Architecture Manager,Enterprise and Systems Architecture,Systems Architect,Architecture and Systems Analysis
Systems Design Architect,Enterprise and Systems Architecture,Systems Architect,Architecture and Systems Analysis
Systems Engineering Architect,Enterprise and Systems Architecture,Systems Architect,Architecture and Systems Analysis
Technical Systems Architect,Enterprise and Systems Architecture,Systems Architect,Architecture and Systems Analysis
Telecom Systems Architect,Enterprise and Systems Architecture,Systems Architect,Architecture and Systems Analysis
Active Feature Integrator Engineer,Enterprise and Systems Architecture,Systems Integration Engineer,Architecture and Systems Analysis
API Engineer,Enterprise and Systems Architecture; Software Development,Systems Integration Engineer; Backend Developer; Cloud Software Developer,Architecture and Systems Analysis; Software Engineering
API Integration Developer,Enterprise and Systems Architecture; Software Development; Software Quality and Testing,Systems Integration Engineer; Backend Developer; Cloud Software Developer; Integration Test Engineer,Architecture and Systems Analysis; Software Engineering
API Integration Engineer,Enterprise and Systems Architecture; Data Engineering; Software Development,Systems Integration Engineer; Data Engineer; Backend Developer,"Architecture and Systems Analysis; Data, Analytics and AI; Software Engineering"
Application Integration Engineer,Enterprise and Systems Architecture; Data Engineering; Software Development,Systems Integration Engineer; Data Engineer; Backend Developer,"Architecture and Systems Analysis; Data, Analytics and AI; Software Engineering"
Application Interface Engineer,Enterprise and Systems Architecture,Systems Integration Engineer,Architecture and Systems Analysis
Applications Integration Engineer,Enterprise and Systems Architecture,Systems Integration Engineer,Architecture and Systems Analysis
Automotive Systems Integration Engineer,Enterprise and Systems Architecture,Systems Integration Engineer,Architecture and Systems Analysis
B2B Integration Engineer,Enterprise and Systems Architecture,Systems Integration Engineer,Architecture and Systems Analysis
Banking Integration Engineer,Enterprise and Systems Architecture,Systems Integration Engineer,Architecture and Systems Analysis
Boomi Integration Engineer,Enterprise and Systems Architecture,Systems Integration Engineer,Architecture and Systems Analysis
CRM Integration Engineer,Enterprise and Systems Architecture; Data Engineering; Software Development,Systems Integration Engineer; Data Engineer; Backend Developer,"Architecture and Systems Analysis; Data, Analytics and AI; Software Engineering"
Data Integration Engineer,Enterprise and Systems Architecture; Data Engineering; Database Engineering,Systems Integration Engineer; Data Engineer; Database Integrator,"Architecture and Systems Analysis; Data, Analytics and AI"
Deployment and Integration Engineer,Enterprise and Systems Architecture,Systems Integration Engineer,Architecture and Systems Analysis
Dynamics 365 Integration Engineer,Enterprise and Systems Architecture,Systems Integration Engineer,Architecture and Systems Analysis
EAI Engineer,Enterprise and Systems Architecture,Systems Integration Engineer,Architecture and Systems Analysis
EDI Engineer,Enterprise and Systems Architecture,Systems Integration Engineer,Architecture and Systems Analysis
EDI Integration Engineer,Enterprise and Systems Architecture,Systems Integration Engineer,Architecture and Systems Analysis
Enterprise Integration Engineer,Enterprise and Systems Architecture; Data Engineering; Software Development,Systems Integration Engineer; Data Engineer; Backend Developer,"Architecture and Systems Analysis; Data, Analytics and AI; Software Engineering"
ERP Integration Engineer,Enterprise and Systems Architecture; Data Engineering; Software Development,Systems Integration Engineer; Data Engineer; Backend Developer,"Architecture and Systems Analysis; Data, Analytics and AI; Software Engineering"
ESB Engineer,Enterprise and Systems Architecture,Systems Integration Engineer,Architecture and Systems Analysis
ETL Integration Engineer,Enterprise and Systems Architecture,Systems Integration Engineer,Architecture and Systems Analysis
Event Integration Engineer,Enterprise and Systems Architecture,Systems Integration Engineer,Architecture and Systems Analysis
External Systems Integration Engineer,Enterprise and Systems Architecture,Systems Integration Engineer,Architecture and Systems Analysis
Feature Integration Engineer,Enterprise and Systems Architecture,Systems Integration Engineer,Architecture and Systems Analysis
HRIS Integration Engineer,Enterprise and Systems Architecture,Systems Integration Engineer,Architecture and Systems Analysis
IBM Integration Bus Engineer,Enterprise and Systems Architecture,Systems Integration Engineer,Architecture and Systems Analysis
Informatica Integration Engineer,Enterprise and Systems Architecture,Systems Integration Engineer,Architecture and Systems Analysis
Information Systems Integration Engineer,Enterprise and Systems Architecture,Systems Integration Engineer,Architecture and Systems Analysis
Integration and Test Engineer,Enterprise and Systems Architecture,Systems Integration Engineer,Architecture and Systems Analysis
Integration Architect,Enterprise and Systems Architecture; Data Engineering,Systems Integration Engineer; Solution Architect; Systems Architect; Data Architect,"Architecture and Systems Analysis; Data, Analytics and AI"
Integration Consultant,Enterprise and Systems Architecture; Business and Systems Analysis,Systems Integration Engineer; IT Consultant,Architecture and Systems Analysis
Integration Developer,Enterprise and Systems Architecture; Software Development; Database Engineering,Systems Integration Engineer; Backend Developer; Cloud Software Developer; Full-stack Developer; Software Architect; Database Integrator,"Architecture and Systems Analysis; Software Engineering; Data, Analytics and AI"
Integration Engineer,Enterprise and Systems Architecture; Data Engineering; Software Development,Systems Integration Engineer; Computer Systems Engineer; Data Engineer; Backend Developer,"Architecture and Systems Analysis; Data, Analytics and AI; Software Engineering"
Integration Specialist,Enterprise and Systems Architecture,Systems Integration Engineer,Architecture and Systems Analysis
Interface Developer,Enterprise and Systems Architecture,Systems Integration Engineer,Architecture and Systems Analysis
Interface Engineer,Enterprise and Systems Architecture,Systems Integration Engineer,Architecture and Systems Analysis
Interface Integration Engineer,Enterprise and Systems Architecture,Systems Integration Engineer,Architecture and Systems Analysis
IoT Integration Engineer,Enterprise and Systems Architecture; Specialized Software Development,Systems Integration Engineer; IoT Developer,Architecture and Systems Analysis; Software Engineering
iPaaS Integration Engineer,Enterprise and Systems Architecture,Systems Integration Engineer,Architecture and Systems Analysis
IT Systems Integration Engineer,Enterprise and Systems Architecture,Systems Integration Engineer,Architecture and Systems Analysis
Kafka Integration Engineer,Enterprise and Systems Architecture,Systems Integration Engineer,Architecture and Systems Analysis
Messaging Integration Engineer,Enterprise and Systems Architecture,Systems Integration Engineer,Architecture and Systems Analysis
Middleware Engineer,Enterprise and Systems Architecture; Systems Administration and Operations; Software Development,Systems Integration Engineer; Systems Administrator; Backend Developer,"Architecture and Systems Analysis; Cloud, Platforms and IT Operations; Software Engineering"
Middleware Integration Engineer,Enterprise and Systems Architecture,Systems Integration Engineer,Architecture and Systems Analysis
Mulesoft Integration Engineer,Enterprise and Systems Architecture,Systems Integration Engineer,Architecture and Systems Analysis
Oracle Integration Engineer,Enterprise and Systems Architecture; Database Engineering,Systems Integration Engineer; Database Integrator,"Architecture and Systems Analysis; Data, Analytics and AI"
OSS/BSS Integration Engineer,Enterprise and Systems Architecture,Systems Integration Engineer,Architecture and Systems Analysis
Partner Integration Engineer,Enterprise and Systems Architecture,Systems Integration Engineer,Architecture and Systems Analysis
Payment Integration Engineer,Enterprise and Systems Architecture,Systems Integration Engineer,Architecture and Systems Analysis
Salesforce Integration Engineer,Enterprise and Systems Architecture,Systems Integration Engineer,Architecture and Systems Analysis
SAP BTP Integration Engineer,Enterprise and Systems Architecture,Systems Integration Engineer,Architecture and Systems Analysis
SAP CPI Integration Engineer,Enterprise and Systems Architecture,Systems Integration Engineer,Architecture and Systems Analysis
SAP Integration Engineer,Enterprise and Systems Architecture; Data Engineering; Software Development,Systems Integration Engineer; Data Engineer; Backend Developer,"Architecture and Systems Analysis; Data, Analytics and AI; Software Engineering"
SAP PI/PO Integration Engineer,Enterprise and Systems Architecture,Systems Integration Engineer,Architecture and Systems Analysis
ServiceNow Integration Engineer,Enterprise and Systems Architecture,Systems Integration Engineer,Architecture and Systems Analysis
Software Integration Engineer,Enterprise and Systems Architecture; Software Development; Software Quality and Testing,Systems Integration Engineer; Backend Developer; Systems Programmer; Integration Test Engineer,Architecture and Systems Analysis; Software Engineering
System Integration Engineer,Enterprise and Systems Architecture,Systems Integration Engineer,Architecture and Systems Analysis
System Integrator,Enterprise and Systems Architecture,Systems Integration Engineer,Architecture and Systems Analysis
Systems Integration Engineer,Enterprise and Systems Architecture,Systems Integration Engineer; Computer Systems Engineer,Architecture and Systems Analysis
Talend Integration Engineer,Enterprise and Systems Architecture,Systems Integration Engineer,Architecture and Systems Analysis
Technical Integration Engineer,Enterprise and Systems Architecture,Systems Integration Engineer,Architecture and Systems Analysis
Technical System Integrator,Enterprise and Systems Architecture,Systems Integration Engineer,Architecture and Systems Analysis
Telecom Integration Engineer,Enterprise and Systems Architecture; Telecommunications Engineering; Computer Network Engineering,Systems Integration Engineer; Telecommunications Engineer; Network Engineer,Architecture and Systems Analysis; Networks and Telecommunications
TIBCO Integration Engineer,Enterprise and Systems Architecture,Systems Integration Engineer,Architecture and Systems Analysis
webMethods Integration Engineer,Enterprise and Systems Architecture,Systems Integration Engineer,Architecture and Systems Analysis
Workday Integration Engineer,Enterprise and Systems Architecture,Systems Integration Engineer,Architecture and Systems Analysis
AWS Administrator,Cloud and Platform Engineering,Cloud Administrator,"Cloud, Platforms and IT Operations"
AWS Cloud Administrator,Cloud and Platform Engineering,Cloud Administrator,"Cloud, Platforms and IT Operations"
Azure Administrator,Cloud and Platform Engineering,Cloud Administrator,"Cloud, Platforms and IT Operations"
Azure Cloud Administrator,Cloud and Platform Engineering,Cloud Administrator,"Cloud, Platforms and IT Operations"
Cloud Account Administrator,Cloud and Platform Engineering,Cloud Administrator,"Cloud, Platforms and IT Operations"
Cloud Admin,Cloud and Platform Engineering,Cloud Administrator,"Cloud, Platforms and IT Operations"
Cloud Administrator,Cloud and Platform Engineering; Systems Administration and Operations; Cybersecurity Engineering,Cloud Administrator; Systems Administrator; Identity and Access Management Specialist,"Cloud, Platforms and IT Operations; Cybersecurity"
Cloud Backup Administrator,Cloud and Platform Engineering; Systems Administration and Operations,Cloud Administrator; IT Disaster Recovery Specialist; Storage Engineer,"Cloud, Platforms and IT Operations"
Cloud Console Administrator,Cloud and Platform Engineering,Cloud Administrator,"Cloud, Platforms and IT Operations"
Cloud Cost Administrator,Cloud and Platform Engineering,Cloud Administrator,"Cloud, Platforms and IT Operations"
Cloud Environment Administrator,Cloud and Platform Engineering,Cloud Administrator,"Cloud, Platforms and IT Operations"
Cloud FinOps Administrator,Cloud and Platform Engineering,Cloud Administrator,"Cloud, Platforms and IT Operations"
Cloud Governance Administrator,Cloud and Platform Engineering,Cloud Administrator,"Cloud, Platforms and IT Operations"
Cloud Identity Administrator,Cloud and Platform Engineering,Cloud Administrator,"Cloud, Platforms and IT Operations"
Cloud Infrastructure Admin,Cloud and Platform Engineering,Cloud Administrator,"Cloud, Platforms and IT Operations"
Cloud Infrastructure Administrator,Cloud and Platform Engineering,Cloud Administrator,"Cloud, Platforms and IT Operations"
Cloud Landing Zone Administrator,Cloud and Platform Engineering,Cloud Administrator,"Cloud, Platforms and IT Operations"
Cloud Monitoring Administrator,Cloud and Platform Engineering,Cloud Administrator,"Cloud, Platforms and IT Operations"
Cloud Operations Administrator,Cloud and Platform Engineering,Cloud Administrator,"Cloud, Platforms and IT Operations"
Cloud Operations Specialist,Cloud and Platform Engineering,Cloud Administrator,"Cloud, Platforms and IT Operations"
Cloud Platform Administrator,Cloud and Platform Engineering; Systems Administration and Operations,Cloud Administrator; Platform Engineer; Systems Administrator,"Cloud, Platforms and IT Operations"
Cloud Platform Operations Administrator,Cloud and Platform Engineering,Cloud Administrator,"Cloud, Platforms and IT Operations"
Cloud Resource Administrator,Cloud and Platform Engineering,Cloud Administrator,"Cloud, Platforms and IT Operations"
Cloud Services Administrator,Cloud and Platform Engineering,Cloud Administrator,"Cloud, Platforms and IT Operations"
Cloud Subscription Administrator,Cloud and Platform Engineering,Cloud Administrator,"Cloud, Platforms and IT Operations"
Cloud Support Administrator,Cloud and Platform Engineering,Cloud Administrator,"Cloud, Platforms and IT Operations"
Cloud Systems Administrator,Cloud and Platform Engineering; Systems Administration and Operations; Cybersecurity Engineering,Cloud Administrator; Systems Administrator; Identity and Access Management Specialist,"Cloud, Platforms and IT Operations; Cybersecurity"
Cloud Tenant Administrator,Cloud and Platform Engineering,Cloud Administrator,"Cloud, Platforms and IT Operations"
GCP Administrator,Cloud and Platform Engineering,Cloud Administrator,"Cloud, Platforms and IT Operations"
GCP Cloud Administrator,Cloud and Platform Engineering,Cloud Administrator,"Cloud, Platforms and IT Operations"
Google Cloud Administrator,Cloud and Platform Engineering,Cloud Administrator,"Cloud, Platforms and IT Operations"
Hybrid Cloud Administrator,Cloud and Platform Engineering,Cloud Administrator,"Cloud, Platforms and IT Operations"
Microsoft Azure Administrator,Cloud and Platform Engineering,Cloud Administrator,"Cloud, Platforms and IT Operations"
Multi-Cloud Administrator,Cloud and Platform Engineering,Cloud Administrator,"Cloud, Platforms and IT Operations"
AWS Cloud Architect,Cloud and Platform Engineering,Cloud Architect,"Cloud, Platforms and IT Operations"
AWS Solutions Architect,Cloud and Platform Engineering,Cloud Architect,"Cloud, Platforms and IT Operations"
Azure Cloud Architect,Cloud and Platform Engineering,Cloud Architect,"Cloud, Platforms and IT Operations"
Azure Solutions Architect,Cloud and Platform Engineering,Cloud Architect,"Cloud, Platforms and IT Operations"
Cloud Adoption Architect,Cloud and Platform Engineering,Cloud Architect,"Cloud, Platforms and IT Operations"
Cloud Application Architect,Cloud and Platform Engineering,Cloud Architect,"Cloud, Platforms and IT Operations"
Cloud Architect,Cloud and Platform Engineering; Enterprise and Systems Architecture; Cybersecurity Engineering; Data Engineering,Cloud Architect; Solution Architect; Security Architect; Data Architect,"Cloud, Platforms and IT Operations; Architecture and Systems Analysis; Cybersecurity; Data, Analytics and AI"
Cloud Architecture Manager,Cloud and Platform Engineering,Cloud Architect,"Cloud, Platforms and IT Operations"
Cloud Computing Architect,Cloud and Platform Engineering,Cloud Architect,"Cloud, Platforms and IT Operations"
Cloud Data Architect,Cloud and Platform Engineering; Data Engineering; Enterprise and Systems Architecture,Cloud Architect; Data Architect; Data Engineer; Solution Architect,"Cloud, Platforms and IT Operations; Data, Analytics and AI; Architecture and Systems Analysis"
Cloud Governance Architect,Cloud and Platform Engineering,Cloud Architect,"Cloud, Platforms and IT Operations"
Cloud Infrastructure Architect,Cloud and Platform Engineering,Cloud Architect,"Cloud, Platforms and IT Operations"
Cloud Infrastructure Solutions Architect,Cloud and Platform Engineering,Cloud Architect,"Cloud, Platforms and IT Operations"
Cloud Integration Architect,Cloud and Platform Engineering,Cloud Architect,"Cloud, Platforms and IT Operations"
Cloud Landing Zone Architect,Cloud and Platform Engineering,Cloud Architect,"Cloud, Platforms and IT Operations"
Cloud Migration Architect,Cloud and Platform Engineering,Cloud Architect,"Cloud, Platforms and IT Operations"
Cloud Modernization Architect,Cloud and Platform Engineering,Cloud Architect,"Cloud, Platforms and IT Operations"
Cloud Native Architect,Cloud and Platform Engineering,Cloud Architect,"Cloud, Platforms and IT Operations"
Cloud Network Architect,Cloud and Platform Engineering; Computer Network Engineering,Cloud Architect; Network Architect,"Cloud, Platforms and IT Operations; Networks and Telecommunications"
Cloud Operating Model Architect,Cloud and Platform Engineering,Cloud Architect,"Cloud, Platforms and IT Operations"
Cloud Platform Architect,Cloud and Platform Engineering,Cloud Architect,"Cloud, Platforms and IT Operations"
Cloud Platform Solutions Architect,Cloud and Platform Engineering,Cloud Architect,"Cloud, Platforms and IT Operations"
Cloud Security Architect,Cloud and Platform Engineering; Cybersecurity Engineering,Cloud Architect; Cloud Security Engineer; Security Architect,"Cloud, Platforms and IT Operations; Cybersecurity"
Cloud Solutions Architect,Cloud and Platform Engineering,Cloud Architect,"Cloud, Platforms and IT Operations"
Cloud Technology Architect,Cloud and Platform Engineering,Cloud Architect,"Cloud, Platforms and IT Operations"
Cloud Transformation Architect,Cloud and Platform Engineering,Cloud Architect,"Cloud, Platforms and IT Operations"
Edge Cloud Architect,Cloud and Platform Engineering,Cloud Architect,"Cloud, Platforms and IT Operations"
Enterprise Cloud Architect,Cloud and Platform Engineering,Cloud Architect,"Cloud, Platforms and IT Operations"
GCP Cloud Architect,Cloud and Platform Engineering,Cloud Architect,"Cloud, Platforms and IT Operations"
Google Cloud Architect,Cloud and Platform Engineering,Cloud Architect,"Cloud, Platforms and IT Operations"
Hybrid Cloud Architect,Cloud and Platform Engineering,Cloud Architect,"Cloud, Platforms and IT Operations"
Multi-Cloud Architect,Cloud and Platform Engineering,Cloud Architect,"Cloud, Platforms and IT Operations"
Private Cloud Architect,Cloud and Platform Engineering,Cloud Architect,"Cloud, Platforms and IT Operations"
Public Cloud Architect,Cloud and Platform Engineering,Cloud Architect,"Cloud, Platforms and IT Operations"
AWS Cloud Engineer,Cloud and Platform Engineering,Cloud Engineer,"Cloud, Platforms and IT Operations"
AWS Infrastructure Engineer,Cloud and Platform Engineering,Cloud Engineer,"Cloud, Platforms and IT Operations"
Azure Cloud Engineer,Cloud and Platform Engineering,Cloud Engineer,"Cloud, Platforms and IT Operations"
Azure Infrastructure Engineer,Cloud and Platform Engineering,Cloud Engineer,"Cloud, Platforms and IT Operations"
Cloud Adoption Engineer,Cloud and Platform Engineering,Cloud Engineer,"Cloud, Platforms and IT Operations"
Cloud Automation Engineer,Cloud and Platform Engineering,Cloud Engineer; DevOps Engineer; Platform Engineer,"Cloud, Platforms and IT Operations"
Cloud Build Engineer,Cloud and Platform Engineering,Cloud Engineer,"Cloud, Platforms and IT Operations"
Cloud Computing Engineer,Cloud and Platform Engineering,Cloud Engineer,"Cloud, Platforms and IT Operations"
Cloud Deployment Engineer,Cloud and Platform Engineering,Cloud Engineer,"Cloud, Platforms and IT Operations"
Cloud Enablement Engineer,Cloud and Platform Engineering,Cloud Engineer,"Cloud, Platforms and IT Operations"
Cloud Engineer,Cloud and Platform Engineering; Software Development,Cloud Engineer; DevOps Engineer; Platform Engineer; Cloud Software Developer,"Cloud, Platforms and IT Operations; Software Engineering"
Cloud Environment Engineer,Cloud and Platform Engineering,Cloud Engineer,"Cloud, Platforms and IT Operations"
Cloud Implementation Engineer,Cloud and Platform Engineering,Cloud Engineer,"Cloud, Platforms and IT Operations"
Cloud Infrastructure Engineer,Cloud and Platform Engineering; Systems Administration and Operations,Cloud Engineer; Platform Engineer; Systems Administrator,"Cloud, Platforms and IT Operations"
Cloud Infrastructure Specialist,Cloud and Platform Engineering,Cloud Engineer,"Cloud, Platforms and IT Operations"
Cloud Landing Zone Engineer,Cloud and Platform Engineering,Cloud Engineer,"Cloud, Platforms and IT Operations"
Cloud Migration Engineer,Cloud and Platform Engineering; Database Engineering; Software Development,Cloud Engineer; Database Integrator; Cloud Software Developer,"Cloud, Platforms and IT Operations; Data, Analytics and AI; Software Engineering"
Cloud Modernization Engineer,Cloud and Platform Engineering,Cloud Engineer,"Cloud, Platforms and IT Operations"
Cloud Native Engineer,Cloud and Platform Engineering; Software Development,Cloud Engineer; Cloud Software Developer,"Cloud, Platforms and IT Operations; Software Engineering"
Cloud Operations Engineer,Cloud and Platform Engineering; Systems Administration and Operations,Cloud Engineer; Platform Engineer; Systems Administrator,"Cloud, Platforms and IT Operations"
Cloud Platform Engineer,Cloud and Platform Engineering; Software Development,Cloud Engineer; Platform Engineer; DevOps Engineer; Cloud Software Developer,"Cloud, Platforms and IT Operations; Software Engineering"
Cloud Platform Operations Engineer,Cloud and Platform Engineering,Cloud Engineer,"Cloud, Platforms and IT Operations"
Cloud Provisioning Engineer,Cloud and Platform Engineering,Cloud Engineer,"Cloud, Platforms and IT Operations"
Cloud Reliability Engineer,Cloud and Platform Engineering; Software Development,Cloud Engineer; Site Reliability Engineer; Cloud Software Developer,"Cloud, Platforms and IT Operations; Software Engineering"
Cloud Resource Engineer,Cloud and Platform Engineering,Cloud Engineer,"Cloud, Platforms and IT Operations"
Cloud Services Engineer,Cloud and Platform Engineering; Software Development,Cloud Engineer; Cloud Software Developer,"Cloud, Platforms and IT Operations; Software Engineering"
Cloud Support Engineer,Cloud and Platform Engineering; User and Application Support,Cloud Engineer; IT Support Engineer; Application Support Specialist,"Cloud, Platforms and IT Operations; IT Support"
Cloud Systems Engineer,Cloud and Platform Engineering; Systems Administration and Operations; Enterprise and Systems Architecture,Cloud Engineer; Systems Administrator; Computer Systems Engineer,"Cloud, Platforms and IT Operations; Architecture and Systems Analysis"
Cloud Transformation Engineer,Cloud and Platform Engineering,Cloud Engineer,"Cloud, Platforms and IT Operations"
Edge Cloud Engineer,Cloud and Platform Engineering,Cloud Engineer,"Cloud, Platforms and IT Operations"
GCP Cloud Engineer,Cloud and Platform Engineering,Cloud Engineer,"Cloud, Platforms and IT Operations"
GCP Infrastructure Engineer,Cloud and Platform Engineering,Cloud Engineer,"Cloud, Platforms and IT Operations"
Google Cloud Engineer,Cloud and Platform Engineering,Cloud Engineer,"Cloud, Platforms and IT Operations"
Hybrid Cloud Engineer,Cloud and Platform Engineering,Cloud Engineer,"Cloud, Platforms and IT Operations"
Multi-Cloud Engineer,Cloud and Platform Engineering,Cloud Engineer,"Cloud, Platforms and IT Operations"
Private Cloud Engineer,Cloud and Platform Engineering,Cloud Engineer,"Cloud, Platforms and IT Operations"
Public Cloud Engineer,Cloud and Platform Engineering,Cloud Engineer,"Cloud, Platforms and IT Operations"
AWS DevOps Engineer,Cloud and Platform Engineering,DevOps Engineer,"Cloud, Platforms and IT Operations"
Azure DevOps Engineer,Cloud and Platform Engineering,DevOps Engineer,"Cloud, Platforms and IT Operations"
Build and Release DevOps Engineer,Cloud and Platform Engineering,DevOps Engineer,"Cloud, Platforms and IT Operations"
CI/CD Engineer,Cloud and Platform Engineering,DevOps Engineer,"Cloud, Platforms and IT Operations"
CI/CD Pipeline Engineer,Cloud and Platform Engineering,DevOps Engineer,"Cloud, Platforms and IT Operations"
Cloud DevOps Engineer,Cloud and Platform Engineering; Software Development,DevOps Engineer; Cloud Engineer; Platform Engineer; Cloud Software Developer,"Cloud, Platforms and IT Operations; Software Engineering"
Continuous Delivery Engineer,Cloud and Platform Engineering,DevOps Engineer,"Cloud, Platforms and IT Operations"
Continuous Deployment Engineer,Cloud and Platform Engineering,DevOps Engineer,"Cloud, Platforms and IT Operations"
Continuous Integration Engineer,Cloud and Platform Engineering,DevOps Engineer,"Cloud, Platforms and IT Operations"
Deployment Automation Engineer,Cloud and Platform Engineering,DevOps Engineer,"Cloud, Platforms and IT Operations"
DevOps Architect,Cloud and Platform Engineering,DevOps Engineer,"Cloud, Platforms and IT Operations"
DevOps Automation Engineer,Cloud and Platform Engineering,DevOps Engineer,"Cloud, Platforms and IT Operations"
DevOps Cloud Engineer,Cloud and Platform Engineering,DevOps Engineer,"Cloud, Platforms and IT Operations"
DevOps Consultant,Cloud and Platform Engineering,DevOps Engineer,"Cloud, Platforms and IT Operations"
DevOps Developer,Cloud and Platform Engineering,DevOps Engineer,"Cloud, Platforms and IT Operations"
DevOps Enablement Engineer,Cloud and Platform Engineering,DevOps Engineer,"Cloud, Platforms and IT Operations"
DevOps Engineer,Cloud and Platform Engineering; Software Development,DevOps Engineer; Platform Engineer; Site Reliability Engineer; Cloud Software Developer,"Cloud, Platforms and IT Operations; Software Engineering"
DevOps Infrastructure Engineer,Cloud and Platform Engineering,DevOps Engineer,"Cloud, Platforms and IT Operations"
DevOps Migration Engineer,Cloud and Platform Engineering,DevOps Engineer,"Cloud, Platforms and IT Operations"
DevOps Operations Engineer,Cloud and Platform Engineering,DevOps Engineer,"Cloud, Platforms and IT Operations"
DevOps Platform Engineer,Cloud and Platform Engineering,DevOps Engineer; Platform Engineer; Site Reliability Engineer,"Cloud, Platforms and IT Operations"
DevOps Specialist,Cloud and Platform Engineering,DevOps Engineer,"Cloud, Platforms and IT Operations"
DevOps Support Engineer,Cloud and Platform Engineering,DevOps Engineer,"Cloud, Platforms and IT Operations"
DevOps Tooling Engineer,Cloud and Platform Engineering,DevOps Engineer,"Cloud, Platforms and IT Operations"
DevSecOps Engineer,Cloud and Platform Engineering; Cybersecurity Engineering; Software Development,DevOps Engineer; Application Security Engineer; Cloud Security Engineer; Security Engineer; Cloud Software Developer,"Cloud, Platforms and IT Operations; Cybersecurity; Software Engineering"
Docker DevOps Engineer,Cloud and Platform Engineering,DevOps Engineer,"Cloud, Platforms and IT Operations"
GCP DevOps Engineer,Cloud and Platform Engineering,DevOps Engineer,"Cloud, Platforms and IT Operations"
GitLab DevOps Engineer,Cloud and Platform Engineering,DevOps Engineer,"Cloud, Platforms and IT Operations"
GitOps Engineer,Cloud and Platform Engineering,DevOps Engineer,"Cloud, Platforms and IT Operations"
IaC Engineer,Cloud and Platform Engineering,DevOps Engineer,"Cloud, Platforms and IT Operations"
Infrastructure as Code Engineer,Cloud and Platform Engineering,DevOps Engineer,"Cloud, Platforms and IT Operations"
Infrastructure Automation Engineer,Cloud and Platform Engineering; Systems Administration and Operations; Software Development,DevOps Engineer; Platform Engineer; Systems Administrator; Cloud Software Developer,"Cloud, Platforms and IT Operations; Software Engineering"
Jenkins Engineer,Cloud and Platform Engineering,DevOps Engineer,"Cloud, Platforms and IT Operations"
Kubernetes DevOps Engineer,Cloud and Platform Engineering,DevOps Engineer,"Cloud, Platforms and IT Operations"
Platform DevOps Engineer,Cloud and Platform Engineering,DevOps Engineer,"Cloud, Platforms and IT Operations"
Site Reliability DevOps Engineer,Cloud and Platform Engineering,DevOps Engineer; Site Reliability Engineer; Platform Engineer,"Cloud, Platforms and IT Operations"
Terraform Engineer,Cloud and Platform Engineering,DevOps Engineer,"Cloud, Platforms and IT Operations"
Container Platform Engineer,Cloud and Platform Engineering,Platform Engineer; DevOps Engineer; Site Reliability Engineer,"Cloud, Platforms and IT Operations"
Developer Experience Platform Engineer,Cloud and Platform Engineering,Platform Engineer,"Cloud, Platforms and IT Operations"
Developer Platform Engineer,Cloud and Platform Engineering,Platform Engineer,"Cloud, Platforms and IT Operations"
DevEx Platform Engineer,Cloud and Platform Engineering,Platform Engineer,"Cloud, Platforms and IT Operations"
Engineering Platform Engineer,Cloud and Platform Engineering,Platform Engineer,"Cloud, Platforms and IT Operations"
IDP Engineer,Cloud and Platform Engineering,Platform Engineer,"Cloud, Platforms and IT Operations"
Internal Developer Platform Engineer,Cloud and Platform Engineering,Platform Engineer,"Cloud, Platforms and IT Operations"
Internal Platform Engineer,Cloud and Platform Engineering,Platform Engineer,"Cloud, Platforms and IT Operations"
Kubernetes Platform Engineer,Cloud and Platform Engineering,Platform Engineer; DevOps Engineer; Site Reliability Engineer,"Cloud, Platforms and IT Operations"
Platform Administrator,Cloud and Platform Engineering; Systems Administration and Operations,Platform Engineer; Systems Administrator; Systems Configuration Specialist; Cloud Administrator,"Cloud, Platforms and IT Operations"
Platform Automation Engineer,Cloud and Platform Engineering,Platform Engineer,"Cloud, Platforms and IT Operations"
Platform Build Engineer,Cloud and Platform Engineering,Platform Engineer,"Cloud, Platforms and IT Operations"
Platform Delivery Engineer,Cloud and Platform Engineering,Platform Engineer,"Cloud, Platforms and IT Operations"
Platform Enablement Engineer,Cloud and Platform Engineering,Platform Engineer,"Cloud, Platforms and IT Operations"
Platform Engineer,Cloud and Platform Engineering; Software Development,Platform Engineer; Cloud Engineer; Site Reliability Engineer; Cloud Software Developer,"Cloud, Platforms and IT Operations; Software Engineering"
Platform Engineering Manager,Cloud and Platform Engineering,Platform Engineer,"Cloud, Platforms and IT Operations"
Platform Infrastructure Engineer,Cloud and Platform Engineering,Platform Engineer,"Cloud, Platforms and IT Operations"
Platform Integration Engineer,Cloud and Platform Engineering,Platform Engineer,"Cloud, Platforms and IT Operations"
Platform Migration Engineer,Cloud and Platform Engineering,Platform Engineer,"Cloud, Platforms and IT Operations"
Platform Observability Engineer,Cloud and Platform Engineering,Platform Engineer,"Cloud, Platforms and IT Operations"
Platform Operations Engineer,Cloud and Platform Engineering; Systems Administration and Operations,Platform Engineer; Site Reliability Engineer; Systems Administrator,"Cloud, Platforms and IT Operations"
Platform Product Engineer,Cloud and Platform Engineering,Platform Engineer,"Cloud, Platforms and IT Operations"
Platform Reliability Engineer,Cloud and Platform Engineering; Data Engineering,Platform Engineer; Site Reliability Engineer; Data Engineer,"Cloud, Platforms and IT Operations; Data, Analytics and AI"
Platform Security Engineer,Cloud and Platform Engineering; Cybersecurity Engineering,Platform Engineer; Cloud Security Engineer; Security Engineer,"Cloud, Platforms and IT Operations; Cybersecurity"
Platform Services Engineer,Cloud and Platform Engineering,Platform Engineer,"Cloud, Platforms and IT Operations"
Platform Support Engineer,Cloud and Platform Engineering,Platform Engineer,"Cloud, Platforms and IT Operations"
Platform Tooling Engineer,Cloud and Platform Engineering,Platform Engineer,"Cloud, Platforms and IT Operations"
Application Release Engineer,Cloud and Platform Engineering,Release Engineer,"Cloud, Platforms and IT Operations"
Build and Deployment Engineer,Cloud and Platform Engineering,Release Engineer,"Cloud, Platforms and IT Operations"
Build and Release Engineer,Cloud and Platform Engineering,Release Engineer,"Cloud, Platforms and IT Operations"
Build Engineer,Cloud and Platform Engineering,Release Engineer,"Cloud, Platforms and IT Operations"
Change and Release Engineer,Cloud and Platform Engineering,Release Engineer,"Cloud, Platforms and IT Operations"
CI/CD Release Engineer,Cloud and Platform Engineering,Release Engineer,"Cloud, Platforms and IT Operations"
Cloud Release Engineer,Cloud and Platform Engineering,Release Engineer,"Cloud, Platforms and IT Operations"
Deployment Engineer,Cloud and Platform Engineering,Release Engineer,"Cloud, Platforms and IT Operations"
Deployment Release Engineer,Cloud and Platform Engineering,Release Engineer,"Cloud, Platforms and IT Operations"
DevOps Release Engineer,Cloud and Platform Engineering,Release Engineer; DevOps Engineer,"Cloud, Platforms and IT Operations"
Enterprise Release Engineer,Cloud and Platform Engineering,Release Engineer,"Cloud, Platforms and IT Operations"
Environment Release Engineer,Cloud and Platform Engineering,Release Engineer,"Cloud, Platforms and IT Operations"
Production Release Engineer,Cloud and Platform Engineering,Release Engineer,"Cloud, Platforms and IT Operations"
Release Automation Engineer,Cloud and Platform Engineering,Release Engineer,"Cloud, Platforms and IT Operations"
Release Automation Specialist,Cloud and Platform Engineering,Release Engineer,"Cloud, Platforms and IT Operations"
Release Coordination Engineer,Cloud and Platform Engineering,Release Engineer,"Cloud, Platforms and IT Operations"
Release Coordinator,Cloud and Platform Engineering,Release Engineer,"Cloud, Platforms and IT Operations"
Release Delivery Engineer,Cloud and Platform Engineering,Release Engineer,"Cloud, Platforms and IT Operations"
Release Engineer,Cloud and Platform Engineering; Software Development,Release Engineer; DevOps Engineer; Site Reliability Engineer; Cloud Software Developer,"Cloud, Platforms and IT Operations; Software Engineering"
Release Management Engineer,Cloud and Platform Engineering,Release Engineer,"Cloud, Platforms and IT Operations"
Release Manager,Cloud and Platform Engineering,Release Engineer,"Cloud, Platforms and IT Operations"
Release Operations Engineer,Cloud and Platform Engineering,Release Engineer,"Cloud, Platforms and IT Operations"
Release Pipeline Engineer,Cloud and Platform Engineering,Release Engineer,"Cloud, Platforms and IT Operations"
Release Specialist,Cloud and Platform Engineering,Release Engineer,"Cloud, Platforms and IT Operations"
Release Tooling Engineer,Cloud and Platform Engineering,Release Engineer,"Cloud, Platforms and IT Operations"
Software Delivery Engineer,Cloud and Platform Engineering,Release Engineer,"Cloud, Platforms and IT Operations"
Software Release Engineer,Cloud and Platform Engineering,Release Engineer,"Cloud, Platforms and IT Operations"
Version Control Release Engineer,Cloud and Platform Engineering,Release Engineer,"Cloud, Platforms and IT Operations"
Application Reliability Engineer,Cloud and Platform Engineering,Site Reliability Engineer,"Cloud, Platforms and IT Operations"
Availability Engineer,Cloud and Platform Engineering,Site Reliability Engineer,"Cloud, Platforms and IT Operations"
Chaos Engineering Specialist,Cloud and Platform Engineering,Site Reliability Engineer,"Cloud, Platforms and IT Operations"
Cloud SRE,Cloud and Platform Engineering,Site Reliability Engineer,"Cloud, Platforms and IT Operations"
Incident Reliability Engineer,Cloud and Platform Engineering,Site Reliability Engineer,"Cloud, Platforms and IT Operations"
Infrastructure Reliability Engineer,Cloud and Platform Engineering,Site Reliability Engineer,"Cloud, Platforms and IT Operations"
Kubernetes SRE,Cloud and Platform Engineering,Site Reliability Engineer,"Cloud, Platforms and IT Operations"
Observability Engineer,Cloud and Platform Engineering; Data Engineering,Site Reliability Engineer; Platform Engineer; Data Engineer,"Cloud, Platforms and IT Operations; Data, Analytics and AI"
Performance and Reliability Engineer,Cloud and Platform Engineering,Site Reliability Engineer,"Cloud, Platforms and IT Operations"
Production Engineer,Cloud and Platform Engineering; Systems Administration and Operations; User and Application Support,Site Reliability Engineer; Computer and Systems Operator; Systems Administrator; Application Support Specialist,"Cloud, Platforms and IT Operations; IT Support"
Production Engineering SRE,Cloud and Platform Engineering,Site Reliability Engineer,"Cloud, Platforms and IT Operations"
Production Reliability Engineer,Cloud and Platform Engineering,Site Reliability Engineer,"Cloud, Platforms and IT Operations"
Production Systems Engineer,Cloud and Platform Engineering,Site Reliability Engineer,"Cloud, Platforms and IT Operations"
Reliability Automation Engineer,Cloud and Platform Engineering,Site Reliability Engineer,"Cloud, Platforms and IT Operations"
Reliability Engineer,Cloud and Platform Engineering; Systems Administration and Operations; Database Engineering; Software Development,Site Reliability Engineer; Platform Engineer; IT Disaster Recovery Specialist; Database Administrator; Backend Developer,"Cloud, Platforms and IT Operations; Data, Analytics and AI; Software Engineering"
Reliability Operations Engineer,Cloud and Platform Engineering,Site Reliability Engineer,"Cloud, Platforms and IT Operations"
Resilience Engineer,Cloud and Platform Engineering,Site Reliability Engineer,"Cloud, Platforms and IT Operations"
Resilience Engineering Specialist,Cloud and Platform Engineering,Site Reliability Engineer,"Cloud, Platforms and IT Operations"
Scalability Engineer,Cloud and Platform Engineering; Software Quality and Testing,Site Reliability Engineer; Performance Test Engineer,"Cloud, Platforms and IT Operations; Software Engineering"
Service Availability Engineer,Cloud and Platform Engineering,Site Reliability Engineer,"Cloud, Platforms and IT Operations"
Service Reliability Engineer,Cloud and Platform Engineering,Site Reliability Engineer,"Cloud, Platforms and IT Operations"
Site Reliability Engineer,Cloud and Platform Engineering; Software Development,Site Reliability Engineer; DevOps Engineer; Platform Engineer; Cloud Software Developer,"Cloud, Platforms and IT Operations; Software Engineering"
SRE,Cloud and Platform Engineering,Site Reliability Engineer,"Cloud, Platforms and IT Operations"
SRE DevOps Engineer,Cloud and Platform Engineering,Site Reliability Engineer,"Cloud, Platforms and IT Operations"
SRE Manager,Cloud and Platform Engineering,Site Reliability Engineer,"Cloud, Platforms and IT Operations"
SRE Platform Engineer,Cloud and Platform Engineering,Site Reliability Engineer,"Cloud, Platforms and IT Operations"
24/7 Operations Operator,Systems Administration and Operations,Computer and Systems Operator,"Cloud, Platforms and IT Operations"
Application Operations Analyst,Systems Administration and Operations; User and Application Support,Computer and Systems Operator; Application Support Specialist,"Cloud, Platforms and IT Operations; IT Support"
Application Operations Operator,Systems Administration and Operations,Computer and Systems Operator,"Cloud, Platforms and IT Operations"
Batch Operator,Systems Administration and Operations,Computer and Systems Operator,"Cloud, Platforms and IT Operations"
Batch Processing Operator,Systems Administration and Operations,Computer and Systems Operator,"Cloud, Platforms and IT Operations"
Computer Console Operator,Systems Administration and Operations,Computer and Systems Operator,"Cloud, Platforms and IT Operations"
Computer Operator,Systems Administration and Operations,Computer and Systems Operator,"Cloud, Platforms and IT Operations"
Computer Systems Operator,Systems Administration and Operations,Computer and Systems Operator,"Cloud, Platforms and IT Operations"
Console Operator,Systems Administration and Operations,Computer and Systems Operator,"Cloud, Platforms and IT Operations"
Data Processing Operator,Systems Administration and Operations,Computer and Systems Operator,"Cloud, Platforms and IT Operations"
Enterprise Operations Operator,Systems Administration and Operations,Computer and Systems Operator,"Cloud, Platforms and IT Operations"
Infrastructure Operations Operator,Systems Administration and Operations,Computer and Systems Operator,"Cloud, Platforms and IT Operations"
IT Control Room Operator,Systems Administration and Operations,Computer and Systems Operator,"Cloud, Platforms and IT Operations"
IT Operations Operator,Systems Administration and Operations,Computer and Systems Operator,"Cloud, Platforms and IT Operations"
IT Operator,Systems Administration and Operations,Computer and Systems Operator,"Cloud, Platforms and IT Operations"
IT Production Operator,Systems Administration and Operations,Computer and Systems Operator,"Cloud, Platforms and IT Operations"
IT Systems Operator,Systems Administration and Operations,Computer and Systems Operator,"Cloud, Platforms and IT Operations"
Job Control Operator,Systems Administration and Operations,Computer and Systems Operator,"Cloud, Platforms and IT Operations"
Job Scheduler Operator,Systems Administration and Operations,Computer and Systems Operator,"Cloud, Platforms and IT Operations"
Mainframe Batch Operator,Systems Administration and Operations,Computer and Systems Operator,"Cloud, Platforms and IT Operations"
Mainframe Operator,Systems Administration and Operations,Computer and Systems Operator,"Cloud, Platforms and IT Operations"
Mainframe Systems Operator,Systems Administration and Operations,Computer and Systems Operator,"Cloud, Platforms and IT Operations"
Monitoring Operator,Systems Administration and Operations,Computer and Systems Operator,"Cloud, Platforms and IT Operations"
NOC Systems Operator,Systems Administration and Operations,Computer and Systems Operator,"Cloud, Platforms and IT Operations"
Operations Analyst,Systems Administration and Operations; Data Analysis and Business Intelligence,Computer and Systems Operator; Data Analyst,"Cloud, Platforms and IT Operations; Data, Analytics and AI"
Operations Console Operator,Systems Administration and Operations,Computer and Systems Operator,"Cloud, Platforms and IT Operations"
Operations Control Operator,Systems Administration and Operations,Computer and Systems Operator,"Cloud, Platforms and IT Operations"
Production Control Operator,Systems Administration and Operations,Computer and Systems Operator,"Cloud, Platforms and IT Operations"
Production Operator,Systems Administration and Operations,Computer and Systems Operator,"Cloud, Platforms and IT Operations"
Runbook Operator,Systems Administration and Operations,Computer and Systems Operator,"Cloud, Platforms and IT Operations"
Scheduling Operator,Systems Administration and Operations,Computer and Systems Operator,"Cloud, Platforms and IT Operations"
Shift Systems Operator,Systems Administration and Operations,Computer and Systems Operator,"Cloud, Platforms and IT Operations"
System Monitoring Operator,Systems Administration and Operations,Computer and Systems Operator,"Cloud, Platforms and IT Operations"
System Operator,Systems Administration and Operations,Computer and Systems Operator,"Cloud, Platforms and IT Operations"
Systems Operations Operator,Systems Administration and Operations,Computer and Systems Operator,"Cloud, Platforms and IT Operations"
Systems Operator,Systems Administration and Operations,Computer and Systems Operator,"Cloud, Platforms and IT Operations"
Workload Automation Operator,Systems Administration and Operations,Computer and Systems Operator,"Cloud, Platforms and IT Operations"
Colocation Engineer,Systems Administration and Operations,Data Centre Operator,"Cloud, Platforms and IT Operations"
Colocation Operations Technician,Systems Administration and Operations,Data Centre Operator,"Cloud, Platforms and IT Operations"
Colocation Technician,Systems Administration and Operations,Data Centre Operator,"Cloud, Platforms and IT Operations"
Critical Environment Technician,Systems Administration and Operations,Data Centre Operator,"Cloud, Platforms and IT Operations"
Data Center Facilities Technician,Systems Administration and Operations,Data Centre Operator,"Cloud, Platforms and IT Operations"
Data Center Infrastructure Technician,Systems Administration and Operations,Data Centre Operator,"Cloud, Platforms and IT Operations"
Data Center Operations Engineer,Systems Administration and Operations,Data Centre Operator,"Cloud, Platforms and IT Operations"
Data Center Operations Specialist,Systems Administration and Operations,Data Centre Operator,"Cloud, Platforms and IT Operations"
Data Center Operations Technician,Systems Administration and Operations,Data Centre Operator,"Cloud, Platforms and IT Operations"
Data Center Operator,Systems Administration and Operations,Data Centre Operator,"Cloud, Platforms and IT Operations"
Data Center Remote Hands Technician,Systems Administration and Operations,Data Centre Operator,"Cloud, Platforms and IT Operations"
Data Center Support Technician,Systems Administration and Operations,Data Centre Operator,"Cloud, Platforms and IT Operations"
Data Center Technician,Systems Administration and Operations,Data Centre Operator,"Cloud, Platforms and IT Operations"
Data Centre Asset Technician,Systems Administration and Operations,Data Centre Operator,"Cloud, Platforms and IT Operations"
Data Centre Control Room Operator,Systems Administration and Operations,Data Centre Operator,"Cloud, Platforms and IT Operations"
Data Centre Deployment Technician,Systems Administration and Operations,Data Centre Operator,"Cloud, Platforms and IT Operations"
Data Centre Facilities Technician,Systems Administration and Operations,Data Centre Operator,"Cloud, Platforms and IT Operations"
Data Centre Field Technician,Systems Administration and Operations,Data Centre Operator,"Cloud, Platforms and IT Operations"
Data Centre Infrastructure Operator,Systems Administration and Operations,Data Centre Operator,"Cloud, Platforms and IT Operations"
Data Centre Monitoring Operator,Systems Administration and Operations,Data Centre Operator,"Cloud, Platforms and IT Operations"
Data Centre Operations Analyst,Systems Administration and Operations,Data Centre Operator,"Cloud, Platforms and IT Operations"
Data Centre Operations Engineer,Systems Administration and Operations,Data Centre Operator,"Cloud, Platforms and IT Operations"
Data Centre Operations Specialist,Systems Administration and Operations,Data Centre Operator,"Cloud, Platforms and IT Operations"
Data Centre Operations Technician,Systems Administration and Operations,Data Centre Operator,"Cloud, Platforms and IT Operations"
Data Centre Operator,Systems Administration and Operations,Data Centre Operator,"Cloud, Platforms and IT Operations"
Data Centre Remote Hands Technician,Systems Administration and Operations,Data Centre Operator,"Cloud, Platforms and IT Operations"
Data Centre Shift Operator,Systems Administration and Operations,Data Centre Operator,"Cloud, Platforms and IT Operations"
Data Centre Shift Technician,Systems Administration and Operations,Data Centre Operator,"Cloud, Platforms and IT Operations"
Data Centre Site Operations Technician,Systems Administration and Operations,Data Centre Operator,"Cloud, Platforms and IT Operations"
Data Centre Smart Hands Technician,Systems Administration and Operations,Data Centre Operator,"Cloud, Platforms and IT Operations"
Data Centre Support Technician,Systems Administration and Operations,Data Centre Operator,"Cloud, Platforms and IT Operations"
Data Centre Technician,Systems Administration and Operations,Data Centre Operator,"Cloud, Platforms and IT Operations"
Data Hall Operator,Systems Administration and Operations,Data Centre Operator,"Cloud, Platforms and IT Operations"
Data Hall Technician,Systems Administration and Operations,Data Centre Operator,"Cloud, Platforms and IT Operations"
Hardware Deployment Technician,Systems Administration and Operations,Data Centre Operator,"Cloud, Platforms and IT Operations"
Rack and Stack Technician,Systems Administration and Operations,Data Centre Operator,"Cloud, Platforms and IT Operations"
Server Room Operator,Systems Administration and Operations,Data Centre Operator,"Cloud, Platforms and IT Operations"
Server Room Technician,Systems Administration and Operations,Data Centre Operator,"Cloud, Platforms and IT Operations"
Backup and Recovery Specialist,Systems Administration and Operations,IT Disaster Recovery Specialist,"Cloud, Platforms and IT Operations"
BC/DR Specialist,Systems Administration and Operations,IT Disaster Recovery Specialist,"Cloud, Platforms and IT Operations"
BCDR Specialist,Systems Administration and Operations,IT Disaster Recovery Specialist,"Cloud, Platforms and IT Operations"
Business Continuity Analyst,Systems Administration and Operations,IT Disaster Recovery Specialist,"Cloud, Platforms and IT Operations"
Business Continuity and Disaster Recovery Specialist,Systems Administration and Operations,IT Disaster Recovery Specialist,"Cloud, Platforms and IT Operations"
Business Continuity Disaster Recovery Engineer,Systems Administration and Operations,IT Disaster Recovery Specialist,"Cloud, Platforms and IT Operations"
Business Resilience Specialist,Systems Administration and Operations,IT Disaster Recovery Specialist,"Cloud, Platforms and IT Operations"
Cloud Disaster Recovery Engineer,Systems Administration and Operations; Cloud and Platform Engineering,IT Disaster Recovery Specialist; Cloud Engineer,"Cloud, Platforms and IT Operations"
Crisis Recovery Specialist,Systems Administration and Operations,IT Disaster Recovery Specialist,"Cloud, Platforms and IT Operations"
Disaster Recovery Analyst,Systems Administration and Operations,IT Disaster Recovery Specialist,"Cloud, Platforms and IT Operations"
Disaster Recovery Architect,Systems Administration and Operations,IT Disaster Recovery Specialist,"Cloud, Platforms and IT Operations"
Disaster Recovery Consultant,Systems Administration and Operations,IT Disaster Recovery Specialist,"Cloud, Platforms and IT Operations"
Disaster Recovery Coordinator,Systems Administration and Operations,IT Disaster Recovery Specialist,"Cloud, Platforms and IT Operations"
Disaster Recovery Engineer,Systems Administration and Operations,IT Disaster Recovery Specialist,"Cloud, Platforms and IT Operations"
Disaster Recovery Manager,Systems Administration and Operations,IT Disaster Recovery Specialist,"Cloud, Platforms and IT Operations"
Disaster Recovery Program Manager,Systems Administration and Operations,IT Disaster Recovery Specialist,"Cloud, Platforms and IT Operations"
Disaster Recovery Specialist,Systems Administration and Operations,IT Disaster Recovery Specialist,"Cloud, Platforms and IT Operations"
Disaster Recovery Test Coordinator,Systems Administration and Operations,IT Disaster Recovery Specialist,"Cloud, Platforms and IT Operations"
DR Automation Engineer,Systems Administration and Operations,IT Disaster Recovery Specialist,"Cloud, Platforms and IT Operations"
DR Operations Engineer,Systems Administration and Operations,IT Disaster Recovery Specialist,"Cloud, Platforms and IT Operations"
DR Planning Specialist,Systems Administration and Operations,IT Disaster Recovery Specialist,"Cloud, Platforms and IT Operations"
DR Testing Specialist,Systems Administration and Operations,IT Disaster Recovery Specialist,"Cloud, Platforms and IT Operations"
Failover Engineer,Systems Administration and Operations,IT Disaster Recovery Specialist,"Cloud, Platforms and IT Operations"
High Availability and Disaster Recovery Engineer,Systems Administration and Operations,IT Disaster Recovery Specialist,"Cloud, Platforms and IT Operations"
Infrastructure Recovery Engineer,Systems Administration and Operations,IT Disaster Recovery Specialist,"Cloud, Platforms and IT Operations"
IT Continuity Specialist,Systems Administration and Operations,IT Disaster Recovery Specialist,"Cloud, Platforms and IT Operations"
IT Disaster Recovery Specialist,Systems Administration and Operations,IT Disaster Recovery Specialist,"Cloud, Platforms and IT Operations"
IT Recovery Specialist,Systems Administration and Operations,IT Disaster Recovery Specialist,"Cloud, Platforms and IT Operations"
IT Resilience Analyst,Systems Administration and Operations,IT Disaster Recovery Specialist,"Cloud, Platforms and IT Operations"
IT Resilience Engineer,Systems Administration and Operations,IT Disaster Recovery Specialist,"Cloud, Platforms and IT Operations"
IT Resilience Manager,Systems Administration and Operations,IT Disaster Recovery Specialist,"Cloud, Platforms and IT Operations"
IT Resilience Specialist,Systems Administration and Operations,IT Disaster Recovery Specialist,"Cloud, Platforms and IT Operations"
Operational Resilience Specialist,Systems Administration and Operations,IT Disaster Recovery Specialist,"Cloud, Platforms and IT Operations"
Recovery Engineer,Systems Administration and Operations,IT Disaster Recovery Specialist,"Cloud, Platforms and IT Operations"
Recovery Planning Analyst,Systems Administration and Operations,IT Disaster Recovery Specialist,"Cloud, Platforms and IT Operations"
Recovery Testing Engineer,Systems Administration and Operations,IT Disaster Recovery Specialist,"Cloud, Platforms and IT Operations"
Technology Resilience Specialist,Systems Administration and Operations,IT Disaster Recovery Specialist,"Cloud, Platforms and IT Operations"
Backup and Storage Engineer,Systems Administration and Operations,Storage Engineer,"Cloud, Platforms and IT Operations"
Backup Storage Engineer,Systems Administration and Operations,Storage Engineer,"Cloud, Platforms and IT Operations"
Block Storage Engineer,Systems Administration and Operations,Storage Engineer,"Cloud, Platforms and IT Operations"
Ceph Storage Engineer,Systems Administration and Operations,Storage Engineer,"Cloud, Platforms and IT Operations"
Data Protection Storage Engineer,Systems Administration and Operations,Storage Engineer,"Cloud, Platforms and IT Operations"
Data Storage Engineer,Systems Administration and Operations,Storage Engineer,"Cloud, Platforms and IT Operations"
Dell EMC Storage Engineer,Systems Administration and Operations,Storage Engineer,"Cloud, Platforms and IT Operations"
Enterprise Storage Engineer,Systems Administration and Operations,Storage Engineer,"Cloud, Platforms and IT Operations"
File Storage Engineer,Systems Administration and Operations,Storage Engineer,"Cloud, Platforms and IT Operations"
Hitachi Storage Engineer,Systems Administration and Operations,Storage Engineer,"Cloud, Platforms and IT Operations"
IBM Storage Engineer,Systems Administration and Operations,Storage Engineer,"Cloud, Platforms and IT Operations"
NAS Engineer,Systems Administration and Operations,Storage Engineer,"Cloud, Platforms and IT Operations"
NetApp Engineer,Systems Administration and Operations,Storage Engineer,"Cloud, Platforms and IT Operations"
Object Storage Engineer,Systems Administration and Operations,Storage Engineer,"Cloud, Platforms and IT Operations"
Pure Storage Engineer,Systems Administration and Operations,Storage Engineer,"Cloud, Platforms and IT Operations"
SAN Engineer,Systems Administration and Operations,Storage Engineer,"Cloud, Platforms and IT Operations"
SAN/NAS Engineer,Systems Administration and Operations,Storage Engineer,"Cloud, Platforms and IT Operations"
Storage Administrator,Systems Administration and Operations,Storage Engineer; Systems Administrator,"Cloud, Platforms and IT Operations"
Storage Architect,Systems Administration and Operations,Storage Engineer,"Cloud, Platforms and IT Operations"
Storage Area Network Engineer,Systems Administration and Operations,Storage Engineer,"Cloud, Platforms and IT Operations"
Storage Automation Engineer,Systems Administration and Operations,Storage Engineer,"Cloud, Platforms and IT Operations"
Storage Capacity Engineer,Systems Administration and Operations,Storage Engineer,"Cloud, Platforms and IT Operations"
Storage Cloud Engineer,Systems Administration and Operations,Storage Engineer,"Cloud, Platforms and IT Operations"
Storage Consultant,Systems Administration and Operations,Storage Engineer,"Cloud, Platforms and IT Operations"
Storage Engineer,Systems Administration and Operations,Storage Engineer,"Cloud, Platforms and IT Operations"
Storage Infrastructure Engineer,Systems Administration and Operations,Storage Engineer,"Cloud, Platforms and IT Operations"
Storage Management Engineer,Systems Administration and Operations,Storage Engineer,"Cloud, Platforms and IT Operations"
Storage Migration Engineer,Systems Administration and Operations,Storage Engineer,"Cloud, Platforms and IT Operations"
Storage Monitoring Engineer,Systems Administration and Operations,Storage Engineer,"Cloud, Platforms and IT Operations"
Storage Operations Engineer,Systems Administration and Operations,Storage Engineer,"Cloud, Platforms and IT Operations"
Storage Performance Engineer,Systems Administration and Operations,Storage Engineer,"Cloud, Platforms and IT Operations"
Storage Platform Engineer,Systems Administration and Operations,Storage Engineer,"Cloud, Platforms and IT Operations"
Storage Reliability Engineer,Systems Administration and Operations,Storage Engineer,"Cloud, Platforms and IT Operations"
Storage Replication Engineer,Systems Administration and Operations,Storage Engineer,"Cloud, Platforms and IT Operations"
Storage Security Engineer,Systems Administration and Operations,Storage Engineer,"Cloud, Platforms and IT Operations"
Storage Specialist,Systems Administration and Operations,Storage Engineer,"Cloud, Platforms and IT Operations"
Storage Support Engineer,Systems Administration and Operations,Storage Engineer,"Cloud, Platforms and IT Operations"
Storage Systems Engineer,Systems Administration and Operations,Storage Engineer,"Cloud, Platforms and IT Operations"
Storage Virtualization Engineer,Systems Administration and Operations,Storage Engineer,"Cloud, Platforms and IT Operations"
Data Centre Energy Efficiency Specialist,Systems Administration and Operations,Sustainable IT Specialist,"Cloud, Platforms and IT Operations"
Digital Sustainability Analyst,Systems Administration and Operations,Sustainable IT Specialist,"Cloud, Platforms and IT Operations"
Digital Sustainability Consultant,Systems Administration and Operations,Sustainable IT Specialist,"Cloud, Platforms and IT Operations"
Digital Sustainability Specialist,Systems Administration and Operations,Sustainable IT Specialist,"Cloud, Platforms and IT Operations"
Green Computing Consultant,Systems Administration and Operations,Sustainable IT Specialist,"Cloud, Platforms and IT Operations"
Green Computing Specialist,Systems Administration and Operations,Sustainable IT Specialist,"Cloud, Platforms and IT Operations"
Green Data Center Specialist,Systems Administration and Operations,Sustainable IT Specialist,"Cloud, Platforms and IT Operations"
Green Data Centre Specialist,Systems Administration and Operations,Sustainable IT Specialist,"Cloud, Platforms and IT Operations"
Green IT Analyst,Systems Administration and Operations,Sustainable IT Specialist,"Cloud, Platforms and IT Operations"
Green IT Consultant,Systems Administration and Operations,Sustainable IT Specialist,"Cloud, Platforms and IT Operations"
Green IT Specialist,Systems Administration and Operations,Sustainable IT Specialist,"Cloud, Platforms and IT Operations"
Green Software Engineer,Systems Administration and Operations,Sustainable IT Specialist,"Cloud, Platforms and IT Operations"
Green Software Specialist,Systems Administration and Operations,Sustainable IT Specialist,"Cloud, Platforms and IT Operations"
IT Carbon Analyst,Systems Administration and Operations,Sustainable IT Specialist,"Cloud, Platforms and IT Operations"
IT Carbon Specialist,Systems Administration and Operations,Sustainable IT Specialist,"Cloud, Platforms and IT Operations"
IT Energy Efficiency Specialist,Systems Administration and Operations,Sustainable IT Specialist,"Cloud, Platforms and IT Operations"
IT Environmental Impact Specialist,Systems Administration and Operations,Sustainable IT Specialist,"Cloud, Platforms and IT Operations"
IT Sustainability Analyst,Systems Administration and Operations,Sustainable IT Specialist,"Cloud, Platforms and IT Operations"
IT Sustainability Consultant,Systems Administration and Operations,Sustainable IT Specialist,"Cloud, Platforms and IT Operations"
IT Sustainability Specialist,Systems Administration and Operations,Sustainable IT Specialist,"Cloud, Platforms and IT Operations"
Responsible IT Specialist,Systems Administration and Operations,Sustainable IT Specialist,"Cloud, Platforms and IT Operations"
Sustainable Cloud Architect,Systems Administration and Operations,Sustainable IT Specialist,"Cloud, Platforms and IT Operations"
Sustainable Cloud Engineer,Systems Administration and Operations,Sustainable IT Specialist,"Cloud, Platforms and IT Operations"
Sustainable Cloud Specialist,Systems Administration and Operations,Sustainable IT Specialist,"Cloud, Platforms and IT Operations"
Sustainable Computing Consultant,Systems Administration and Operations,Sustainable IT Specialist,"Cloud, Platforms and IT Operations"
Sustainable Computing Specialist,Systems Administration and Operations,Sustainable IT Specialist,"Cloud, Platforms and IT Operations"
Sustainable Data Center Specialist,Systems Administration and Operations,Sustainable IT Specialist,"Cloud, Platforms and IT Operations"
Sustainable Data Centre Specialist,Systems Administration and Operations,Sustainable IT Specialist,"Cloud, Platforms and IT Operations"
Sustainable Digital Transformation Consultant,Systems Administration and Operations,Sustainable IT Specialist,"Cloud, Platforms and IT Operations"
Sustainable Infrastructure Analyst,Systems Administration and Operations,Sustainable IT Specialist,"Cloud, Platforms and IT Operations"
Sustainable Infrastructure Consultant,Systems Administration and Operations,Sustainable IT Specialist,"Cloud, Platforms and IT Operations"
Sustainable Infrastructure Specialist,Systems Administration and Operations,Sustainable IT Specialist,"Cloud, Platforms and IT Operations"
Sustainable IT Analyst,Systems Administration and Operations,Sustainable IT Specialist,"Cloud, Platforms and IT Operations"
Sustainable IT Specialist,Systems Administration and Operations,Sustainable IT Specialist,"Cloud, Platforms and IT Operations"
Sustainable Technology Analyst,Systems Administration and Operations,Sustainable IT Specialist,"Cloud, Platforms and IT Operations"
Sustainable Technology Consultant,Systems Administration and Operations,Sustainable IT Specialist,"Cloud, Platforms and IT Operations"
Sustainable Technology Specialist,Systems Administration and Operations,Sustainable IT Specialist,"Cloud, Platforms and IT Operations"
Technology Carbon Footprint Analyst,Systems Administration and Operations,Sustainable IT Specialist,"Cloud, Platforms and IT Operations"
Active Directory Administrator,Systems Administration and Operations,Systems Administrator,"Cloud, Platforms and IT Operations"
Application Systems Administrator,Systems Administration and Operations,Systems Administrator,"Cloud, Platforms and IT Operations"
Backup Administrator,Systems Administration and Operations,Systems Administrator,"Cloud, Platforms and IT Operations"
Database Systems Administrator,Systems Administration and Operations; Database Engineering,Systems Administrator; Database Administrator,"Cloud, Platforms and IT Operations; Data, Analytics and AI"
Endpoint Administrator,Systems Administration and Operations,Systems Administrator,"Cloud, Platforms and IT Operations"
Enterprise Infrastructure Administrator,Systems Administration and Operations,Systems Administrator,"Cloud, Platforms and IT Operations"
Enterprise Systems Administrator,Systems Administration and Operations,Systems Administrator,"Cloud, Platforms and IT Operations"
Exchange Administrator,Systems Administration and Operations,Systems Administrator,"Cloud, Platforms and IT Operations"
Hyper-V Administrator,Systems Administration and Operations,Systems Administrator,"Cloud, Platforms and IT Operations"
Infrastructure Administrator,Systems Administration and Operations,Systems Administrator,"Cloud, Platforms and IT Operations"
Infrastructure Engineer,Systems Administration and Operations; Enterprise and Systems Architecture; Cloud and Platform Engineering; Computer Network Engineering,Systems Administrator; Computer Systems Engineer; Platform Engineer; Network Engineer,"Cloud, Platforms and IT Operations; Architecture and Systems Analysis; Networks and Telecommunications"
Intune Administrator,Systems Administration and Operations,Systems Administrator,"Cloud, Platforms and IT Operations"
IT Administrator,Systems Administration and Operations,Systems Administrator,"Cloud, Platforms and IT Operations"
IT Infrastructure Administrator,Systems Administration and Operations,Systems Administrator,"Cloud, Platforms and IT Operations"
IT System Administrator,Systems Administration and Operations,Systems Administrator,"Cloud, Platforms and IT Operations"
IT Systems Administrator,Systems Administration and Operations; Enterprise and Systems Architecture; User and Application Support,Systems Administrator; Computer Systems Engineer; IT Support Engineer,"Cloud, Platforms and IT Operations; Architecture and Systems Analysis; IT Support"
Linux Administrator,Systems Administration and Operations,Systems Administrator,"Cloud, Platforms and IT Operations"
Linux Systems Administrator,Systems Administration and Operations,Systems Administrator,"Cloud, Platforms and IT Operations"
Microsoft 365 Administrator,Systems Administration and Operations,Systems Administrator,"Cloud, Platforms and IT Operations"
Microsoft Systems Administrator,Systems Administration and Operations,Systems Administrator,"Cloud, Platforms and IT Operations"
Network and Systems Administrator,Systems Administration and Operations,Systems Administrator,"Cloud, Platforms and IT Operations"
Office 365 Administrator,Systems Administration and Operations,Systems Administrator,"Cloud, Platforms and IT Operations"
SCCM Administrator,Systems Administration and Operations,Systems Administrator,"Cloud, Platforms and IT Operations"
Server Administrator,Systems Administration and Operations,Systems Administrator,"Cloud, Platforms and IT Operations"
Server Engineer,Systems Administration and Operations,Systems Administrator,"Cloud, Platforms and IT Operations"
Server Systems Administrator,Systems Administration and Operations,Systems Administrator,"Cloud, Platforms and IT Operations"
SysAdmin,Systems Administration and Operations,Systems Administrator,"Cloud, Platforms and IT Operations"
System Administrator,Systems Administration and Operations,Systems Administrator,"Cloud, Platforms and IT Operations"
System Operations Administrator,Systems Administration and Operations,Systems Administrator,"Cloud, Platforms and IT Operations"
Systems Admin,Systems Administration and Operations,Systems Administrator,"Cloud, Platforms and IT Operations"
Systems Administrator,Systems Administration and Operations,Systems Administrator,"Cloud, Platforms and IT Operations"
Systems Maintenance Administrator,Systems Administration and Operations,Systems Administrator,"Cloud, Platforms and IT Operations"
Systems Management Administrator,Systems Administration and Operations,Systems Administrator,"Cloud, Platforms and IT Operations"
Systems Operations Administrator,Systems Administration and Operations,Systems Administrator,"Cloud, Platforms and IT Operations"
Systems Support Administrator,Systems Administration and Operations,Systems Administrator,"Cloud, Platforms and IT Operations"
Unix Administrator,Systems Administration and Operations,Systems Administrator,"Cloud, Platforms and IT Operations"
Unix Systems Administrator,Systems Administration and Operations,Systems Administrator,"Cloud, Platforms and IT Operations"
Virtualization Administrator,Systems Administration and Operations,Systems Administrator,"Cloud, Platforms and IT Operations"
Virtualization Engineer,Systems Administration and Operations,Systems Administrator,"Cloud, Platforms and IT Operations"
VMware Administrator,Systems Administration and Operations,Systems Administrator,"Cloud, Platforms and IT Operations"
Windows Administrator,Systems Administration and Operations,Systems Administrator,"Cloud, Platforms and IT Operations"
Windows Systems Administrator,Systems Administration and Operations,Systems Administrator,"Cloud, Platforms and IT Operations"
Application Configuration Engineer,Systems Administration and Operations,Systems Configuration Specialist,"Cloud, Platforms and IT Operations"
Application Configuration Specialist,Systems Administration and Operations,Systems Configuration Specialist,"Cloud, Platforms and IT Operations"
Application Setup Specialist,Systems Administration and Operations,Systems Configuration Specialist,"Cloud, Platforms and IT Operations"
Asset and Configuration Specialist,Systems Administration and Operations,Systems Configuration Specialist,"Cloud, Platforms and IT Operations"
CMDB Administrator,Systems Administration and Operations,Systems Configuration Specialist,"Cloud, Platforms and IT Operations"
CMDB Specialist,Systems Administration and Operations,Systems Configuration Specialist,"Cloud, Platforms and IT Operations"
Configuration Analyst,Systems Administration and Operations,Systems Configuration Specialist,"Cloud, Platforms and IT Operations"
Configuration Compliance Specialist,Systems Administration and Operations,Systems Configuration Specialist,"Cloud, Platforms and IT Operations"
Configuration Control Specialist,Systems Administration and Operations,Systems Configuration Specialist,"Cloud, Platforms and IT Operations"
Configuration Coordinator,Systems Administration and Operations,Systems Configuration Specialist,"Cloud, Platforms and IT Operations"
Configuration Database Analyst,Systems Administration and Operations,Systems Configuration Specialist,"Cloud, Platforms and IT Operations"
Configuration Governance Specialist,Systems Administration and Operations,Systems Configuration Specialist,"Cloud, Platforms and IT Operations"
Configuration Item Manager,Systems Administration and Operations,Systems Configuration Specialist,"Cloud, Platforms and IT Operations"
Configuration Management Analyst,Systems Administration and Operations,Systems Configuration Specialist,"Cloud, Platforms and IT Operations"
Configuration Management Engineer,Systems Administration and Operations,Systems Configuration Specialist,"Cloud, Platforms and IT Operations"
Configuration Management Specialist,Systems Administration and Operations,Systems Configuration Specialist,"Cloud, Platforms and IT Operations"
Configuration Manager,Systems Administration and Operations,Systems Configuration Specialist,"Cloud, Platforms and IT Operations"
Configuration Specialist,Systems Administration and Operations,Systems Configuration Specialist,"Cloud, Platforms and IT Operations"
Deployment Configuration Specialist,Systems Administration and Operations,Systems Configuration Specialist,"Cloud, Platforms and IT Operations"
Environment Configuration Engineer,Systems Administration and Operations,Systems Configuration Specialist,"Cloud, Platforms and IT Operations"
Infrastructure Configuration Specialist,Systems Administration and Operations,Systems Configuration Specialist,"Cloud, Platforms and IT Operations"
IT Configuration Specialist,Systems Administration and Operations,Systems Configuration Specialist,"Cloud, Platforms and IT Operations"
ITIL Configuration Specialist,Systems Administration and Operations,Systems Configuration Specialist,"Cloud, Platforms and IT Operations"
ITSM Configuration Specialist,Systems Administration and Operations,Systems Configuration Specialist,"Cloud, Platforms and IT Operations"
Platform Configuration Specialist,Systems Administration and Operations,Systems Configuration Specialist,"Cloud, Platforms and IT Operations"
Product Configuration Specialist,Systems Administration and Operations,Systems Configuration Specialist,"Cloud, Platforms and IT Operations"
Release Configuration Specialist,Systems Administration and Operations,Systems Configuration Specialist,"Cloud, Platforms and IT Operations"
ServiceNow CMDB Specialist,Systems Administration and Operations,Systems Configuration Specialist,"Cloud, Platforms and IT Operations"
ServiceNow Configuration Specialist,Systems Administration and Operations,Systems Configuration Specialist,"Cloud, Platforms and IT Operations"
Software Configuration Manager,Systems Administration and Operations,Systems Configuration Specialist,"Cloud, Platforms and IT Operations"
Software Configuration Specialist,Systems Administration and Operations,Systems Configuration Specialist,"Cloud, Platforms and IT Operations"
System Configuration Engineer,Systems Administration and Operations,Systems Configuration Specialist,"Cloud, Platforms and IT Operations"
System Configuration Specialist,Systems Administration and Operations,Systems Configuration Specialist,"Cloud, Platforms and IT Operations"
System Setup Specialist,Systems Administration and Operations,Systems Configuration Specialist,"Cloud, Platforms and IT Operations"
Systems Configuration Analyst,Systems Administration and Operations,Systems Configuration Specialist,"Cloud, Platforms and IT Operations"
Systems Configuration Engineer,Systems Administration and Operations,Systems Configuration Specialist,"Cloud, Platforms and IT Operations"
Systems Configuration Specialist,Systems Administration and Operations,Systems Configuration Specialist,"Cloud, Platforms and IT Operations"
Systems Parameterization Specialist,Systems Administration and Operations,Systems Configuration Specialist,"Cloud, Platforms and IT Operations"
Apache Administrator,Systems Administration and Operations,Web Administrator,"Cloud, Platforms and IT Operations"
CMS Administrator,Systems Administration and Operations,Web Administrator,"Cloud, Platforms and IT Operations"
CMS Manager,Systems Administration and Operations,Web Administrator,"Cloud, Platforms and IT Operations"
CMS Specialist,Systems Administration and Operations,Web Administrator,"Cloud, Platforms and IT Operations"
Content Management System Administrator,Systems Administration and Operations,Web Administrator,"Cloud, Platforms and IT Operations"
Digital Platform Administrator,Systems Administration and Operations,Web Administrator,"Cloud, Platforms and IT Operations"
Drupal Administrator,Systems Administration and Operations,Web Administrator,"Cloud, Platforms and IT Operations"
E-commerce Platform Administrator,Systems Administration and Operations,Web Administrator,"Cloud, Platforms and IT Operations"
IIS Administrator,Systems Administration and Operations,Web Administrator,"Cloud, Platforms and IT Operations"
Internet Administrator,Systems Administration and Operations,Web Administrator,"Cloud, Platforms and IT Operations"
Intranet Administrator,Systems Administration and Operations,Web Administrator,"Cloud, Platforms and IT Operations"
Intranet Portal Administrator,Systems Administration and Operations,Web Administrator,"Cloud, Platforms and IT Operations"
Joomla Administrator,Systems Administration and Operations,Web Administrator,"Cloud, Platforms and IT Operations"
Nginx Administrator,Systems Administration and Operations,Web Administrator,"Cloud, Platforms and IT Operations"
Portal Administrator,Systems Administration and Operations,Web Administrator,"Cloud, Platforms and IT Operations"
SharePoint Web Administrator,Systems Administration and Operations,Web Administrator,"Cloud, Platforms and IT Operations"
Web Admin,Systems Administration and Operations,Web Administrator,"Cloud, Platforms and IT Operations"
Web Administrator,Systems Administration and Operations,Web Administrator,"Cloud, Platforms and IT Operations"
Web Application Administrator,Systems Administration and Operations,Web Administrator,"Cloud, Platforms and IT Operations"
Web Content Administrator,Systems Administration and Operations,Web Administrator,"Cloud, Platforms and IT Operations"
Web Content Management Administrator,Systems Administration and Operations,Web Administrator,"Cloud, Platforms and IT Operations"
Web Content Platform Specialist,Systems Administration and Operations,Web Administrator,"Cloud, Platforms and IT Operations"
Web Hosting Administrator,Systems Administration and Operations,Web Administrator,"Cloud, Platforms and IT Operations"
Web Hosting Specialist,Systems Administration and Operations,Web Administrator,"Cloud, Platforms and IT Operations"
Web Infrastructure Administrator,Systems Administration and Operations,Web Administrator,"Cloud, Platforms and IT Operations"
Web Operations Administrator,Systems Administration and Operations,Web Administrator,"Cloud, Platforms and IT Operations"
Web Operations Specialist,Systems Administration and Operations,Web Administrator,"Cloud, Platforms and IT Operations"
Web Platform Administrator,Systems Administration and Operations; Cloud and Platform Engineering,Web Administrator; Platform Engineer; Systems Administrator,"Cloud, Platforms and IT Operations"
Web Platform Manager,Systems Administration and Operations,Web Administrator,"Cloud, Platforms and IT Operations"
Web Publishing Administrator,Systems Administration and Operations,Web Administrator,"Cloud, Platforms and IT Operations"
Web Server Administrator,Systems Administration and Operations,Web Administrator,"Cloud, Platforms and IT Operations"
Web Server Engineer,Systems Administration and Operations,Web Administrator,"Cloud, Platforms and IT Operations"
Web Services Administrator,Systems Administration and Operations,Web Administrator,"Cloud, Platforms and IT Operations"
Web Systems Administrator,Systems Administration and Operations,Web Administrator,"Cloud, Platforms and IT Operations"
Website Administrator,Systems Administration and Operations,Web Administrator,"Cloud, Platforms and IT Operations"
Website Manager,Systems Administration and Operations,Web Administrator,"Cloud, Platforms and IT Operations"
Website Operations Specialist,Systems Administration and Operations,Web Administrator,"Cloud, Platforms and IT Operations"
WordPress Administrator,Systems Administration and Operations,Web Administrator,"Cloud, Platforms and IT Operations"
Board Design Engineer,Computing Hardware Engineering,Computer Hardware Engineer,Computer Hardware
Circuit Design Engineer,Computing Hardware Engineering,Computer Hardware Engineer,Computer Hardware
Compute Hardware Engineer,Computing Hardware Engineering,Computer Hardware Engineer,Computer Hardware
Computer Architecture Engineer,Computing Hardware Engineering,Computer Hardware Engineer,Computer Hardware
Computer Hardware Engineer,Computing Hardware Engineering,Computer Hardware Engineer,Computer Hardware
Computer Systems Hardware Engineer,Computing Hardware Engineering,Computer Hardware Engineer,Computer Hardware
Computing Hardware Engineer,Computing Hardware Engineering,Computer Hardware Engineer,Computer Hardware
Data Center Hardware Engineer,Computing Hardware Engineering,Computer Hardware Engineer,Computer Hardware
Device Hardware Engineer,Computing Hardware Engineering,Computer Hardware Engineer,Computer Hardware
Digital Hardware Engineer,Computing Hardware Engineering,Computer Hardware Engineer,Computer Hardware
Edge Hardware Engineer,Computing Hardware Engineering,Computer Hardware Engineer,Computer Hardware
Electronic Hardware Engineer,Computing Hardware Engineering,Computer Hardware Engineer,Computer Hardware
Electronics Hardware Engineer,Computing Hardware Engineering,Computer Hardware Engineer,Computer Hardware
FPGA Hardware Engineer,Computing Hardware Engineering,Computer Hardware Engineer,Computer Hardware
Hardware Architect,Computing Hardware Engineering,Computer Hardware Engineer,Computer Hardware
Hardware Bring-Up Engineer,Computing Hardware Engineering,Computer Hardware Engineer,Computer Hardware
Hardware Compliance Engineer,Computing Hardware Engineering,Computer Hardware Engineer,Computer Hardware
Hardware Debug Engineer,Computing Hardware Engineering,Computer Hardware Engineer,Computer Hardware
Hardware Deployment Engineer,Computing Hardware Engineering,Computer Hardware Engineer,Computer Hardware
Hardware Design Engineer,Computing Hardware Engineering,Computer Hardware Engineer,Computer Hardware
Hardware Development Engineer,Computing Hardware Engineering,Computer Hardware Engineer,Computer Hardware
Hardware Engineer,Computing Hardware Engineering; Enterprise and Systems Architecture,Computer Hardware Engineer; Computer Systems Engineer; Embedded System Designer,Computer Hardware; Architecture and Systems Analysis
Hardware Failure Analysis Engineer,Computing Hardware Engineering,Computer Hardware Engineer,Computer Hardware
Hardware Integration Engineer,Computing Hardware Engineering,Computer Hardware Engineer,Computer Hardware
Hardware Integration Specialist,Computing Hardware Engineering,Computer Hardware Engineer,Computer Hardware
Hardware Lifecycle Engineer,Computing Hardware Engineering,Computer Hardware Engineer,Computer Hardware
Hardware Manufacturing Engineer,Computing Hardware Engineering,Computer Hardware Engineer,Computer Hardware
Hardware Performance Engineer,Computing Hardware Engineering,Computer Hardware Engineer,Computer Hardware
Hardware Platform Engineer,Computing Hardware Engineering,Computer Hardware Engineer,Computer Hardware
Hardware Product Engineer,Computing Hardware Engineering,Computer Hardware Engineer,Computer Hardware
Hardware Prototype Engineer,Computing Hardware Engineering,Computer Hardware Engineer,Computer Hardware
Hardware Quality Engineer,Computing Hardware Engineering,Computer Hardware Engineer,Computer Hardware
Hardware R&D Engineer,Computing Hardware Engineering,Computer Hardware Engineer,Computer Hardware
Hardware Reliability Engineer,Computing Hardware Engineering,Computer Hardware Engineer,Computer Hardware
Hardware Solutions Engineer,Computing Hardware Engineering,Computer Hardware Engineer,Computer Hardware
Hardware Sustaining Engineer,Computing Hardware Engineering,Computer Hardware Engineer,Computer Hardware
Hardware Systems Engineer,Computing Hardware Engineering,Computer Hardware Engineer,Computer Hardware
Hardware Validation Engineer,Computing Hardware Engineering,Computer Hardware Engineer,Computer Hardware
Hardware Verification Engineer,Computing Hardware Engineering,Computer Hardware Engineer,Computer Hardware
Network Hardware Engineer,Computing Hardware Engineering,Computer Hardware Engineer,Computer Hardware
PCB Hardware Engineer,Computing Hardware Engineering,Computer Hardware Engineer,Computer Hardware
Peripheral Hardware Engineer,Computing Hardware Engineering,Computer Hardware Engineer,Computer Hardware
Server Hardware Engineer,Computing Hardware Engineering,Computer Hardware Engineer,Computer Hardware
Storage Hardware Engineer,Computing Hardware Engineering,Computer Hardware Engineer,Computer Hardware
Board Assembly Technician,Computing Hardware Engineering,Computer Hardware Engineering Technician,Computer Hardware
Board Bring-Up Technician,Computing Hardware Engineering,Computer Hardware Engineering Technician,Computer Hardware
Computer Hardware Engineering Technician,Computing Hardware Engineering,Computer Hardware Engineering Technician,Computer Hardware
Computer Hardware Technician,Computing Hardware Engineering; User and Application Support,Computer Hardware Engineering Technician; Computer Hardware Technician,Computer Hardware; IT Support
Computer Repair Technician,Computing Hardware Engineering; User and Application Support,Computer Hardware Engineering Technician; Computer Hardware Technician,Computer Hardware; IT Support
Data Center Hardware Technician,Computing Hardware Engineering; User and Application Support,Computer Hardware Engineering Technician; Computer Hardware Technician,Computer Hardware; IT Support
Device Engineering Technician,Computing Hardware Engineering,Computer Hardware Engineering Technician,Computer Hardware
Electronic Hardware Technician,Computing Hardware Engineering,Computer Hardware Engineering Technician,Computer Hardware
Electronics Hardware Technician,Computing Hardware Engineering,Computer Hardware Engineering Technician,Computer Hardware
Electronics Test Technician,Computing Hardware Engineering,Computer Hardware Engineering Technician,Computer Hardware
Embedded Hardware Technician,Computing Hardware Engineering,Computer Hardware Engineering Technician,Computer Hardware
FPGA Lab Technician,Computing Hardware Engineering,Computer Hardware Engineering Technician,Computer Hardware
Hardware Assembly Technician,Computing Hardware Engineering,Computer Hardware Engineering Technician,Computer Hardware
Hardware Configuration Technician,Computing Hardware Engineering,Computer Hardware Engineering Technician,Computer Hardware
Hardware Debug Technician,Computing Hardware Engineering,Computer Hardware Engineering Technician,Computer Hardware
Hardware Design Technician,Computing Hardware Engineering,Computer Hardware Engineering Technician,Computer Hardware
Hardware Development Technician,Computing Hardware Engineering,Computer Hardware Engineering Technician,Computer Hardware
Hardware Engineering Assistant,Computing Hardware Engineering,Computer Hardware Engineering Technician,Computer Hardware
Hardware Engineering Technician,Computing Hardware Engineering,Computer Hardware Engineering Technician,Computer Hardware
Hardware Failure Analysis Technician,Computing Hardware Engineering,Computer Hardware Engineering Technician,Computer Hardware
Hardware Installation Technician,Computing Hardware Engineering; User and Application Support,Computer Hardware Engineering Technician; Computer Hardware Technician,Computer Hardware; IT Support
Hardware Integration Technician,Computing Hardware Engineering,Computer Hardware Engineering Technician,Computer Hardware
Hardware Lab Specialist,Computing Hardware Engineering,Computer Hardware Engineering Technician,Computer Hardware
Hardware Lab Technician,Computing Hardware Engineering,Computer Hardware Engineering Technician,Computer Hardware
Hardware Manufacturing Technician,Computing Hardware Engineering,Computer Hardware Engineering Technician,Computer Hardware
Hardware Prototype Specialist,Computing Hardware Engineering,Computer Hardware Engineering Technician,Computer Hardware
Hardware Prototype Technician,Computing Hardware Engineering,Computer Hardware Engineering Technician,Computer Hardware
Hardware Quality Technician,Computing Hardware Engineering,Computer Hardware Engineering Technician,Computer Hardware
Hardware Reliability Technician,Computing Hardware Engineering,Computer Hardware Engineering Technician,Computer Hardware
Hardware RMA Technician,Computing Hardware Engineering,Computer Hardware Engineering Technician,Computer Hardware
Hardware Support Technician,Computing Hardware Engineering; User and Application Support,Computer Hardware Engineering Technician; Computer Hardware Technician,Computer Hardware; IT Support
Hardware Test Lab Technician,Computing Hardware Engineering,Computer Hardware Engineering Technician,Computer Hardware
Hardware Validation Technician,Computing Hardware Engineering,Computer Hardware Engineering Technician,Computer Hardware
Hardware Verification Technician,Computing Hardware Engineering,Computer Hardware Engineering Technician,Computer Hardware
PCB Technician,Computing Hardware Engineering,Computer Hardware Engineering Technician,Computer Hardware
Server Hardware Technician,Computing Hardware Engineering,Computer Hardware Engineering Technician,Computer Hardware
Automated Hardware Test Technician,Computing Hardware Engineering,Computer Hardware Test Technician,Computer Hardware
Board Test Technician,Computing Hardware Engineering,Computer Hardware Test Technician,Computer Hardware
Computer Hardware Test Technician,Computing Hardware Engineering,Computer Hardware Test Technician,Computer Hardware
Computer Hardware Testing Technician,Computing Hardware Engineering,Computer Hardware Test Technician,Computer Hardware
Computer Systems Test Technician,Computing Hardware Engineering,Computer Hardware Test Technician,Computer Hardware
Device Test Technician,Computing Hardware Engineering,Computer Hardware Test Technician,Computer Hardware
Device Validation Technician,Computing Hardware Engineering,Computer Hardware Test Technician,Computer Hardware
Electronic Test Technician,Computing Hardware Engineering,Computer Hardware Test Technician,Computer Hardware
Electronics Validation Technician,Computing Hardware Engineering,Computer Hardware Test Technician,Computer Hardware
Hardware Acceptance Test Technician,Computing Hardware Engineering,Computer Hardware Test Technician,Computer Hardware
Hardware Burn-In Technician,Computing Hardware Engineering,Computer Hardware Test Technician,Computer Hardware
Hardware Certification Test Technician,Computing Hardware Engineering,Computer Hardware Test Technician,Computer Hardware
Hardware Compliance Test Technician,Computing Hardware Engineering,Computer Hardware Test Technician,Computer Hardware
Hardware Diagnostic Technician,Computing Hardware Engineering,Computer Hardware Test Technician,Computer Hardware
Hardware Diagnostics Technician,Computing Hardware Engineering; User and Application Support,Computer Hardware Test Technician; Computer Hardware Technician,Computer Hardware; IT Support
Hardware Failure Test Technician,Computing Hardware Engineering,Computer Hardware Test Technician,Computer Hardware
Hardware Functional Test Technician,Computing Hardware Engineering,Computer Hardware Test Technician,Computer Hardware
Hardware Performance Test Technician,Computing Hardware Engineering,Computer Hardware Test Technician,Computer Hardware
Hardware QA Technician,Computing Hardware Engineering,Computer Hardware Test Technician,Computer Hardware
Hardware QA Test Technician,Computing Hardware Engineering,Computer Hardware Test Technician,Computer Hardware
Hardware Qualification Technician,Computing Hardware Engineering,Computer Hardware Test Technician,Computer Hardware
Hardware Regression Test Technician,Computing Hardware Engineering,Computer Hardware Test Technician,Computer Hardware
Hardware Reliability Test Technician,Computing Hardware Engineering,Computer Hardware Test Technician,Computer Hardware
Hardware Stress Test Technician,Computing Hardware Engineering,Computer Hardware Test Technician,Computer Hardware
Hardware Test Engineer Assistant,Computing Hardware Engineering,Computer Hardware Test Technician,Computer Hardware
Hardware Test Operator,Computing Hardware Engineering,Computer Hardware Test Technician,Computer Hardware
Hardware Test Specialist,Computing Hardware Engineering,Computer Hardware Test Technician,Computer Hardware
Hardware Test Technician,Computing Hardware Engineering,Computer Hardware Test Technician,Computer Hardware
Hardware Validation Test Technician,Computing Hardware Engineering,Computer Hardware Test Technician,Computer Hardware
Hardware Verification Test Technician,Computing Hardware Engineering,Computer Hardware Test Technician,Computer Hardware
Manufacturing Test Technician,Computing Hardware Engineering,Computer Hardware Test Technician,Computer Hardware
PCB Test Technician,Computing Hardware Engineering,Computer Hardware Test Technician,Computer Hardware
Product Test Technician,Computing Hardware Engineering,Computer Hardware Test Technician,Computer Hardware
System Test Technician,Computing Hardware Engineering,Computer Hardware Test Technician,Computer Hardware
Automotive ECU Designer,Computing Hardware Engineering,Embedded System Designer,Computer Hardware
Automotive Embedded Systems Designer,Computing Hardware Engineering,Embedded System Designer,Computer Hardware
Board-Level Embedded Designer,Computing Hardware Engineering,Embedded System Designer,Computer Hardware
Connected Device Designer,Computing Hardware Engineering,Embedded System Designer,Computer Hardware
Edge Device Designer,Computing Hardware Engineering,Embedded System Designer,Computer Hardware
Edge Systems Designer,Computing Hardware Engineering,Embedded System Designer,Computer Hardware
Embedded Architecture Engineer,Computing Hardware Engineering,Embedded System Designer,Computer Hardware
Embedded Device Designer,Computing Hardware Engineering,Embedded System Designer,Computer Hardware
Embedded Device Engineer,Computing Hardware Engineering; Specialized Software Development,Embedded System Designer; Embedded Software Developer,Computer Hardware; Software Engineering
Embedded Electronics Designer,Computing Hardware Engineering,Embedded System Designer,Computer Hardware
Embedded Hardware Architect,Computing Hardware Engineering,Embedded System Designer,Computer Hardware
Embedded Hardware Design Engineer,Computing Hardware Engineering,Embedded System Designer,Computer Hardware
Embedded Hardware Designer,Computing Hardware Engineering,Embedded System Designer,Computer Hardware
Embedded Hardware Engineer,Computing Hardware Engineering; Specialized Software Development,Embedded System Designer; Computer Hardware Engineer; Embedded Software Developer,Computer Hardware; Software Engineering
Embedded Integration Engineer,Computing Hardware Engineering; Specialized Software Development,Embedded System Designer; Embedded Software Developer,Computer Hardware; Software Engineering
Embedded Linux Systems Designer,Computing Hardware Engineering,Embedded System Designer,Computer Hardware
Embedded Platform Designer,Computing Hardware Engineering,Embedded System Designer,Computer Hardware
Embedded Platform Engineer,Computing Hardware Engineering; Specialized Software Development,Embedded System Designer; Embedded Software Developer,Computer Hardware; Software Engineering
Embedded Product Designer,Computing Hardware Engineering,Embedded System Designer,Computer Hardware
Embedded Prototype Engineer,Computing Hardware Engineering,Embedded System Designer,Computer Hardware
Embedded Solutions Designer,Computing Hardware Engineering,Embedded System Designer,Computer Hardware
Embedded System Designer,Computing Hardware Engineering,Embedded System Designer,Computer Hardware
Embedded Systems Design Engineer,Computing Hardware Engineering,Embedded System Designer,Computer Hardware
Embedded Systems Designer,Computing Hardware Engineering,Embedded System Designer,Computer Hardware
Embedded Validation Engineer,Computing Hardware Engineering,Embedded System Designer,Computer Hardware
Embedded Verification Engineer,Computing Hardware Engineering,Embedded System Designer,Computer Hardware
Firmware-Hardware Co-Design Engineer,Computing Hardware Engineering,Embedded System Designer,Computer Hardware
FPGA Design Engineer,Computing Hardware Engineering,Embedded System Designer,Computer Hardware
FPGA Designer,Computing Hardware Engineering,Embedded System Designer,Computer Hardware
FPGA Engineer,Computing Hardware Engineering,Embedded System Designer,Computer Hardware
Hardware-Firmware Co-Design Engineer,Computing Hardware Engineering,Embedded System Designer,Computer Hardware
Industrial Embedded Systems Designer,Computing Hardware Engineering,Embedded System Designer,Computer Hardware
IoT Device Designer,Computing Hardware Engineering,Embedded System Designer,Computer Hardware
IoT Hardware Designer,Computing Hardware Engineering,Embedded System Designer,Computer Hardware
IoT Systems Designer,Computing Hardware Engineering,Embedded System Designer,Computer Hardware
Microcontroller Systems Designer,Computing Hardware Engineering,Embedded System Designer,Computer Hardware
Real-Time Systems Designer,Computing Hardware Engineering,Embedded System Designer,Computer Hardware
Robotics Embedded Systems Designer,Computing Hardware Engineering,Embedded System Designer,Computer Hardware
Sensor Systems Designer,Computing Hardware Engineering,Embedded System Designer,Computer Hardware
SoC Designer,Computing Hardware Engineering,Embedded System Designer,Computer Hardware
Telematics Systems Designer,Computing Hardware Engineering,Embedded System Designer,Computer Hardware
Wearable Device Designer,Computing Hardware Engineering,Embedded System Designer,Computer Hardware
API Security Engineer,Cybersecurity Engineering; Software Development,Application Security Engineer; Security Engineer; Backend Developer,Cybersecurity; Software Engineering
API Security Specialist,Cybersecurity Engineering,Application Security Engineer,Cybersecurity
Application Penetration Testing Engineer,Cybersecurity Engineering,Application Security Engineer,Cybersecurity
Application Security Analyst,Cybersecurity Engineering,Application Security Engineer,Cybersecurity
Application Security Architect,Cybersecurity Engineering,Application Security Engineer; Security Architect,Cybersecurity
Application Security Consultant,"Cybersecurity Engineering; Cybersecurity Governance, Risk and Compliance",Application Security Engineer; Cybersecurity Consultant,Cybersecurity
Application Security Engineer,Cybersecurity Engineering; Software Development,Application Security Engineer; Security Engineer; Backend Developer,Cybersecurity; Software Engineering
Application Security Manager,Cybersecurity Engineering,Application Security Engineer,Cybersecurity
Application Security Specialist,Cybersecurity Engineering,Application Security Engineer,Cybersecurity
Application Security Testing Engineer,Cybersecurity Engineering,Application Security Engineer,Cybersecurity
Application Threat Modeling Engineer,Cybersecurity Engineering,Application Security Engineer,Cybersecurity
AppSec Engineer,Cybersecurity Engineering,Application Security Engineer,Cybersecurity
DAST Engineer,Cybersecurity Engineering,Application Security Engineer,Cybersecurity
DevSecOps Application Security Engineer,Cybersecurity Engineering,Application Security Engineer,Cybersecurity
IAST Engineer,Cybersecurity Engineering,Application Security Engineer,Cybersecurity
Mobile Application Security Engineer,Cybersecurity Engineering,Application Security Engineer,Cybersecurity
Mobile Security Engineer,Cybersecurity Engineering; Software Development,Application Security Engineer; Embedded and IoT Security Engineer; Security Engineer; Android Developer; iOS Developer,Cybersecurity; Software Engineering
Product Application Security Engineer,Cybersecurity Engineering,Application Security Engineer,Cybersecurity
Product Security Architect,Cybersecurity Engineering,Application Security Engineer,Cybersecurity
Product Security Engineer,Cybersecurity Engineering; Software Development,Application Security Engineer; Security Engineer; Backend Developer,Cybersecurity; Software Engineering
SAST Engineer,Cybersecurity Engineering,Application Security Engineer,Cybersecurity
SCA Security Engineer,Cybersecurity Engineering,Application Security Engineer,Cybersecurity
Secure Application Engineer,Cybersecurity Engineering,Application Security Engineer,Cybersecurity
Secure Code Review Engineer,Cybersecurity Engineering,Application Security Engineer,Cybersecurity
Secure Coding Engineer,Cybersecurity Engineering,Application Security Engineer,Cybersecurity
Secure Development Engineer,Cybersecurity Engineering,Application Security Engineer,Cybersecurity
Secure SDLC Engineer,Cybersecurity Engineering,Application Security Engineer,Cybersecurity
Secure Software Engineer,Cybersecurity Engineering,Application Security Engineer,Cybersecurity
Software Assurance Engineer,Cybersecurity Engineering,Application Security Engineer,Cybersecurity
Software Security Architect,Cybersecurity Engineering; Software Development,Application Security Engineer; Software Architect,Cybersecurity; Software Engineering
Software Security Engineer,Cybersecurity Engineering,Application Security Engineer,Cybersecurity
Web Application Security Engineer,Cybersecurity Engineering,Application Security Engineer,Cybersecurity
Web Security Engineer,Cybersecurity Engineering,Application Security Engineer,Cybersecurity
AWS Security Engineer,Cybersecurity Engineering,Cloud Security Engineer,Cybersecurity
Azure Security Engineer,Cybersecurity Engineering,Cloud Security Engineer,Cybersecurity
Cloud Access Security Engineer,Cybersecurity Engineering,Cloud Security Engineer,Cybersecurity
Cloud Compliance Security Engineer,Cybersecurity Engineering,Cloud Security Engineer,Cybersecurity
Cloud Detection Engineer,Cybersecurity Engineering,Cloud Security Engineer,Cybersecurity
Cloud Identity Security Engineer,Cybersecurity Engineering,Cloud Security Engineer,Cybersecurity
Cloud Incident Response Engineer,Cybersecurity Engineering,Cloud Security Engineer,Cybersecurity
Cloud Infrastructure Security Engineer,Cybersecurity Engineering,Cloud Security Engineer,Cybersecurity
Cloud Landing Zone Security Engineer,Cybersecurity Engineering,Cloud Security Engineer,Cybersecurity
Cloud Native Security Engineer,Cybersecurity Engineering,Cloud Security Engineer,Cybersecurity
Cloud Network Security Engineer,Cybersecurity Engineering,Cloud Security Engineer,Cybersecurity
Cloud Platform Security Engineer,Cybersecurity Engineering,Cloud Security Engineer,Cybersecurity
Cloud Security Analyst,Cybersecurity Engineering,Cloud Security Engineer,Cybersecurity
Cloud Security Automation Engineer,Cybersecurity Engineering,Cloud Security Engineer,Cybersecurity
Cloud Security Consultant,"Cybersecurity Engineering; Cybersecurity Governance, Risk and Compliance",Cloud Security Engineer; Cybersecurity Consultant,Cybersecurity
Cloud Security DevOps Engineer,Cybersecurity Engineering,Cloud Security Engineer,Cybersecurity
Cloud Security Engineer,Cybersecurity Engineering; Cloud and Platform Engineering,Cloud Security Engineer; Cloud Engineer; Security Engineer,"Cybersecurity; Cloud, Platforms and IT Operations"
Cloud Security Integration Engineer,Cybersecurity Engineering,Cloud Security Engineer,Cybersecurity
Cloud Security Operations Engineer,Cybersecurity Engineering,Cloud Security Engineer,Cybersecurity
Cloud Security Posture Management Engineer,Cybersecurity Engineering,Cloud Security Engineer,Cybersecurity
Cloud Security Reliability Engineer,Cybersecurity Engineering,Cloud Security Engineer,Cybersecurity
Cloud Security Specialist,Cybersecurity Engineering,Cloud Security Engineer,Cybersecurity
Cloud Workload Security Engineer,Cybersecurity Engineering,Cloud Security Engineer,Cybersecurity
CNAPP Engineer,Cybersecurity Engineering,Cloud Security Engineer,Cybersecurity
Container Security Engineer,Cybersecurity Engineering,Cloud Security Engineer,Cybersecurity
CSPM Engineer,Cybersecurity Engineering,Cloud Security Engineer,Cybersecurity
GCP Security Engineer,Cybersecurity Engineering,Cloud Security Engineer,Cybersecurity
Google Cloud Security Engineer,Cybersecurity Engineering,Cloud Security Engineer,Cybersecurity
Hybrid Cloud Security Engineer,Cybersecurity Engineering,Cloud Security Engineer,Cybersecurity
Infrastructure as Code Security Engineer,Cybersecurity Engineering,Cloud Security Engineer,Cybersecurity
Kubernetes Security Engineer,Cybersecurity Engineering; Cloud and Platform Engineering,Cloud Security Engineer; DevOps Engineer; Security Engineer,"Cybersecurity; Cloud, Platforms and IT Operations"
Multi-Cloud Security Engineer,Cybersecurity Engineering,Cloud Security Engineer,Cybersecurity
Terraform Security Engineer,Cybersecurity Engineering,Cloud Security Engineer,Cybersecurity
Applied Cryptography Engineer,Cybersecurity Engineering,Cryptography Specialist,Cybersecurity
Blockchain Cryptography Engineer,Cybersecurity Engineering,Cryptography Specialist,Cybersecurity
Certificate Authority Engineer,Cybersecurity Engineering,Cryptography Specialist,Cybersecurity
Certificate Lifecycle Engineer,Cybersecurity Engineering,Cryptography Specialist,Cybersecurity
Certificate Management Engineer,Cybersecurity Engineering,Cryptography Specialist,Cybersecurity
Certificate Management Specialist,Cybersecurity Engineering,Cryptography Specialist,Cybersecurity
Cryptographer,Cybersecurity Engineering,Cryptography Specialist,Cybersecurity
Cryptographic Compliance Specialist,Cybersecurity Engineering,Cryptography Specialist,Cybersecurity
Cryptographic Engineer,Cybersecurity Engineering,Cryptography Specialist,Cybersecurity
Cryptographic Key Management Engineer,Cybersecurity Engineering,Cryptography Specialist,Cybersecurity
Cryptographic Software Engineer,Cybersecurity Engineering,Cryptography Specialist,Cybersecurity
Cryptographic Systems Engineer,Cybersecurity Engineering,Cryptography Specialist,Cybersecurity
Cryptographic Validation Engineer,Cybersecurity Engineering,Cryptography Specialist,Cybersecurity
Cryptography Architect,Cybersecurity Engineering,Cryptography Specialist,Cybersecurity
Cryptography Research Engineer,Cybersecurity Engineering,Cryptography Specialist,Cybersecurity
Cryptography Specialist,Cybersecurity Engineering,Cryptography Specialist,Cybersecurity
Data Encryption Engineer,Cybersecurity Engineering,Cryptography Specialist,Cybersecurity
Digital Signature Engineer,Cybersecurity Engineering,Cryptography Specialist,Cybersecurity
Encryption Engineer,Cybersecurity Engineering,Cryptography Specialist,Cybersecurity
Hardware Security Module Engineer,Cybersecurity Engineering,Cryptography Specialist,Cybersecurity
HSM Engineer,Cybersecurity Engineering,Cryptography Specialist,Cybersecurity
HSM Specialist,Cybersecurity Engineering,Cryptography Specialist,Cybersecurity
Identity Cryptography Engineer,Cybersecurity Engineering,Cryptography Specialist,Cybersecurity
Key Management Engineer,Cybersecurity Engineering,Cryptography Specialist,Cybersecurity
Key Management Service Engineer,Cybersecurity Engineering,Cryptography Specialist,Cybersecurity
Key Management Specialist,Cybersecurity Engineering,Cryptography Specialist,Cybersecurity
KMS Engineer,Cybersecurity Engineering,Cryptography Specialist,Cybersecurity
PKI Architect,Cybersecurity Engineering,Cryptography Specialist,Cybersecurity
PKI Engineer,Cybersecurity Engineering,Cryptography Specialist,Cybersecurity
PKI Specialist,Cybersecurity Engineering,Cryptography Specialist,Cybersecurity
Post-Quantum Cryptography Engineer,Cybersecurity Engineering,Cryptography Specialist,Cybersecurity
Public Key Infrastructure Engineer,Cybersecurity Engineering,Cryptography Specialist,Cybersecurity
Quantum-Safe Cryptography Specialist,Cybersecurity Engineering,Cryptography Specialist,Cybersecurity
Secrets Management Engineer,Cybersecurity Engineering,Cryptography Specialist,Cybersecurity
Secure Communications Cryptography Engineer,Cybersecurity Engineering,Cryptography Specialist,Cybersecurity
Secure Protocol Engineer,Cybersecurity Engineering,Cryptography Specialist,Cybersecurity
Security Protocol Engineer,Cybersecurity Engineering,Cryptography Specialist,Cybersecurity
TLS/SSL Security Engineer,Cybersecurity Engineering,Cryptography Specialist,Cybersecurity
Automotive Cybersecurity Engineer,Cybersecurity Engineering,Embedded and IoT Security Engineer,Cybersecurity
Automotive Cybersecurity Specialist,Cybersecurity Engineering,Embedded and IoT Security Engineer,Cybersecurity
Automotive Embedded Security Engineer,Cybersecurity Engineering,Embedded and IoT Security Engineer,Cybersecurity
Automotive Security Tester,Cybersecurity Engineering,Embedded and IoT Security Engineer,Cybersecurity
Connected Device Security Engineer,Cybersecurity Engineering,Embedded and IoT Security Engineer,Cybersecurity
Device Identity Security Engineer,Cybersecurity Engineering,Embedded and IoT Security Engineer,Cybersecurity
Device Security Engineer,Cybersecurity Engineering,Embedded and IoT Security Engineer,Cybersecurity
Edge Security Engineer,Cybersecurity Engineering,Embedded and IoT Security Engineer,Cybersecurity
Embedded and IoT Security Engineer,Cybersecurity Engineering,Embedded and IoT Security Engineer,Cybersecurity
Embedded Penetration Tester,Cybersecurity Engineering,Embedded and IoT Security Engineer,Cybersecurity
Embedded Security Architect,Cybersecurity Engineering,Embedded and IoT Security Engineer,Cybersecurity
Embedded Security Engineer,Cybersecurity Engineering; Computing Hardware Engineering; Specialized Software Development,Embedded and IoT Security Engineer; Security Engineer; Embedded System Designer; Embedded Software Developer,Cybersecurity; Computer Hardware; Software Engineering
Embedded Systems Security Engineer,Cybersecurity Engineering,Embedded and IoT Security Engineer,Cybersecurity
Firmware Security Analyst,Cybersecurity Engineering,Embedded and IoT Security Engineer,Cybersecurity
Firmware Security Engineer,Cybersecurity Engineering,Embedded and IoT Security Engineer,Cybersecurity
Firmware Security Specialist,Cybersecurity Engineering,Embedded and IoT Security Engineer,Cybersecurity
Firmware Vulnerability Engineer,Cybersecurity Engineering,Embedded and IoT Security Engineer,Cybersecurity
Hardware Root of Trust Engineer,Cybersecurity Engineering,Embedded and IoT Security Engineer,Cybersecurity
Hardware Security Engineer,Cybersecurity Engineering; Computing Hardware Engineering,Embedded and IoT Security Engineer; Computer Hardware Engineer; Security Engineer,Cybersecurity; Computer Hardware
ICS Security Engineer,Cybersecurity Engineering,Embedded and IoT Security Engineer,Cybersecurity
Industrial Control Systems Security Engineer,Cybersecurity Engineering,Embedded and IoT Security Engineer,Cybersecurity
Industrial IoT Security Engineer,Cybersecurity Engineering,Embedded and IoT Security Engineer,Cybersecurity
IoT Device Security Engineer,Cybersecurity Engineering,Embedded and IoT Security Engineer,Cybersecurity
IoT Security Architect,Cybersecurity Engineering,Embedded and IoT Security Engineer,Cybersecurity
IoT Security Engineer,Cybersecurity Engineering; Specialized Software Development,Embedded and IoT Security Engineer; Security Engineer; IoT Developer,Cybersecurity; Software Engineering
Medical Device Security Engineer,Cybersecurity Engineering,Embedded and IoT Security Engineer,Cybersecurity
OT IoT Security Engineer,Cybersecurity Engineering,Embedded and IoT Security Engineer,Cybersecurity
OT Security Engineer,Cybersecurity Engineering,Embedded and IoT Security Engineer,Cybersecurity
Product Device Security Engineer,Cybersecurity Engineering,Embedded and IoT Security Engineer,Cybersecurity
Robotics Security Engineer,Cybersecurity Engineering,Embedded and IoT Security Engineer,Cybersecurity
SCADA Security Engineer,Cybersecurity Engineering,Embedded and IoT Security Engineer,Cybersecurity
Secure Boot Engineer,Cybersecurity Engineering,Embedded and IoT Security Engineer,Cybersecurity
Secure Element Security Engineer,Cybersecurity Engineering,Embedded and IoT Security Engineer,Cybersecurity
Secure Firmware Engineer,Cybersecurity Engineering,Embedded and IoT Security Engineer,Cybersecurity
TEE Security Engineer,Cybersecurity Engineering,Embedded and IoT Security Engineer,Cybersecurity
Telematics Security Engineer,Cybersecurity Engineering,Embedded and IoT Security Engineer,Cybersecurity
Trusted Execution Environment Engineer,Cybersecurity Engineering,Embedded and IoT Security Engineer,Cybersecurity
ABAC Engineer,Cybersecurity Engineering,Identity and Access Management Specialist,Cybersecurity
Access Control Engineer,Cybersecurity Engineering,Identity and Access Management Specialist,Cybersecurity
Access Governance Specialist,Cybersecurity Engineering,Identity and Access Management Specialist,Cybersecurity
Access Management Engineer,Cybersecurity Engineering,Identity and Access Management Specialist,Cybersecurity
Access Provisioning Engineer,Cybersecurity Engineering,Identity and Access Management Specialist,Cybersecurity
Active Directory Engineer,Cybersecurity Engineering,Identity and Access Management Specialist,Cybersecurity
Attribute Based Access Control Engineer,Cybersecurity Engineering,Identity and Access Management Specialist,Cybersecurity
Authentication Engineer,Cybersecurity Engineering,Identity and Access Management Specialist,Cybersecurity
Authorization Engineer,Cybersecurity Engineering,Identity and Access Management Specialist,Cybersecurity
Azure AD Engineer,Cybersecurity Engineering,Identity and Access Management Specialist,Cybersecurity
BeyondTrust Engineer,Cybersecurity Engineering,Identity and Access Management Specialist,Cybersecurity
CyberArk Engineer,Cybersecurity Engineering,Identity and Access Management Specialist,Cybersecurity
Directory Identity Engineer,Cybersecurity Engineering,Identity and Access Management Specialist,Cybersecurity
Directory Services Engineer,Cybersecurity Engineering,Identity and Access Management Specialist,Cybersecurity
Entra ID Engineer,Cybersecurity Engineering,Identity and Access Management Specialist,Cybersecurity
Federation Engineer,Cybersecurity Engineering,Identity and Access Management Specialist,Cybersecurity
IAM Analyst,Cybersecurity Engineering,Identity and Access Management Specialist,Cybersecurity
IAM Architect,Cybersecurity Engineering,Identity and Access Management Specialist,Cybersecurity
IAM Consultant,Cybersecurity Engineering,Identity and Access Management Specialist,Cybersecurity
IAM Engineer,Cybersecurity Engineering,Identity and Access Management Specialist,Cybersecurity
IAM Specialist,Cybersecurity Engineering,Identity and Access Management Specialist,Cybersecurity
Identity Administration Specialist,Cybersecurity Engineering,Identity and Access Management Specialist,Cybersecurity
Identity and Access Engineer,Cybersecurity Engineering,Identity and Access Management Specialist,Cybersecurity
Identity and Access Management Specialist,Cybersecurity Engineering,Identity and Access Management Specialist,Cybersecurity
Identity Automation Engineer,Cybersecurity Engineering,Identity and Access Management Specialist,Cybersecurity
Identity Engineer,Cybersecurity Engineering; Cloud and Platform Engineering,Identity and Access Management Specialist; Cloud Engineer; Security Engineer,"Cybersecurity; Cloud, Platforms and IT Operations"
Identity Governance Analyst,Cybersecurity Engineering,Identity and Access Management Specialist,Cybersecurity
Identity Governance Engineer,"Cybersecurity Engineering; Cybersecurity Governance, Risk and Compliance",Identity and Access Management Specialist; Cybersecurity GRC Specialist,Cybersecurity
Identity Governance Specialist,Cybersecurity Engineering,Identity and Access Management Specialist,Cybersecurity
Identity Lifecycle Engineer,Cybersecurity Engineering,Identity and Access Management Specialist,Cybersecurity
Identity Security Engineer,Cybersecurity Engineering,Identity and Access Management Specialist,Cybersecurity
IGA Engineer,Cybersecurity Engineering,Identity and Access Management Specialist,Cybersecurity
JML Specialist,Cybersecurity Engineering,Identity and Access Management Specialist,Cybersecurity
Joiner Mover Leaver Specialist,Cybersecurity Engineering,Identity and Access Management Specialist,Cybersecurity
LDAP Engineer,Cybersecurity Engineering,Identity and Access Management Specialist,Cybersecurity
Okta Engineer,Cybersecurity Engineering,Identity and Access Management Specialist,Cybersecurity
PAM Engineer,Cybersecurity Engineering,Identity and Access Management Specialist,Cybersecurity
Ping Identity Engineer,Cybersecurity Engineering,Identity and Access Management Specialist,Cybersecurity
Privileged Access Engineer,Cybersecurity Engineering,Identity and Access Management Specialist,Cybersecurity
Privileged Access Management Engineer,Cybersecurity Engineering,Identity and Access Management Specialist,Cybersecurity
Privileged Identity Engineer,Cybersecurity Engineering,Identity and Access Management Specialist,Cybersecurity
RBAC Engineer,Cybersecurity Engineering,Identity and Access Management Specialist,Cybersecurity
Role Based Access Control Engineer,Cybersecurity Engineering,Identity and Access Management Specialist,Cybersecurity
SailPoint Engineer,Cybersecurity Engineering,Identity and Access Management Specialist,Cybersecurity
Single Sign-On Engineer,Cybersecurity Engineering,Identity and Access Management Specialist,Cybersecurity
SSO Engineer,Cybersecurity Engineering,Identity and Access Management Specialist,Cybersecurity
Check Point Engineer,Cybersecurity Engineering,Network Security Engineer,Cybersecurity
Cisco Security Engineer,Cybersecurity Engineering,Network Security Engineer,Cybersecurity
DDoS Security Engineer,Cybersecurity Engineering,Network Security Engineer,Cybersecurity
Firewall Administrator,Cybersecurity Engineering,Network Security Engineer,Cybersecurity
Firewall Engineer,Cybersecurity Engineering,Network Security Engineer,Cybersecurity
Firewall Security Engineer,Cybersecurity Engineering,Network Security Engineer,Cybersecurity
Fortinet Engineer,Cybersecurity Engineering,Network Security Engineer,Cybersecurity
ICS Network Security Engineer,Cybersecurity Engineering,Network Security Engineer,Cybersecurity
NAC Engineer,Cybersecurity Engineering,Network Security Engineer,Cybersecurity
Network Access Control Engineer,Cybersecurity Engineering,Network Security Engineer,Cybersecurity
Network Defense Engineer,Cybersecurity Engineering,Network Security Engineer,Cybersecurity
Network Detection Engineer,Cybersecurity Engineering,Network Security Engineer,Cybersecurity
Network Firewall Engineer,Cybersecurity Engineering,Network Security Engineer,Cybersecurity
Network Protection Engineer,Cybersecurity Engineering,Network Security Engineer,Cybersecurity
Network Security Analyst,Cybersecurity Engineering,Network Security Engineer,Cybersecurity
Network Security Architect,Cybersecurity Engineering; Computer Network Engineering,Network Security Engineer; Network Architect; Security Architect,Cybersecurity; Networks and Telecommunications
Network Security Automation Engineer,Cybersecurity Engineering,Network Security Engineer,Cybersecurity
Network Security Consultant,Cybersecurity Engineering,Network Security Engineer,Cybersecurity
Network Security Engineer,Cybersecurity Engineering; Computer Network Engineering,Network Security Engineer; Security Engineer; Network Engineer,Cybersecurity; Networks and Telecommunications
Network Security Integration Engineer,Cybersecurity Engineering,Network Security Engineer,Cybersecurity
Network Security Operations Engineer,Cybersecurity Engineering; Cybersecurity Operations,Network Security Engineer; Cybersecurity Analyst; Security Engineer,Cybersecurity
Network Security Specialist,Cybersecurity Engineering,Network Security Engineer,Cybersecurity
Network Segmentation Engineer,Cybersecurity Engineering,Network Security Engineer,Cybersecurity
Network Threat Prevention Engineer,Cybersecurity Engineering,Network Security Engineer,Cybersecurity
OT Network Security Engineer,Cybersecurity Engineering,Network Security Engineer,Cybersecurity
Palo Alto Networks Engineer,Cybersecurity Engineering,Network Security Engineer,Cybersecurity
Perimeter Security Engineer,Cybersecurity Engineering,Network Security Engineer,Cybersecurity
SASE Engineer,Cybersecurity Engineering,Network Security Engineer,Cybersecurity
SD-WAN Security Engineer,Cybersecurity Engineering,Network Security Engineer,Cybersecurity
Secure Access Service Edge Engineer,Cybersecurity Engineering,Network Security Engineer,Cybersecurity
Secure Connectivity Engineer,Cybersecurity Engineering,Network Security Engineer,Cybersecurity
Secure Gateway Engineer,Cybersecurity Engineering,Network Security Engineer,Cybersecurity
Secure Network Engineer,Cybersecurity Engineering,Network Security Engineer,Cybersecurity
Secure Network Infrastructure Engineer,Cybersecurity Engineering,Network Security Engineer,Cybersecurity
Secure Remote Access Engineer,Cybersecurity Engineering,Network Security Engineer,Cybersecurity
VPN Security Engineer,Cybersecurity Engineering,Network Security Engineer,Cybersecurity
WAF Engineer,Cybersecurity Engineering,Network Security Engineer,Cybersecurity
Zero Trust Network Engineer,Cybersecurity Engineering,Network Security Engineer,Cybersecurity
Zscaler Engineer,Cybersecurity Engineering,Network Security Engineer,Cybersecurity
Access Security Administrator,Cybersecurity Engineering,Security Administrator,Cybersecurity
Antivirus Administrator,Cybersecurity Engineering,Security Administrator,Cybersecurity
Cybersecurity Administrator,Cybersecurity Engineering,Security Administrator,Cybersecurity
DLP Administrator,Cybersecurity Engineering,Security Administrator,Cybersecurity
EDR Administrator,Cybersecurity Engineering,Security Administrator,Cybersecurity
Email Security Administrator,Cybersecurity Engineering,Security Administrator,Cybersecurity
Endpoint Protection Administrator,Cybersecurity Engineering,Security Administrator,Cybersecurity
Endpoint Security Administrator,Cybersecurity Engineering,Security Administrator,Cybersecurity
Information Security Administrator,Cybersecurity Engineering,Security Administrator,Cybersecurity
IT Security Administrator,Cybersecurity Engineering; Systems Administration and Operations,Security Administrator; Systems Administrator; Security Engineer,"Cybersecurity; Cloud, Platforms and IT Operations"
Privileged Access Administrator,Cybersecurity Engineering,Security Administrator; Identity and Access Management Specialist,Cybersecurity
Security Admin,Cybersecurity Engineering,Security Administrator,Cybersecurity
Security Administrator,Cybersecurity Engineering; Systems Administration and Operations,Security Administrator; Systems Administrator; Security Engineer,"Cybersecurity; Cloud, Platforms and IT Operations"
Security Appliance Administrator,Cybersecurity Engineering,Security Administrator,Cybersecurity
Security Automation Administrator,Cybersecurity Engineering,Security Administrator,Cybersecurity
Security Compliance Administrator,Cybersecurity Engineering,Security Administrator,Cybersecurity
Security Configuration Administrator,Cybersecurity Engineering,Security Administrator; Security Engineer,Cybersecurity
Security Configuration Specialist,Cybersecurity Engineering,Security Administrator,Cybersecurity
Security Console Administrator,Cybersecurity Engineering,Security Administrator,Cybersecurity
Security Controls Administrator,Cybersecurity Engineering,Security Administrator,Cybersecurity
Security Device Administrator,Cybersecurity Engineering,Security Administrator,Cybersecurity
Security Gateway Administrator,Cybersecurity Engineering,Security Administrator,Cybersecurity
Security Infrastructure Administrator,Cybersecurity Engineering,Security Administrator,Cybersecurity
Security Monitoring Administrator,Cybersecurity Engineering,Security Administrator,Cybersecurity
Security Operations Administrator,Cybersecurity Engineering; Cybersecurity Operations,Security Administrator; Cybersecurity Analyst,Cybersecurity
Security Operations Support Administrator,Cybersecurity Engineering,Security Administrator,Cybersecurity
Security Operations Technician,Cybersecurity Engineering,Security Administrator,Cybersecurity
Security Platform Administrator,Cybersecurity Engineering,Security Administrator; Security Engineer,Cybersecurity
Security Platform Support Engineer,Cybersecurity Engineering,Security Administrator,Cybersecurity
Security Policy Administrator,Cybersecurity Engineering,Security Administrator,Cybersecurity
Security Systems Administrator,Cybersecurity Engineering,Security Administrator,Cybersecurity
Security Tools Administrator,Cybersecurity Engineering; Systems Administration and Operations,Security Administrator; Systems Administrator; Security Engineer,"Cybersecurity; Cloud, Platforms and IT Operations"
SIEM Administrator,Cybersecurity Engineering; Cybersecurity Operations,Security Administrator; Cybersecurity Analyst,Cybersecurity
SOC Tools Administrator,Cybersecurity Engineering,Security Administrator,Cybersecurity
Threat Prevention Administrator,Cybersecurity Engineering,Security Administrator,Cybersecurity
Vulnerability Management Administrator,Cybersecurity Engineering,Security Administrator,Cybersecurity
Web Security Administrator,Cybersecurity Engineering,Security Administrator,Cybersecurity
Cloud Security Solutions Architect,Cybersecurity Engineering,Security Architect,Cybersecurity
Cybersecurity Architect,Cybersecurity Engineering; Enterprise and Systems Architecture,Security Architect; Systems Architect; Security Engineer,Cybersecurity; Architecture and Systems Analysis
Cybersecurity Solutions Architect,Cybersecurity Engineering,Security Architect,Cybersecurity
Data Security Architect,Cybersecurity Engineering; Data Engineering,Security Architect; Data Architect,"Cybersecurity; Data, Analytics and AI"
DevSecOps Architect,Cybersecurity Engineering,Security Architect,Cybersecurity
Endpoint Security Architect,Cybersecurity Engineering,Security Architect,Cybersecurity
Enterprise Security Architect,Cybersecurity Engineering; Enterprise and Systems Architecture,Security Architect; Enterprise Architect,Cybersecurity; Architecture and Systems Analysis
Identity Security Architect,Cybersecurity Engineering; Enterprise and Systems Architecture,Security Architect; Systems Architect; Identity and Access Management Specialist,Cybersecurity; Architecture and Systems Analysis
Information Security Architect,Cybersecurity Engineering,Security Architect,Cybersecurity
IT Security Architect,Cybersecurity Engineering,Security Architect,Cybersecurity
Network Defense Architect,Cybersecurity Engineering,Security Architect,Cybersecurity
OT Security Architect,Cybersecurity Engineering,Security Architect,Cybersecurity
Security Architect,Cybersecurity Engineering; Enterprise and Systems Architecture,Security Architect; Systems Architect; Security Engineer,Cybersecurity; Architecture and Systems Analysis
Security Architecture Consultant,"Cybersecurity Engineering; Cybersecurity Governance, Risk and Compliance",Security Architect; Cybersecurity Consultant,Cybersecurity
Security Architecture Engineer,Cybersecurity Engineering,Security Architect,Cybersecurity
Security Architecture Manager,Cybersecurity Engineering,Security Architect,Cybersecurity
Security Automation Architect,Cybersecurity Engineering,Security Architect,Cybersecurity
Security Controls Architect,Cybersecurity Engineering,Security Architect,Cybersecurity
Security Design Architect,Cybersecurity Engineering,Security Architect,Cybersecurity
Security Governance Architect,"Cybersecurity Engineering; Cybersecurity Governance, Risk and Compliance",Security Architect; Cybersecurity GRC Specialist,Cybersecurity
Security Infrastructure Architect,Cybersecurity Engineering,Security Architect,Cybersecurity
Security Platform Architect,Cybersecurity Engineering,Security Architect,Cybersecurity
Security Solutions Architect,Cybersecurity Engineering,Security Architect; Security Engineer,Cybersecurity
Security Standards Architect,Cybersecurity Engineering,Security Architect,Cybersecurity
Security Transformation Architect,Cybersecurity Engineering,Security Architect,Cybersecurity
SIEM Architect,Cybersecurity Engineering,Security Architect,Cybersecurity
SOC Architecture Engineer,Cybersecurity Engineering,Security Architect,Cybersecurity
Zero Trust Architect,Cybersecurity Engineering,Security Architect,Cybersecurity
Cyber Defense Engineer,Cybersecurity Engineering; Cybersecurity Operations; Computer Network Engineering,Security Engineer; Cybersecurity Analyst; Network Engineer,Cybersecurity; Networks and Telecommunications
Cybersecurity Engineer,Cybersecurity Engineering; Cybersecurity Operations; Computer Network Engineering,Security Engineer; Cybersecurity Analyst; Network Engineer,Cybersecurity; Networks and Telecommunications
Cybersecurity Specialist,Cybersecurity Engineering,Security Engineer,Cybersecurity
Data Security Engineer,"Cybersecurity Engineering; Cybersecurity Governance, Risk and Compliance; Data Engineering",Security Engineer; Data Protection and Privacy Specialist; Data Engineer,"Cybersecurity; Data, Analytics and AI"
Email Security Engineer,Cybersecurity Engineering,Security Engineer,Cybersecurity
Endpoint Detection Engineer,Cybersecurity Engineering; Cybersecurity Operations,Security Engineer; Cybersecurity Analyst,Cybersecurity
Endpoint Security Engineer,Cybersecurity Engineering,Security Engineer,Cybersecurity
Information Security Engineer,Cybersecurity Engineering; Cybersecurity Operations,Security Engineer; Cybersecurity Analyst,Cybersecurity
IT Security Engineer,Cybersecurity Engineering; Cybersecurity Operations,Security Engineer; Cybersecurity Analyst,Cybersecurity
Security Automation Engineer,Cybersecurity Engineering; Cloud and Platform Engineering; Cybersecurity Operations,Security Engineer; DevOps Engineer; Cybersecurity Analyst,"Cybersecurity; Cloud, Platforms and IT Operations"
Security Baseline Engineer,Cybersecurity Engineering,Security Engineer,Cybersecurity
Security Configuration Engineer,Cybersecurity Engineering,Security Engineer,Cybersecurity
Security Consultant,"Cybersecurity Engineering; Business and Systems Analysis; Cybersecurity Governance, Risk and Compliance",Security Engineer; IT Consultant; Cybersecurity Consultant,Cybersecurity; Architecture and Systems Analysis
Security Controls Engineer,"Cybersecurity Engineering; Cybersecurity Governance, Risk and Compliance",Security Engineer; Cybersecurity GRC Specialist,Cybersecurity
Security DevOps Engineer,Cybersecurity Engineering,Security Engineer,Cybersecurity
Security Enablement Engineer,Cybersecurity Engineering,Security Engineer,Cybersecurity
Security Engineer,Cybersecurity Engineering; Cloud and Platform Engineering; Cybersecurity Operations; Computer Network Engineering,Security Engineer; Cloud Engineer; Cybersecurity Analyst; Network Engineer,"Cybersecurity; Cloud, Platforms and IT Operations; Networks and Telecommunications"
Security Engineering Manager,Cybersecurity Engineering; Agile Product and Project Delivery,Security Engineer; Security Architect; IT Project Manager,Cybersecurity; Software Engineering
Security Hardening Engineer,Cybersecurity Engineering,Security Engineer,Cybersecurity
Security Implementation Engineer,Cybersecurity Engineering,Security Engineer,Cybersecurity
Security Infrastructure Engineer,Cybersecurity Engineering,Security Engineer,Cybersecurity
Security Integration Engineer,Cybersecurity Engineering; Enterprise and Systems Architecture; Software Development,Security Engineer; Systems Integration Engineer; Backend Developer,Cybersecurity; Architecture and Systems Analysis; Software Engineering
Security Monitoring Engineer,Cybersecurity Engineering; Cybersecurity Operations; Cloud and Platform Engineering,Security Engineer; Cybersecurity Analyst; Site Reliability Engineer,"Cybersecurity; Cloud, Platforms and IT Operations"
Security Operations Engineer,Cybersecurity Engineering; Cybersecurity Operations; User and Application Support,Security Engineer; Cybersecurity Analyst; IT Support Engineer,Cybersecurity; IT Support
Security Orchestration Engineer,Cybersecurity Engineering,Security Engineer,Cybersecurity
Security Platform Engineer,Cybersecurity Engineering; Cloud and Platform Engineering; Cybersecurity Operations,Security Engineer; Platform Engineer; Cybersecurity Analyst,"Cybersecurity; Cloud, Platforms and IT Operations"
Security Platform Specialist,Cybersecurity Engineering,Security Engineer,Cybersecurity
Security Reliability Engineer,Cybersecurity Engineering,Security Engineer,Cybersecurity
Security Solutions Engineer,Cybersecurity Engineering,Security Engineer,Cybersecurity
Security Systems Engineer,Cybersecurity Engineering; Enterprise and Systems Architecture; Cybersecurity Operations,Security Engineer; Computer Systems Engineer; Cybersecurity Analyst,Cybersecurity; Architecture and Systems Analysis
Security Technology Engineer,Cybersecurity Engineering,Security Engineer,Cybersecurity
Security Technology Specialist,Cybersecurity Engineering,Security Engineer,Cybersecurity
Security Tooling Engineer,Cybersecurity Engineering,Security Engineer,Cybersecurity
SIEM Engineer,Cybersecurity Engineering; Cybersecurity Operations,Security Engineer; Cybersecurity Analyst,Cybersecurity
SOAR Engineer,Cybersecurity Engineering,Security Engineer,Cybersecurity
Threat Detection Engineer,Cybersecurity Engineering; Cybersecurity Operations,Security Engineer; Cybersecurity Analyst; Cyber Threat Intelligence Analyst,Cybersecurity
Zero Trust Engineer,Cybersecurity Engineering,Security Engineer,Cybersecurity
Cyber Defense Consultant,"Cybersecurity Governance, Risk and Compliance",Cybersecurity Consultant,Cybersecurity
Cyber Resilience Consultant,"Cybersecurity Governance, Risk and Compliance",Cybersecurity Consultant,Cybersecurity
Cyber Security Consultant,"Cybersecurity Governance, Risk and Compliance",Cybersecurity Consultant,Cybersecurity
Cybersecurity Advisor,"Cybersecurity Governance, Risk and Compliance",Cybersecurity Consultant,Cybersecurity
Cybersecurity Advisory Consultant,"Cybersecurity Governance, Risk and Compliance",Cybersecurity Consultant,Cybersecurity
Cybersecurity Advisory Manager,"Cybersecurity Governance, Risk and Compliance",Cybersecurity Consultant,Cybersecurity
Cybersecurity Consultant,"Cybersecurity Governance, Risk and Compliance; Cybersecurity Engineering",Cybersecurity Consultant; Security Engineer; Cybersecurity GRC Specialist,Cybersecurity
Cybersecurity Consulting Manager,"Cybersecurity Governance, Risk and Compliance",Cybersecurity Consultant,Cybersecurity
Cybersecurity Strategy Consultant,"Cybersecurity Governance, Risk and Compliance",Cybersecurity Consultant,Cybersecurity
Cybersecurity Transformation Consultant,"Cybersecurity Governance, Risk and Compliance",Cybersecurity Consultant,Cybersecurity
Digital Risk Consultant,"Cybersecurity Governance, Risk and Compliance",Cybersecurity Consultant,Cybersecurity
Information Security Advisor,"Cybersecurity Governance, Risk and Compliance",Cybersecurity Consultant,Cybersecurity
Information Security Advisory Consultant,"Cybersecurity Governance, Risk and Compliance",Cybersecurity Consultant,Cybersecurity
Information Security Consultant,"Cybersecurity Governance, Risk and Compliance; Cybersecurity Engineering",Cybersecurity Consultant; Security Engineer; Cybersecurity GRC Specialist,Cybersecurity
IT Security Consultant,"Cybersecurity Governance, Risk and Compliance; Cybersecurity Engineering",Cybersecurity Consultant; Security Engineer; Cybersecurity GRC Specialist,Cybersecurity
Security Advisor,"Cybersecurity Governance, Risk and Compliance",Cybersecurity Consultant,Cybersecurity
Security Assessment Consultant,"Cybersecurity Governance, Risk and Compliance",Cybersecurity Consultant,Cybersecurity
Security Compliance Consultant,"Cybersecurity Governance, Risk and Compliance",Cybersecurity Consultant; IT Compliance Specialist; Cybersecurity GRC Specialist,Cybersecurity
Security Consulting Specialist,"Cybersecurity Governance, Risk and Compliance",Cybersecurity Consultant,Cybersecurity
Security Governance Consultant,"Cybersecurity Governance, Risk and Compliance",Cybersecurity Consultant,Cybersecurity
Security Maturity Consultant,"Cybersecurity Governance, Risk and Compliance",Cybersecurity Consultant,Cybersecurity
Security Posture Consultant,"Cybersecurity Governance, Risk and Compliance",Cybersecurity Consultant,Cybersecurity
Security Program Consultant,"Cybersecurity Governance, Risk and Compliance",Cybersecurity Consultant,Cybersecurity
Security Risk Consultant,"Cybersecurity Governance, Risk and Compliance",Cybersecurity Consultant,Cybersecurity
Security Services Consultant,"Cybersecurity Governance, Risk and Compliance",Cybersecurity Consultant,Cybersecurity
Security Solutions Consultant,"Cybersecurity Governance, Risk and Compliance",Cybersecurity Consultant,Cybersecurity
Security Strategy Consultant,"Cybersecurity Governance, Risk and Compliance",Cybersecurity Consultant,Cybersecurity
Security Transformation Consultant,"Cybersecurity Governance, Risk and Compliance",Cybersecurity Consultant,Cybersecurity
Technical Security Consultant,"Cybersecurity Governance, Risk and Compliance",Cybersecurity Consultant,Cybersecurity
Technology Risk Consultant,"Cybersecurity Governance, Risk and Compliance",Cybersecurity Consultant,Cybersecurity
vCISO Consultant,"Cybersecurity Governance, Risk and Compliance",Cybersecurity Consultant,Cybersecurity
Zero Trust Consultant,"Cybersecurity Governance, Risk and Compliance",Cybersecurity Consultant,Cybersecurity
Cyber Risk Manager,"Cybersecurity Governance, Risk and Compliance",Cybersecurity GRC Specialist,Cybersecurity
Cyber Risk Register Manager,"Cybersecurity Governance, Risk and Compliance",Cybersecurity GRC Specialist,Cybersecurity
Cyber Risk Specialist,"Cybersecurity Governance, Risk and Compliance",Cybersecurity GRC Specialist,Cybersecurity
Cybersecurity Controls Manager,"Cybersecurity Governance, Risk and Compliance",Cybersecurity GRC Specialist,Cybersecurity
Cybersecurity Controls Specialist,"Cybersecurity Governance, Risk and Compliance",Cybersecurity GRC Specialist,Cybersecurity
Cybersecurity Governance Risk and Compliance Specialist,"Cybersecurity Governance, Risk and Compliance",Cybersecurity GRC Specialist,Cybersecurity
Cybersecurity Governance Specialist,"Cybersecurity Governance, Risk and Compliance",Cybersecurity GRC Specialist,Cybersecurity
Cybersecurity GRC Analyst,"Cybersecurity Governance, Risk and Compliance",Cybersecurity GRC Specialist,Cybersecurity
Cybersecurity GRC Manager,"Cybersecurity Governance, Risk and Compliance",Cybersecurity GRC Specialist,Cybersecurity
Cybersecurity GRC Specialist,"Cybersecurity Governance, Risk and Compliance; Data Engineering",Cybersecurity GRC Specialist; Data Governance and Stewardship Specialist,"Cybersecurity; Data, Analytics and AI"
Cybersecurity Risk and Compliance Specialist,"Cybersecurity Governance, Risk and Compliance",Cybersecurity GRC Specialist,Cybersecurity
Cybersecurity Risk Specialist,"Cybersecurity Governance, Risk and Compliance",Cybersecurity GRC Specialist,Cybersecurity
Information Security Governance Analyst,"Cybersecurity Governance, Risk and Compliance",Cybersecurity GRC Specialist,Cybersecurity
Information Security GRC Manager,"Cybersecurity Governance, Risk and Compliance",Cybersecurity GRC Specialist,Cybersecurity
Information Security GRC Specialist,"Cybersecurity Governance, Risk and Compliance",Cybersecurity GRC Specialist; IT Compliance Specialist,Cybersecurity
Information Security Risk and Compliance Specialist,"Cybersecurity Governance, Risk and Compliance",Cybersecurity GRC Specialist,Cybersecurity
Information Security Risk Specialist,"Cybersecurity Governance, Risk and Compliance",Cybersecurity GRC Specialist,Cybersecurity
ISO 27001 GRC Specialist,"Cybersecurity Governance, Risk and Compliance",Cybersecurity GRC Specialist,Cybersecurity
IT Security GRC Specialist,"Cybersecurity Governance, Risk and Compliance",Cybersecurity GRC Specialist,Cybersecurity
NIST GRC Specialist,"Cybersecurity Governance, Risk and Compliance",Cybersecurity GRC Specialist,Cybersecurity
PCI DSS GRC Specialist,"Cybersecurity Governance, Risk and Compliance",Cybersecurity GRC Specialist,Cybersecurity
Security Assurance Manager,"Cybersecurity Governance, Risk and Compliance",Cybersecurity GRC Specialist,Cybersecurity
Security Assurance Specialist,"Cybersecurity Governance, Risk and Compliance",Cybersecurity GRC Specialist,Cybersecurity
Security Compliance Governance Specialist,"Cybersecurity Governance, Risk and Compliance",Cybersecurity GRC Specialist,Cybersecurity
Security Control Owner,"Cybersecurity Governance, Risk and Compliance",Cybersecurity GRC Specialist,Cybersecurity
Security Controls Specialist,"Cybersecurity Governance, Risk and Compliance",Cybersecurity GRC Specialist,Cybersecurity
Security Exception Manager,"Cybersecurity Governance, Risk and Compliance",Cybersecurity GRC Specialist,Cybersecurity
Security Framework Specialist,"Cybersecurity Governance, Risk and Compliance",Cybersecurity GRC Specialist,Cybersecurity
Security Governance Manager,"Cybersecurity Governance, Risk and Compliance",Cybersecurity GRC Specialist,Cybersecurity
Security Governance Risk and Compliance Analyst,"Cybersecurity Governance, Risk and Compliance",Cybersecurity GRC Specialist,Cybersecurity
Security Governance Specialist,"Cybersecurity Governance, Risk and Compliance",Cybersecurity GRC Specialist,Cybersecurity
Security GRC Specialist,"Cybersecurity Governance, Risk and Compliance",Cybersecurity GRC Specialist,Cybersecurity
Security Policy Specialist,"Cybersecurity Governance, Risk and Compliance",Cybersecurity GRC Specialist,Cybersecurity
Security Risk Analyst,"Cybersecurity Governance, Risk and Compliance",Cybersecurity GRC Specialist,Cybersecurity
Security Risk Treatment Specialist,"Cybersecurity Governance, Risk and Compliance",Cybersecurity GRC Specialist,Cybersecurity
Security Standards Specialist,"Cybersecurity Governance, Risk and Compliance",Cybersecurity GRC Specialist,Cybersecurity
SOC 2 GRC Specialist,"Cybersecurity Governance, Risk and Compliance",Cybersecurity GRC Specialist,Cybersecurity
Technology Risk Analyst,"Cybersecurity Governance, Risk and Compliance",Cybersecurity GRC Specialist,Cybersecurity
Technology Risk Manager,"Cybersecurity Governance, Risk and Compliance",Cybersecurity GRC Specialist,Cybersecurity
Third-Party Cyber Risk Specialist,"Cybersecurity Governance, Risk and Compliance",Cybersecurity GRC Specialist,Cybersecurity
Vendor Security Risk Specialist,"Cybersecurity Governance, Risk and Compliance",Cybersecurity GRC Specialist,Cybersecurity
Consent Management Specialist,"Cybersecurity Governance, Risk and Compliance",Data Protection and Privacy Specialist,Cybersecurity
Cookie Compliance Specialist,"Cybersecurity Governance, Risk and Compliance",Data Protection and Privacy Specialist,Cybersecurity
Cross-Border Data Transfer Specialist,"Cybersecurity Governance, Risk and Compliance",Data Protection and Privacy Specialist,Cybersecurity
Data Classification Specialist,"Cybersecurity Governance, Risk and Compliance",Data Protection and Privacy Specialist,Cybersecurity
Data Privacy Analyst,"Cybersecurity Governance, Risk and Compliance",Data Protection and Privacy Specialist,Cybersecurity
Data Privacy Consultant,"Cybersecurity Governance, Risk and Compliance",Data Protection and Privacy Specialist,Cybersecurity
Data Privacy Specialist,"Cybersecurity Governance, Risk and Compliance",Data Protection and Privacy Specialist,Cybersecurity
Data Protection Analyst,"Cybersecurity Governance, Risk and Compliance",Data Protection and Privacy Specialist,Cybersecurity
Data Protection and Privacy Specialist,"Cybersecurity Governance, Risk and Compliance",Data Protection and Privacy Specialist,Cybersecurity
Data Protection Consultant,"Cybersecurity Governance, Risk and Compliance",Data Protection and Privacy Specialist,Cybersecurity
Data Protection Impact Assessment Specialist,"Cybersecurity Governance, Risk and Compliance",Data Protection and Privacy Specialist,Cybersecurity
Data Protection Manager,"Cybersecurity Governance, Risk and Compliance",Data Protection and Privacy Specialist,Cybersecurity
Data Protection Officer,"Cybersecurity Governance, Risk and Compliance; Data Engineering",Data Protection and Privacy Specialist; IT Compliance Specialist; Data Governance and Stewardship Specialist,"Cybersecurity; Data, Analytics and AI"
Data Protection Specialist,"Cybersecurity Governance, Risk and Compliance",Data Protection and Privacy Specialist,Cybersecurity
Data Retention Specialist,"Cybersecurity Governance, Risk and Compliance",Data Protection and Privacy Specialist,Cybersecurity
Data Subject Rights Specialist,"Cybersecurity Governance, Risk and Compliance",Data Protection and Privacy Specialist,Cybersecurity
DPIA Specialist,"Cybersecurity Governance, Risk and Compliance",Data Protection and Privacy Specialist,Cybersecurity
DPO,"Cybersecurity Governance, Risk and Compliance",Data Protection and Privacy Specialist,Cybersecurity
DSAR Specialist,"Cybersecurity Governance, Risk and Compliance",Data Protection and Privacy Specialist,Cybersecurity
GDPR Consultant,"Cybersecurity Governance, Risk and Compliance",Data Protection and Privacy Specialist,Cybersecurity
GDPR Specialist,"Cybersecurity Governance, Risk and Compliance",Data Protection and Privacy Specialist,Cybersecurity
Information Privacy Specialist,"Cybersecurity Governance, Risk and Compliance",Data Protection and Privacy Specialist,Cybersecurity
PIA Specialist,"Cybersecurity Governance, Risk and Compliance",Data Protection and Privacy Specialist,Cybersecurity
Privacy Analyst,"Cybersecurity Governance, Risk and Compliance",Data Protection and Privacy Specialist,Cybersecurity
Privacy Architecture Specialist,"Cybersecurity Governance, Risk and Compliance",Data Protection and Privacy Specialist,Cybersecurity
Privacy Assessment Specialist,"Cybersecurity Governance, Risk and Compliance",Data Protection and Privacy Specialist,Cybersecurity
Privacy Assurance Specialist,"Cybersecurity Governance, Risk and Compliance",Data Protection and Privacy Specialist,Cybersecurity
Privacy by Design Specialist,"Cybersecurity Governance, Risk and Compliance",Data Protection and Privacy Specialist,Cybersecurity
Privacy Compliance Manager,"Cybersecurity Governance, Risk and Compliance",Data Protection and Privacy Specialist,Cybersecurity
Privacy Compliance Specialist,"Cybersecurity Governance, Risk and Compliance",Data Protection and Privacy Specialist,Cybersecurity
Privacy Controls Specialist,"Cybersecurity Governance, Risk and Compliance",Data Protection and Privacy Specialist,Cybersecurity
Privacy Engineer,"Cybersecurity Governance, Risk and Compliance; Cybersecurity Engineering; Data Engineering",Data Protection and Privacy Specialist; Security Engineer; Data Engineer,"Cybersecurity; Data, Analytics and AI"
Privacy Governance Manager,"Cybersecurity Governance, Risk and Compliance",Data Protection and Privacy Specialist,Cybersecurity
Privacy Governance Specialist,"Cybersecurity Governance, Risk and Compliance",Data Protection and Privacy Specialist,Cybersecurity
Privacy Impact Assessment Specialist,"Cybersecurity Governance, Risk and Compliance",Data Protection and Privacy Specialist,Cybersecurity
Privacy Manager,"Cybersecurity Governance, Risk and Compliance",Data Protection and Privacy Specialist,Cybersecurity
Privacy Officer,"Cybersecurity Governance, Risk and Compliance",Data Protection and Privacy Specialist,Cybersecurity
Privacy Operations Manager,"Cybersecurity Governance, Risk and Compliance",Data Protection and Privacy Specialist,Cybersecurity
Privacy Operations Specialist,"Cybersecurity Governance, Risk and Compliance",Data Protection and Privacy Specialist,Cybersecurity
Privacy Program Manager,"Cybersecurity Governance, Risk and Compliance",Data Protection and Privacy Specialist,Cybersecurity
Privacy Program Specialist,"Cybersecurity Governance, Risk and Compliance",Data Protection and Privacy Specialist,Cybersecurity
Privacy Risk Manager,"Cybersecurity Governance, Risk and Compliance",Data Protection and Privacy Specialist,Cybersecurity
Privacy Risk Specialist,"Cybersecurity Governance, Risk and Compliance",Data Protection and Privacy Specialist,Cybersecurity
Privacy Specialist,"Cybersecurity Governance, Risk and Compliance",Data Protection and Privacy Specialist,Cybersecurity
Privacy Technology Specialist,"Cybersecurity Governance, Risk and Compliance; Cybersecurity Engineering; Data Engineering",Data Protection and Privacy Specialist; Security Engineer; Data Governance and Stewardship Specialist,"Cybersecurity; Data, Analytics and AI"
Access Controls Auditor,"Cybersecurity Governance, Risk and Compliance",IT Auditor,Cybersecurity
Application Auditor,"Cybersecurity Governance, Risk and Compliance",IT Auditor,Cybersecurity
Application Controls Auditor,"Cybersecurity Governance, Risk and Compliance",IT Auditor,Cybersecurity
Audit Readiness Specialist,"Cybersecurity Governance, Risk and Compliance",IT Auditor,Cybersecurity
Change Management Auditor,"Cybersecurity Governance, Risk and Compliance",IT Auditor,Cybersecurity
Cloud Auditor,"Cybersecurity Governance, Risk and Compliance",IT Auditor,Cybersecurity
Cloud Security Auditor,"Cybersecurity Governance, Risk and Compliance",IT Auditor,Cybersecurity
Computer Systems Auditor,"Cybersecurity Governance, Risk and Compliance",IT Auditor,Cybersecurity
Cyber Assurance Specialist,"Cybersecurity Governance, Risk and Compliance",IT Auditor,Cybersecurity
Cyber Security Auditor,"Cybersecurity Governance, Risk and Compliance",IT Auditor,Cybersecurity
Cybersecurity Audit Manager,"Cybersecurity Governance, Risk and Compliance",IT Auditor,Cybersecurity
Cybersecurity Auditor,"Cybersecurity Governance, Risk and Compliance",IT Auditor,Cybersecurity
Data Security Auditor,"Cybersecurity Governance, Risk and Compliance",IT Auditor,Cybersecurity
General IT Controls Auditor,"Cybersecurity Governance, Risk and Compliance",IT Auditor,Cybersecurity
GITC Auditor,"Cybersecurity Governance, Risk and Compliance",IT Auditor,Cybersecurity
IAM Auditor,"Cybersecurity Governance, Risk and Compliance; Cybersecurity Engineering",IT Auditor; Identity and Access Management Specialist,Cybersecurity
ICT Auditor,"Cybersecurity Governance, Risk and Compliance",IT Auditor,Cybersecurity
Information Security Auditor,"Cybersecurity Governance, Risk and Compliance",IT Auditor; IT Compliance Specialist,Cybersecurity
Information Systems Audit Manager,"Cybersecurity Governance, Risk and Compliance",IT Auditor,Cybersecurity
Information Systems Auditor,"Cybersecurity Governance, Risk and Compliance",IT Auditor,Cybersecurity
Information Technology Auditor,"Cybersecurity Governance, Risk and Compliance",IT Auditor,Cybersecurity
Infrastructure Auditor,"Cybersecurity Governance, Risk and Compliance",IT Auditor,Cybersecurity
IS Auditor,"Cybersecurity Governance, Risk and Compliance",IT Auditor,Cybersecurity
ISO 27001 Auditor,"Cybersecurity Governance, Risk and Compliance",IT Auditor,Cybersecurity
IT Assurance Auditor,"Cybersecurity Governance, Risk and Compliance",IT Auditor,Cybersecurity
IT Assurance Manager,"Cybersecurity Governance, Risk and Compliance",IT Auditor,Cybersecurity
IT Audit Manager,"Cybersecurity Governance, Risk and Compliance",IT Auditor,Cybersecurity
IT Audit Specialist,"Cybersecurity Governance, Risk and Compliance",IT Auditor,Cybersecurity
IT Auditor,"Cybersecurity Governance, Risk and Compliance",IT Auditor; Cybersecurity GRC Specialist; IT Compliance Specialist,Cybersecurity
IT Compliance Auditor,"Cybersecurity Governance, Risk and Compliance",IT Auditor,Cybersecurity
IT Controls Assurance Specialist,"Cybersecurity Governance, Risk and Compliance",IT Auditor,Cybersecurity
IT Controls Auditor,"Cybersecurity Governance, Risk and Compliance",IT Auditor,Cybersecurity
IT External Auditor,"Cybersecurity Governance, Risk and Compliance",IT Auditor,Cybersecurity
IT Internal Auditor,"Cybersecurity Governance, Risk and Compliance",IT Auditor,Cybersecurity
IT Risk and Audit Specialist,"Cybersecurity Governance, Risk and Compliance",IT Auditor,Cybersecurity
IT Security Auditor,"Cybersecurity Governance, Risk and Compliance",IT Auditor,Cybersecurity
ITGC Auditor,"Cybersecurity Governance, Risk and Compliance",IT Auditor,Cybersecurity
Network Security Auditor,"Cybersecurity Governance, Risk and Compliance",IT Auditor,Cybersecurity
PCI DSS Auditor,"Cybersecurity Governance, Risk and Compliance",IT Auditor,Cybersecurity
Security Controls Auditor,"Cybersecurity Governance, Risk and Compliance",IT Auditor; Cybersecurity GRC Specialist; IT Compliance Specialist,Cybersecurity
SOC 2 Auditor,"Cybersecurity Governance, Risk and Compliance",IT Auditor,Cybersecurity
Software Auditor,"Cybersecurity Governance, Risk and Compliance",IT Auditor,Cybersecurity
SOX IT Auditor,"Cybersecurity Governance, Risk and Compliance",IT Auditor,Cybersecurity
Systems Auditor,"Cybersecurity Governance, Risk and Compliance",IT Auditor,Cybersecurity
Technology Audit Manager,"Cybersecurity Governance, Risk and Compliance",IT Auditor,Cybersecurity
Technology Auditor,"Cybersecurity Governance, Risk and Compliance",IT Auditor,Cybersecurity
Technology Risk Auditor,"Cybersecurity Governance, Risk and Compliance",IT Auditor,Cybersecurity
Third-Party IT Auditor,"Cybersecurity Governance, Risk and Compliance",IT Auditor,Cybersecurity
Vendor IT Auditor,"Cybersecurity Governance, Risk and Compliance",IT Auditor,Cybersecurity
Audit Compliance Specialist,"Cybersecurity Governance, Risk and Compliance",IT Compliance Specialist,Cybersecurity
Cloud Compliance Specialist,"Cybersecurity Governance, Risk and Compliance",IT Compliance Specialist,Cybersecurity
Compliance Assurance Specialist,"Cybersecurity Governance, Risk and Compliance",IT Compliance Specialist,Cybersecurity
Compliance Evidence Specialist,"Cybersecurity Governance, Risk and Compliance",IT Compliance Specialist,Cybersecurity
Compliance Reporting Specialist,"Cybersecurity Governance, Risk and Compliance",IT Compliance Specialist,Cybersecurity
Control Compliance Analyst,"Cybersecurity Governance, Risk and Compliance",IT Compliance Specialist,Cybersecurity
Cyber Security Compliance Specialist,"Cybersecurity Governance, Risk and Compliance",IT Compliance Specialist,Cybersecurity
Cybersecurity Compliance Analyst,"Cybersecurity Governance, Risk and Compliance",IT Compliance Specialist,Cybersecurity
Cybersecurity Compliance Manager,"Cybersecurity Governance, Risk and Compliance",IT Compliance Specialist,Cybersecurity
Cybersecurity Compliance Specialist,"Cybersecurity Governance, Risk and Compliance",IT Compliance Specialist,Cybersecurity
DORA Compliance Specialist,"Cybersecurity Governance, Risk and Compliance",IT Compliance Specialist,Cybersecurity
HIPAA Security Compliance Specialist,"Cybersecurity Governance, Risk and Compliance",IT Compliance Specialist,Cybersecurity
Information Security Compliance Analyst,"Cybersecurity Governance, Risk and Compliance",IT Compliance Specialist,Cybersecurity
Information Security Compliance Manager,"Cybersecurity Governance, Risk and Compliance",IT Compliance Specialist,Cybersecurity
Information Security Compliance Specialist,"Cybersecurity Governance, Risk and Compliance",IT Compliance Specialist,Cybersecurity
Information Technology Compliance Specialist,"Cybersecurity Governance, Risk and Compliance",IT Compliance Specialist,Cybersecurity
ISO 27001 Compliance Specialist,"Cybersecurity Governance, Risk and Compliance",IT Compliance Specialist,Cybersecurity
IT Certification Compliance Specialist,"Cybersecurity Governance, Risk and Compliance",IT Compliance Specialist,Cybersecurity
IT Compliance Analyst,"Cybersecurity Governance, Risk and Compliance",IT Compliance Specialist,Cybersecurity
IT Compliance Coordinator,"Cybersecurity Governance, Risk and Compliance",IT Compliance Specialist,Cybersecurity
IT Compliance Manager,"Cybersecurity Governance, Risk and Compliance",IT Compliance Specialist,Cybersecurity
IT Compliance Specialist,"Cybersecurity Governance, Risk and Compliance",IT Compliance Specialist,Cybersecurity
IT Controls Compliance Specialist,"Cybersecurity Governance, Risk and Compliance",IT Compliance Specialist,Cybersecurity
IT Governance Compliance Specialist,"Cybersecurity Governance, Risk and Compliance",IT Compliance Specialist,Cybersecurity
IT Policy Compliance Specialist,"Cybersecurity Governance, Risk and Compliance",IT Compliance Specialist,Cybersecurity
IT Regulatory Affairs Specialist,"Cybersecurity Governance, Risk and Compliance",IT Compliance Specialist,Cybersecurity
IT Regulatory Compliance Specialist,"Cybersecurity Governance, Risk and Compliance",IT Compliance Specialist,Cybersecurity
IT Security Compliance Specialist,"Cybersecurity Governance, Risk and Compliance",IT Compliance Specialist,Cybersecurity
IT Standards Compliance Specialist,"Cybersecurity Governance, Risk and Compliance",IT Compliance Specialist,Cybersecurity
NIS2 Compliance Specialist,"Cybersecurity Governance, Risk and Compliance",IT Compliance Specialist,Cybersecurity
PCI DSS Compliance Specialist,"Cybersecurity Governance, Risk and Compliance",IT Compliance Specialist,Cybersecurity
Security Certification Specialist,"Cybersecurity Governance, Risk and Compliance",IT Compliance Specialist,Cybersecurity
Security Controls Compliance Specialist,"Cybersecurity Governance, Risk and Compliance",IT Compliance Specialist,Cybersecurity
Security Policy Compliance Manager,"Cybersecurity Governance, Risk and Compliance",IT Compliance Specialist,Cybersecurity
Security Regulatory Compliance Specialist,"Cybersecurity Governance, Risk and Compliance",IT Compliance Specialist,Cybersecurity
SOC 2 Compliance Specialist,"Cybersecurity Governance, Risk and Compliance",IT Compliance Specialist,Cybersecurity
SOX IT Compliance Specialist,"Cybersecurity Governance, Risk and Compliance",IT Compliance Specialist,Cybersecurity
Technology Compliance Manager,"Cybersecurity Governance, Risk and Compliance",IT Compliance Specialist,Cybersecurity
Technology Compliance Specialist,"Cybersecurity Governance, Risk and Compliance",IT Compliance Specialist,Cybersecurity
Technology Risk and Compliance Specialist,"Cybersecurity Governance, Risk and Compliance",IT Compliance Specialist,Cybersecurity
Third-Party Compliance Specialist,"Cybersecurity Governance, Risk and Compliance",IT Compliance Specialist,Cybersecurity
Vendor Security Compliance Specialist,"Cybersecurity Governance, Risk and Compliance",IT Compliance Specialist,Cybersecurity
Breach Response Specialist,Cybersecurity Operations,Cyber Incident Responder,Cybersecurity
CERT Analyst,Cybersecurity Operations,Cyber Incident Responder,Cybersecurity
CERT Engineer,Cybersecurity Operations,Cyber Incident Responder,Cybersecurity
Cloud Incident Responder,Cybersecurity Operations; Cybersecurity Engineering,Cyber Incident Responder; Cloud Security Engineer,Cybersecurity
Computer Security Incident Responder,Cybersecurity Operations,Cyber Incident Responder,Cybersecurity
CSIRT Analyst,Cybersecurity Operations,Cyber Incident Responder,Cybersecurity
CSIRT Engineer,Cybersecurity Operations,Cyber Incident Responder,Cybersecurity
Cyber Crisis Manager,Cybersecurity Operations,Cyber Incident Responder,Cybersecurity
Cyber Crisis Responder,Cybersecurity Operations,Cyber Incident Responder,Cybersecurity
Cyber Crisis Response Specialist,Cybersecurity Operations,Cyber Incident Responder,Cybersecurity
Cyber Defense Incident Responder,Cybersecurity Operations,Cyber Incident Responder,Cybersecurity
Cyber Emergency Response Specialist,Cybersecurity Operations,Cyber Incident Responder,Cybersecurity
Cyber Incident Responder,Cybersecurity Operations; User and Application Support,Cyber Incident Responder; Cybersecurity Analyst; IT Support Engineer,Cybersecurity; IT Support
Cyber Incident Response Analyst,Cybersecurity Operations,Cyber Incident Responder,Cybersecurity
Cyber Incident Response Engineer,Cybersecurity Operations,Cyber Incident Responder,Cybersecurity
Cyber Response Specialist,Cybersecurity Operations,Cyber Incident Responder,Cybersecurity
Cyber Security Incident Responder,Cybersecurity Operations,Cyber Incident Responder,Cybersecurity
Cybersecurity Incident Responder,Cybersecurity Operations,Cyber Incident Responder,Cybersecurity
Digital Forensic Incident Responder,Cybersecurity Operations,Cyber Incident Responder,Cybersecurity
Digital Incident Responder,Cybersecurity Operations,Cyber Incident Responder,Cybersecurity
Endpoint Incident Responder,Cybersecurity Operations,Cyber Incident Responder,Cybersecurity
Incident Handling Analyst,Cybersecurity Operations,Cyber Incident Responder,Cybersecurity
Incident Handling Engineer,Cybersecurity Operations,Cyber Incident Responder,Cybersecurity
Incident Handling Specialist,Cybersecurity Operations,Cyber Incident Responder,Cybersecurity
Incident Response Analyst,Cybersecurity Operations,Cyber Incident Responder,Cybersecurity
Incident Response Engineer,Cybersecurity Operations,Cyber Incident Responder,Cybersecurity
Incident Response Manager,Cybersecurity Operations,Cyber Incident Responder,Cybersecurity
Information Security Incident Responder,Cybersecurity Operations,Cyber Incident Responder; Cybersecurity Analyst,Cybersecurity
Major Security Incident Manager,Cybersecurity Operations,Cyber Incident Responder,Cybersecurity
Malware Incident Responder,Cybersecurity Operations,Cyber Incident Responder,Cybersecurity
Network Incident Responder,Cybersecurity Operations; Cybersecurity Engineering,Cyber Incident Responder; Network Security Engineer; Cybersecurity Analyst,Cybersecurity
Ransomware Response Specialist,Cybersecurity Operations,Cyber Incident Responder,Cybersecurity
Security Breach Responder,Cybersecurity Operations,Cyber Incident Responder,Cybersecurity
Security Incident Manager,Cybersecurity Operations,Cyber Incident Responder; Cybersecurity Analyst,Cybersecurity
Security Incident Responder,Cybersecurity Operations,Cyber Incident Responder,Cybersecurity
Security Incident Response Analyst,Cybersecurity Operations,Cyber Incident Responder,Cybersecurity
Security Incident Response Engineer,Cybersecurity Operations,Cyber Incident Responder,Cybersecurity
Security Triage Analyst,Cybersecurity Operations,Cyber Incident Responder,Cybersecurity
SOC Incident Responder,Cybersecurity Operations,Cyber Incident Responder; Cybersecurity Analyst,Cybersecurity
Adversary Emulation Intelligence Analyst,Cybersecurity Operations,Cyber Threat Intelligence Analyst,Cybersecurity
Adversary Intelligence Analyst,Cybersecurity Operations,Cyber Threat Intelligence Analyst,Cybersecurity
Adversary Tactics Analyst,Cybersecurity Operations,Cyber Threat Intelligence Analyst,Cybersecurity
Brand Threat Intelligence Analyst,Cybersecurity Operations,Cyber Threat Intelligence Analyst,Cybersecurity
CTI Analyst,Cybersecurity Operations,Cyber Threat Intelligence Analyst,Cybersecurity
Cyber Intelligence Analyst,Cybersecurity Operations,Cyber Threat Intelligence Analyst,Cybersecurity
Cyber Intelligence Manager,Cybersecurity Operations,Cyber Threat Intelligence Analyst,Cybersecurity
Cyber Intelligence Researcher,Cybersecurity Operations,Cyber Threat Intelligence Analyst,Cybersecurity
Cyber Intelligence Specialist,Cybersecurity Operations,Cyber Threat Intelligence Analyst,Cybersecurity
Cyber Threat Hunter,Cybersecurity Operations,Cyber Threat Intelligence Analyst,Cybersecurity
Cyber Threat Intelligence Analyst,Cybersecurity Operations,Cyber Threat Intelligence Analyst,Cybersecurity
Cyber Threat Intelligence Specialist,Cybersecurity Operations,Cyber Threat Intelligence Analyst,Cybersecurity
Cyber Threat Researcher,Cybersecurity Operations,Cyber Threat Intelligence Analyst,Cybersecurity
Dark Web Intelligence Analyst,Cybersecurity Operations,Cyber Threat Intelligence Analyst,Cybersecurity
Digital Risk Intelligence Analyst,Cybersecurity Operations,Cyber Threat Intelligence Analyst,Cybersecurity
Geopolitical Cyber Threat Analyst,Cybersecurity Operations,Cyber Threat Intelligence Analyst,Cybersecurity
Indicator Intelligence Analyst,Cybersecurity Operations,Cyber Threat Intelligence Analyst,Cybersecurity
Intelligence Fusion Analyst,Cybersecurity Operations,Cyber Threat Intelligence Analyst,Cybersecurity
IOC Analyst,Cybersecurity Operations,Cyber Threat Intelligence Analyst,Cybersecurity
Malware Intelligence Analyst,Cybersecurity Operations,Cyber Threat Intelligence Analyst,Cybersecurity
Malware Threat Analyst,Cybersecurity Operations,Cyber Threat Intelligence Analyst,Cybersecurity
MITRE ATT&CK Analyst,Cybersecurity Operations,Cyber Threat Intelligence Analyst,Cybersecurity
Operational Threat Intelligence Analyst,Cybersecurity Operations,Cyber Threat Intelligence Analyst,Cybersecurity
Strategic Threat Intelligence Analyst,Cybersecurity Operations,Cyber Threat Intelligence Analyst,Cybersecurity
Tactical Threat Intelligence Analyst,Cybersecurity Operations,Cyber Threat Intelligence Analyst,Cybersecurity
Threat Actor Analyst,Cybersecurity Operations,Cyber Threat Intelligence Analyst,Cybersecurity
Threat Analyst,Cybersecurity Operations,Cyber Threat Intelligence Analyst,Cybersecurity
Threat Feed Analyst,Cybersecurity Operations,Cyber Threat Intelligence Analyst,Cybersecurity
Threat Hunter,Cybersecurity Operations,Cyber Threat Intelligence Analyst,Cybersecurity
Threat Hunting Analyst,Cybersecurity Operations,Cyber Threat Intelligence Analyst; Cybersecurity Analyst,Cybersecurity
Threat Hunting Engineer,Cybersecurity Operations,Cyber Threat Intelligence Analyst,Cybersecurity
Threat Hunting Specialist,Cybersecurity Operations,Cyber Threat Intelligence Analyst,Cybersecurity
Threat Intelligence Analyst,Cybersecurity Operations,Cyber Threat Intelligence Analyst,Cybersecurity
Threat Intelligence Engineer,Cybersecurity Operations,Cyber Threat Intelligence Analyst,Cybersecurity
Threat Intelligence Manager,Cybersecurity Operations,Cyber Threat Intelligence Analyst,Cybersecurity
Threat Intelligence Specialist,Cybersecurity Operations,Cyber Threat Intelligence Analyst,Cybersecurity
Threat Landscape Analyst,Cybersecurity Operations,Cyber Threat Intelligence Analyst,Cybersecurity
Threat Research Analyst,Cybersecurity Operations,Cyber Threat Intelligence Analyst,Cybersecurity
Vulnerability Intelligence Analyst,Cybersecurity Operations,Cyber Threat Intelligence Analyst,Cybersecurity
Blue Team Analyst,Cybersecurity Operations,Cybersecurity Analyst,Cybersecurity
Cloud SOC Analyst,Cybersecurity Operations,Cybersecurity Analyst,Cybersecurity
Cyber Defense Analyst,Cybersecurity Operations,Cybersecurity Analyst,Cybersecurity
Cyber Security Analyst,Cybersecurity Operations,Cybersecurity Analyst,Cybersecurity
Cyber Security Operations Analyst,Cybersecurity Operations,Cybersecurity Analyst,Cybersecurity
Cybersecurity Analyst,Cybersecurity Operations; Data Analysis and Business Intelligence,Cybersecurity Analyst; Cyber Threat Intelligence Analyst; Data Analyst,"Cybersecurity; Data, Analytics and AI"
Cybersecurity Operations Analyst,Cybersecurity Operations,Cybersecurity Analyst,Cybersecurity
Defensive Security Analyst,Cybersecurity Operations,Cybersecurity Analyst,Cybersecurity
Detection Content Analyst,Cybersecurity Operations,Cybersecurity Analyst,Cybersecurity
Detection Engineer,Cybersecurity Operations,Cybersecurity Analyst,Cybersecurity
EDR Analyst,Cybersecurity Operations,Cybersecurity Analyst,Cybersecurity
Endpoint Detection Analyst,Cybersecurity Operations,Cybersecurity Analyst,Cybersecurity
Endpoint Security Analyst,Cybersecurity Operations,Cybersecurity Analyst,Cybersecurity
Information Security Analyst,Cybersecurity Operations,Cybersecurity Analyst,Cybersecurity
Information Security Operations Analyst,Cybersecurity Operations,Cybersecurity Analyst,Cybersecurity
IT Security Analyst,Cybersecurity Operations,Cybersecurity Analyst,Cybersecurity
Log Analysis Specialist,Cybersecurity Operations,Cybersecurity Analyst,Cybersecurity
Managed Security Services Analyst,Cybersecurity Operations,Cybersecurity Analyst,Cybersecurity
MSSP Security Analyst,Cybersecurity Operations,Cybersecurity Analyst,Cybersecurity
Security Alert Analyst,Cybersecurity Operations,Cybersecurity Analyst,Cybersecurity
Security Analyst,Cybersecurity Operations; Data Analysis and Business Intelligence,Cybersecurity Analyst; Cyber Threat Intelligence Analyst; Data Analyst,"Cybersecurity; Data, Analytics and AI"
Security Detection Analyst,Cybersecurity Operations,Cybersecurity Analyst,Cybersecurity
Security Event Analyst,Cybersecurity Operations,Cybersecurity Analyst,Cybersecurity
Security Event Monitoring Specialist,Cybersecurity Operations,Cybersecurity Analyst,Cybersecurity
Security Investigation Analyst,Cybersecurity Operations,Cybersecurity Analyst,Cybersecurity
Security Investigation Specialist,Cybersecurity Operations,Cybersecurity Analyst,Cybersecurity
Security Monitoring Analyst,Cybersecurity Operations,Cybersecurity Analyst,Cybersecurity
Security Monitoring Specialist,Cybersecurity Operations,Cybersecurity Analyst,Cybersecurity
Security Operations Analyst,Cybersecurity Operations,Cybersecurity Analyst,Cybersecurity
Security Operations Center Analyst,Cybersecurity Operations,Cybersecurity Analyst,Cybersecurity
Security Operations Specialist,Cybersecurity Operations,Cybersecurity Analyst,Cybersecurity
Security Threat Analyst,Cybersecurity Operations,Cybersecurity Analyst; Cyber Threat Intelligence Analyst,Cybersecurity
SIEM Analyst,Cybersecurity Operations,Cybersecurity Analyst,Cybersecurity
SIEM Content Analyst,Cybersecurity Operations,Cybersecurity Analyst,Cybersecurity
SOC Analyst,Cybersecurity Operations,Cybersecurity Analyst,Cybersecurity
SOC Engineer,Cybersecurity Operations,Cybersecurity Analyst,Cybersecurity
SOC L1 Analyst,Cybersecurity Operations,Cybersecurity Analyst,Cybersecurity
SOC L2 Analyst,Cybersecurity Operations,Cybersecurity Analyst,Cybersecurity
SOC L3 Analyst,Cybersecurity Operations,Cybersecurity Analyst,Cybersecurity
SOC Level 1 Analyst,Cybersecurity Operations,Cybersecurity Analyst,Cybersecurity
SOC Level 2 Analyst,Cybersecurity Operations,Cybersecurity Analyst,Cybersecurity
SOC Level 3 Analyst,Cybersecurity Operations,Cybersecurity Analyst,Cybersecurity
Threat Monitoring Analyst,Cybersecurity Operations,Cybersecurity Analyst,Cybersecurity
Vulnerability Analyst,Cybersecurity Operations,Cybersecurity Analyst,Cybersecurity
XDR Analyst,Cybersecurity Operations,Cybersecurity Analyst,Cybersecurity
Breach Investigation Analyst,Cybersecurity Operations,Digital Forensics Analyst,Cybersecurity
Cloud Forensics Analyst,Cybersecurity Operations,Digital Forensics Analyst,Cybersecurity
Computer Forensic Analyst,Cybersecurity Operations,Digital Forensics Analyst,Cybersecurity
Computer Forensics Analyst,Cybersecurity Operations,Digital Forensics Analyst,Cybersecurity
Computer Forensics Investigator,Cybersecurity Operations,Digital Forensics Analyst,Cybersecurity
Container Forensics Analyst,Cybersecurity Operations,Digital Forensics Analyst,Cybersecurity
Cyber Forensic Analyst,Cybersecurity Operations,Digital Forensics Analyst,Cybersecurity
Cyber Forensics Analyst,Cybersecurity Operations,Digital Forensics Analyst,Cybersecurity
Cyber Forensics Investigator,Cybersecurity Operations,Digital Forensics Analyst,Cybersecurity
Cybercrime Forensics Analyst,Cybersecurity Operations,Digital Forensics Analyst,Cybersecurity
Cybercrime Investigator,Cybersecurity Operations,Digital Forensics Analyst,Cybersecurity
DFIR Analyst,Cybersecurity Operations,Digital Forensics Analyst,Cybersecurity
DFIR Engineer,Cybersecurity Operations,Digital Forensics Analyst,Cybersecurity
DFIR Investigator,Cybersecurity Operations,Digital Forensics Analyst,Cybersecurity
DFIR Specialist,Cybersecurity Operations,Digital Forensics Analyst,Cybersecurity
Digital Evidence Analyst,Cybersecurity Operations,Digital Forensics Analyst,Cybersecurity
Digital Evidence Specialist,Cybersecurity Operations,Digital Forensics Analyst,Cybersecurity
Digital Forensic Analyst,Cybersecurity Operations,Digital Forensics Analyst,Cybersecurity
Digital Forensics Analyst,Cybersecurity Operations; Data Analysis and Business Intelligence,Digital Forensics Analyst; Cyber Incident Responder; Data Analyst,"Cybersecurity; Data, Analytics and AI"
Digital Forensics and Incident Response Analyst,Cybersecurity Operations,Digital Forensics Analyst,Cybersecurity
Digital Forensics Investigator,Cybersecurity Operations,Digital Forensics Analyst,Cybersecurity
Digital Forensics Manager,Cybersecurity Operations,Digital Forensics Analyst,Cybersecurity
Disk Forensics Analyst,Cybersecurity Operations,Digital Forensics Analyst,Cybersecurity
eDiscovery Forensics Analyst,Cybersecurity Operations,Digital Forensics Analyst,Cybersecurity
Electronic Evidence Analyst,Cybersecurity Operations,Digital Forensics Analyst,Cybersecurity
Endpoint Forensics Analyst,Cybersecurity Operations,Digital Forensics Analyst,Cybersecurity
Evidence Collection Specialist,Cybersecurity Operations,Digital Forensics Analyst,Cybersecurity
Forensic Imaging Specialist,Cybersecurity Operations,Digital Forensics Analyst,Cybersecurity
Forensic Investigator,Cybersecurity Operations,Digital Forensics Analyst,Cybersecurity
Forensic Timeline Analyst,Cybersecurity Operations,Digital Forensics Analyst,Cybersecurity
Host Forensics Analyst,Cybersecurity Operations,Digital Forensics Analyst,Cybersecurity
Incident Forensics Analyst,Cybersecurity Operations,Digital Forensics Analyst,Cybersecurity
Incident Reconstruction Specialist,Cybersecurity Operations,Digital Forensics Analyst,Cybersecurity
Intrusion Reconstruction Analyst,Cybersecurity Operations,Digital Forensics Analyst,Cybersecurity
Malware Analysis Forensics Specialist,Cybersecurity Operations,Digital Forensics Analyst,Cybersecurity
Malware Forensics Analyst,Cybersecurity Operations,Digital Forensics Analyst,Cybersecurity
Memory Analysis Specialist,Cybersecurity Operations,Digital Forensics Analyst,Cybersecurity
Memory Forensics Analyst,Cybersecurity Operations,Digital Forensics Analyst,Cybersecurity
Mobile Device Forensics Analyst,Cybersecurity Operations,Digital Forensics Analyst,Cybersecurity
Mobile Forensics Analyst,Cybersecurity Operations,Digital Forensics Analyst,Cybersecurity
Network Forensics Analyst,Cybersecurity Operations,Digital Forensics Analyst,Cybersecurity
SaaS Forensics Analyst,Cybersecurity Operations,Digital Forensics Analyst,Cybersecurity
Security Forensics Analyst,Cybersecurity Operations,Digital Forensics Analyst,Cybersecurity
Security Investigation Forensics Analyst,Cybersecurity Operations,Digital Forensics Analyst,Cybersecurity
Active Directory Penetration Tester,Offensive Security and Security Testing,Penetration Tester,Cybersecurity
Adversary Simulation Specialist,Offensive Security and Security Testing,Penetration Tester,Cybersecurity
API Penetration Tester,Offensive Security and Security Testing,Penetration Tester,Cybersecurity
API Security Tester,Offensive Security and Security Testing,Penetration Tester,Cybersecurity
Attack Simulation Engineer,Offensive Security and Security Testing,Penetration Tester,Cybersecurity
BAS Engineer,Offensive Security and Security Testing,Penetration Tester,Cybersecurity
Breach and Attack Simulation Engineer,Offensive Security and Security Testing,Penetration Tester,Cybersecurity
Cloud Penetration Tester,Offensive Security and Security Testing,Penetration Tester,Cybersecurity
Cloud Security Penetration Tester,Offensive Security and Security Testing,Penetration Tester,Cybersecurity
Cloud Security Tester,Offensive Security and Security Testing,Penetration Tester,Cybersecurity
Container Security Tester,Offensive Security and Security Testing,Penetration Tester,Cybersecurity
Cyber Penetration Tester,Offensive Security and Security Testing,Penetration Tester,Cybersecurity
Cybersecurity Penetration Tester,Offensive Security and Security Testing,Penetration Tester,Cybersecurity
Ethical Hacker,Offensive Security and Security Testing,Penetration Tester,Cybersecurity
Ethical Hacking Specialist,Offensive Security and Security Testing,Penetration Tester,Cybersecurity
Exploit Development Engineer,Offensive Security and Security Testing,Penetration Tester,Cybersecurity
Exploitation Specialist,Offensive Security and Security Testing,Penetration Tester,Cybersecurity
External Penetration Tester,Offensive Security and Security Testing,Penetration Tester,Cybersecurity
Hardware Penetration Tester,Offensive Security and Security Testing,Penetration Tester,Cybersecurity
Information Security Penetration Tester,Offensive Security and Security Testing,Penetration Tester,Cybersecurity
Infrastructure Penetration Tester,Offensive Security and Security Testing,Penetration Tester,Cybersecurity
Infrastructure Security Tester,Offensive Security and Security Testing,Penetration Tester,Cybersecurity
Internal Penetration Tester,Offensive Security and Security Testing,Penetration Tester,Cybersecurity
IoT Penetration Tester,Offensive Security and Security Testing; Cybersecurity Engineering,Penetration Tester; Embedded and IoT Security Engineer,Cybersecurity
Kubernetes Security Tester,Offensive Security and Security Testing,Penetration Tester,Cybersecurity
Linux Security Tester,Offensive Security and Security Testing,Penetration Tester,Cybersecurity
Mobile Penetration Tester,Offensive Security and Security Testing,Penetration Tester,Cybersecurity
Mobile Security Tester,Offensive Security and Security Testing,Penetration Tester,Cybersecurity
Network Penetration Tester,Offensive Security and Security Testing,Penetration Tester,Cybersecurity
Network Security Tester,Offensive Security and Security Testing,Penetration Tester,Cybersecurity
Offensive Security Consultant,Offensive Security and Security Testing,Penetration Tester,Cybersecurity
Offensive Security Engineer,Offensive Security and Security Testing,Penetration Tester,Cybersecurity
Offensive Security Specialist,Offensive Security and Security Testing,Penetration Tester,Cybersecurity
Pen Tester,Offensive Security and Security Testing,Penetration Tester,Cybersecurity
Penetration Tester,Offensive Security and Security Testing; Cybersecurity Engineering; Software Quality and Testing,Penetration Tester; Application Security Engineer; Embedded and IoT Security Engineer; Test Automation Engineer,Cybersecurity; Software Engineering
Penetration Testing Consultant,"Offensive Security and Security Testing; Cybersecurity Governance, Risk and Compliance",Penetration Tester; Cybersecurity Consultant,Cybersecurity
Penetration Testing Engineer,Offensive Security and Security Testing,Penetration Tester,Cybersecurity
Pentester,Offensive Security and Security Testing,Penetration Tester,Cybersecurity
Physical Security Tester,Offensive Security and Security Testing,Penetration Tester,Cybersecurity
Purple Team Engineer,Offensive Security and Security Testing,Penetration Tester,Cybersecurity
Red Team Engineer,Offensive Security and Security Testing,Penetration Tester,Cybersecurity
Red Team Operator,Offensive Security and Security Testing,Penetration Tester,Cybersecurity
Red Team Specialist,Offensive Security and Security Testing,Penetration Tester,Cybersecurity
Red Team Tester,Offensive Security and Security Testing,Penetration Tester,Cybersecurity
Security Exploitation Engineer,Offensive Security and Security Testing,Penetration Tester,Cybersecurity
Security Penetration Tester,Offensive Security and Security Testing; Cybersecurity Engineering,Penetration Tester; Application Security Engineer,Cybersecurity
Social Engineering Tester,Offensive Security and Security Testing,Penetration Tester,Cybersecurity
Web Application Penetration Tester,Offensive Security and Security Testing,Penetration Tester,Cybersecurity
Web Penetration Tester,Offensive Security and Security Testing,Penetration Tester,Cybersecurity
Windows Security Tester,Offensive Security and Security Testing,Penetration Tester,Cybersecurity
Wireless Penetration Tester,Offensive Security and Security Testing,Penetration Tester,Cybersecurity
Application Vulnerability Analyst,Offensive Security and Security Testing; Cybersecurity Engineering; Software Quality and Testing,Vulnerability Assessment Specialist; Application Security Engineer; Software Test Engineer,Cybersecurity; Software Engineering
ASM Analyst,Offensive Security and Security Testing,Vulnerability Assessment Specialist,Cybersecurity
Attack Surface Management Analyst,Offensive Security and Security Testing,Vulnerability Assessment Specialist,Cybersecurity
CAASM Specialist,Offensive Security and Security Testing,Vulnerability Assessment Specialist,Cybersecurity
Cloud Vulnerability Analyst,Offensive Security and Security Testing; Cybersecurity Engineering; Cloud and Platform Engineering,Vulnerability Assessment Specialist; Cloud Security Engineer; Cloud Engineer,"Cybersecurity; Cloud, Platforms and IT Operations"
Continuous Vulnerability Management Specialist,Offensive Security and Security Testing,Vulnerability Assessment Specialist,Cybersecurity
CVE Analyst,Offensive Security and Security Testing,Vulnerability Assessment Specialist,Cybersecurity
CVSS Analyst,Offensive Security and Security Testing,Vulnerability Assessment Specialist,Cybersecurity
Cyber Vulnerability Analyst,Offensive Security and Security Testing,Vulnerability Assessment Specialist,Cybersecurity
Cybersecurity Vulnerability Analyst,Offensive Security and Security Testing,Vulnerability Assessment Specialist,Cybersecurity
EASM Specialist,Offensive Security and Security Testing,Vulnerability Assessment Specialist,Cybersecurity
Exposure Management Analyst,Offensive Security and Security Testing,Vulnerability Assessment Specialist,Cybersecurity
Exposure Management Specialist,Offensive Security and Security Testing,Vulnerability Assessment Specialist,Cybersecurity
External Attack Surface Management Specialist,Offensive Security and Security Testing,Vulnerability Assessment Specialist,Cybersecurity
Information Security Vulnerability Analyst,Offensive Security and Security Testing,Vulnerability Assessment Specialist,Cybersecurity
Nessus Specialist,Offensive Security and Security Testing,Vulnerability Assessment Specialist,Cybersecurity
OpenVAS Specialist,Offensive Security and Security Testing,Vulnerability Assessment Specialist,Cybersecurity
Patch Vulnerability Analyst,Offensive Security and Security Testing,Vulnerability Assessment Specialist,Cybersecurity
Qualys Specialist,Offensive Security and Security Testing,Vulnerability Assessment Specialist,Cybersecurity
Rapid7 Specialist,Offensive Security and Security Testing,Vulnerability Assessment Specialist,Cybersecurity
Security Assessment Analyst,Offensive Security and Security Testing,Vulnerability Assessment Specialist,Cybersecurity
Security Exposure Analyst,Offensive Security and Security Testing,Vulnerability Assessment Specialist,Cybersecurity
Security Patch Management Specialist,Offensive Security and Security Testing,Vulnerability Assessment Specialist,Cybersecurity
Security Vulnerability Analyst,Offensive Security and Security Testing,Vulnerability Assessment Specialist,Cybersecurity
Tenable Specialist,Offensive Security and Security Testing,Vulnerability Assessment Specialist,Cybersecurity
Vulnerability Assessment Analyst,Offensive Security and Security Testing,Vulnerability Assessment Specialist,Cybersecurity
Vulnerability Assessment Engineer,Offensive Security and Security Testing,Vulnerability Assessment Specialist,Cybersecurity
Vulnerability Assessment Specialist,Offensive Security and Security Testing,Vulnerability Assessment Specialist,Cybersecurity
Vulnerability Compliance Analyst,"Offensive Security and Security Testing; Cybersecurity Governance, Risk and Compliance",Vulnerability Assessment Specialist; IT Compliance Specialist,Cybersecurity
Vulnerability Management Analyst,Offensive Security and Security Testing; Cybersecurity Operations,Vulnerability Assessment Specialist; Cybersecurity Analyst,Cybersecurity
Vulnerability Management Engineer,Offensive Security and Security Testing; Cybersecurity Engineering,Vulnerability Assessment Specialist; Security Engineer,Cybersecurity
Vulnerability Management Manager,Offensive Security and Security Testing,Vulnerability Assessment Specialist,Cybersecurity
Vulnerability Management Specialist,Offensive Security and Security Testing,Vulnerability Assessment Specialist,Cybersecurity
Vulnerability Metrics Analyst,Offensive Security and Security Testing,Vulnerability Assessment Specialist,Cybersecurity
Vulnerability Operations Engineer,Offensive Security and Security Testing,Vulnerability Assessment Specialist,Cybersecurity
Vulnerability Prioritization Analyst,Offensive Security and Security Testing,Vulnerability Assessment Specialist,Cybersecurity
Vulnerability Program Manager,Offensive Security and Security Testing,Vulnerability Assessment Specialist,Cybersecurity
Vulnerability Remediation Analyst,Offensive Security and Security Testing,Vulnerability Assessment Specialist,Cybersecurity
Vulnerability Remediation Engineer,Offensive Security and Security Testing,Vulnerability Assessment Specialist,Cybersecurity
Vulnerability Remediation Specialist,Offensive Security and Security Testing,Vulnerability Assessment Specialist,Cybersecurity
Vulnerability Reporting Analyst,Offensive Security and Security Testing,Vulnerability Assessment Specialist,Cybersecurity
Vulnerability Research Analyst,Offensive Security and Security Testing,Vulnerability Assessment Specialist,Cybersecurity
Vulnerability Scanner Analyst,Offensive Security and Security Testing,Vulnerability Assessment Specialist,Cybersecurity
Vulnerability Scanning Engineer,Offensive Security and Security Testing,Vulnerability Assessment Specialist,Cybersecurity
Vulnerability Scanning Specialist,Offensive Security and Security Testing,Vulnerability Assessment Specialist,Cybersecurity
Vulnerability Triage Analyst,Offensive Security and Security Testing,Vulnerability Assessment Specialist,Cybersecurity
AI Agent Engineer,AI and Machine Learning Engineering,Artificial Intelligence Engineer,"Data, Analytics and AI"
AI Application Engineer,AI and Machine Learning Engineering,Artificial Intelligence Engineer,"Data, Analytics and AI"
AI Architect,AI and Machine Learning Engineering,Artificial Intelligence Engineer,"Data, Analytics and AI"
AI Automation Engineer,AI and Machine Learning Engineering,Artificial Intelligence Engineer,"Data, Analytics and AI"
AI Deployment Engineer,AI and Machine Learning Engineering,Artificial Intelligence Engineer,"Data, Analytics and AI"
AI Developer,AI and Machine Learning Engineering,Artificial Intelligence Engineer,"Data, Analytics and AI"
AI Engineer,AI and Machine Learning Engineering,Artificial Intelligence Engineer,"Data, Analytics and AI"
AI Engineering Manager,AI and Machine Learning Engineering,Artificial Intelligence Engineer,"Data, Analytics and AI"
AI Evaluation Engineer,AI and Machine Learning Engineering,Artificial Intelligence Engineer,"Data, Analytics and AI"
AI Inference Engineer,AI and Machine Learning Engineering,Artificial Intelligence Engineer,"Data, Analytics and AI"
AI Infrastructure Engineer,AI and Machine Learning Engineering,Artificial Intelligence Engineer,"Data, Analytics and AI"
AI Integration Engineer,AI and Machine Learning Engineering,Artificial Intelligence Engineer,"Data, Analytics and AI"
AI Integration Specialist,AI and Machine Learning Engineering,Artificial Intelligence Engineer,"Data, Analytics and AI"
AI Model Serving Engineer,AI and Machine Learning Engineering,Artificial Intelligence Engineer,"Data, Analytics and AI"
AI Orchestration Engineer,AI and Machine Learning Engineering,Artificial Intelligence Engineer,"Data, Analytics and AI"
AI Platform Engineer,AI and Machine Learning Engineering,Artificial Intelligence Engineer,"Data, Analytics and AI"
AI Product Engineer,AI and Machine Learning Engineering,Artificial Intelligence Engineer,"Data, Analytics and AI"
AI Research Engineer,AI and Machine Learning Engineering; Data Science and Computing Research,Artificial Intelligence Engineer; Machine Learning Research Scientist; Computer Research Scientist,"Data, Analytics and AI"
AI Runtime Engineer,AI and Machine Learning Engineering,Artificial Intelligence Engineer,"Data, Analytics and AI"
AI Safety Engineer,AI and Machine Learning Engineering,Artificial Intelligence Engineer,"Data, Analytics and AI"
AI Software Engineer,AI and Machine Learning Engineering,Artificial Intelligence Engineer,"Data, Analytics and AI"
AI Solutions Architect,AI and Machine Learning Engineering; Data Engineering,Artificial Intelligence Engineer; Data Architect,"Data, Analytics and AI"
AI Solutions Engineer,AI and Machine Learning Engineering,Artificial Intelligence Engineer,"Data, Analytics and AI"
AI Systems Engineer,AI and Machine Learning Engineering,Artificial Intelligence Engineer,"Data, Analytics and AI"
AI Workflow Engineer,AI and Machine Learning Engineering,Artificial Intelligence Engineer,"Data, Analytics and AI"
Applied AI Engineer,AI and Machine Learning Engineering,Artificial Intelligence Engineer; Machine Learning Engineer,"Data, Analytics and AI"
Applied Machine Intelligence Engineer,AI and Machine Learning Engineering,Artificial Intelligence Engineer,"Data, Analytics and AI"
Artificial Intelligence Developer,AI and Machine Learning Engineering,Artificial Intelligence Engineer,"Data, Analytics and AI"
Artificial Intelligence Engineer,AI and Machine Learning Engineering,Artificial Intelligence Engineer,"Data, Analytics and AI"
Artificial Intelligence Systems Engineer,AI and Machine Learning Engineering,Artificial Intelligence Engineer,"Data, Analytics and AI"
Autonomous Systems AI Engineer,AI and Machine Learning Engineering,Artificial Intelligence Engineer,"Data, Analytics and AI"
Conversational AI Engineer,AI and Machine Learning Engineering,Artificial Intelligence Engineer,"Data, Analytics and AI"
GenAI Application Engineer,AI and Machine Learning Engineering,Artificial Intelligence Engineer,"Data, Analytics and AI"
GenAI Engineer,AI and Machine Learning Engineering,Artificial Intelligence Engineer,"Data, Analytics and AI"
Generative AI Engineer,AI and Machine Learning Engineering,Artificial Intelligence Engineer,"Data, Analytics and AI"
Generative Artificial Intelligence Engineer,AI and Machine Learning Engineering,Artificial Intelligence Engineer,"Data, Analytics and AI"
Intelligent Automation Engineer,AI and Machine Learning Engineering; Specialized Software Development,Artificial Intelligence Engineer; RPA Developer,"Data, Analytics and AI; Software Engineering"
Intelligent Document Processing Engineer,AI and Machine Learning Engineering,Artificial Intelligence Engineer,"Data, Analytics and AI"
Intelligent Systems Engineer,AI and Machine Learning Engineering,Artificial Intelligence Engineer,"Data, Analytics and AI"
Large Language Model Engineer,AI and Machine Learning Engineering,Artificial Intelligence Engineer,"Data, Analytics and AI"
LLM Application Engineer,AI and Machine Learning Engineering,Artificial Intelligence Engineer,"Data, Analytics and AI"
LLM Engineer,AI and Machine Learning Engineering,Artificial Intelligence Engineer,"Data, Analytics and AI"
MLOps AI Engineer,AI and Machine Learning Engineering,Artificial Intelligence Engineer,"Data, Analytics and AI"
Prompt Engineering Specialist,AI and Machine Learning Engineering,Artificial Intelligence Engineer,"Data, Analytics and AI"
RAG Engineer,AI and Machine Learning Engineering; Data Engineering,Artificial Intelligence Engineer; Knowledge Engineer; Natural Language Processing Engineer; Data Engineer,"Data, Analytics and AI"
Responsible AI Engineer,AI and Machine Learning Engineering,Artificial Intelligence Engineer,"Data, Analytics and AI"
Retrieval Augmented Generation Engineer,AI and Machine Learning Engineering,Artificial Intelligence Engineer,"Data, Analytics and AI"
3D Vision Engineer,AI and Machine Learning Engineering,Computer Vision Engineer,"Data, Analytics and AI"
Autonomous Driving Vision Engineer,AI and Machine Learning Engineering,Computer Vision Engineer,"Data, Analytics and AI"
Autonomous Vision Engineer,AI and Machine Learning Engineering,Computer Vision Engineer,"Data, Analytics and AI"
Biometric Vision Engineer,AI and Machine Learning Engineering,Computer Vision Engineer,"Data, Analytics and AI"
Camera Systems AI Engineer,AI and Machine Learning Engineering,Computer Vision Engineer,"Data, Analytics and AI"
Computer Vision Developer,AI and Machine Learning Engineering,Computer Vision Engineer,"Data, Analytics and AI"
Computer Vision Engineer,AI and Machine Learning Engineering; Data Science and Computing Research; Specialized Software Development,Computer Vision Engineer; Machine Learning Research Scientist; Embedded Software Developer,"Data, Analytics and AI; Software Engineering"
Computer Vision Research Engineer,AI and Machine Learning Engineering; Data Science and Computing Research,Computer Vision Engineer; Machine Learning Research Scientist; Computer Research Scientist,"Data, Analytics and AI"
Computer Vision Scientist,AI and Machine Learning Engineering,Computer Vision Engineer,"Data, Analytics and AI"
CV Engineer,AI and Machine Learning Engineering,Computer Vision Engineer,"Data, Analytics and AI"
Document Vision Engineer,AI and Machine Learning Engineering,Computer Vision Engineer,"Data, Analytics and AI"
Edge Vision Engineer,AI and Machine Learning Engineering,Computer Vision Engineer,"Data, Analytics and AI"
Embedded Vision Engineer,AI and Machine Learning Engineering,Computer Vision Engineer,"Data, Analytics and AI"
Facial Recognition Engineer,AI and Machine Learning Engineering,Computer Vision Engineer,"Data, Analytics and AI"
Geospatial Vision Engineer,AI and Machine Learning Engineering,Computer Vision Engineer,"Data, Analytics and AI"
Image AI Engineer,AI and Machine Learning Engineering,Computer Vision Engineer,"Data, Analytics and AI"
Image Analysis Engineer,AI and Machine Learning Engineering,Computer Vision Engineer,"Data, Analytics and AI"
Image Processing Engineer,AI and Machine Learning Engineering,Computer Vision Engineer,"Data, Analytics and AI"
Image Recognition Engineer,AI and Machine Learning Engineering,Computer Vision Engineer,"Data, Analytics and AI"
Image Segmentation Engineer,AI and Machine Learning Engineering,Computer Vision Engineer,"Data, Analytics and AI"
Industrial Vision Engineer,AI and Machine Learning Engineering,Computer Vision Engineer,"Data, Analytics and AI"
Machine Vision Engineer,AI and Machine Learning Engineering,Computer Vision Engineer,"Data, Analytics and AI"
Medical Imaging AI Engineer,AI and Machine Learning Engineering,Computer Vision Engineer,"Data, Analytics and AI"
Object Detection Engineer,AI and Machine Learning Engineering,Computer Vision Engineer,"Data, Analytics and AI"
Object Recognition Engineer,AI and Machine Learning Engineering,Computer Vision Engineer,"Data, Analytics and AI"
OCR Engineer,AI and Machine Learning Engineering,Computer Vision Engineer,"Data, Analytics and AI"
Optical Character Recognition Engineer,AI and Machine Learning Engineering,Computer Vision Engineer,"Data, Analytics and AI"
Perception Engineer,AI and Machine Learning Engineering,Computer Vision Engineer,"Data, Analytics and AI"
Remote Sensing Vision Engineer,AI and Machine Learning Engineering,Computer Vision Engineer,"Data, Analytics and AI"
Robotic Vision Engineer,AI and Machine Learning Engineering,Computer Vision Engineer,"Data, Analytics and AI"
Satellite Image Analysis Engineer,AI and Machine Learning Engineering,Computer Vision Engineer,"Data, Analytics and AI"
SLAM Engineer,AI and Machine Learning Engineering,Computer Vision Engineer,"Data, Analytics and AI"
Video AI Engineer,AI and Machine Learning Engineering,Computer Vision Engineer,"Data, Analytics and AI"
Video Analytics Engineer,AI and Machine Learning Engineering,Computer Vision Engineer,"Data, Analytics and AI"
Video Intelligence Engineer,AI and Machine Learning Engineering,Computer Vision Engineer,"Data, Analytics and AI"
Vision AI Engineer,AI and Machine Learning Engineering,Computer Vision Engineer,"Data, Analytics and AI"
Vision Algorithm Engineer,AI and Machine Learning Engineering,Computer Vision Engineer,"Data, Analytics and AI"
Vision Annotation Engineer,AI and Machine Learning Engineering,Computer Vision Engineer,"Data, Analytics and AI"
Vision MLOps Engineer,AI and Machine Learning Engineering,Computer Vision Engineer; Machine Learning Engineer,"Data, Analytics and AI"
Vision Model Engineer,AI and Machine Learning Engineering,Computer Vision Engineer,"Data, Analytics and AI"
Vision Systems Engineer,AI and Machine Learning Engineering,Computer Vision Engineer,"Data, Analytics and AI"
Visual AI Engineer,AI and Machine Learning Engineering,Computer Vision Engineer,"Data, Analytics and AI"
Visual Inspection Engineer,AI and Machine Learning Engineering,Computer Vision Engineer,"Data, Analytics and AI"
Visual Quality Inspection Engineer,AI and Machine Learning Engineering,Computer Vision Engineer,"Data, Analytics and AI"
Visual Recognition Engineer,AI and Machine Learning Engineering,Computer Vision Engineer,"Data, Analytics and AI"
AI Knowledge Engineer,AI and Machine Learning Engineering,Knowledge Engineer,"Data, Analytics and AI"
Concept Modeling Engineer,AI and Machine Learning Engineering,Knowledge Engineer,"Data, Analytics and AI"
Data Semantics Specialist,AI and Machine Learning Engineering,Knowledge Engineer,"Data, Analytics and AI"
Enterprise Knowledge Engineer,AI and Machine Learning Engineering,Knowledge Engineer,"Data, Analytics and AI"
Enterprise Ontology Specialist,AI and Machine Learning Engineering,Knowledge Engineer,"Data, Analytics and AI"
Entity Resolution Engineer,AI and Machine Learning Engineering,Knowledge Engineer,"Data, Analytics and AI"
Expert Systems Engineer,AI and Machine Learning Engineering,Knowledge Engineer,"Data, Analytics and AI"
Information Modeling Engineer,AI and Machine Learning Engineering,Knowledge Engineer,"Data, Analytics and AI"
Knowledge Architect,AI and Machine Learning Engineering,Knowledge Engineer,"Data, Analytics and AI"
Knowledge Base Developer,AI and Machine Learning Engineering,Knowledge Engineer,"Data, Analytics and AI"
Knowledge Base Engineer,AI and Machine Learning Engineering,Knowledge Engineer,"Data, Analytics and AI"
Knowledge Engineer,AI and Machine Learning Engineering,Knowledge Engineer,"Data, Analytics and AI"
Knowledge Extraction Engineer,AI and Machine Learning Engineering,Knowledge Engineer; Natural Language Processing Engineer,"Data, Analytics and AI"
Knowledge Graph Architect,AI and Machine Learning Engineering; Data Engineering,Knowledge Engineer; Data Architect,"Data, Analytics and AI"
Knowledge Graph Developer,AI and Machine Learning Engineering,Knowledge Engineer,"Data, Analytics and AI"
Knowledge Graph Engineer,AI and Machine Learning Engineering; Data Engineering,Knowledge Engineer; Data Engineer,"Data, Analytics and AI"
Knowledge Management Engineer,AI and Machine Learning Engineering,Knowledge Engineer,"Data, Analytics and AI"
Knowledge Management Systems Engineer,AI and Machine Learning Engineering,Knowledge Engineer,"Data, Analytics and AI"
Knowledge Modeling Specialist,AI and Machine Learning Engineering,Knowledge Engineer,"Data, Analytics and AI"
Knowledge Reasoning Engineer,AI and Machine Learning Engineering,Knowledge Engineer,"Data, Analytics and AI"
Knowledge Representation Engineer,AI and Machine Learning Engineering,Knowledge Engineer,"Data, Analytics and AI"
Knowledge Systems Engineer,AI and Machine Learning Engineering,Knowledge Engineer,"Data, Analytics and AI"
Knowledge-Based Systems Engineer,AI and Machine Learning Engineering,Knowledge Engineer,"Data, Analytics and AI"
Linked Data Engineer,AI and Machine Learning Engineering,Knowledge Engineer,"Data, Analytics and AI"
Metadata Ontology Specialist,AI and Machine Learning Engineering,Knowledge Engineer,"Data, Analytics and AI"
Ontology Architect,AI and Machine Learning Engineering; Data Engineering,Knowledge Engineer; Data Architect,"Data, Analytics and AI"
Ontology Developer,AI and Machine Learning Engineering,Knowledge Engineer,"Data, Analytics and AI"
Ontology Engineer,AI and Machine Learning Engineering; Data Engineering,Knowledge Engineer; Data Engineer; Data Governance and Stewardship Specialist,"Data, Analytics and AI"
OWL Engineer,AI and Machine Learning Engineering,Knowledge Engineer,"Data, Analytics and AI"
RAG Knowledge Engineer,AI and Machine Learning Engineering,Knowledge Engineer,"Data, Analytics and AI"
RDF Engineer,AI and Machine Learning Engineering,Knowledge Engineer,"Data, Analytics and AI"
Reasoning Systems Engineer,AI and Machine Learning Engineering,Knowledge Engineer,"Data, Analytics and AI"
Rule Engine Engineer,AI and Machine Learning Engineering,Knowledge Engineer,"Data, Analytics and AI"
Semantic Architect,AI and Machine Learning Engineering,Knowledge Engineer,"Data, Analytics and AI"
Semantic Data Engineer,AI and Machine Learning Engineering; Data Engineering,Knowledge Engineer; Data Engineer,"Data, Analytics and AI"
Semantic Engineer,AI and Machine Learning Engineering,Knowledge Engineer; Natural Language Processing Engineer,"Data, Analytics and AI"
Semantic Integration Engineer,AI and Machine Learning Engineering,Knowledge Engineer,"Data, Analytics and AI"
Semantic Modeling Specialist,AI and Machine Learning Engineering,Knowledge Engineer,"Data, Analytics and AI"
Semantic Systems Engineer,AI and Machine Learning Engineering,Knowledge Engineer,"Data, Analytics and AI"
Semantic Technology Engineer,AI and Machine Learning Engineering,Knowledge Engineer,"Data, Analytics and AI"
Semantic Web Engineer,AI and Machine Learning Engineering,Knowledge Engineer,"Data, Analytics and AI"
SPARQL Engineer,AI and Machine Learning Engineering,Knowledge Engineer,"Data, Analytics and AI"
Symbolic AI Engineer,AI and Machine Learning Engineering,Knowledge Engineer,"Data, Analytics and AI"
Taxonomy Engineer,AI and Machine Learning Engineering,Knowledge Engineer,"Data, Analytics and AI"
Taxonomy Specialist,AI and Machine Learning Engineering,Knowledge Engineer,"Data, Analytics and AI"
AI/ML Engineer,AI and Machine Learning Engineering,Machine Learning Engineer,"Data, Analytics and AI"
Applied AI/ML Engineer,AI and Machine Learning Engineering,Machine Learning Engineer,"Data, Analytics and AI"
Applied Machine Learning Engineer,AI and Machine Learning Engineering,Machine Learning Engineer,"Data, Analytics and AI"
Applied Scientist,AI and Machine Learning Engineering; Data Science and Computing Research,Machine Learning Engineer; Data Scientist; Machine Learning Research Scientist,"Data, Analytics and AI"
Causal ML Engineer,AI and Machine Learning Engineering,Machine Learning Engineer,"Data, Analytics and AI"
Decision Science Engineer,AI and Machine Learning Engineering,Machine Learning Engineer,"Data, Analytics and AI"
Deep Learning Developer,AI and Machine Learning Engineering,Machine Learning Engineer,"Data, Analytics and AI"
Deep Learning Engineer,AI and Machine Learning Engineering,Machine Learning Engineer,"Data, Analytics and AI"
Distributed ML Engineer,AI and Machine Learning Engineering,Machine Learning Engineer,"Data, Analytics and AI"
Experimentation Engineer,AI and Machine Learning Engineering,Machine Learning Engineer,"Data, Analytics and AI"
Feature Engineering Specialist,AI and Machine Learning Engineering,Machine Learning Engineer,"Data, Analytics and AI"
Feature Store Engineer,AI and Machine Learning Engineering; Data Engineering,Machine Learning Engineer; Data Engineer,"Data, Analytics and AI"
Forecasting Engineer,AI and Machine Learning Engineering,Machine Learning Engineer,"Data, Analytics and AI"
Machine Intelligence Engineer,AI and Machine Learning Engineering,Machine Learning Engineer,"Data, Analytics and AI"
Machine Learning Architect,AI and Machine Learning Engineering; Data Engineering,Machine Learning Engineer; Artificial Intelligence Engineer; Data Architect,"Data, Analytics and AI"
Machine Learning Developer,AI and Machine Learning Engineering,Machine Learning Engineer,"Data, Analytics and AI"
Machine Learning Engineer,AI and Machine Learning Engineering; Data Science and Computing Research,Machine Learning Engineer; Artificial Intelligence Engineer; Data Scientist; Machine Learning Research Scientist,"Data, Analytics and AI"
Machine Learning Platform Engineer,AI and Machine Learning Engineering; Cloud and Platform Engineering; Data Engineering,Machine Learning Engineer; Platform Engineer; Data Engineer,"Data, Analytics and AI; Cloud, Platforms and IT Operations"
Machine Learning Systems Engineer,AI and Machine Learning Engineering,Machine Learning Engineer,"Data, Analytics and AI"
ML Developer,AI and Machine Learning Engineering,Machine Learning Engineer,"Data, Analytics and AI"
ML Engineer,AI and Machine Learning Engineering,Machine Learning Engineer,"Data, Analytics and AI"
ML Infrastructure Engineer,AI and Machine Learning Engineering,Machine Learning Engineer,"Data, Analytics and AI"
ML Optimization Engineer,AI and Machine Learning Engineering,Machine Learning Engineer,"Data, Analytics and AI"
ML Performance Engineer,AI and Machine Learning Engineering,Machine Learning Engineer,"Data, Analytics and AI"
ML Pipeline Engineer,AI and Machine Learning Engineering,Machine Learning Engineer,"Data, Analytics and AI"
ML Platform Engineer,AI and Machine Learning Engineering,Machine Learning Engineer,"Data, Analytics and AI"
ML Reliability Engineer,AI and Machine Learning Engineering,Machine Learning Engineer,"Data, Analytics and AI"
ML Security Engineer,AI and Machine Learning Engineering,Machine Learning Engineer,"Data, Analytics and AI"
ML Systems Engineer,AI and Machine Learning Engineering,Machine Learning Engineer,"Data, Analytics and AI"
MLOps Engineer,AI and Machine Learning Engineering; Cloud and Platform Engineering; Data Engineering,Machine Learning Engineer; DevOps Engineer; Platform Engineer; Data Engineer,"Data, Analytics and AI; Cloud, Platforms and IT Operations"
MLOps Platform Engineer,AI and Machine Learning Engineering; Cloud and Platform Engineering; Data Engineering,Machine Learning Engineer; Platform Engineer; Data Engineer,"Data, Analytics and AI; Cloud, Platforms and IT Operations"
MLOps Specialist,AI and Machine Learning Engineering,Machine Learning Engineer,"Data, Analytics and AI"
Model Deployment Engineer,AI and Machine Learning Engineering,Machine Learning Engineer,"Data, Analytics and AI"
Model Evaluation Engineer,AI and Machine Learning Engineering,Machine Learning Engineer,"Data, Analytics and AI"
Model Governance Engineer,AI and Machine Learning Engineering; Data Engineering,Machine Learning Engineer; Data Governance and Stewardship Specialist,"Data, Analytics and AI"
Model Inference Engineer,AI and Machine Learning Engineering,Machine Learning Engineer,"Data, Analytics and AI"
Model Monitoring Engineer,AI and Machine Learning Engineering,Machine Learning Engineer,"Data, Analytics and AI"
Model Operations Engineer,AI and Machine Learning Engineering,Machine Learning Engineer,"Data, Analytics and AI"
Model Serving Engineer,AI and Machine Learning Engineering,Machine Learning Engineer,"Data, Analytics and AI"
Model Training Engineer,AI and Machine Learning Engineering,Machine Learning Engineer,"Data, Analytics and AI"
Model Validation Engineer,AI and Machine Learning Engineering,Machine Learning Engineer,"Data, Analytics and AI"
Neural Network Engineer,AI and Machine Learning Engineering,Machine Learning Engineer,"Data, Analytics and AI"
Personalization Engineer,AI and Machine Learning Engineering,Machine Learning Engineer,"Data, Analytics and AI"
Predictive Analytics Engineer,AI and Machine Learning Engineering; Data Science and Computing Research,Machine Learning Engineer; Data Scientist,"Data, Analytics and AI"
Predictive Modeling Engineer,AI and Machine Learning Engineering; Data Science and Computing Research,Machine Learning Engineer; Data Scientist,"Data, Analytics and AI"
Ranking Engineer,AI and Machine Learning Engineering,Machine Learning Engineer,"Data, Analytics and AI"
Recommendation Systems Engineer,AI and Machine Learning Engineering,Machine Learning Engineer,"Data, Analytics and AI"
Recommender Systems Engineer,AI and Machine Learning Engineering,Machine Learning Engineer,"Data, Analytics and AI"
Reinforcement Learning Engineer,AI and Machine Learning Engineering,Machine Learning Engineer,"Data, Analytics and AI"
Time Series ML Engineer,AI and Machine Learning Engineering,Machine Learning Engineer,"Data, Analytics and AI"
ASR Engineer,AI and Machine Learning Engineering,Natural Language Processing Engineer,"Data, Analytics and AI"
Chatbot Engineer,AI and Machine Learning Engineering,Natural Language Processing Engineer,"Data, Analytics and AI"
Computational Linguistics Engineer,AI and Machine Learning Engineering,Natural Language Processing Engineer,"Data, Analytics and AI"
Content Moderation ML Engineer,AI and Machine Learning Engineering,Natural Language Processing Engineer,"Data, Analytics and AI"
Conversational NLP Engineer,AI and Machine Learning Engineering,Natural Language Processing Engineer,"Data, Analytics and AI"
Dialogue Systems Engineer,AI and Machine Learning Engineering,Natural Language Processing Engineer,"Data, Analytics and AI"
Document AI Engineer,AI and Machine Learning Engineering; Specialized Software Development,Natural Language Processing Engineer; Artificial Intelligence Engineer; Computer Vision Engineer; RPA Developer,"Data, Analytics and AI; Software Engineering"
Document Intelligence Engineer,AI and Machine Learning Engineering,Natural Language Processing Engineer,"Data, Analytics and AI"
Embeddings Engineer,AI and Machine Learning Engineering,Natural Language Processing Engineer,"Data, Analytics and AI"
Information Extraction Engineer,AI and Machine Learning Engineering,Natural Language Processing Engineer,"Data, Analytics and AI"
Language AI Engineer,AI and Machine Learning Engineering,Natural Language Processing Engineer,"Data, Analytics and AI"
Language Data Engineer,AI and Machine Learning Engineering; Data Engineering,Natural Language Processing Engineer; Data Engineer,"Data, Analytics and AI"
Language Model Engineer,AI and Machine Learning Engineering,Natural Language Processing Engineer,"Data, Analytics and AI"
Language Model Evaluation Engineer,AI and Machine Learning Engineering,Natural Language Processing Engineer,"Data, Analytics and AI"
Language Processing Engineer,AI and Machine Learning Engineering,Natural Language Processing Engineer,"Data, Analytics and AI"
Language Understanding Engineer,AI and Machine Learning Engineering,Natural Language Processing Engineer,"Data, Analytics and AI"
Localization NLP Engineer,AI and Machine Learning Engineering,Natural Language Processing Engineer,"Data, Analytics and AI"
Machine Translation Engineer,AI and Machine Learning Engineering,Natural Language Processing Engineer,"Data, Analytics and AI"
Named Entity Recognition Engineer,AI and Machine Learning Engineering,Natural Language Processing Engineer,"Data, Analytics and AI"
Natural Language Engineer,AI and Machine Learning Engineering,Natural Language Processing Engineer,"Data, Analytics and AI"
Natural Language Generation Engineer,AI and Machine Learning Engineering,Natural Language Processing Engineer,"Data, Analytics and AI"
Natural Language Processing Engineer,AI and Machine Learning Engineering,Natural Language Processing Engineer,"Data, Analytics and AI"
Natural Language Understanding Engineer,AI and Machine Learning Engineering,Natural Language Processing Engineer,"Data, Analytics and AI"
NER Engineer,AI and Machine Learning Engineering,Natural Language Processing Engineer,"Data, Analytics and AI"
NLG Engineer,AI and Machine Learning Engineering,Natural Language Processing Engineer,"Data, Analytics and AI"
NLP Developer,AI and Machine Learning Engineering,Natural Language Processing Engineer,"Data, Analytics and AI"
NLP Engineer,AI and Machine Learning Engineering; Data Science and Computing Research,Natural Language Processing Engineer; Artificial Intelligence Engineer; Knowledge Engineer; Machine Learning Research Scientist,"Data, Analytics and AI"
NLP MLOps Engineer,AI and Machine Learning Engineering,Natural Language Processing Engineer,"Data, Analytics and AI"
NLP Research Engineer,AI and Machine Learning Engineering; Data Science and Computing Research,Natural Language Processing Engineer; Machine Learning Research Scientist; Computer Research Scientist,"Data, Analytics and AI"
NLP Scientist,AI and Machine Learning Engineering,Natural Language Processing Engineer,"Data, Analytics and AI"
NLU Engineer,AI and Machine Learning Engineering,Natural Language Processing Engineer,"Data, Analytics and AI"
Prompt Engineer,AI and Machine Learning Engineering,Natural Language Processing Engineer,"Data, Analytics and AI"
Question Answering Engineer,AI and Machine Learning Engineering,Natural Language Processing Engineer,"Data, Analytics and AI"
Search Relevance Engineer,AI and Machine Learning Engineering,Natural Language Processing Engineer,"Data, Analytics and AI"
Semantic Search Engineer,AI and Machine Learning Engineering,Natural Language Processing Engineer,"Data, Analytics and AI"
Speech and Language Engineer,AI and Machine Learning Engineering,Natural Language Processing Engineer,"Data, Analytics and AI"
Speech NLP Engineer,AI and Machine Learning Engineering,Natural Language Processing Engineer,"Data, Analytics and AI"
Speech Recognition Engineer,AI and Machine Learning Engineering,Natural Language Processing Engineer,"Data, Analytics and AI"
Text Analytics Engineer,AI and Machine Learning Engineering; Data Analysis and Business Intelligence,Natural Language Processing Engineer; Data Analyst,"Data, Analytics and AI"
Text Classification Engineer,AI and Machine Learning Engineering,Natural Language Processing Engineer,"Data, Analytics and AI"
Text Intelligence Engineer,AI and Machine Learning Engineering,Natural Language Processing Engineer,"Data, Analytics and AI"
Text Mining Engineer,AI and Machine Learning Engineering; Data Science and Computing Research,Natural Language Processing Engineer; Data Scientist,"Data, Analytics and AI"
Text ML Engineer,AI and Machine Learning Engineering,Natural Language Processing Engineer,"Data, Analytics and AI"
Text-to-Speech Engineer,AI and Machine Learning Engineering,Natural Language Processing Engineer,"Data, Analytics and AI"
TTS Engineer,AI and Machine Learning Engineering,Natural Language Processing Engineer,"Data, Analytics and AI"
Business Intelligence Analyst,Data Analysis and Business Intelligence; Business and Systems Analysis,Business Intelligence Analyst; IT Business Analyst; Data Analyst,"Data, Analytics and AI; Architecture and Systems Analysis"
BI Analyst,Data Analysis and Business Intelligence,Business Intelligence Analyst,"Data, Analytics and AI"
Business Analytics Analyst,Data Analysis and Business Intelligence,Business Intelligence Analyst,"Data, Analytics and AI"
Business Insights Analyst,Data Analysis and Business Intelligence,Business Intelligence Analyst,"Data, Analytics and AI"
Reporting Analyst,Data Analysis and Business Intelligence,Business Intelligence Analyst,"Data, Analytics and AI"
Business Reporting Analyst,Data Analysis and Business Intelligence,Business Intelligence Analyst,"Data, Analytics and AI"
BI Reporting Analyst,Data Analysis and Business Intelligence,Business Intelligence Analyst,"Data, Analytics and AI"
Data Reporting Analyst,Data Analysis and Business Intelligence,Business Intelligence Analyst,"Data, Analytics and AI"
Dashboard Analyst,Data Analysis and Business Intelligence,Business Intelligence Analyst,"Data, Analytics and AI"
KPI Analyst,Data Analysis and Business Intelligence,Business Intelligence Analyst,"Data, Analytics and AI"
Performance Reporting Analyst,Data Analysis and Business Intelligence,Business Intelligence Analyst,"Data, Analytics and AI"
Management Information Analyst,Data Analysis and Business Intelligence,Business Intelligence Analyst,"Data, Analytics and AI"
Management Information Systems Analyst,Data Analysis and Business Intelligence,Business Intelligence Analyst,"Data, Analytics and AI"
MIS Analyst,Data Analysis and Business Intelligence,Business Intelligence Analyst,"Data, Analytics and AI"
Decision Support Analyst,Data Analysis and Business Intelligence,Business Intelligence Analyst,"Data, Analytics and AI"
Analytics Reporting Analyst,Data Analysis and Business Intelligence,Business Intelligence Analyst,"Data, Analytics and AI"
BI Insights Analyst,Data Analysis and Business Intelligence,Business Intelligence Analyst,"Data, Analytics and AI"
Business Performance Analyst,Data Analysis and Business Intelligence,Business Intelligence Analyst,"Data, Analytics and AI"
Operational Reporting Analyst,Data Analysis and Business Intelligence,Business Intelligence Analyst,"Data, Analytics and AI"
Executive Reporting Analyst,Data Analysis and Business Intelligence,Business Intelligence Analyst,"Data, Analytics and AI"
Self-Service BI Analyst,Data Analysis and Business Intelligence,Business Intelligence Analyst,"Data, Analytics and AI"
Power BI Analyst,Data Analysis and Business Intelligence,Business Intelligence Analyst,"Data, Analytics and AI"
Tableau Analyst,Data Analysis and Business Intelligence,Business Intelligence Analyst,"Data, Analytics and AI"
Qlik Analyst,Data Analysis and Business Intelligence,Business Intelligence Analyst,"Data, Analytics and AI"
Looker Analyst,Data Analysis and Business Intelligence,Business Intelligence Analyst,"Data, Analytics and AI"
BI Reporting Specialist,Data Analysis and Business Intelligence,Business Intelligence Analyst,"Data, Analytics and AI"
BI Insights Specialist,Data Analysis and Business Intelligence,Business Intelligence Analyst,"Data, Analytics and AI"
Data Visualization Analyst,Data Analysis and Business Intelligence,Business Intelligence Analyst,"Data, Analytics and AI"
Dashboard Specialist,Data Analysis and Business Intelligence,Business Intelligence Analyst,"Data, Analytics and AI"
KPI Reporting Specialist,Data Analysis and Business Intelligence,Business Intelligence Analyst,"Data, Analytics and AI"
Business Performance Insights Analyst,Data Analysis and Business Intelligence,Business Intelligence Analyst,"Data, Analytics and AI"
Sales BI Analyst,Data Analysis and Business Intelligence,Business Intelligence Analyst,"Data, Analytics and AI"
Finance BI Analyst,Data Analysis and Business Intelligence,Business Intelligence Analyst,"Data, Analytics and AI"
Marketing BI Analyst,Data Analysis and Business Intelligence,Business Intelligence Analyst,"Data, Analytics and AI"
HR BI Analyst,Data Analysis and Business Intelligence,Business Intelligence Analyst,"Data, Analytics and AI"
Supply Chain BI Analyst,Data Analysis and Business Intelligence,Business Intelligence Analyst,"Data, Analytics and AI"
Customer Insights Analyst,Data Analysis and Business Intelligence,Business Intelligence Analyst,"Data, Analytics and AI"
Commercial Insights Analyst,Data Analysis and Business Intelligence,Business Intelligence Analyst,"Data, Analytics and AI"
Operations Insights Analyst,Data Analysis and Business Intelligence,Business Intelligence Analyst,"Data, Analytics and AI"
BI Product Analyst,Data Analysis and Business Intelligence,Business Intelligence Analyst,"Data, Analytics and AI"
BI Consultant,Data Analysis and Business Intelligence,Business Intelligence Analyst,"Data, Analytics and AI"
BI Functional Analyst,Data Analysis and Business Intelligence,Business Intelligence Analyst,"Data, Analytics and AI"
Business Analytics Specialist,Data Analysis and Business Intelligence,Business Intelligence Analyst,"Data, Analytics and AI"
Decision Intelligence Analyst,Data Analysis and Business Intelligence,Business Intelligence Analyst,"Data, Analytics and AI"
Corporate Reporting Analyst,Data Analysis and Business Intelligence,Business Intelligence Analyst,"Data, Analytics and AI"
Enterprise Reporting Analyst,Data Analysis and Business Intelligence,Business Intelligence Analyst,"Data, Analytics and AI"
Data Storytelling Analyst,Data Analysis and Business Intelligence,Business Intelligence Analyst,"Data, Analytics and AI"
Semantic Layer Analyst,Data Analysis and Business Intelligence,Business Intelligence Analyst,"Data, Analytics and AI"
Business Intelligence Developer,Data Analysis and Business Intelligence; Data Engineering,Business Intelligence Developer; Business Intelligence Analyst; Analytics Engineer,"Data, Analytics and AI"
BI Developer,Data Analysis and Business Intelligence; Data Engineering; Software Development,Business Intelligence Developer; Analytics Engineer; Data Warehouse Developer; Backend Developer,"Data, Analytics and AI; Software Engineering"
Business Intelligence Engineer,Data Analysis and Business Intelligence; Data Engineering,Business Intelligence Developer; Analytics Engineer; Data Engineer,"Data, Analytics and AI"
BI Engineer,Data Analysis and Business Intelligence; Data Engineering; Software Development,Business Intelligence Developer; Analytics Engineer; Data Engineer; Backend Developer,"Data, Analytics and AI; Software Engineering"
BI Solutions Developer,Data Analysis and Business Intelligence,Business Intelligence Developer,"Data, Analytics and AI"
BI Application Developer,Data Analysis and Business Intelligence,Business Intelligence Developer,"Data, Analytics and AI"
BI Platform Developer,Data Analysis and Business Intelligence,Business Intelligence Developer,"Data, Analytics and AI"
Reporting Developer,Data Analysis and Business Intelligence,Business Intelligence Developer,"Data, Analytics and AI"
Report Developer,Data Analysis and Business Intelligence,Business Intelligence Developer,"Data, Analytics and AI"
Dashboard Developer,Data Analysis and Business Intelligence,Business Intelligence Developer,"Data, Analytics and AI"
BI Dashboard Developer,Data Analysis and Business Intelligence,Business Intelligence Developer,"Data, Analytics and AI"
Data Visualization Developer,Data Analysis and Business Intelligence,Business Intelligence Developer,"Data, Analytics and AI"
Analytics Developer,Data Analysis and Business Intelligence,Business Intelligence Developer,"Data, Analytics and AI"
Power BI Developer,Data Analysis and Business Intelligence,Business Intelligence Developer,"Data, Analytics and AI"
Power BI Engineer,Data Analysis and Business Intelligence,Business Intelligence Developer,"Data, Analytics and AI"
Tableau Developer,Data Analysis and Business Intelligence,Business Intelligence Developer,"Data, Analytics and AI"
Tableau Engineer,Data Analysis and Business Intelligence,Business Intelligence Developer,"Data, Analytics and AI"
Qlik Developer,Data Analysis and Business Intelligence,Business Intelligence Developer,"Data, Analytics and AI"
Qlik Sense Developer,Data Analysis and Business Intelligence,Business Intelligence Developer,"Data, Analytics and AI"
Looker Developer,Data Analysis and Business Intelligence,Business Intelligence Developer,"Data, Analytics and AI"
MicroStrategy Developer,Data Analysis and Business Intelligence,Business Intelligence Developer,"Data, Analytics and AI"
Cognos Developer,Data Analysis and Business Intelligence,Business Intelligence Developer,"Data, Analytics and AI"
SAP BusinessObjects Developer,Data Analysis and Business Intelligence,Business Intelligence Developer,"Data, Analytics and AI"
Business Objects Developer,Data Analysis and Business Intelligence,Business Intelligence Developer,"Data, Analytics and AI"
SSRS Developer,Data Analysis and Business Intelligence,Business Intelligence Developer,"Data, Analytics and AI"
SSIS BI Developer,Data Analysis and Business Intelligence,Business Intelligence Developer,"Data, Analytics and AI"
OBIEE Developer,Data Analysis and Business Intelligence,Business Intelligence Developer,"Data, Analytics and AI"
Oracle BI Developer,Data Analysis and Business Intelligence,Business Intelligence Developer,"Data, Analytics and AI"
Semantic Model Developer,Data Analysis and Business Intelligence; Data Engineering,Business Intelligence Developer; Analytics Engineer; Data Warehouse Developer,"Data, Analytics and AI"
Tabular Model Developer,Data Analysis and Business Intelligence,Business Intelligence Developer,"Data, Analytics and AI"
OLAP Developer,Data Analysis and Business Intelligence,Business Intelligence Developer,"Data, Analytics and AI"
Cube Developer,Data Analysis and Business Intelligence,Business Intelligence Developer,"Data, Analytics and AI"
Data Mart Developer,Data Analysis and Business Intelligence,Business Intelligence Developer,"Data, Analytics and AI"
BI Solutions Engineer,Data Analysis and Business Intelligence,Business Intelligence Developer,"Data, Analytics and AI"
BI Reporting Engineer,Data Analysis and Business Intelligence,Business Intelligence Developer,"Data, Analytics and AI"
BI Visualization Engineer,Data Analysis and Business Intelligence,Business Intelligence Developer,"Data, Analytics and AI"
Dashboard Engineer,Data Analysis and Business Intelligence,Business Intelligence Developer,"Data, Analytics and AI"
BI Data Modeler,Data Analysis and Business Intelligence,Business Intelligence Developer,"Data, Analytics and AI"
BI Semantic Layer Developer,Data Analysis and Business Intelligence,Business Intelligence Developer,"Data, Analytics and AI"
Power Platform BI Developer,Data Analysis and Business Intelligence,Business Intelligence Developer,"Data, Analytics and AI"
Power BI Architect,Data Analysis and Business Intelligence,Business Intelligence Developer,"Data, Analytics and AI"
Tableau Architect,Data Analysis and Business Intelligence,Business Intelligence Developer,"Data, Analytics and AI"
Reporting Automation Developer,Data Analysis and Business Intelligence,Business Intelligence Developer,"Data, Analytics and AI"
Self-Service BI Developer,Data Analysis and Business Intelligence,Business Intelligence Developer,"Data, Analytics and AI"
Embedded Analytics Developer,Data Analysis and Business Intelligence,Business Intelligence Developer,"Data, Analytics and AI"
Analytics Platform Engineer,Data Analysis and Business Intelligence,Business Intelligence Developer,"Data, Analytics and AI"
BI Integration Developer,Data Analysis and Business Intelligence; Enterprise and Systems Architecture; Data Engineering,Business Intelligence Developer; Systems Integration Engineer; Data Engineer,"Data, Analytics and AI; Architecture and Systems Analysis"
BI ETL Developer,Data Analysis and Business Intelligence,Business Intelligence Developer,"Data, Analytics and AI"
BI Data Warehouse Developer,Data Analysis and Business Intelligence,Business Intelligence Developer,"Data, Analytics and AI"
Enterprise Reporting Developer,Data Analysis and Business Intelligence,Business Intelligence Developer,"Data, Analytics and AI"
Financial Reporting Developer,Data Analysis and Business Intelligence,Business Intelligence Developer,"Data, Analytics and AI"
Operational Reporting Developer,Data Analysis and Business Intelligence,Business Intelligence Developer,"Data, Analytics and AI"
Data Analyst,Data Analysis and Business Intelligence; Business and Systems Analysis; Data Science and Computing Research,Data Analyst; IT Business Analyst; Business Intelligence Analyst; Data Scientist,"Data, Analytics and AI; Architecture and Systems Analysis"
Data Analytics Analyst,Data Analysis and Business Intelligence,Data Analyst,"Data, Analytics and AI"
Data Analysis Specialist,Data Analysis and Business Intelligence,Data Analyst,"Data, Analytics and AI"
Data Insights Analyst,Data Analysis and Business Intelligence,Data Analyst,"Data, Analytics and AI"
Data Interpretation Analyst,Data Analysis and Business Intelligence,Data Analyst,"Data, Analytics and AI"
Operational Data Analyst,Data Analysis and Business Intelligence,Data Analyst,"Data, Analytics and AI"
Business Data Analyst,Data Analysis and Business Intelligence,Data Analyst; Business Intelligence Analyst,"Data, Analytics and AI"
Commercial Data Analyst,Data Analysis and Business Intelligence,Data Analyst,"Data, Analytics and AI"
Financial Data Analyst,Data Analysis and Business Intelligence,Data Analyst,"Data, Analytics and AI"
Finance Data Analyst,Data Analysis and Business Intelligence,Data Analyst,"Data, Analytics and AI"
Sales Data Analyst,Data Analysis and Business Intelligence,Data Analyst,"Data, Analytics and AI"
Marketing Data Analyst,Data Analysis and Business Intelligence,Data Analyst,"Data, Analytics and AI"
Customer Data Analyst,Data Analysis and Business Intelligence,Data Analyst,"Data, Analytics and AI"
Product Data Analyst,Data Analysis and Business Intelligence,Data Analyst,"Data, Analytics and AI"
Web Data Analyst,Data Analysis and Business Intelligence,Data Analyst,"Data, Analytics and AI"
Digital Data Analyst,Data Analysis and Business Intelligence,Data Analyst,"Data, Analytics and AI"
E-commerce Data Analyst,Data Analysis and Business Intelligence,Data Analyst,"Data, Analytics and AI"
Supply Chain Data Analyst,Data Analysis and Business Intelligence,Data Analyst,"Data, Analytics and AI"
HR Data Analyst,Data Analysis and Business Intelligence,Data Analyst,"Data, Analytics and AI"
Workforce Data Analyst,Data Analysis and Business Intelligence,Data Analyst,"Data, Analytics and AI"
Risk Data Analyst,Data Analysis and Business Intelligence,Data Analyst,"Data, Analytics and AI"
Fraud Data Analyst,Data Analysis and Business Intelligence,Data Analyst,"Data, Analytics and AI"
Pricing Data Analyst,Data Analysis and Business Intelligence,Data Analyst,"Data, Analytics and AI"
Performance Data Analyst,Data Analysis and Business Intelligence,Data Analyst,"Data, Analytics and AI"
Quality Data Analyst,Data Analysis and Business Intelligence,Data Analyst,"Data, Analytics and AI"
Research Data Analyst,Data Analysis and Business Intelligence,Data Analyst,"Data, Analytics and AI"
Statistical Data Analyst,Data Analysis and Business Intelligence; Data Science and Computing Research,Data Analyst; Data Scientist,"Data, Analytics and AI"
Data Mining Analyst,Data Analysis and Business Intelligence,Data Analyst,"Data, Analytics and AI"
SQL Data Analyst,Data Analysis and Business Intelligence,Data Analyst,"Data, Analytics and AI"
Excel Data Analyst,Data Analysis and Business Intelligence,Data Analyst,"Data, Analytics and AI"
Power BI Data Analyst,Data Analysis and Business Intelligence,Data Analyst,"Data, Analytics and AI"
Data Insights Specialist,Data Analysis and Business Intelligence,Data Analyst,"Data, Analytics and AI"
Data Reporting Specialist,Data Analysis and Business Intelligence,Data Analyst,"Data, Analytics and AI"
Data Visualization Specialist,Data Analysis and Business Intelligence,Data Analyst,"Data, Analytics and AI"
Analytics Specialist,Data Analysis and Business Intelligence,Data Analyst,"Data, Analytics and AI"
Revenue Analyst,Data Analysis and Business Intelligence,Data Analyst,"Data, Analytics and AI"
Growth Analyst,Data Analysis and Business Intelligence,Data Analyst,"Data, Analytics and AI"
Market Data Analyst,Data Analysis and Business Intelligence,Data Analyst,"Data, Analytics and AI"
CRM Data Analyst,Data Analysis and Business Intelligence,Data Analyst,"Data, Analytics and AI"
Data Operations Analyst,Data Analysis and Business Intelligence,Data Analyst,"Data, Analytics and AI"
Data Reconciliation Analyst,Data Analysis and Business Intelligence,Data Analyst,"Data, Analytics and AI"
Data Investigation Analyst,Data Analysis and Business Intelligence,Data Analyst,"Data, Analytics and AI"
Data Discovery Analyst,Data Analysis and Business Intelligence,Data Analyst,"Data, Analytics and AI"
Data Profiling Analyst,Data Analysis and Business Intelligence,Data Analyst,"Data, Analytics and AI"
Data Metrics Analyst,Data Analysis and Business Intelligence,Data Analyst,"Data, Analytics and AI"
Data KPI Analyst,Data Analysis and Business Intelligence,Data Analyst,"Data, Analytics and AI"
Data Storytelling Specialist,Data Analysis and Business Intelligence,Data Analyst,"Data, Analytics and AI"
People Analytics Analyst,Data Analysis and Business Intelligence,Data Analyst,"Data, Analytics and AI"
Healthcare Data Analyst,Data Analysis and Business Intelligence,Data Analyst,"Data, Analytics and AI"
Geographic Data Analyst,Data Analysis and Business Intelligence,Data Analyst,"Data, Analytics and AI"
Bioinformatics Data Analyst,Data Analysis and Business Intelligence,Data Analyst,"Data, Analytics and AI"
Data Quality Specialist,Data Analysis and Business Intelligence; Data Engineering,Data Quality Specialist; Data Governance and Stewardship Specialist,"Data, Analytics and AI"
Data Quality Analyst,Data Analysis and Business Intelligence; Data Engineering,Data Quality Specialist; Data Analyst; Data Governance and Stewardship Specialist,"Data, Analytics and AI"
Data Quality Engineer,Data Analysis and Business Intelligence; Data Engineering; Software Quality and Testing,Data Quality Specialist; Data Engineer; Test Automation Engineer,"Data, Analytics and AI; Software Engineering"
Data Quality Manager,Data Analysis and Business Intelligence,Data Quality Specialist,"Data, Analytics and AI"
Data Quality Assurance Analyst,Data Analysis and Business Intelligence,Data Quality Specialist,"Data, Analytics and AI"
Data Quality Assurance Specialist,Data Analysis and Business Intelligence,Data Quality Specialist,"Data, Analytics and AI"
Data Validation Analyst,Data Analysis and Business Intelligence,Data Quality Specialist,"Data, Analytics and AI"
Data Validation Specialist,Data Analysis and Business Intelligence,Data Quality Specialist,"Data, Analytics and AI"
Data Verification Analyst,Data Analysis and Business Intelligence,Data Quality Specialist,"Data, Analytics and AI"
Data Integrity Analyst,Data Analysis and Business Intelligence,Data Quality Specialist,"Data, Analytics and AI"
Data Integrity Specialist,Data Analysis and Business Intelligence,Data Quality Specialist,"Data, Analytics and AI"
Data Cleansing Specialist,Data Analysis and Business Intelligence,Data Quality Specialist,"Data, Analytics and AI"
Data Cleansing Analyst,Data Analysis and Business Intelligence,Data Quality Specialist,"Data, Analytics and AI"
Data Accuracy Analyst,Data Analysis and Business Intelligence,Data Quality Specialist,"Data, Analytics and AI"
Data Completeness Analyst,Data Analysis and Business Intelligence,Data Quality Specialist,"Data, Analytics and AI"
Data Consistency Analyst,Data Analysis and Business Intelligence,Data Quality Specialist,"Data, Analytics and AI"
Data Standards Specialist,Data Analysis and Business Intelligence,Data Quality Specialist,"Data, Analytics and AI"
Data Controls Specialist,Data Analysis and Business Intelligence,Data Quality Specialist,"Data, Analytics and AI"
Data Quality Controls Analyst,Data Analysis and Business Intelligence,Data Quality Specialist,"Data, Analytics and AI"
Data Quality Monitoring Analyst,Data Analysis and Business Intelligence,Data Quality Specialist,"Data, Analytics and AI"
Data Observability Analyst,Data Analysis and Business Intelligence,Data Quality Specialist,"Data, Analytics and AI"
Data Issue Management Specialist,Data Analysis and Business Intelligence,Data Quality Specialist,"Data, Analytics and AI"
Data Defect Analyst,Data Analysis and Business Intelligence,Data Quality Specialist,"Data, Analytics and AI"
Data Quality Governance Specialist,Data Analysis and Business Intelligence; Data Engineering,Data Quality Specialist; Data Governance and Stewardship Specialist,"Data, Analytics and AI"
Data Quality Consultant,Data Analysis and Business Intelligence,Data Quality Specialist,"Data, Analytics and AI"
Data Quality Architect,Data Analysis and Business Intelligence; Data Engineering,Data Quality Specialist; Data Architect,"Data, Analytics and AI"
Data Quality Operations Analyst,Data Analysis and Business Intelligence,Data Quality Specialist,"Data, Analytics and AI"
Data Quality Remediation Analyst,Data Analysis and Business Intelligence,Data Quality Specialist,"Data, Analytics and AI"
Data Exception Analyst,Data Analysis and Business Intelligence,Data Quality Specialist,"Data, Analytics and AI"
Data Control Analyst,Data Analysis and Business Intelligence,Data Quality Specialist,"Data, Analytics and AI"
Data Certification Specialist,Data Analysis and Business Intelligence,Data Quality Specialist,"Data, Analytics and AI"
Data Trust Analyst,Data Analysis and Business Intelligence,Data Quality Specialist,"Data, Analytics and AI"
Data Reliability Analyst,Data Analysis and Business Intelligence,Data Quality Specialist,"Data, Analytics and AI"
Data Health Analyst,Data Analysis and Business Intelligence,Data Quality Specialist,"Data, Analytics and AI"
Data Monitoring Engineer,Data Analysis and Business Intelligence,Data Quality Specialist,"Data, Analytics and AI"
Data Test Analyst,Data Analysis and Business Intelligence,Data Quality Specialist,"Data, Analytics and AI"
Data Testing Specialist,Data Analysis and Business Intelligence,Data Quality Specialist,"Data, Analytics and AI"
ETL Data Quality Analyst,Data Analysis and Business Intelligence,Data Quality Specialist,"Data, Analytics and AI"
Master Data Quality Specialist,Data Analysis and Business Intelligence,Data Quality Specialist,"Data, Analytics and AI"
Reporting Data Quality Analyst,Data Analysis and Business Intelligence,Data Quality Specialist,"Data, Analytics and AI"
Analytics Engineer,Data Engineering; Data Analysis and Business Intelligence,Analytics Engineer; Business Intelligence Developer; Data Engineer,"Data, Analytics and AI"
Analytics Data Engineer,Data Engineering,Analytics Engineer; Data Engineer,"Data, Analytics and AI"
Analytics Infrastructure Engineer,Data Engineering,Analytics Engineer,"Data, Analytics and AI"
Analytics Transformation Engineer,Data Engineering,Analytics Engineer,"Data, Analytics and AI"
Analytics Modeling Engineer,Data Engineering,Analytics Engineer,"Data, Analytics and AI"
Data Analytics Engineer,Data Engineering; Data Analysis and Business Intelligence,Analytics Engineer; Business Intelligence Developer; Data Engineer,"Data, Analytics and AI"
Data Transformation Engineer,Data Engineering,Analytics Engineer,"Data, Analytics and AI"
Data Modeling Engineer,Data Engineering,Analytics Engineer,"Data, Analytics and AI"
Semantic Layer Engineer,Data Engineering,Analytics Engineer,"Data, Analytics and AI"
Metrics Layer Engineer,Data Engineering,Analytics Engineer,"Data, Analytics and AI"
Analytics Warehouse Engineer,Data Engineering,Analytics Engineer,"Data, Analytics and AI"
Modern Analytics Engineer,Data Engineering,Analytics Engineer,"Data, Analytics and AI"
dbt Analytics Engineer,Data Engineering,Analytics Engineer,"Data, Analytics and AI"
dbt Engineer,Data Engineering,Analytics Engineer; Data Engineer; Data Warehouse Developer,"Data, Analytics and AI"
ELT Analytics Engineer,Data Engineering,Analytics Engineer,"Data, Analytics and AI"
Data Build Tool Engineer,Data Engineering,Analytics Engineer,"Data, Analytics and AI"
Business Analytics Engineer,Data Engineering,Analytics Engineer,"Data, Analytics and AI"
Reporting Data Engineer,Data Engineering,Analytics Engineer,"Data, Analytics and AI"
Data Product Analytics Engineer,Data Engineering,Analytics Engineer,"Data, Analytics and AI"
Analytics Engineering Manager,Data Engineering,Analytics Engineer,"Data, Analytics and AI"
Data Transformation Specialist,Data Engineering,Analytics Engineer,"Data, Analytics and AI"
Data Modeling Specialist,Data Engineering,Analytics Engineer,"Data, Analytics and AI"
Semantic Model Engineer,Data Engineering,Analytics Engineer,"Data, Analytics and AI"
Metrics Engineer,Data Engineering,Analytics Engineer,"Data, Analytics and AI"
Data Metrics Engineer,Data Engineering,Analytics Engineer,"Data, Analytics and AI"
Data Mart Engineer,Data Engineering,Analytics Engineer,"Data, Analytics and AI"
Analytics Enablement Engineer,Data Engineering,Analytics Engineer,"Data, Analytics and AI"
Analytics Operations Engineer,Data Engineering,Analytics Engineer,"Data, Analytics and AI"
Data Contract Engineer,Data Engineering,Analytics Engineer,"Data, Analytics and AI"
Data Observability Analytics Engineer,Data Engineering,Analytics Engineer,"Data, Analytics and AI"
BI Analytics Engineer,Data Engineering,Analytics Engineer,"Data, Analytics and AI"
Analytics Pipeline Engineer,Data Engineering,Analytics Engineer,"Data, Analytics and AI"
Snowflake Analytics Engineer,Data Engineering,Analytics Engineer,"Data, Analytics and AI"
Databricks Analytics Engineer,Data Engineering,Analytics Engineer,"Data, Analytics and AI"
BigQuery Analytics Engineer,Data Engineering,Analytics Engineer,"Data, Analytics and AI"
Redshift Analytics Engineer,Data Engineering,Analytics Engineer,"Data, Analytics and AI"
Fabric Analytics Engineer,Data Engineering,Analytics Engineer,"Data, Analytics and AI"
Data Architect,Data Engineering; Database Engineering; Enterprise and Systems Architecture,Data Architect; Database Architect; Enterprise Architect; Solution Architect,"Data, Analytics and AI; Architecture and Systems Analysis"
Enterprise Data Architect,Data Engineering; Enterprise and Systems Architecture; Database Engineering,Data Architect; Enterprise Architect; Database Architect,"Data, Analytics and AI; Architecture and Systems Analysis"
Data Solutions Architect,Data Engineering,Data Architect,"Data, Analytics and AI"
Data Platform Architect,Data Engineering,Data Architect,"Data, Analytics and AI"
Data Systems Architect,Data Engineering,Data Architect,"Data, Analytics and AI"
Data Warehouse Architect,Data Engineering; Database Engineering; Enterprise and Systems Architecture,Data Architect; Data Warehouse Developer; Database Architect; Solution Architect,"Data, Analytics and AI; Architecture and Systems Analysis"
Data Lake Architect,Data Engineering,Data Architect,"Data, Analytics and AI"
Data Lakehouse Architect,Data Engineering,Data Architect,"Data, Analytics and AI"
Data Infrastructure Architect,Data Engineering,Data Architect,"Data, Analytics and AI"
Data Integration Architect,Data Engineering; Database Engineering; Enterprise and Systems Architecture,Data Architect; Data Engineer; Database Integrator; Systems Integration Engineer,"Data, Analytics and AI; Architecture and Systems Analysis"
Data Management Architect,Data Engineering,Data Architect,"Data, Analytics and AI"
Data Domain Architect,Data Engineering,Data Architect,"Data, Analytics and AI"
Information Data Architect,Data Engineering,Data Architect,"Data, Analytics and AI"
Database and Data Architect,Data Engineering,Data Architect,"Data, Analytics and AI"
Big Data Architect,Data Engineering; Enterprise and Systems Architecture,Data Architect; Solution Architect; Data Engineer,"Data, Analytics and AI; Architecture and Systems Analysis"
Analytics Data Architect,Data Engineering,Data Architect,"Data, Analytics and AI"
Master Data Architect,Data Engineering,Data Architect,"Data, Analytics and AI"
Metadata Architect,Data Engineering; AI and Machine Learning Engineering; Enterprise and Systems Architecture,Data Architect; Knowledge Engineer; Data Governance and Stewardship Specialist; Enterprise Architect,"Data, Analytics and AI; Architecture and Systems Analysis"
Data Governance Architect,Data Engineering; Enterprise and Systems Architecture,Data Architect; Data Governance and Stewardship Specialist; Enterprise Architect,"Data, Analytics and AI; Architecture and Systems Analysis"
Data Modeling Architect,Data Engineering,Data Architect,"Data, Analytics and AI"
Data Mesh Architect,Data Engineering,Data Architect,"Data, Analytics and AI"
Data Fabric Architect,Data Engineering,Data Architect,"Data, Analytics and AI"
Data Architecture Manager,Data Engineering,Data Architect,"Data, Analytics and AI"
Data Architecture Director,Data Engineering,Data Architect,"Data, Analytics and AI"
Enterprise Information Architect,Data Engineering,Data Architect,"Data, Analytics and AI"
Data Strategy Architect,Data Engineering,Data Architect,"Data, Analytics and AI"
Data Platform Solutions Architect,Data Engineering,Data Architect,"Data, Analytics and AI"
Cloud Data Solutions Architect,Data Engineering,Data Architect,"Data, Analytics and AI"
Data Product Architect,Data Engineering,Data Architect,"Data, Analytics and AI"
Modern Data Stack Architect,Data Engineering,Data Architect,"Data, Analytics and AI"
Lakehouse Architect,Data Engineering,Data Architect,"Data, Analytics and AI"
Data Warehouse Solutions Architect,Data Engineering,Data Architect,"Data, Analytics and AI"
Data Migration Architect,Data Engineering,Data Architect,"Data, Analytics and AI"
Data Integration Solutions Architect,Data Engineering,Data Architect,"Data, Analytics and AI"
Data API Architect,Data Engineering,Data Architect,"Data, Analytics and AI"
Data Privacy Architect,"Data Engineering; Enterprise and Systems Architecture; Cybersecurity Engineering; Cybersecurity Governance, Risk and Compliance",Data Architect; Solution Architect; Security Architect; Data Protection and Privacy Specialist,"Data, Analytics and AI; Architecture and Systems Analysis; Cybersecurity"
AI Data Architect,Data Engineering; AI and Machine Learning Engineering,Data Architect; Artificial Intelligence Engineer,"Data, Analytics and AI"
Data Engineer,Data Engineering; Database Engineering,Data Engineer; Analytics Engineer; Data Warehouse Developer; Database Integrator,"Data, Analytics and AI"
Data Pipeline Engineer,Data Engineering,Data Engineer,"Data, Analytics and AI"
Data Infrastructure Engineer,Data Engineering,Data Engineer,"Data, Analytics and AI"
Data Platform Engineer,Data Engineering; Cloud and Platform Engineering; Software Development,Data Engineer; Data Architect; Platform Engineer; Cloud Software Developer,"Data, Analytics and AI; Cloud, Platforms and IT Operations; Software Engineering"
Data Processing Engineer,Data Engineering,Data Engineer,"Data, Analytics and AI"
Data Systems Engineer,Data Engineering,Data Engineer,"Data, Analytics and AI"
Data Workflow Engineer,Data Engineering,Data Engineer,"Data, Analytics and AI"
Data Automation Engineer,Data Engineering; Cloud and Platform Engineering; Specialized Software Development,Data Engineer; DevOps Engineer; RPA Developer,"Data, Analytics and AI; Cloud, Platforms and IT Operations; Software Engineering"
Data Operations Engineer,Data Engineering,Data Engineer,"Data, Analytics and AI"
DataOps Engineer,Data Engineering,Data Engineer,"Data, Analytics and AI"
Big Data Engineer,Data Engineering; Software Development,Data Engineer; Data Warehouse Developer; Cloud Software Developer,"Data, Analytics and AI; Software Engineering"
Cloud Data Engineer,Data Engineering; Cloud and Platform Engineering; Software Development,Data Engineer; Cloud Engineer; Cloud Software Developer,"Data, Analytics and AI; Cloud, Platforms and IT Operations; Software Engineering"
ETL Engineer,Data Engineering; Database Engineering; Enterprise and Systems Architecture,Data Engineer; Data Warehouse Developer; Database Integrator; Systems Integration Engineer,"Data, Analytics and AI; Architecture and Systems Analysis"
ELT Engineer,Data Engineering,Data Engineer,"Data, Analytics and AI"
Data Ingestion Engineer,Data Engineering,Data Engineer,"Data, Analytics and AI"
Data Streaming Engineer,Data Engineering,Data Engineer,"Data, Analytics and AI"
Streaming Data Engineer,Data Engineering; Database Engineering,Data Engineer; Data Warehouse Developer; Database Integrator,"Data, Analytics and AI"
Real-Time Data Engineer,Data Engineering,Data Engineer,"Data, Analytics and AI"
Batch Data Engineer,Data Engineering,Data Engineer,"Data, Analytics and AI"
Data Migration Engineer,Data Engineering; Enterprise and Systems Architecture; Database Engineering,Data Engineer; Systems Integration Engineer; Database Integrator,"Data, Analytics and AI; Architecture and Systems Analysis"
Data Orchestration Engineer,Data Engineering,Data Engineer,"Data, Analytics and AI"
Data Lake Engineer,Data Engineering,Data Engineer,"Data, Analytics and AI"
Data Lakehouse Engineer,Data Engineering,Data Engineer,"Data, Analytics and AI"
Data Platform Developer,Data Engineering,Data Engineer,"Data, Analytics and AI"
Data Pipeline Developer,Data Engineering,Data Engineer,"Data, Analytics and AI"
Spark Data Engineer,Data Engineering,Data Engineer,"Data, Analytics and AI"
Databricks Data Engineer,Data Engineering,Data Engineer,"Data, Analytics and AI"
Snowflake Data Engineer,Data Engineering,Data Engineer,"Data, Analytics and AI"
Kafka Data Engineer,Data Engineering,Data Engineer,"Data, Analytics and AI"
Airflow Data Engineer,Data Engineering,Data Engineer,"Data, Analytics and AI"
dbt Data Engineer,Data Engineering,Data Engineer,"Data, Analytics and AI"
Data Engineering Manager,Data Engineering; Enterprise and Systems Architecture,Data Engineer; Enterprise Architect; Data Architect,"Data, Analytics and AI; Architecture and Systems Analysis"
Data Reliability Engineer,Data Engineering,Data Engineer,"Data, Analytics and AI"
Data Observability Engineer,Data Engineering,Data Engineer,"Data, Analytics and AI"
Data DevOps Engineer,Data Engineering,Data Engineer,"Data, Analytics and AI"
Data SRE Engineer,Data Engineering,Data Engineer,"Data, Analytics and AI"
Data Platform Reliability Engineer,Data Engineering,Data Engineer,"Data, Analytics and AI"
Data Integration Developer,Data Engineering,Data Engineer,"Data, Analytics and AI"
ETL Developer,Data Engineering; Database Engineering; Enterprise and Systems Architecture,Data Engineer; Data Warehouse Developer; Database Developer; Database Integrator; Systems Integration Engineer,"Data, Analytics and AI; Architecture and Systems Analysis"
ELT Developer,Data Engineering,Data Engineer,"Data, Analytics and AI"
Data Warehouse Engineer,Data Engineering; Database Engineering,Data Engineer; Data Warehouse Developer; Database Administrator,"Data, Analytics and AI"
Data Fabric Engineer,Data Engineering,Data Engineer,"Data, Analytics and AI"
Data Mesh Engineer,Data Engineering,Data Engineer,"Data, Analytics and AI"
Data API Engineer,Data Engineering,Data Engineer,"Data, Analytics and AI"
Data Services Engineer,Data Engineering,Data Engineer,"Data, Analytics and AI"
Data Replication Engineer,Data Engineering,Data Engineer,"Data, Analytics and AI"
Change Data Capture Engineer,Data Engineering,Data Engineer,"Data, Analytics and AI"
CDC Engineer,Data Engineering,Data Engineer,"Data, Analytics and AI"
Event Data Engineer,Data Engineering,Data Engineer,"Data, Analytics and AI"
Lakehouse Engineer,Data Engineering,Data Engineer,"Data, Analytics and AI"
Hadoop Engineer,Data Engineering,Data Engineer,"Data, Analytics and AI"
Spark Engineer,Data Engineering,Data Engineer,"Data, Analytics and AI"
Flink Engineer,Data Engineering,Data Engineer,"Data, Analytics and AI"
Beam Engineer,Data Engineering,Data Engineer,"Data, Analytics and AI"
Streaming Platform Engineer,Data Engineering,Data Engineer,"Data, Analytics and AI"
Data Connector Engineer,Data Engineering,Data Engineer,"Data, Analytics and AI"
Data Exchange Engineer,Data Engineering,Data Engineer,"Data, Analytics and AI"
Data Product Engineer,Data Engineering,Data Engineer,"Data, Analytics and AI"
Data Governance and Stewardship Specialist,Data Engineering,Data Governance and Stewardship Specialist,"Data, Analytics and AI"
Data Governance Specialist,"Data Engineering; Data Analysis and Business Intelligence; Cybersecurity Governance, Risk and Compliance",Data Governance and Stewardship Specialist; Data Quality Specialist; Data Protection and Privacy Specialist,"Data, Analytics and AI; Cybersecurity"
Data Steward,Data Engineering,Data Governance and Stewardship Specialist,"Data, Analytics and AI"
Data Stewardship Specialist,Data Engineering,Data Governance and Stewardship Specialist,"Data, Analytics and AI"
Enterprise Data Steward,Data Engineering,Data Governance and Stewardship Specialist,"Data, Analytics and AI"
Business Data Steward,Data Engineering,Data Governance and Stewardship Specialist,"Data, Analytics and AI"
Technical Data Steward,Data Engineering,Data Governance and Stewardship Specialist,"Data, Analytics and AI"
Data Governance Analyst,Data Engineering,Data Governance and Stewardship Specialist,"Data, Analytics and AI"
Data Governance Manager,Data Engineering,Data Governance and Stewardship Specialist,"Data, Analytics and AI"
Data Stewardship Manager,Data Engineering,Data Governance and Stewardship Specialist,"Data, Analytics and AI"
Data Management Specialist,Data Engineering; Database Engineering; Technical Documentation and Learning,Data Governance and Stewardship Specialist; Database Administrator; Digital Document Management Specialist,"Data, Analytics and AI; IT Support"
Data Management Analyst,Data Engineering,Data Governance and Stewardship Specialist,"Data, Analytics and AI"
Data Policy Specialist,Data Engineering,Data Governance and Stewardship Specialist,"Data, Analytics and AI"
Data Ownership Specialist,Data Engineering,Data Governance and Stewardship Specialist,"Data, Analytics and AI"
Data Domain Steward,Data Engineering,Data Governance and Stewardship Specialist,"Data, Analytics and AI"
Metadata Governance Specialist,Data Engineering,Data Governance and Stewardship Specialist,"Data, Analytics and AI"
Metadata Steward,Data Engineering,Data Governance and Stewardship Specialist,"Data, Analytics and AI"
Data Catalog Specialist,Data Engineering,Data Governance and Stewardship Specialist,"Data, Analytics and AI"
Data Lineage Specialist,Data Engineering,Data Governance and Stewardship Specialist,"Data, Analytics and AI"
Reference Data Specialist,Data Engineering; Data Analysis and Business Intelligence,Data Governance and Stewardship Specialist; Data Quality Specialist,"Data, Analytics and AI"
Master Data Steward,Data Engineering,Data Governance and Stewardship Specialist,"Data, Analytics and AI"
Master Data Governance Specialist,Data Engineering; Data Analysis and Business Intelligence,Data Governance and Stewardship Specialist; Data Quality Specialist,"Data, Analytics and AI"
MDM Steward,Data Engineering,Data Governance and Stewardship Specialist,"Data, Analytics and AI"
Data Accountability Specialist,Data Engineering,Data Governance and Stewardship Specialist,"Data, Analytics and AI"
Data Governance Director,Data Engineering,Data Governance and Stewardship Specialist,"Data, Analytics and AI"
Data Governance Consultant,Data Engineering,Data Governance and Stewardship Specialist,"Data, Analytics and AI"
Data Stewardship Consultant,Data Engineering,Data Governance and Stewardship Specialist,"Data, Analytics and AI"
Data Domain Manager,Data Engineering,Data Governance and Stewardship Specialist,"Data, Analytics and AI"
Data Product Steward,Data Engineering,Data Governance and Stewardship Specialist,"Data, Analytics and AI"
Data Classification Steward,Data Engineering,Data Governance and Stewardship Specialist,"Data, Analytics and AI"
Data Lifecycle Governance Specialist,Data Engineering,Data Governance and Stewardship Specialist,"Data, Analytics and AI"
Data Retention Governance Specialist,Data Engineering,Data Governance and Stewardship Specialist,"Data, Analytics and AI"
Data Access Governance Specialist,Data Engineering,Data Governance and Stewardship Specialist,"Data, Analytics and AI"
Data Ethics Specialist,Data Engineering,Data Governance and Stewardship Specialist,"Data, Analytics and AI"
Data Trust Specialist,Data Engineering,Data Governance and Stewardship Specialist,"Data, Analytics and AI"
Data Literacy Specialist,Data Engineering,Data Governance and Stewardship Specialist,"Data, Analytics and AI"
Business Glossary Specialist,Data Engineering,Data Governance and Stewardship Specialist,"Data, Analytics and AI"
Metadata Management Specialist,Data Engineering,Data Governance and Stewardship Specialist,"Data, Analytics and AI"
Data Catalog Manager,Data Engineering,Data Governance and Stewardship Specialist,"Data, Analytics and AI"
Data Lineage Manager,Data Engineering,Data Governance and Stewardship Specialist,"Data, Analytics and AI"
Master Data Management Specialist,Data Engineering,Data Governance and Stewardship Specialist,"Data, Analytics and AI"
MDM Specialist,Data Engineering; Data Analysis and Business Intelligence,Data Governance and Stewardship Specialist; Data Quality Specialist; Data Architect,"Data, Analytics and AI"
Reference Data Manager,Data Engineering,Data Governance and Stewardship Specialist,"Data, Analytics and AI"
Data Compliance Specialist,Data Engineering,Data Governance and Stewardship Specialist,"Data, Analytics and AI"
Data Warehouse Developer,Data Engineering; Database Engineering,Data Warehouse Developer; Analytics Engineer; Data Engineer; Database Developer,"Data, Analytics and AI"
Warehouse Developer,Data Engineering,Data Warehouse Developer,"Data, Analytics and AI"
DW Developer,Data Engineering,Data Warehouse Developer,"Data, Analytics and AI"
DWH Developer,Data Engineering,Data Warehouse Developer,"Data, Analytics and AI"
Enterprise Data Warehouse Developer,Data Engineering,Data Warehouse Developer,"Data, Analytics and AI"
EDW Developer,Data Engineering,Data Warehouse Developer,"Data, Analytics and AI"
Dimensional Model Developer,Data Engineering,Data Warehouse Developer,"Data, Analytics and AI"
Dimensional Modeling Developer,Data Engineering,Data Warehouse Developer,"Data, Analytics and AI"
OLAP Engineer,Data Engineering,Data Warehouse Developer,"Data, Analytics and AI"
Cube Engineer,Data Engineering,Data Warehouse Developer,"Data, Analytics and AI"
Warehouse ETL Developer,Data Engineering; Database Engineering,Data Warehouse Developer; Data Engineer; Database Developer; Database Integrator,"Data, Analytics and AI"
Data Warehouse ETL Developer,Data Engineering,Data Warehouse Developer,"Data, Analytics and AI"
BI Warehouse Developer,Data Engineering,Data Warehouse Developer,"Data, Analytics and AI"
Data Warehouse SQL Developer,Data Engineering,Data Warehouse Developer,"Data, Analytics and AI"
Data Warehouse Integration Developer,Data Engineering,Data Warehouse Developer,"Data, Analytics and AI"
Reporting Warehouse Developer,Data Engineering,Data Warehouse Developer,"Data, Analytics and AI"
Star Schema Developer,Data Engineering,Data Warehouse Developer,"Data, Analytics and AI"
Snowflake Schema Developer,Data Engineering,Data Warehouse Developer,"Data, Analytics and AI"
Warehouse Architect,Data Engineering,Data Warehouse Developer,"Data, Analytics and AI"
Data Warehouse Solutions Engineer,Data Engineering,Data Warehouse Developer,"Data, Analytics and AI"
Dimensional Modeler,Data Engineering,Data Warehouse Developer,"Data, Analytics and AI"
Data Modeler,Data Engineering; Database Engineering,Data Warehouse Developer; Analytics Engineer; Data Architect; Database Architect,"Data, Analytics and AI"
OLAP Specialist,Data Engineering,Data Warehouse Developer,"Data, Analytics and AI"
Cube Specialist,Data Engineering,Data Warehouse Developer,"Data, Analytics and AI"
SSAS Developer,Data Engineering,Data Warehouse Developer,"Data, Analytics and AI"
Azure Synapse Developer,Data Engineering,Data Warehouse Developer,"Data, Analytics and AI"
Snowflake Warehouse Developer,Data Engineering,Data Warehouse Developer,"Data, Analytics and AI"
Redshift Developer,Data Engineering,Data Warehouse Developer,"Data, Analytics and AI"
BigQuery Warehouse Developer,Data Engineering,Data Warehouse Developer,"Data, Analytics and AI"
Teradata Developer,Data Engineering,Data Warehouse Developer,"Data, Analytics and AI"
Informatica Warehouse Developer,Data Engineering,Data Warehouse Developer,"Data, Analytics and AI"
Data Warehouse Migration Developer,Data Engineering,Data Warehouse Developer,"Data, Analytics and AI"
Warehouse Performance Engineer,Data Engineering,Data Warehouse Developer,"Data, Analytics and AI"
Warehouse Optimization Engineer,Data Engineering,Data Warehouse Developer,"Data, Analytics and AI"
Semantic Layer Developer,Data Engineering,Data Warehouse Developer,"Data, Analytics and AI"
Data Mart Architect,Data Engineering,Data Warehouse Developer,"Data, Analytics and AI"
Computer Research Scientist,Data Science and Computing Research,Computer Research Scientist,"Data, Analytics and AI"
Computing Research Scientist,Data Science and Computing Research,Computer Research Scientist,"Data, Analytics and AI"
Computer Science Research Scientist,Data Science and Computing Research,Computer Research Scientist,"Data, Analytics and AI"
Computer Scientist,Data Science and Computing Research,Computer Research Scientist,"Data, Analytics and AI"
Computing Scientist,Data Science and Computing Research,Computer Research Scientist,"Data, Analytics and AI"
Computer Science Scientist,Data Science and Computing Research,Computer Research Scientist,"Data, Analytics and AI"
Computer Research Engineer,Data Science and Computing Research,Computer Research Scientist,"Data, Analytics and AI"
Computing Research Engineer,Data Science and Computing Research,Computer Research Scientist,"Data, Analytics and AI"
Computer Science Research Engineer,Data Science and Computing Research,Computer Research Scientist,"Data, Analytics and AI"
Computational Research Scientist,Data Science and Computing Research,Computer Research Scientist,"Data, Analytics and AI"
Computational Scientist,Data Science and Computing Research,Computer Research Scientist,"Data, Analytics and AI"
Computing Researcher,Data Science and Computing Research,Computer Research Scientist,"Data, Analytics and AI"
Computer Science Researcher,Data Science and Computing Research,Computer Research Scientist,"Data, Analytics and AI"
Information Science Researcher,Data Science and Computing Research,Computer Research Scientist,"Data, Analytics and AI"
Information Systems Research Scientist,Data Science and Computing Research,Computer Research Scientist,"Data, Analytics and AI"
Applied Computing Scientist,Data Science and Computing Research,Computer Research Scientist,"Data, Analytics and AI"
Research Computer Scientist,Data Science and Computing Research,Computer Research Scientist,"Data, Analytics and AI"
Scientific Computing Researcher,Data Science and Computing Research,Computer Research Scientist,"Data, Analytics and AI"
Computational Systems Researcher,Data Science and Computing Research,Computer Research Scientist,"Data, Analytics and AI"
Algorithms Research Scientist,Data Science and Computing Research,Computer Research Scientist,"Data, Analytics and AI"
Computer Algorithms Researcher,Data Science and Computing Research,Computer Research Scientist,"Data, Analytics and AI"
Distributed Systems Research Scientist,Data Science and Computing Research,Computer Research Scientist,"Data, Analytics and AI"
Systems Research Scientist,Data Science and Computing Research,Computer Research Scientist,"Data, Analytics and AI"
Software Research Scientist,Data Science and Computing Research,Computer Research Scientist,"Data, Analytics and AI"
Human-Computer Interaction Research Scientist,Data Science and Computing Research,Computer Research Scientist,"Data, Analytics and AI"
Research Scientist — Computer Science,Data Science and Computing Research,Computer Research Scientist,"Data, Analytics and AI"
Research Engineer — Computer Science,Data Science and Computing Research,Computer Research Scientist,"Data, Analytics and AI"
Computer Science R&D Engineer,Data Science and Computing Research,Computer Research Scientist,"Data, Analytics and AI"
Computing R&D Engineer,Data Science and Computing Research,Computer Research Scientist,"Data, Analytics and AI"
Applied Research Scientist,Data Science and Computing Research,Computer Research Scientist; Data Scientist; Machine Learning Research Scientist,"Data, Analytics and AI"
Applied Research Engineer,Data Science and Computing Research,Computer Research Scientist,"Data, Analytics and AI"
Research Software Engineer,Data Science and Computing Research,Computer Research Scientist,"Data, Analytics and AI"
Systems Research Engineer,Data Science and Computing Research,Computer Research Scientist,"Data, Analytics and AI"
Algorithms Engineer,Data Science and Computing Research,Computer Research Scientist,"Data, Analytics and AI"
Optimization Research Scientist,Data Science and Computing Research,Computer Research Scientist,"Data, Analytics and AI"
High Performance Computing Research Scientist,Data Science and Computing Research,Computer Research Scientist,"Data, Analytics and AI"
HPC Research Scientist,Data Science and Computing Research,Computer Research Scientist,"Data, Analytics and AI"
Quantum Computing Research Scientist,Data Science and Computing Research,Computer Research Scientist,"Data, Analytics and AI"
Edge Computing Research Scientist,Data Science and Computing Research,Computer Research Scientist,"Data, Analytics and AI"
Cloud Computing Research Scientist,Data Science and Computing Research,Computer Research Scientist,"Data, Analytics and AI"
Autonomous Systems Research Scientist,Data Science and Computing Research,Computer Research Scientist,"Data, Analytics and AI"
Robotics Research Scientist,Data Science and Computing Research,Computer Research Scientist,"Data, Analytics and AI"
Cybersecurity Research Scientist,Data Science and Computing Research,Computer Research Scientist,"Data, Analytics and AI"
Formal Methods Research Scientist,Data Science and Computing Research,Computer Research Scientist,"Data, Analytics and AI"
Programming Languages Researcher,Data Science and Computing Research,Computer Research Scientist,"Data, Analytics and AI"
Compiler Research Engineer,Data Science and Computing Research,Computer Research Scientist,"Data, Analytics and AI"
Database Research Scientist,Data Science and Computing Research,Computer Research Scientist,"Data, Analytics and AI"
Data Scientist,Data Science and Computing Research; Data Analysis and Business Intelligence; AI and Machine Learning Engineering,Data Scientist; Data Analyst; Machine Learning Research Scientist; Machine Learning Engineer,"Data, Analytics and AI"
Data Science Specialist,Data Science and Computing Research,Data Scientist,"Data, Analytics and AI"
Data Science Analyst,Data Science and Computing Research,Data Scientist,"Data, Analytics and AI"
Data Science Consultant,Data Science and Computing Research,Data Scientist,"Data, Analytics and AI"
Applied Data Scientist,Data Science and Computing Research,Data Scientist,"Data, Analytics and AI"
Predictive Modeling Data Scientist,Data Science and Computing Research,Data Scientist,"Data, Analytics and AI"
Predictive Analytics Scientist,Data Science and Computing Research,Data Scientist,"Data, Analytics and AI"
Statistical Data Scientist,Data Science and Computing Research,Data Scientist,"Data, Analytics and AI"
Quantitative Data Scientist,Data Science and Computing Research,Data Scientist,"Data, Analytics and AI"
Decision Scientist,Data Science and Computing Research; Data Analysis and Business Intelligence,Data Scientist; Data Analyst,"Data, Analytics and AI"
Decision Science Analyst,Data Science and Computing Research,Data Scientist,"Data, Analytics and AI"
Data Mining Scientist,Data Science and Computing Research,Data Scientist,"Data, Analytics and AI"
Data Mining Specialist,Data Science and Computing Research,Data Scientist,"Data, Analytics and AI"
Advanced Analytics Scientist,Data Science and Computing Research,Data Scientist,"Data, Analytics and AI"
Customer Data Scientist,Data Science and Computing Research,Data Scientist,"Data, Analytics and AI"
Product Data Scientist,Data Science and Computing Research,Data Scientist,"Data, Analytics and AI"
Marketing Data Scientist,Data Science and Computing Research,Data Scientist,"Data, Analytics and AI"
Financial Data Scientist,Data Science and Computing Research,Data Scientist,"Data, Analytics and AI"
Risk Data Scientist,Data Science and Computing Research,Data Scientist,"Data, Analytics and AI"
Fraud Data Scientist,Data Science and Computing Research,Data Scientist,"Data, Analytics and AI"
Pricing Data Scientist,Data Science and Computing Research,Data Scientist,"Data, Analytics and AI"
Forecasting Data Scientist,Data Science and Computing Research,Data Scientist,"Data, Analytics and AI"
Experimentation Scientist,Data Science and Computing Research,Data Scientist,"Data, Analytics and AI"
Causal Inference Data Scientist,Data Science and Computing Research,Data Scientist,"Data, Analytics and AI"
Operations Research Data Scientist,Data Science and Computing Research,Data Scientist,"Data, Analytics and AI"
Research Data Scientist,Data Science and Computing Research,Data Scientist; Computer Research Scientist,"Data, Analytics and AI"
Data Science Manager,Data Science and Computing Research,Data Scientist,"Data, Analytics and AI"
Data Science Researcher,Data Science and Computing Research,Data Scientist,"Data, Analytics and AI"
Data Science Research Engineer,Data Science and Computing Research; AI and Machine Learning Engineering,Data Scientist; Machine Learning Engineer; Machine Learning Research Scientist,"Data, Analytics and AI"
Data Science Engineer,Data Science and Computing Research; AI and Machine Learning Engineering; Software Development,Data Scientist; Machine Learning Engineer; Backend Developer,"Data, Analytics and AI; Software Engineering"
Quantitative Analyst,Data Science and Computing Research,Data Scientist,"Data, Analytics and AI"
Statistical Analyst,Data Science and Computing Research,Data Scientist,"Data, Analytics and AI"
Analytics Scientist,Data Science and Computing Research; Data Analysis and Business Intelligence,Data Scientist; Data Analyst,"Data, Analytics and AI"
Decision Intelligence Scientist,Data Science and Computing Research,Data Scientist,"Data, Analytics and AI"
Optimization Scientist,Data Science and Computing Research,Data Scientist,"Data, Analytics and AI"
Forecasting Scientist,Data Science and Computing Research,Data Scientist,"Data, Analytics and AI"
Time Series Scientist,Data Science and Computing Research,Data Scientist,"Data, Analytics and AI"
Customer Analytics Scientist,Data Science and Computing Research,Data Scientist,"Data, Analytics and AI"
Recommender Systems Scientist,Data Science and Computing Research,Data Scientist,"Data, Analytics and AI"
A/B Testing Scientist,Data Science and Computing Research,Data Scientist,"Data, Analytics and AI"
Behavioral Data Scientist,Data Science and Computing Research,Data Scientist,"Data, Analytics and AI"
Geospatial Data Scientist,Data Science and Computing Research; Domain-specific Informatics,Data Scientist; Geographic Information Systems Specialist,"Data, Analytics and AI"
Health Data Scientist,Data Science and Computing Research; Domain-specific Informatics,Data Scientist; Health Informatics Specialist,"Data, Analytics and AI"
Bioinformatics Data Scientist,Data Science and Computing Research; Domain-specific Informatics,Data Scientist; Bioinformatics Specialist,"Data, Analytics and AI"
Machine Learning Research Scientist,Data Science and Computing Research; AI and Machine Learning Engineering,Machine Learning Research Scientist; Machine Learning Engineer; Data Scientist,"Data, Analytics and AI"
ML Research Scientist,Data Science and Computing Research,Machine Learning Research Scientist,"Data, Analytics and AI"
Machine Learning Scientist,Data Science and Computing Research; AI and Machine Learning Engineering,Machine Learning Research Scientist; Data Scientist; Machine Learning Engineer,"Data, Analytics and AI"
AI Research Scientist,Data Science and Computing Research; AI and Machine Learning Engineering,Machine Learning Research Scientist; Artificial Intelligence Engineer,"Data, Analytics and AI"
Artificial Intelligence Research Scientist,Data Science and Computing Research,Machine Learning Research Scientist,"Data, Analytics and AI"
Deep Learning Research Scientist,Data Science and Computing Research,Machine Learning Research Scientist,"Data, Analytics and AI"
Deep Learning Scientist,Data Science and Computing Research,Machine Learning Research Scientist,"Data, Analytics and AI"
Applied ML Research Scientist,Data Science and Computing Research,Machine Learning Research Scientist,"Data, Analytics and AI"
Applied AI Research Scientist,Data Science and Computing Research,Machine Learning Research Scientist,"Data, Analytics and AI"
Research Scientist — Machine Learning,Data Science and Computing Research,Machine Learning Research Scientist,"Data, Analytics and AI"
Research Scientist — Artificial Intelligence,Data Science and Computing Research,Machine Learning Research Scientist,"Data, Analytics and AI"
Research Engineer — Machine Learning,Data Science and Computing Research,Machine Learning Research Scientist,"Data, Analytics and AI"
ML Research Engineer,Data Science and Computing Research,Machine Learning Research Scientist,"Data, Analytics and AI"
Deep Learning Research Engineer,Data Science and Computing Research,Machine Learning Research Scientist,"Data, Analytics and AI"
Neural Networks Research Scientist,Data Science and Computing Research,Machine Learning Research Scientist,"Data, Analytics and AI"
Reinforcement Learning Research Scientist,Data Science and Computing Research,Machine Learning Research Scientist,"Data, Analytics and AI"
Computer Vision Research Scientist,Data Science and Computing Research; AI and Machine Learning Engineering,Machine Learning Research Scientist; Computer Vision Engineer,"Data, Analytics and AI"
NLP Research Scientist,Data Science and Computing Research; AI and Machine Learning Engineering,Machine Learning Research Scientist; Natural Language Processing Engineer,"Data, Analytics and AI"
Generative AI Research Scientist,Data Science and Computing Research,Machine Learning Research Scientist,"Data, Analytics and AI"
Foundation Models Research Scientist,Data Science and Computing Research,Machine Learning Research Scientist,"Data, Analytics and AI"
LLM Research Scientist,Data Science and Computing Research,Machine Learning Research Scientist,"Data, Analytics and AI"
Model Research Scientist,Data Science and Computing Research,Machine Learning Research Scientist,"Data, Analytics and AI"
Algorithm Research Scientist,Data Science and Computing Research,Machine Learning Research Scientist,"Data, Analytics and AI"
Research Scientist — Generative AI,Data Science and Computing Research,Machine Learning Research Scientist,"Data, Analytics and AI"
Generative Models Research Scientist,Data Science and Computing Research,Machine Learning Research Scientist,"Data, Analytics and AI"
Foundation Model Researcher,Data Science and Computing Research,Machine Learning Research Scientist,"Data, Analytics and AI"
Large Language Model Researcher,Data Science and Computing Research,Machine Learning Research Scientist,"Data, Analytics and AI"
LLM Researcher,Data Science and Computing Research,Machine Learning Research Scientist,"Data, Analytics and AI"
Representation Learning Researcher,Data Science and Computing Research,Machine Learning Research Scientist,"Data, Analytics and AI"
Reinforcement Learning Researcher,Data Science and Computing Research,Machine Learning Research Scientist,"Data, Analytics and AI"
Causal ML Research Scientist,Data Science and Computing Research,Machine Learning Research Scientist,"Data, Analytics and AI"
Responsible AI Research Scientist,Data Science and Computing Research,Machine Learning Research Scientist,"Data, Analytics and AI"
AI Safety Research Scientist,Data Science and Computing Research,Machine Learning Research Scientist,"Data, Analytics and AI"
Model Evaluation Research Scientist,Data Science and Computing Research,Machine Learning Research Scientist,"Data, Analytics and AI"
ML Theory Researcher,Data Science and Computing Research,Machine Learning Research Scientist,"Data, Analytics and AI"
Statistical Learning Researcher,Data Science and Computing Research,Machine Learning Research Scientist,"Data, Analytics and AI"
Multimodal AI Research Scientist,Data Science and Computing Research,Machine Learning Research Scientist,"Data, Analytics and AI"
Robotics AI Research Scientist,Data Science and Computing Research,Machine Learning Research Scientist,"Data, Analytics and AI"
Speech AI Research Scientist,Data Science and Computing Research,Machine Learning Research Scientist,"Data, Analytics and AI"
Vision Research Engineer,Data Science and Computing Research,Machine Learning Research Scientist,"Data, Analytics and AI"
Research Applied Scientist,Data Science and Computing Research,Machine Learning Research Scientist,"Data, Analytics and AI"
AI Algorithm Scientist,Data Science and Computing Research,Machine Learning Research Scientist,"Data, Analytics and AI"
Database Administrator,Database Engineering; Systems Administration and Operations,Database Administrator; Systems Administrator; Database Architect,"Data, Analytics and AI; Cloud, Platforms and IT Operations"
DBA,Database Engineering,Database Administrator,"Data, Analytics and AI"
Database Operations Administrator,Database Engineering,Database Administrator,"Data, Analytics and AI"
Database Infrastructure Administrator,Database Engineering,Database Administrator,"Data, Analytics and AI"
Database Platform Administrator,Database Engineering,Database Administrator,"Data, Analytics and AI"
SQL Database Administrator,Database Engineering,Database Administrator,"Data, Analytics and AI"
Oracle Database Administrator,Database Engineering,Database Administrator,"Data, Analytics and AI"
Oracle DBA,Database Engineering,Database Administrator,"Data, Analytics and AI"
Microsoft SQL Server Database Administrator,Database Engineering,Database Administrator,"Data, Analytics and AI"
SQL Server DBA,Database Engineering,Database Administrator,"Data, Analytics and AI"
MySQL Database Administrator,Database Engineering,Database Administrator,"Data, Analytics and AI"
MySQL DBA,Database Engineering,Database Administrator,"Data, Analytics and AI"
PostgreSQL Database Administrator,Database Engineering,Database Administrator,"Data, Analytics and AI"
PostgreSQL DBA,Database Engineering,Database Administrator,"Data, Analytics and AI"
MariaDB Database Administrator,Database Engineering,Database Administrator,"Data, Analytics and AI"
MongoDB Database Administrator,Database Engineering,Database Administrator,"Data, Analytics and AI"
MongoDB DBA,Database Engineering,Database Administrator,"Data, Analytics and AI"
IBM Db2 Database Administrator,Database Engineering,Database Administrator,"Data, Analytics and AI"
Db2 DBA,Database Engineering,Database Administrator,"Data, Analytics and AI"
SAP HANA Database Administrator,Database Engineering,Database Administrator,"Data, Analytics and AI"
HANA DBA,Database Engineering,Database Administrator,"Data, Analytics and AI"
Teradata Database Administrator,Database Engineering,Database Administrator,"Data, Analytics and AI"
Snowflake Database Administrator,Database Engineering,Database Administrator,"Data, Analytics and AI"
Cloud Database Administrator,Database Engineering; Cloud and Platform Engineering; Systems Administration and Operations,Database Administrator; Cloud Administrator; Systems Administrator,"Data, Analytics and AI; Cloud, Platforms and IT Operations"
Database Security Administrator,Database Engineering; Cybersecurity Engineering,Database Administrator; Security Administrator,"Data, Analytics and AI; Cybersecurity"
Database Backup Administrator,Database Engineering,Database Administrator,"Data, Analytics and AI"
Database Recovery Administrator,Database Engineering,Database Administrator,"Data, Analytics and AI"
Database Performance Administrator,Database Engineering,Database Administrator,"Data, Analytics and AI"
Database Support Administrator,Database Engineering,Database Administrator,"Data, Analytics and AI"
Database Administration Engineer,Database Engineering,Database Administrator,"Data, Analytics and AI"
Database Operations Engineer,Database Engineering,Database Administrator,"Data, Analytics and AI"
Database Reliability Engineer,Database Engineering; Cloud and Platform Engineering,Database Administrator; Database Architect; Site Reliability Engineer,"Data, Analytics and AI; Cloud, Platforms and IT Operations"
Database Availability Engineer,Database Engineering,Database Administrator,"Data, Analytics and AI"
Database Monitoring Engineer,Database Engineering,Database Administrator,"Data, Analytics and AI"
Database Performance Specialist,Database Engineering,Database Administrator,"Data, Analytics and AI"
Database Tuning Specialist,Database Engineering,Database Administrator,"Data, Analytics and AI"
Database Backup and Recovery Specialist,Database Engineering,Database Administrator,"Data, Analytics and AI"
Database Replication Administrator,Database Engineering,Database Administrator,"Data, Analytics and AI"
Database Migration Administrator,Database Engineering,Database Administrator,"Data, Analytics and AI"
Database Patch Administrator,Database Engineering,Database Administrator,"Data, Analytics and AI"
Database Maintenance Administrator,Database Engineering,Database Administrator,"Data, Analytics and AI"
Database Cluster Administrator,Database Engineering,Database Administrator,"Data, Analytics and AI"
Database High Availability Administrator,Database Engineering,Database Administrator,"Data, Analytics and AI"
Database Disaster Recovery Administrator,Database Engineering,Database Administrator,"Data, Analytics and AI"
Database Platform Operations Engineer,Database Engineering,Database Administrator,"Data, Analytics and AI"
Cloud DBA,Database Engineering,Database Administrator,"Data, Analytics and AI"
Azure SQL DBA,Database Engineering,Database Administrator,"Data, Analytics and AI"
AWS RDS Administrator,Database Engineering,Database Administrator,"Data, Analytics and AI"
Google Cloud SQL Administrator,Database Engineering,Database Administrator,"Data, Analytics and AI"
NoSQL Database Administrator,Database Engineering,Database Administrator,"Data, Analytics and AI"
Redis Administrator,Database Engineering,Database Administrator,"Data, Analytics and AI"
Elasticsearch Administrator,Database Engineering,Database Administrator,"Data, Analytics and AI"
Cassandra Administrator,Database Engineering,Database Administrator,"Data, Analytics and AI"
Neo4j Administrator,Database Engineering,Database Administrator,"Data, Analytics and AI"
Database Architect,Database Engineering; Data Engineering; Enterprise and Systems Architecture,Database Architect; Data Architect; Systems Architect,"Data, Analytics and AI; Architecture and Systems Analysis"
Database Systems Architect,Database Engineering; Data Engineering,Database Architect; Data Architect,"Data, Analytics and AI"
Database Platform Architect,Database Engineering,Database Architect,"Data, Analytics and AI"
Enterprise Database Architect,Database Engineering,Database Architect,"Data, Analytics and AI"
Data Database Architect,Database Engineering,Database Architect,"Data, Analytics and AI"
Database Solutions Architect,Database Engineering,Database Architect,"Data, Analytics and AI"
Database Infrastructure Architect,Database Engineering,Database Architect,"Data, Analytics and AI"
Database Technology Architect,Database Engineering,Database Architect,"Data, Analytics and AI"
Database Design Architect,Database Engineering,Database Architect,"Data, Analytics and AI"
Database Modeling Architect,Database Engineering,Database Architect,"Data, Analytics and AI"
Data Store Architect,Database Engineering,Database Architect,"Data, Analytics and AI"
Relational Database Architect,Database Engineering,Database Architect,"Data, Analytics and AI"
NoSQL Database Architect,Database Engineering,Database Architect,"Data, Analytics and AI"
Cloud Database Architect,Database Engineering,Database Architect,"Data, Analytics and AI"
Distributed Database Architect,Database Engineering,Database Architect,"Data, Analytics and AI"
Database Modernization Architect,Database Engineering,Database Architect,"Data, Analytics and AI"
Database Migration Architect,Database Engineering,Database Architect,"Data, Analytics and AI"
Database Security Architect,Database Engineering,Database Architect,"Data, Analytics and AI"
Database High Availability Architect,Database Engineering,Database Architect,"Data, Analytics and AI"
Database Performance Architect,Database Engineering,Database Architect,"Data, Analytics and AI"
Database Governance Architect,Database Engineering,Database Architect,"Data, Analytics and AI"
Database Architecture Manager,Database Engineering,Database Architect,"Data, Analytics and AI"
Database Architecture Director,Database Engineering,Database Architect,"Data, Analytics and AI"
Enterprise Data Platform Architect,Database Engineering,Database Architect,"Data, Analytics and AI"
Database Cloud Architect,Database Engineering,Database Architect,"Data, Analytics and AI"
Database Platform Solutions Architect,Database Engineering,Database Architect,"Data, Analytics and AI"
Database Reliability Architect,Database Engineering,Database Architect,"Data, Analytics and AI"
Database Scalability Architect,Database Engineering,Database Architect,"Data, Analytics and AI"
Database Resilience Architect,Database Engineering,Database Architect,"Data, Analytics and AI"
Data Persistence Architect,Database Engineering,Database Architect,"Data, Analytics and AI"
Database Technology Strategy Architect,Database Engineering,Database Architect,"Data, Analytics and AI"
Database Lifecycle Architect,Database Engineering,Database Architect,"Data, Analytics and AI"
Database Standards Architect,Database Engineering,Database Architect,"Data, Analytics and AI"
Database Domain Architect,Database Engineering,Database Architect,"Data, Analytics and AI"
Database Integration Architect,Database Engineering; Data Engineering,Database Architect; Data Architect; Database Integrator,"Data, Analytics and AI"
Database Warehouse Architect,Database Engineering,Database Architect,"Data, Analytics and AI"
Database Schema Architect,Database Engineering,Database Architect,"Data, Analytics and AI"
Database Logical Model Architect,Database Engineering,Database Architect,"Data, Analytics and AI"
Database Physical Model Architect,Database Engineering,Database Architect,"Data, Analytics and AI"
Database Developer,Database Engineering; Data Engineering; Software Development,Database Developer; Data Engineer; Database Administrator; Database Integrator; Backend Developer,"Data, Analytics and AI; Software Engineering"
SQL Developer,Database Engineering,Database Developer,"Data, Analytics and AI"
Database Application Developer,Database Engineering,Database Developer,"Data, Analytics and AI"
Database Software Developer,Database Engineering,Database Developer,"Data, Analytics and AI"
Database Programmer,Database Engineering,Database Developer,"Data, Analytics and AI"
SQL Programmer,Database Engineering,Database Developer,"Data, Analytics and AI"
Stored Procedure Developer,Database Engineering,Database Developer,"Data, Analytics and AI"
PL/SQL Developer,Database Engineering,Database Developer,"Data, Analytics and AI"
T-SQL Developer,Database Engineering,Database Developer,"Data, Analytics and AI"
Transact-SQL Developer,Database Engineering,Database Developer,"Data, Analytics and AI"
Oracle Database Developer,Database Engineering,Database Developer,"Data, Analytics and AI"
Oracle PL/SQL Developer,Database Engineering,Database Developer,"Data, Analytics and AI"
SQL Server Developer,Database Engineering,Database Developer,"Data, Analytics and AI"
MySQL Database Developer,Database Engineering,Database Developer,"Data, Analytics and AI"
PostgreSQL Database Developer,Database Engineering,Database Developer,"Data, Analytics and AI"
Db2 Database Developer,Database Engineering,Database Developer,"Data, Analytics and AI"
SAP HANA Developer,Database Engineering,Database Developer,"Data, Analytics and AI"
MongoDB Developer,Database Engineering,Database Developer,"Data, Analytics and AI"
NoSQL Database Developer,Database Engineering,Database Developer,"Data, Analytics and AI"
Database Query Developer,Database Engineering,Database Developer,"Data, Analytics and AI"
Database Script Developer,Database Engineering,Database Developer,"Data, Analytics and AI"
Database API Developer,Database Engineering,Database Developer,"Data, Analytics and AI"
Database Services Developer,Database Engineering,Database Developer,"Data, Analytics and AI"
Database Performance Developer,Database Engineering,Database Developer,"Data, Analytics and AI"
Database Migration Developer,Database Engineering,Database Developer,"Data, Analytics and AI"
Database ETL Developer,Database Engineering,Database Developer,"Data, Analytics and AI"
Database Development Engineer,Database Engineering,Database Developer,"Data, Analytics and AI"
Database SQL Engineer,Database Engineering,Database Developer,"Data, Analytics and AI"
Database Automation Developer,Database Engineering,Database Developer,"Data, Analytics and AI"
Database DevOps Engineer,Database Engineering,Database Developer,"Data, Analytics and AI"
Database Tooling Developer,Database Engineering,Database Developer,"Data, Analytics and AI"
Database Schema Developer,Database Engineering,Database Developer,"Data, Analytics and AI"
Database Model Developer,Database Engineering,Database Developer,"Data, Analytics and AI"
Data Access Layer Developer,Database Engineering,Database Developer,"Data, Analytics and AI"
Data Persistence Developer,Database Engineering,Database Developer,"Data, Analytics and AI"
Database Integration Developer,Database Engineering; Data Engineering,Database Developer; Data Engineer; Database Integrator,"Data, Analytics and AI"
Database Reporting Developer,Database Engineering,Database Developer,"Data, Analytics and AI"
Database Warehouse Developer,Database Engineering,Database Developer,"Data, Analytics and AI"
Database Optimization Developer,Database Engineering,Database Developer,"Data, Analytics and AI"
Query Optimization Specialist,Database Engineering,Database Developer,"Data, Analytics and AI"
PL/pgSQL Developer,Database Engineering,Database Developer,"Data, Analytics and AI"
PostgreSQL SQL Developer,Database Engineering,Database Developer,"Data, Analytics and AI"
MySQL SQL Developer,Database Engineering,Database Developer,"Data, Analytics and AI"
SQLite Developer,Database Engineering,Database Developer,"Data, Analytics and AI"
BigQuery SQL Developer,Database Engineering,Database Developer,"Data, Analytics and AI"
Snowflake SQL Developer,Database Engineering,Database Developer,"Data, Analytics and AI"
Database Integrator,Database Engineering,Database Integrator,"Data, Analytics and AI"
Database Integration Engineer,Database Engineering; Data Engineering; Enterprise and Systems Architecture,Database Integrator; Data Engineer; Systems Integration Engineer,"Data, Analytics and AI; Architecture and Systems Analysis"
Database Integration Specialist,Database Engineering,Database Integrator,"Data, Analytics and AI"
Database Systems Integrator,Database Engineering,Database Integrator,"Data, Analytics and AI"
Database Migration Engineer,Database Engineering; Systems Administration and Operations,Database Integrator; Database Administrator; IT Disaster Recovery Specialist,"Data, Analytics and AI; Cloud, Platforms and IT Operations"
Database Migration Specialist,Database Engineering,Database Integrator,"Data, Analytics and AI"
Database Replication Engineer,Database Engineering,Database Integrator,"Data, Analytics and AI"
Database Replication Specialist,Database Engineering,Database Integrator,"Data, Analytics and AI"
Database Synchronization Engineer,Database Engineering,Database Integrator,"Data, Analytics and AI"
Database Synchronization Specialist,Database Engineering,Database Integrator,"Data, Analytics and AI"
Database Interface Engineer,Database Engineering,Database Integrator,"Data, Analytics and AI"
Database Connectivity Engineer,Database Engineering,Database Integrator,"Data, Analytics and AI"
Database Interoperability Engineer,Database Engineering,Database Integrator,"Data, Analytics and AI"
Cross-Database Integration Engineer,Database Engineering,Database Integrator,"Data, Analytics and AI"
Data Store Integration Engineer,Database Engineering,Database Integrator,"Data, Analytics and AI"
Database Consolidation Engineer,Database Engineering,Database Integrator,"Data, Analytics and AI"
Database Federation Engineer,Database Engineering,Database Integrator,"Data, Analytics and AI"
Database Interchange Engineer,Database Engineering,Database Integrator,"Data, Analytics and AI"
Database Exchange Engineer,Database Engineering,Database Integrator,"Data, Analytics and AI"
Database ETL Integration Engineer,Database Engineering,Database Integrator,"Data, Analytics and AI"
Database Integration Consultant,Database Engineering,Database Integrator,"Data, Analytics and AI"
Database Integration Analyst,Database Engineering,Database Integrator,"Data, Analytics and AI"
Database Migration Consultant,Database Engineering,Database Integrator,"Data, Analytics and AI"
Database Connectivity Specialist,Database Engineering,Database Integrator,"Data, Analytics and AI"
Database Data Exchange Specialist,Database Engineering,Database Integrator,"Data, Analytics and AI"
Database API Integration Engineer,Database Engineering,Database Integrator,"Data, Analytics and AI"
Database Middleware Integration Engineer,Database Engineering,Database Integrator,"Data, Analytics and AI"
Database Integration Operations Engineer,Database Engineering,Database Integrator,"Data, Analytics and AI"
Database Conversion Engineer,Database Engineering,Database Integrator,"Data, Analytics and AI"
Database Modernization Integration Engineer,Database Engineering,Database Integrator,"Data, Analytics and AI"
Database Cutover Engineer,Database Engineering,Database Integrator,"Data, Analytics and AI"
Database Merge Specialist,Database Engineering,Database Integrator,"Data, Analytics and AI"
Database Platform Integration Engineer,Database Engineering,Database Integrator,"Data, Analytics and AI"
Database Cloud Migration Engineer,Database Engineering,Database Integrator,"Data, Analytics and AI"
SQL Integration Engineer,Database Engineering,Database Integrator,"Data, Analytics and AI"
SQL Server Integration Engineer,Database Engineering,Database Integrator,"Data, Analytics and AI"
PostgreSQL Integration Engineer,Database Engineering,Database Integrator,"Data, Analytics and AI"
ETL Database Integration Engineer,Database Engineering,Database Integrator,"Data, Analytics and AI"
Master Data Integration Specialist,Database Engineering,Database Integrator,"Data, Analytics and AI"
Bioinformatics Specialist,Domain-specific Informatics,Bioinformatics Specialist,"Data, Analytics and AI"
Bioinformatician,Domain-specific Informatics,Bioinformatics Specialist,"Data, Analytics and AI"
Bioinformatics Analyst,Domain-specific Informatics,Bioinformatics Specialist,"Data, Analytics and AI"
Bioinformatics Scientist,Domain-specific Informatics,Bioinformatics Specialist,"Data, Analytics and AI"
Bioinformatics Engineer,Domain-specific Informatics,Bioinformatics Specialist,"Data, Analytics and AI"
Computational Biologist,Domain-specific Informatics,Bioinformatics Specialist,"Data, Analytics and AI"
Computational Biology Specialist,Domain-specific Informatics,Bioinformatics Specialist,"Data, Analytics and AI"
Computational Biology Analyst,Domain-specific Informatics,Bioinformatics Specialist,"Data, Analytics and AI"
Computational Genomics Specialist,Domain-specific Informatics,Bioinformatics Specialist,"Data, Analytics and AI"
Genomics Bioinformatics Specialist,Domain-specific Informatics,Bioinformatics Specialist,"Data, Analytics and AI"
Genomics Analyst,Domain-specific Informatics,Bioinformatics Specialist,"Data, Analytics and AI"
Genomic Data Analyst,Domain-specific Informatics,Bioinformatics Specialist,"Data, Analytics and AI"
Genomic Data Scientist,Domain-specific Informatics,Bioinformatics Specialist,"Data, Analytics and AI"
Sequence Analysis Specialist,Domain-specific Informatics,Bioinformatics Specialist,"Data, Analytics and AI"
DNA Sequence Analyst,Domain-specific Informatics,Bioinformatics Specialist,"Data, Analytics and AI"
RNA Sequence Analyst,Domain-specific Informatics,Bioinformatics Specialist,"Data, Analytics and AI"
NGS Bioinformatics Specialist,Domain-specific Informatics,Bioinformatics Specialist,"Data, Analytics and AI"
Next Generation Sequencing Bioinformatics Specialist,Domain-specific Informatics,Bioinformatics Specialist,"Data, Analytics and AI"
Proteomics Bioinformatics Specialist,Domain-specific Informatics,Bioinformatics Specialist,"Data, Analytics and AI"
Transcriptomics Bioinformatics Specialist,Domain-specific Informatics,Bioinformatics Specialist,"Data, Analytics and AI"
Metagenomics Bioinformatics Specialist,Domain-specific Informatics,Bioinformatics Specialist,"Data, Analytics and AI"
Systems Biology Specialist,Domain-specific Informatics,Bioinformatics Specialist,"Data, Analytics and AI"
Biomedical Informatics Bioinformatics Specialist,Domain-specific Informatics,Bioinformatics Specialist,"Data, Analytics and AI"
Clinical Bioinformatics Specialist,Domain-specific Informatics,Bioinformatics Specialist,"Data, Analytics and AI"
Molecular Data Analyst,Domain-specific Informatics,Bioinformatics Specialist,"Data, Analytics and AI"
Bioinformatics Pipeline Engineer,Domain-specific Informatics; Data Engineering,Bioinformatics Specialist; Data Engineer,"Data, Analytics and AI"
Bioinformatics Software Engineer,Domain-specific Informatics,Bioinformatics Specialist,"Data, Analytics and AI"
Bioinformatics Data Engineer,Domain-specific Informatics; Data Engineering,Bioinformatics Specialist; Data Engineer,"Data, Analytics and AI"
Bioinformatics Research Scientist,Domain-specific Informatics,Bioinformatics Specialist,"Data, Analytics and AI"
Computational Genomics Engineer,Domain-specific Informatics,Bioinformatics Specialist,"Data, Analytics and AI"
Genomics Data Engineer,Domain-specific Informatics,Bioinformatics Specialist,"Data, Analytics and AI"
Genomic Pipeline Engineer,Domain-specific Informatics,Bioinformatics Specialist,"Data, Analytics and AI"
Clinical Genomics Analyst,Domain-specific Informatics,Bioinformatics Specialist,"Data, Analytics and AI"
Precision Medicine Informatics Specialist,Domain-specific Informatics,Bioinformatics Specialist,"Data, Analytics and AI"
Omics Data Specialist,Domain-specific Informatics,Bioinformatics Specialist,"Data, Analytics and AI"
Multi-Omics Analyst,Domain-specific Informatics,Bioinformatics Specialist,"Data, Analytics and AI"
Proteogenomics Analyst,Domain-specific Informatics,Bioinformatics Specialist,"Data, Analytics and AI"
Biological Data Curator,Domain-specific Informatics,Bioinformatics Specialist,"Data, Analytics and AI"
Biological Knowledge Engineer,Domain-specific Informatics,Bioinformatics Specialist,"Data, Analytics and AI"
Life Sciences Data Scientist,Domain-specific Informatics,Bioinformatics Specialist,"Data, Analytics and AI"
Drug Discovery Bioinformatics Specialist,Domain-specific Informatics,Bioinformatics Specialist,"Data, Analytics and AI"
Cheminformatics Specialist,Domain-specific Informatics,Bioinformatics Specialist,"Data, Analytics and AI"
Molecular Modeling Data Specialist,Domain-specific Informatics,Bioinformatics Specialist,"Data, Analytics and AI"
Geographic Information Systems Specialist,Domain-specific Informatics,Geographic Information Systems Specialist,"Data, Analytics and AI"
GIS Specialist,Domain-specific Informatics,Geographic Information Systems Specialist,"Data, Analytics and AI"
GIS Analyst,Domain-specific Informatics,Geographic Information Systems Specialist,"Data, Analytics and AI"
Geographic Information Systems Analyst,Domain-specific Informatics,Geographic Information Systems Specialist,"Data, Analytics and AI"
Geospatial Analyst,Domain-specific Informatics,Geographic Information Systems Specialist,"Data, Analytics and AI"
Geospatial Information Systems Specialist,Domain-specific Informatics,Geographic Information Systems Specialist,"Data, Analytics and AI"
Geospatial Data Specialist,Domain-specific Informatics,Geographic Information Systems Specialist,"Data, Analytics and AI"
Spatial Data Analyst,Domain-specific Informatics; Data Analysis and Business Intelligence,Geographic Information Systems Specialist; Data Analyst,"Data, Analytics and AI"
Spatial Information Specialist,Domain-specific Informatics,Geographic Information Systems Specialist,"Data, Analytics and AI"
Geomatics Specialist,Domain-specific Informatics,Geographic Information Systems Specialist,"Data, Analytics and AI"
Geospatial Systems Analyst,Domain-specific Informatics,Geographic Information Systems Specialist,"Data, Analytics and AI"
GIS Technician,Domain-specific Informatics,Geographic Information Systems Specialist,"Data, Analytics and AI"
GIS Engineer,Domain-specific Informatics,Geographic Information Systems Specialist,"Data, Analytics and AI"
Geospatial Engineer,Domain-specific Informatics,Geographic Information Systems Specialist,"Data, Analytics and AI"
Remote Sensing GIS Specialist,Domain-specific Informatics,Geographic Information Systems Specialist,"Data, Analytics and AI"
Cartographic Information Systems Specialist,Domain-specific Informatics,Geographic Information Systems Specialist,"Data, Analytics and AI"
Spatial Database GIS Specialist,Domain-specific Informatics,Geographic Information Systems Specialist,"Data, Analytics and AI"
Mapping Systems Specialist,Domain-specific Informatics,Geographic Information Systems Specialist,"Data, Analytics and AI"
Location Intelligence Specialist,Domain-specific Informatics,Geographic Information Systems Specialist,"Data, Analytics and AI"
Geospatial Intelligence Analyst,Domain-specific Informatics,Geographic Information Systems Specialist,"Data, Analytics and AI"
Geospatial Technology Specialist,Domain-specific Informatics,Geographic Information Systems Specialist,"Data, Analytics and AI"
Web GIS Specialist,Domain-specific Informatics,Geographic Information Systems Specialist,"Data, Analytics and AI"
Enterprise GIS Specialist,Domain-specific Informatics,Geographic Information Systems Specialist,"Data, Analytics and AI"
GIS Manager,Domain-specific Informatics,Geographic Information Systems Specialist,"Data, Analytics and AI"
GIS Coordinator,Domain-specific Informatics,Geographic Information Systems Specialist,"Data, Analytics and AI"
GIS Data Engineer,Domain-specific Informatics; Data Engineering,Geographic Information Systems Specialist; Data Engineer,"Data, Analytics and AI"
GIS Developer,Domain-specific Informatics; Software Development,Geographic Information Systems Specialist; Frontend Developer; Full-stack Developer,"Data, Analytics and AI; Software Engineering"
GIS Software Engineer,Domain-specific Informatics,Geographic Information Systems Specialist,"Data, Analytics and AI"
Geospatial Data Engineer,Domain-specific Informatics; Data Engineering,Geographic Information Systems Specialist; Data Engineer,"Data, Analytics and AI"
Geospatial AI Engineer,Domain-specific Informatics; AI and Machine Learning Engineering,Geographic Information Systems Specialist; Artificial Intelligence Engineer; Computer Vision Engineer,"Data, Analytics and AI"
Remote Sensing Analyst,Domain-specific Informatics; AI and Machine Learning Engineering,Geographic Information Systems Specialist; Computer Vision Engineer,"Data, Analytics and AI"
Satellite Imagery Analyst,Domain-specific Informatics,Geographic Information Systems Specialist,"Data, Analytics and AI"
Earth Observation Analyst,Domain-specific Informatics,Geographic Information Systems Specialist,"Data, Analytics and AI"
Spatial Data Scientist,Domain-specific Informatics; Data Science and Computing Research,Geographic Information Systems Specialist; Data Scientist,"Data, Analytics and AI"
Spatial Database Specialist,Domain-specific Informatics,Geographic Information Systems Specialist,"Data, Analytics and AI"
Geospatial Platform Engineer,Domain-specific Informatics,Geographic Information Systems Specialist,"Data, Analytics and AI"
GIS Solutions Architect,Domain-specific Informatics; Enterprise and Systems Architecture,Geographic Information Systems Specialist; Solution Architect,"Data, Analytics and AI; Architecture and Systems Analysis"
GIS Application Administrator,Domain-specific Informatics,Geographic Information Systems Specialist,"Data, Analytics and AI"
GIS Integration Engineer,Domain-specific Informatics; Enterprise and Systems Architecture; Software Development,Geographic Information Systems Specialist; Systems Integration Engineer; Backend Developer,"Data, Analytics and AI; Architecture and Systems Analysis; Software Engineering"
Location Analytics Specialist,Domain-specific Informatics,Geographic Information Systems Specialist,"Data, Analytics and AI"
Geocoding Specialist,Domain-specific Informatics,Geographic Information Systems Specialist,"Data, Analytics and AI"
Routing and Network Analysis Specialist,Domain-specific Informatics,Geographic Information Systems Specialist,"Data, Analytics and AI"
Spatial Modeling Analyst,Domain-specific Informatics,Geographic Information Systems Specialist,"Data, Analytics and AI"
Digital Twin GIS Specialist,Domain-specific Informatics,Geographic Information Systems Specialist,"Data, Analytics and AI"
Health Informatics Specialist,Domain-specific Informatics,Health Informatics Specialist,"Data, Analytics and AI"
Healthcare Informatics Specialist,Domain-specific Informatics,Health Informatics Specialist,"Data, Analytics and AI"
Health Information Systems Specialist,Domain-specific Informatics,Health Informatics Specialist,"Data, Analytics and AI"
Healthcare Information Systems Specialist,Domain-specific Informatics,Health Informatics Specialist,"Data, Analytics and AI"
Clinical Informatics Specialist,Domain-specific Informatics,Health Informatics Specialist,"Data, Analytics and AI"
Clinical Information Systems Specialist,Domain-specific Informatics,Health Informatics Specialist,"Data, Analytics and AI"
Medical Informatics Specialist,Domain-specific Informatics,Health Informatics Specialist,"Data, Analytics and AI"
Medical Information Systems Specialist,Domain-specific Informatics,Health Informatics Specialist,"Data, Analytics and AI"
Healthcare IT Specialist,Domain-specific Informatics,Health Informatics Specialist,"Data, Analytics and AI"
Health IT Specialist,Domain-specific Informatics,Health Informatics Specialist,"Data, Analytics and AI"
Clinical Systems Analyst,Domain-specific Informatics,Health Informatics Specialist,"Data, Analytics and AI"
Electronic Health Record Specialist,Domain-specific Informatics,Health Informatics Specialist,"Data, Analytics and AI"
EHR Specialist,Domain-specific Informatics,Health Informatics Specialist,"Data, Analytics and AI"
Electronic Medical Record Specialist,Domain-specific Informatics,Health Informatics Specialist,"Data, Analytics and AI"
EMR Specialist,Domain-specific Informatics,Health Informatics Specialist,"Data, Analytics and AI"
Hospital Information Systems Specialist,Domain-specific Informatics,Health Informatics Specialist,"Data, Analytics and AI"
HIS Specialist,Domain-specific Informatics,Health Informatics Specialist,"Data, Analytics and AI"
Health Data Informatics Specialist,Domain-specific Informatics,Health Informatics Specialist,"Data, Analytics and AI"
Clinical Data Informatics Specialist,Domain-specific Informatics; Data Analysis and Business Intelligence; Data Engineering,Health Informatics Specialist; Data Analyst; Data Engineer,"Data, Analytics and AI"
Patient Data Informatics Specialist,Domain-specific Informatics,Health Informatics Specialist,"Data, Analytics and AI"
Healthcare Applications Specialist,Domain-specific Informatics,Health Informatics Specialist,"Data, Analytics and AI"
Clinical Applications Specialist,Domain-specific Informatics,Health Informatics Specialist,"Data, Analytics and AI"
Medical Systems Analyst,Domain-specific Informatics,Health Informatics Specialist,"Data, Analytics and AI"
Healthcare Systems Analyst,Domain-specific Informatics,Health Informatics Specialist,"Data, Analytics and AI"
Health Information Management Systems Specialist,Domain-specific Informatics,Health Informatics Specialist,"Data, Analytics and AI"
Health Informatics Manager,Domain-specific Informatics,Health Informatics Specialist,"Data, Analytics and AI"
Clinical Informatics Manager,Domain-specific Informatics,Health Informatics Specialist,"Data, Analytics and AI"
EHR Analyst,Domain-specific Informatics,Health Informatics Specialist,"Data, Analytics and AI"
EMR Analyst,Domain-specific Informatics,Health Informatics Specialist,"Data, Analytics and AI"
EHR Application Analyst,Domain-specific Informatics,Health Informatics Specialist,"Data, Analytics and AI"
Clinical Application Analyst,Domain-specific Informatics,Health Informatics Specialist,"Data, Analytics and AI"
Health Data Engineer,Domain-specific Informatics; Data Engineering,Health Informatics Specialist; Data Engineer,"Data, Analytics and AI"
Healthcare Integration Engineer,Domain-specific Informatics; Data Engineering; Enterprise and Systems Architecture,Health Informatics Specialist; Data Engineer; Systems Integration Engineer,"Data, Analytics and AI; Architecture and Systems Analysis"
HL7 Integration Specialist,Domain-specific Informatics,Health Informatics Specialist,"Data, Analytics and AI"
FHIR Integration Specialist,Domain-specific Informatics,Health Informatics Specialist,"Data, Analytics and AI"
DICOM Specialist,Domain-specific Informatics,Health Informatics Specialist,"Data, Analytics and AI"
PACS Administrator,Domain-specific Informatics,Health Informatics Specialist,"Data, Analytics and AI"
Picture Archiving and Communication Systems Administrator,Domain-specific Informatics,Health Informatics Specialist,"Data, Analytics and AI"
Laboratory Information Systems Specialist,Domain-specific Informatics,Health Informatics Specialist,"Data, Analytics and AI"
LIS Specialist,Domain-specific Informatics,Health Informatics Specialist,"Data, Analytics and AI"
Radiology Informatics Specialist,Domain-specific Informatics,Health Informatics Specialist,"Data, Analytics and AI"
Pharmacy Informatics Specialist,Domain-specific Informatics,Health Informatics Specialist,"Data, Analytics and AI"
Nursing Informatics Specialist,Domain-specific Informatics,Health Informatics Specialist,"Data, Analytics and AI"
Digital Health Specialist,Domain-specific Informatics,Health Informatics Specialist,"Data, Analytics and AI"
Telehealth Systems Specialist,Domain-specific Informatics,Health Informatics Specialist,"Data, Analytics and AI"
Health Information Exchange Specialist,Domain-specific Informatics,Health Informatics Specialist,"Data, Analytics and AI"
HIE Specialist,Domain-specific Informatics,Health Informatics Specialist,"Data, Analytics and AI"
Clinical Decision Support Specialist,Domain-specific Informatics,Health Informatics Specialist,"Data, Analytics and AI"
Digital Document Management Specialist,Technical Documentation and Learning,Digital Document Management Specialist,IT Support
Document Management Specialist,Technical Documentation and Learning; Data Engineering,Digital Document Management Specialist; Data Governance and Stewardship Specialist; IT Technical Writer,"IT Support; Data, Analytics and AI"
Electronic Document Management Specialist,Technical Documentation and Learning,Digital Document Management Specialist,IT Support
Electronic Document Management Systems Specialist,Technical Documentation and Learning,Digital Document Management Specialist,IT Support
EDMS Specialist,Technical Documentation and Learning,Digital Document Management Specialist,IT Support
Digital Records Management Specialist,Technical Documentation and Learning,Digital Document Management Specialist,IT Support
Digital Records Specialist,Technical Documentation and Learning,Digital Document Management Specialist,IT Support
Information Management Systems Specialist,Technical Documentation and Learning,Digital Document Management Specialist,IT Support
Document Control Specialist,Technical Documentation and Learning,Digital Document Management Specialist,IT Support
Document Control Systems Specialist,Technical Documentation and Learning,Digital Document Management Specialist,IT Support
Document Management Systems Administrator,Technical Documentation and Learning; User and Application Support,Digital Document Management Specialist; Application Support Specialist,IT Support
DMS Administrator,Technical Documentation and Learning,Digital Document Management Specialist,IT Support
Document Repository Specialist,Technical Documentation and Learning,Digital Document Management Specialist,IT Support
Enterprise Content Management Specialist,Technical Documentation and Learning,Digital Document Management Specialist,IT Support
ECM Specialist,Technical Documentation and Learning,Digital Document Management Specialist,IT Support
Content Services Specialist,Technical Documentation and Learning,Digital Document Management Specialist,IT Support
Digital Archive Specialist,Technical Documentation and Learning,Digital Document Management Specialist,IT Support
Electronic Records Specialist,Technical Documentation and Learning,Digital Document Management Specialist,IT Support
Digital Document Control Analyst,Technical Documentation and Learning,Digital Document Management Specialist,IT Support
Digital Asset Management Specialist,Technical Documentation and Learning,Digital Document Management Specialist,IT Support
DAM Specialist,Technical Documentation and Learning,Digital Document Management Specialist,IT Support
Content Management Systems Specialist,Technical Documentation and Learning,Digital Document Management Specialist,IT Support
Document Management Manager,Technical Documentation and Learning,Digital Document Management Specialist,IT Support
Digital Records Manager,Technical Documentation and Learning,Digital Document Management Specialist,IT Support
Document Control Manager,Technical Documentation and Learning,Digital Document Management Specialist,IT Support
EDMS Administrator,Technical Documentation and Learning,Digital Document Management Specialist,IT Support
ECM Administrator,Technical Documentation and Learning,Digital Document Management Specialist,IT Support
SharePoint Document Management Specialist,Technical Documentation and Learning,Digital Document Management Specialist,IT Support
OpenText Specialist,Technical Documentation and Learning,Digital Document Management Specialist,IT Support
Alfresco Specialist,Technical Documentation and Learning,Digital Document Management Specialist,IT Support
M-Files Specialist,Technical Documentation and Learning,Digital Document Management Specialist,IT Support
Documentum Specialist,Technical Documentation and Learning,Digital Document Management Specialist,IT Support
Records Information Management Specialist,Technical Documentation and Learning,Digital Document Management Specialist,IT Support
Digital Preservation Specialist,Technical Documentation and Learning,Digital Document Management Specialist,IT Support
Information Lifecycle Management Specialist,Technical Documentation and Learning,Digital Document Management Specialist,IT Support
Document Workflow Specialist,Technical Documentation and Learning,Digital Document Management Specialist,IT Support
Document Automation Specialist,Technical Documentation and Learning,Digital Document Management Specialist; IT Technical Writer,IT Support
Document Classification Specialist,Technical Documentation and Learning,Digital Document Management Specialist,IT Support
Metadata Specialist,Technical Documentation and Learning,Digital Document Management Specialist,IT Support
Knowledge Document Specialist,Technical Documentation and Learning,Digital Document Management Specialist,IT Support
Regulatory Document Management Specialist,Technical Documentation and Learning,Digital Document Management Specialist,IT Support
Quality Document Control Specialist,Technical Documentation and Learning,Digital Document Management Specialist,IT Support
Technical Document Controller,Technical Documentation and Learning,Digital Document Management Specialist,IT Support
IT Technical Account Specialist,Technical Documentation and Learning,IT Technical Account Specialist,IT Support
Technical Account Specialist,Technical Documentation and Learning,IT Technical Account Specialist,IT Support
Technical Account Manager,Technical Documentation and Learning,IT Technical Account Specialist; IT Trainer,IT Support
TAM,Technical Documentation and Learning,IT Technical Account Specialist,IT Support
IT Technical Account Manager,Technical Documentation and Learning; Business and Systems Analysis; User and Application Support,IT Technical Account Specialist; IT Consultant; IT Support Engineer,IT Support; Architecture and Systems Analysis
Technical Customer Success Specialist,Technical Documentation and Learning,IT Technical Account Specialist,IT Support
Technical Customer Success Manager,Technical Documentation and Learning,IT Technical Account Specialist; IT Trainer,IT Support
Customer Success Engineer,Technical Documentation and Learning; User and Application Support,IT Technical Account Specialist; Application Support Specialist; IT Support Engineer,IT Support
Technical Success Manager,Technical Documentation and Learning,IT Technical Account Specialist,IT Support
Technical Client Manager,Technical Documentation and Learning,IT Technical Account Specialist,IT Support
Technical Client Success Specialist,Technical Documentation and Learning,IT Technical Account Specialist,IT Support
Customer Technical Advisor,Technical Documentation and Learning,IT Technical Account Specialist,IT Support
Technical Customer Advisor,Technical Documentation and Learning,IT Technical Account Specialist,IT Support
Technical Relationship Manager,Technical Documentation and Learning,IT Technical Account Specialist,IT Support
Client Technology Manager,Technical Documentation and Learning,IT Technical Account Specialist,IT Support
Technology Account Manager,Technical Documentation and Learning,IT Technical Account Specialist,IT Support
Technical Service Delivery Manager,Technical Documentation and Learning,IT Technical Account Specialist,IT Support
Technical Engagement Manager,Technical Documentation and Learning,IT Technical Account Specialist,IT Support
Customer Technical Engagement Manager,Technical Documentation and Learning,IT Technical Account Specialist,IT Support
Managed Services Technical Account Manager,Technical Documentation and Learning,IT Technical Account Specialist,IT Support
Strategic Technical Account Manager,Technical Documentation and Learning,IT Technical Account Specialist,IT Support
Enterprise Technical Account Manager,Technical Documentation and Learning,IT Technical Account Specialist,IT Support
Technical Account Director,Technical Documentation and Learning,IT Technical Account Specialist,IT Support
Technical Adoption Manager,Technical Documentation and Learning,IT Technical Account Specialist,IT Support
Product Adoption Specialist,Technical Documentation and Learning,IT Technical Account Specialist,IT Support
Technical Onboarding Specialist,Technical Documentation and Learning,IT Technical Account Specialist,IT Support
Client Solutions Manager,Technical Documentation and Learning,IT Technical Account Specialist,IT Support
Technical Service Manager,Technical Documentation and Learning,IT Technical Account Specialist,IT Support
Customer Experience Technical Manager,Technical Documentation and Learning,IT Technical Account Specialist,IT Support
Customer Enablement Manager,Technical Documentation and Learning,IT Technical Account Specialist; IT Trainer,IT Support
Technical Escalation Manager,Technical Documentation and Learning,IT Technical Account Specialist,IT Support
Customer Reliability Manager,Technical Documentation and Learning,IT Technical Account Specialist,IT Support
Cloud Technical Account Manager,Technical Documentation and Learning,IT Technical Account Specialist,IT Support
SaaS Technical Account Manager,Technical Documentation and Learning,IT Technical Account Specialist,IT Support
Platform Technical Account Manager,Technical Documentation and Learning,IT Technical Account Specialist,IT Support
API Technical Account Manager,Technical Documentation and Learning,IT Technical Account Specialist,IT Support
Enterprise Support Account Manager,Technical Documentation and Learning; User and Application Support,IT Technical Account Specialist; IT Support Engineer,IT Support
Technical Partner Manager,Technical Documentation and Learning,IT Technical Account Specialist,IT Support
Customer Technical Consultant,Technical Documentation and Learning,IT Technical Account Specialist; IT Trainer,IT Support
IT Technical Writer,Technical Documentation and Learning,IT Technical Writer,IT Support
Technical Writer — IT,Technical Documentation and Learning,IT Technical Writer,IT Support
Information Technology Technical Writer,Technical Documentation and Learning,IT Technical Writer,IT Support
Software Technical Writer,Technical Documentation and Learning,IT Technical Writer,IT Support
Software Documentation Writer,Technical Documentation and Learning,IT Technical Writer,IT Support
Software Documentation Specialist,Technical Documentation and Learning,IT Technical Writer,IT Support
Technical Documentation Specialist,Technical Documentation and Learning,IT Technical Writer; Digital Document Management Specialist; IT Trainer,IT Support
Technical Documentation Writer,Technical Documentation and Learning,IT Technical Writer,IT Support
Documentation Engineer,Technical Documentation and Learning,IT Technical Writer; Digital Document Management Specialist,IT Support
Documentation Specialist,Technical Documentation and Learning,IT Technical Writer,IT Support
API Technical Writer,Technical Documentation and Learning; Software Development,IT Technical Writer; Backend Developer,IT Support; Software Engineering
API Documentation Writer,Technical Documentation and Learning,IT Technical Writer,IT Support
Developer Documentation Writer,Technical Documentation and Learning,IT Technical Writer,IT Support
Product Documentation Writer,Technical Documentation and Learning,IT Technical Writer,IT Support
User Documentation Writer,Technical Documentation and Learning,IT Technical Writer,IT Support
Systems Documentation Writer,Technical Documentation and Learning,IT Technical Writer,IT Support
Infrastructure Documentation Writer,Technical Documentation and Learning,IT Technical Writer,IT Support
Cloud Documentation Writer,Technical Documentation and Learning,IT Technical Writer,IT Support
Security Documentation Writer,Technical Documentation and Learning,IT Technical Writer,IT Support
Knowledge Base Writer,Technical Documentation and Learning,IT Technical Writer,IT Support
Knowledge Base Specialist,Technical Documentation and Learning; User and Application Support,IT Technical Writer; Digital Document Management Specialist; Application Support Specialist,IT Support
Help Documentation Writer,Technical Documentation and Learning,IT Technical Writer,IT Support
Online Help Writer,Technical Documentation and Learning,IT Technical Writer,IT Support
Technical Content Writer,Technical Documentation and Learning,IT Technical Writer,IT Support
Technical Communicator,Technical Documentation and Learning,IT Technical Writer,IT Support
Technical Publications Writer,Technical Documentation and Learning,IT Technical Writer,IT Support
Documentation Manager,Technical Documentation and Learning,IT Technical Writer,IT Support
Documentation Architect,Technical Documentation and Learning,IT Technical Writer,IT Support
Docs-as-Code Engineer,Technical Documentation and Learning,IT Technical Writer,IT Support
Developer Experience Writer,Technical Documentation and Learning,IT Technical Writer,IT Support
DevRel Technical Writer,Technical Documentation and Learning,IT Technical Writer,IT Support
SDK Documentation Writer,Technical Documentation and Learning,IT Technical Writer,IT Support
Integration Documentation Writer,Technical Documentation and Learning,IT Technical Writer,IT Support
Implementation Guide Writer,Technical Documentation and Learning,IT Technical Writer,IT Support
Technical Manual Writer,Technical Documentation and Learning,IT Technical Writer,IT Support
Operations Runbook Writer,Technical Documentation and Learning,IT Technical Writer,IT Support
SOP Writer — IT,Technical Documentation and Learning,IT Technical Writer,IT Support
Release Notes Writer,Technical Documentation and Learning,IT Technical Writer,IT Support
Technical Editor,Technical Documentation and Learning,IT Technical Writer,IT Support
API Content Specialist,Technical Documentation and Learning,IT Technical Writer,IT Support
Knowledge Management Writer,Technical Documentation and Learning,IT Technical Writer,IT Support
Product Knowledge Writer,Technical Documentation and Learning,IT Technical Writer,IT Support
Security Policy Writer,Technical Documentation and Learning,IT Technical Writer,IT Support
Compliance Documentation Writer,Technical Documentation and Learning,IT Technical Writer,IT Support
IT Process Documentation Specialist,Technical Documentation and Learning,IT Technical Writer,IT Support
IT Trainer,Technical Documentation and Learning,IT Trainer; IT Technical Writer,IT Support
Information Technology Trainer,Technical Documentation and Learning,IT Trainer,IT Support
IT Training Specialist,Technical Documentation and Learning,IT Trainer,IT Support
Technical Trainer,Technical Documentation and Learning,IT Trainer,IT Support
Technology Trainer,Technical Documentation and Learning,IT Trainer,IT Support
Software Trainer,Technical Documentation and Learning,IT Trainer,IT Support
Software Training Specialist,Technical Documentation and Learning,IT Trainer,IT Support
Systems Trainer,Technical Documentation and Learning,IT Trainer,IT Support
Systems Training Specialist,Technical Documentation and Learning,IT Trainer,IT Support
Application Trainer,Technical Documentation and Learning,IT Trainer,IT Support
Application Training Specialist,Technical Documentation and Learning,IT Trainer,IT Support
Technical Learning Specialist,Technical Documentation and Learning,IT Trainer,IT Support
IT Learning Specialist,Technical Documentation and Learning,IT Trainer,IT Support
IT Instructor,Technical Documentation and Learning,IT Trainer,IT Support
Technology Instructor,Technical Documentation and Learning,IT Trainer,IT Support
Software Instructor,Technical Documentation and Learning,IT Trainer,IT Support
Computer Systems Trainer,Technical Documentation and Learning,IT Trainer,IT Support
End User IT Trainer,Technical Documentation and Learning,IT Trainer,IT Support
Digital Skills Trainer,Technical Documentation and Learning,IT Trainer,IT Support
IT Enablement Trainer,Technical Documentation and Learning,IT Trainer,IT Support
Product Trainer,Technical Documentation and Learning,IT Trainer,IT Support
Technical Education Specialist,Technical Documentation and Learning,IT Trainer,IT Support
IT Training Consultant,Technical Documentation and Learning,IT Trainer,IT Support
IT Training Manager,Technical Documentation and Learning,IT Trainer,IT Support
Technical Training Manager,Technical Documentation and Learning,IT Trainer,IT Support
IT Learning and Development Specialist,Technical Documentation and Learning,IT Trainer,IT Support
Technical Enablement Specialist,Technical Documentation and Learning,IT Trainer,IT Support
Customer Technical Trainer,Technical Documentation and Learning,IT Trainer,IT Support
Customer Education Specialist,Technical Documentation and Learning,IT Trainer,IT Support
Product Education Specialist,Technical Documentation and Learning,IT Trainer,IT Support
Software Adoption Trainer,Technical Documentation and Learning,IT Trainer,IT Support
Application Adoption Specialist,Technical Documentation and Learning,IT Trainer,IT Support
Digital Adoption Trainer,Technical Documentation and Learning,IT Trainer,IT Support
IT Onboarding Trainer,Technical Documentation and Learning,IT Trainer,IT Support
Systems Implementation Trainer,Technical Documentation and Learning,IT Trainer,IT Support
ERP Trainer,Technical Documentation and Learning,IT Trainer,IT Support
SAP Trainer,Technical Documentation and Learning,IT Trainer,IT Support
Salesforce Trainer,Technical Documentation and Learning,IT Trainer,IT Support
ServiceNow Trainer,Technical Documentation and Learning,IT Trainer,IT Support
Microsoft 365 Trainer,Technical Documentation and Learning,IT Trainer,IT Support
Cloud Trainer,Technical Documentation and Learning,IT Trainer,IT Support
Cybersecurity Awareness Trainer,Technical Documentation and Learning,IT Trainer,IT Support
Developer Trainer,Technical Documentation and Learning,IT Trainer,IT Support
Coding Instructor,Technical Documentation and Learning,IT Trainer,IT Support
Technical Curriculum Developer,Technical Documentation and Learning,IT Trainer,IT Support
E-learning Technical Trainer,Technical Documentation and Learning,IT Trainer,IT Support
Technical Instructional Designer,Technical Documentation and Learning,IT Trainer,IT Support
Application Support Specialist,User and Application Support; Technical Documentation and Learning; Business and Systems Analysis,Application Support Specialist; IT Technical Account Specialist; IT Help Desk Specialist; IT Support Engineer; Systems Analyst,IT Support; Architecture and Systems Analysis
Application Support Analyst,User and Application Support,Application Support Specialist,IT Support
Application Support Engineer,User and Application Support; Technical Documentation and Learning; Software Development,Application Support Specialist; IT Technical Account Specialist; IT Support Engineer; Backend Developer,IT Support; Software Engineering
Application Support Consultant,User and Application Support,Application Support Specialist,IT Support
Application Support Technician,User and Application Support,Application Support Specialist,IT Support
Software Support Specialist,User and Application Support,Application Support Specialist,IT Support
Software Support Analyst,User and Application Support,Application Support Specialist,IT Support
Software Support Engineer,User and Application Support; Software Development,Application Support Specialist; IT Support Engineer; Backend Developer,IT Support; Software Engineering
Software Support Consultant,User and Application Support,Application Support Specialist,IT Support
Production Application Support Specialist,User and Application Support,Application Support Specialist,IT Support
Production Support Analyst,User and Application Support,Application Support Specialist,IT Support
Production Support Engineer,User and Application Support,Application Support Specialist,IT Support
Business Application Support Specialist,User and Application Support,Application Support Specialist,IT Support
Enterprise Application Support Specialist,User and Application Support,Application Support Specialist,IT Support
Application Operations Specialist,User and Application Support,Application Support Specialist,IT Support
Application Operations Engineer,User and Application Support,Application Support Specialist,IT Support
Application Maintenance Specialist,User and Application Support,Application Support Specialist,IT Support
Application Maintenance Analyst,User and Application Support,Application Support Specialist,IT Support
Application Services Support Specialist,User and Application Support,Application Support Specialist,IT Support
L2 Application Support Analyst,User and Application Support,Application Support Specialist,IT Support
Level 2 Application Support Engineer,User and Application Support,Application Support Specialist,IT Support
L3 Application Support Engineer,User and Application Support,Application Support Specialist,IT Support
Application Incident Support Specialist,User and Application Support,Application Support Specialist,IT Support
Application Support Manager,User and Application Support,Application Support Specialist,IT Support
Application Support Coordinator,User and Application Support,Application Support Specialist,IT Support
Application Support Administrator,User and Application Support,Application Support Specialist,IT Support
Application Support Developer,User and Application Support,Application Support Specialist,IT Support
Application Service Manager,User and Application Support,Application Support Specialist,IT Support
Application Operations Manager,User and Application Support,Application Support Specialist,IT Support
Software Operations Analyst,User and Application Support,Application Support Specialist,IT Support
Production Support Manager,User and Application Support,Application Support Specialist,IT Support
Business Systems Support Analyst,User and Application Support,Application Support Specialist,IT Support
ERP Application Support Specialist,User and Application Support; Technical Documentation and Learning,Application Support Specialist; IT Technical Account Specialist; IT Support Engineer,IT Support
SAP Application Support Specialist,User and Application Support,Application Support Specialist,IT Support
Salesforce Application Support Specialist,User and Application Support,Application Support Specialist,IT Support
ServiceNow Application Support Specialist,User and Application Support,Application Support Specialist,IT Support
Dynamics 365 Application Support Specialist,User and Application Support,Application Support Specialist,IT Support
Oracle Application Support Specialist,User and Application Support,Application Support Specialist,IT Support
Java Application Support Engineer,User and Application Support,Application Support Specialist,IT Support
Mainframe Application Support Specialist,User and Application Support,Application Support Specialist,IT Support
Cloud Application Support Engineer,User and Application Support,Application Support Specialist,IT Support
SaaS Application Support Specialist,User and Application Support,Application Support Specialist,IT Support
Application Monitoring Specialist,User and Application Support,Application Support Specialist,IT Support
Application Reliability Support Engineer,User and Application Support,Application Support Specialist,IT Support
Computer Technician,User and Application Support,Computer Hardware Technician,IT Support
PC Technician,User and Application Support,Computer Hardware Technician,IT Support
Desktop Hardware Technician,User and Application Support,Computer Hardware Technician,IT Support
IT Hardware Technician,User and Application Support,Computer Hardware Technician,IT Support
PC Repair Technician,User and Application Support,Computer Hardware Technician,IT Support
Computer Maintenance Technician,User and Application Support,Computer Hardware Technician,IT Support
Hardware Maintenance Technician,User and Application Support,Computer Hardware Technician,IT Support
Desktop Repair Technician,User and Application Support,Computer Hardware Technician,IT Support
Workstation Technician,User and Application Support,Computer Hardware Technician,IT Support
Endpoint Hardware Technician,User and Application Support,Computer Hardware Technician,IT Support
Laptop Repair Technician,User and Application Support,Computer Hardware Technician,IT Support
Printer Technician,User and Application Support,Computer Hardware Technician,IT Support
Peripheral Technician,User and Application Support,Computer Hardware Technician,IT Support
Computer Deployment Technician,User and Application Support,Computer Hardware Technician,IT Support
IT Asset Repair Technician,User and Application Support,Computer Hardware Technician,IT Support
Hardware Field Technician,User and Application Support,Computer Hardware Technician,IT Support
Break-Fix Technician,User and Application Support,Computer Hardware Technician,IT Support
IT Break-Fix Technician,User and Application Support,Computer Hardware Technician,IT Support
Hardware Support Engineer,User and Application Support,Computer Hardware Technician,IT Support
Computer Service Technician,User and Application Support,Computer Hardware Technician,IT Support
IT Field Technician,User and Application Support,Computer Hardware Technician,IT Support
Desktop Hardware Engineer,User and Application Support,Computer Hardware Technician,IT Support
PC Support Technician,User and Application Support,Computer Hardware Technician,IT Support
Laptop Support Technician,User and Application Support,Computer Hardware Technician,IT Support
Computer Imaging Technician,User and Application Support,Computer Hardware Technician,IT Support
Endpoint Repair Technician,User and Application Support,Computer Hardware Technician,IT Support
Printer Support Technician,User and Application Support,Computer Hardware Technician,IT Support
Device Repair Technician,User and Application Support,Computer Hardware Technician,IT Support
Device Deployment Technician,User and Application Support,Computer Hardware Technician,IT Support
Hardware Rollout Technician,User and Application Support,Computer Hardware Technician,IT Support
IT Asset Technician,User and Application Support,Computer Hardware Technician,IT Support
Hardware Logistics Technician,User and Application Support,Computer Hardware Technician,IT Support
Hardware Replacement Technician,User and Application Support,Computer Hardware Technician,IT Support
Hardware Upgrade Technician,User and Application Support,Computer Hardware Technician,IT Support
Mac Technician,User and Application Support,Computer Hardware Technician,IT Support
Apple Support Technician,User and Application Support,Computer Hardware Technician,IT Support
Windows Hardware Technician,User and Application Support,Computer Hardware Technician,IT Support
Point-of-Sale Hardware Technician,User and Application Support,Computer Hardware Technician,IT Support
Retail IT Hardware Technician,User and Application Support,Computer Hardware Technician,IT Support
Onsite Hardware Support Technician,User and Application Support,Computer Hardware Technician,IT Support
Remote Hands Hardware Technician,User and Application Support,Computer Hardware Technician,IT Support
Desktop Support Specialist,User and Application Support,Desktop Support Specialist,IT Support
Desktop Support Engineer,User and Application Support,Desktop Support Specialist,IT Support
Desktop Support Analyst,User and Application Support,Desktop Support Specialist,IT Support
Desktop Support Technician,User and Application Support,Desktop Support Specialist,IT Support
Desktop Support Consultant,User and Application Support,Desktop Support Specialist,IT Support
Desktop Engineer,User and Application Support,Desktop Support Specialist,IT Support
End User Support Specialist,User and Application Support,Desktop Support Specialist,IT Support
End User Computing Specialist,User and Application Support; Technical Documentation and Learning,Desktop Support Specialist; IT Trainer; IT Support Engineer,IT Support
EUC Specialist,User and Application Support,Desktop Support Specialist,IT Support
EUC Engineer,User and Application Support,Desktop Support Specialist,IT Support
End User Computing Engineer,User and Application Support,Desktop Support Specialist,IT Support
Workplace Support Specialist,User and Application Support,Desktop Support Specialist,IT Support
Digital Workplace Support Specialist,User and Application Support; Technical Documentation and Learning,Desktop Support Specialist; IT Trainer; IT Support Engineer,IT Support
Workplace Technology Support Specialist,User and Application Support,Desktop Support Specialist,IT Support
Client Systems Support Specialist,User and Application Support,Desktop Support Specialist,IT Support
Endpoint Support Specialist,User and Application Support,Desktop Support Specialist,IT Support
Endpoint Support Engineer,User and Application Support,Desktop Support Specialist,IT Support
Workstation Support Specialist,User and Application Support,Desktop Support Specialist,IT Support
PC Support Specialist,User and Application Support,Desktop Support Specialist,IT Support
IT Desktop Specialist,User and Application Support,Desktop Support Specialist,IT Support
Desktop Operations Specialist,User and Application Support,Desktop Support Specialist,IT Support
Office IT Support Specialist,User and Application Support,Desktop Support Specialist,IT Support
Onsite Desktop Support Specialist,User and Application Support,Desktop Support Specialist,IT Support
Remote Desktop Support Specialist,User and Application Support,Desktop Support Specialist,IT Support
Desktop Support Manager,User and Application Support,Desktop Support Specialist,IT Support
EUC Support Engineer,User and Application Support,Desktop Support Specialist,IT Support
Endpoint Management Specialist,User and Application Support,Desktop Support Specialist,IT Support
Endpoint Engineer,User and Application Support,Desktop Support Specialist,IT Support
Workplace Engineer,User and Application Support,Desktop Support Specialist,IT Support
Digital Workplace Engineer,User and Application Support,Desktop Support Specialist,IT Support
Microsoft 365 Desktop Support Specialist,User and Application Support,Desktop Support Specialist,IT Support
Windows Desktop Support Engineer,User and Application Support,Desktop Support Specialist,IT Support
macOS Support Specialist,User and Application Support,Desktop Support Specialist,IT Support
Intune Support Engineer,User and Application Support,Desktop Support Specialist,IT Support
SCCM Support Engineer,User and Application Support,Desktop Support Specialist,IT Support
Device Management Specialist,User and Application Support,Desktop Support Specialist,IT Support
Mobile Device Support Specialist,User and Application Support,Desktop Support Specialist,IT Support
VDI Support Engineer,User and Application Support,Desktop Support Specialist,IT Support
Virtual Desktop Support Engineer,User and Application Support,Desktop Support Specialist,IT Support
Citrix Support Engineer,User and Application Support,Desktop Support Specialist,IT Support
Remote Desktop Management Specialist,User and Application Support; Systems Administration and Operations,Desktop Support Specialist; Systems Administrator; IT Support Engineer,"IT Support; Cloud, Platforms and IT Operations"
Desktop Deployment Engineer,User and Application Support,Desktop Support Specialist,IT Support
Desktop Migration Specialist,User and Application Support,Desktop Support Specialist,IT Support
IT Workplace Technician,User and Application Support,Desktop Support Specialist,IT Support
Endpoint Configuration Specialist,User and Application Support,Desktop Support Specialist,IT Support
Desktop Infrastructure Support Engineer,User and Application Support,Desktop Support Specialist,IT Support
Employee Technology Support Specialist,User and Application Support,Desktop Support Specialist,IT Support
IT Help Desk Specialist,User and Application Support,IT Help Desk Specialist,IT Support
Help Desk Specialist,User and Application Support,IT Help Desk Specialist,IT Support
Helpdesk Specialist,User and Application Support,IT Help Desk Specialist,IT Support
IT Help Desk Analyst,User and Application Support,IT Help Desk Specialist,IT Support
Helpdesk Analyst,User and Application Support,IT Help Desk Specialist,IT Support
Service Desk Analyst,User and Application Support; Business and Systems Analysis,IT Help Desk Specialist; Systems Analyst; IT Support Engineer,IT Support; Architecture and Systems Analysis
IT Service Desk Analyst,User and Application Support,IT Help Desk Specialist,IT Support
Service Desk Specialist,User and Application Support,IT Help Desk Specialist,IT Support
IT Service Desk Specialist,User and Application Support,IT Help Desk Specialist,IT Support
IT Support Desk Analyst,User and Application Support,IT Help Desk Specialist,IT Support
Technical Help Desk Specialist,User and Application Support,IT Help Desk Specialist,IT Support
Technical Support Desk Specialist,User and Application Support,IT Help Desk Specialist,IT Support
User Support Analyst,User and Application Support,IT Help Desk Specialist,IT Support
IT Support Analyst,User and Application Support; Business and Systems Analysis,IT Help Desk Specialist; Application Support Specialist; IT Support Engineer; Systems Analyst,IT Support; Architecture and Systems Analysis
First Line Support Specialist,User and Application Support,IT Help Desk Specialist,IT Support
First-Line Support Analyst,User and Application Support,IT Help Desk Specialist,IT Support
Level 1 Support Specialist,User and Application Support,IT Help Desk Specialist,IT Support
L1 Support Analyst,User and Application Support,IT Help Desk Specialist,IT Support
Tier 1 Support Specialist,User and Application Support,IT Help Desk Specialist,IT Support
Tier 1 Help Desk Analyst,User and Application Support,IT Help Desk Specialist,IT Support
Customer IT Support Specialist,User and Application Support,IT Help Desk Specialist,IT Support
IT Support Center Analyst,User and Application Support,IT Help Desk Specialist,IT Support
IT Call Center Support Specialist,User and Application Support,IT Help Desk Specialist,IT Support
Service Desk Technician,User and Application Support,IT Help Desk Specialist,IT Support
Help Desk Manager,User and Application Support,IT Help Desk Specialist,IT Support
Service Desk Manager,User and Application Support,IT Help Desk Specialist,IT Support
IT Support Coordinator,User and Application Support,IT Help Desk Specialist,IT Support
IT Service Desk Coordinator,User and Application Support; Technical Documentation and Learning,IT Help Desk Specialist; IT Trainer; IT Support Engineer,IT Support
First Contact Resolution Specialist,User and Application Support,IT Help Desk Specialist,IT Support
FCR Specialist,User and Application Support,IT Help Desk Specialist,IT Support
IT Incident Coordinator,User and Application Support,IT Help Desk Specialist,IT Support
Incident Desk Analyst,User and Application Support,IT Help Desk Specialist,IT Support
Remote Support Analyst,User and Application Support,IT Help Desk Specialist,IT Support
Remote Help Desk Specialist,User and Application Support,IT Help Desk Specialist,IT Support
End User Service Desk Analyst,User and Application Support,IT Help Desk Specialist,IT Support
Microsoft 365 Help Desk Specialist,User and Application Support; Technical Documentation and Learning,IT Help Desk Specialist; IT Trainer; Desktop Support Specialist; IT Support Engineer,IT Support
Windows Help Desk Analyst,User and Application Support,IT Help Desk Specialist,IT Support
SaaS Support Specialist,User and Application Support; Technical Documentation and Learning,IT Help Desk Specialist; IT Technical Account Specialist; Application Support Specialist,IT Support
Access Support Analyst,User and Application Support,IT Help Desk Specialist,IT Support
Password Reset Specialist,User and Application Support,IT Help Desk Specialist,IT Support
Account Support Analyst,User and Application Support,IT Help Desk Specialist,IT Support
IT Support Dispatcher,User and Application Support,IT Help Desk Specialist,IT Support
Technical Support Representative,User and Application Support,IT Help Desk Specialist,IT Support
Customer Support Engineer,User and Application Support,IT Help Desk Specialist,IT Support
Managed Services Service Desk Analyst,User and Application Support,IT Help Desk Specialist,IT Support
NOC Service Desk Analyst,User and Application Support,IT Help Desk Specialist,IT Support
IT Support Engineer,User and Application Support; Systems Administration and Operations,IT Support Engineer; Systems Administrator; Application Support Specialist; Desktop Support Specialist,"IT Support; Cloud, Platforms and IT Operations"
IT Support Specialist,User and Application Support,IT Support Engineer,IT Support
Technical Support Engineer,User and Application Support,IT Support Engineer; Application Support Specialist; IT Help Desk Specialist,IT Support
Technical Support Specialist,User and Application Support,IT Support Engineer,IT Support
Technical Support Analyst,User and Application Support,IT Support Engineer,IT Support
IT Engineer — Support,User and Application Support,IT Support Engineer,IT Support
Information Technology Support Engineer,User and Application Support,IT Support Engineer,IT Support
Information Systems Support Engineer,User and Application Support,IT Support Engineer,IT Support
IT Operations Support Engineer,User and Application Support,IT Support Engineer,IT Support
IT Infrastructure Support Engineer,User and Application Support,IT Support Engineer,IT Support
Technical Services Engineer,User and Application Support,IT Support Engineer,IT Support
IT Services Support Engineer,User and Application Support,IT Support Engineer,IT Support
Enterprise IT Support Engineer,User and Application Support,IT Support Engineer,IT Support
Systems Support Engineer,User and Application Support,IT Support Engineer,IT Support
Technology Support Engineer,User and Application Support,IT Support Engineer,IT Support
IT Field Support Engineer,User and Application Support,IT Support Engineer; Computer Hardware Technician; Desktop Support Specialist,IT Support
Onsite IT Support Engineer,User and Application Support,IT Support Engineer,IT Support
Remote IT Support Engineer,User and Application Support,IT Support Engineer,IT Support
Level 2 Support Engineer,User and Application Support,IT Support Engineer,IT Support
L2 Support Engineer,User and Application Support,IT Support Engineer,IT Support
Level 3 Support Engineer,User and Application Support,IT Support Engineer,IT Support
L3 Support Engineer,User and Application Support,IT Support Engineer,IT Support
Managed Services Support Engineer,User and Application Support,IT Support Engineer,IT Support
IT Support Consultant,User and Application Support,IT Support Engineer,IT Support
IT Support Manager,User and Application Support,IT Support Engineer,IT Support
Technical Support Manager,User and Application Support,IT Support Engineer,IT Support
Infrastructure Support Specialist,User and Application Support,IT Support Engineer,IT Support
Systems Support Specialist,User and Application Support,IT Support Engineer,IT Support
Network and IT Support Engineer,User and Application Support,IT Support Engineer,IT Support
Application and IT Support Engineer,User and Application Support,IT Support Engineer,IT Support
Desktop and IT Support Engineer,User and Application Support,IT Support Engineer,IT Support
Hardware and IT Support Engineer,User and Application Support,IT Support Engineer,IT Support
IT Operations Engineer,User and Application Support; Cloud and Platform Engineering; Systems Administration and Operations,IT Support Engineer; Platform Engineer; Computer and Systems Operator; Systems Administrator,"IT Support; Cloud, Platforms and IT Operations"
Service Delivery Support Engineer,User and Application Support,IT Support Engineer,IT Support
Product Support Engineer,User and Application Support; Technical Documentation and Learning; Software Development,IT Support Engineer; IT Technical Account Specialist; Application Support Specialist; Backend Developer,IT Support; Software Engineering
Implementation Support Engineer,User and Application Support,IT Support Engineer,IT Support
Integration Support Engineer,User and Application Support,IT Support Engineer,IT Support
Security Support Engineer,User and Application Support,IT Support Engineer,IT Support
Database Support Engineer,User and Application Support,IT Support Engineer,IT Support
Network Administrator,Computer Network Engineering; Systems Administration and Operations,Network Administrator; Systems Administrator; Network Support Specialist,"Networks and Telecommunications; Cloud, Platforms and IT Operations"
Network Systems Administrator,Computer Network Engineering,Network Administrator,Networks and Telecommunications
Network Infrastructure Administrator,Computer Network Engineering,Network Administrator,Networks and Telecommunications
Network Operations Administrator,Computer Network Engineering,Network Administrator,Networks and Telecommunications
Network Services Administrator,Computer Network Engineering,Network Administrator,Networks and Telecommunications
LAN Administrator,Computer Network Engineering,Network Administrator,Networks and Telecommunications
WAN Administrator,Computer Network Engineering,Network Administrator,Networks and Telecommunications
Wireless Network Administrator,Computer Network Engineering,Network Administrator,Networks and Telecommunications
Wi-Fi Administrator,Computer Network Engineering,Network Administrator,Networks and Telecommunications
Router and Switch Administrator,Computer Network Engineering,Network Administrator,Networks and Telecommunications
Network Device Administrator,Computer Network Engineering,Network Administrator,Networks and Telecommunications
Network Access Administrator,Computer Network Engineering,Network Administrator,Networks and Telecommunications
Network Management Administrator,Computer Network Engineering,Network Administrator,Networks and Telecommunications
Enterprise Network Administrator,Computer Network Engineering,Network Administrator,Networks and Telecommunications
Campus Network Administrator,Computer Network Engineering,Network Administrator,Networks and Telecommunications
Data Center Network Administrator,Computer Network Engineering,Network Administrator,Networks and Telecommunications
Branch Network Administrator,Computer Network Engineering,Network Administrator,Networks and Telecommunications
Network Configuration Administrator,Computer Network Engineering,Network Administrator,Networks and Telecommunications
Network Monitoring Administrator,Computer Network Engineering,Network Administrator,Networks and Telecommunications
Network Support Administrator,Computer Network Engineering,Network Administrator,Networks and Telecommunications
Network Security Administrator,Computer Network Engineering,Network Administrator,Networks and Telecommunications
Network Administration Engineer,Computer Network Engineering,Network Administrator,Networks and Telecommunications
NOC Network Administrator,Computer Network Engineering,Network Administrator,Networks and Telecommunications
Network Systems Support Administrator,Computer Network Engineering,Network Administrator,Networks and Telecommunications
Cisco Network Administrator,Computer Network Engineering,Network Administrator,Networks and Telecommunications
Juniper Network Administrator,Computer Network Engineering,Network Administrator,Networks and Telecommunications
Aruba Network Administrator,Computer Network Engineering,Network Administrator,Networks and Telecommunications
Wireless LAN Administrator,Computer Network Engineering,Network Administrator,Networks and Telecommunications
SD-WAN Administrator,Computer Network Engineering,Network Administrator,Networks and Telecommunications
VPN Administrator,Computer Network Engineering,Network Administrator,Networks and Telecommunications
Firewall Network Administrator,Computer Network Engineering,Network Administrator,Networks and Telecommunications
Network Tools Administrator,Computer Network Engineering,Network Administrator,Networks and Telecommunications
Network Automation Administrator,Computer Network Engineering,Network Administrator,Networks and Telecommunications
Network Asset Administrator,Computer Network Engineering,Network Administrator,Networks and Telecommunications
IP Address Management Administrator,Computer Network Engineering,Network Administrator,Networks and Telecommunications
IPAM Administrator,Computer Network Engineering,Network Administrator,Networks and Telecommunications
DNS/DHCP Administrator,Computer Network Engineering,Network Administrator,Networks and Telecommunications
Network Services Specialist,Computer Network Engineering,Network Administrator,Networks and Telecommunications
Network Operations Specialist,Computer Network Engineering,Network Administrator,Networks and Telecommunications
Network Configuration Specialist,Computer Network Engineering,Network Administrator,Networks and Telecommunications
Network Infrastructure Support Administrator,Computer Network Engineering,Network Administrator,Networks and Telecommunications
Network Architect,Computer Network Engineering; Enterprise and Systems Architecture; Cybersecurity Engineering,Network Architect; Systems Architect; Network Security Engineer,Networks and Telecommunications; Architecture and Systems Analysis; Cybersecurity
Network Infrastructure Architect,Computer Network Engineering,Network Architect,Networks and Telecommunications
Enterprise Network Architect,Computer Network Engineering,Network Architect,Networks and Telecommunications
Network Solutions Architect,Computer Network Engineering,Network Architect,Networks and Telecommunications
Network Design Architect,Computer Network Engineering,Network Architect,Networks and Telecommunications
Network Technology Architect,Computer Network Engineering,Network Architect,Networks and Telecommunications
Network Platform Architect,Computer Network Engineering,Network Architect,Networks and Telecommunications
Data Center Network Architect,Computer Network Engineering,Network Architect,Networks and Telecommunications
Campus Network Architect,Computer Network Engineering,Network Architect,Networks and Telecommunications
WAN Architect,Computer Network Engineering,Network Architect,Networks and Telecommunications
LAN Architect,Computer Network Engineering,Network Architect,Networks and Telecommunications
Wireless Network Architect,Computer Network Engineering,Network Architect,Networks and Telecommunications
Wi-Fi Network Architect,Computer Network Engineering,Network Architect,Networks and Telecommunications
SD-WAN Architect,Computer Network Engineering,Network Architect,Networks and Telecommunications
SASE Network Architect,Computer Network Engineering,Network Architect,Networks and Telecommunications
Network Automation Architect,Computer Network Engineering,Network Architect,Networks and Telecommunications
Network Transformation Architect,Computer Network Engineering,Network Architect,Networks and Telecommunications
Network Modernization Architect,Computer Network Engineering,Network Architect,Networks and Telecommunications
Network Strategy Architect,Computer Network Engineering,Network Architect,Networks and Telecommunications
Network Architecture Manager,Computer Network Engineering,Network Architect,Networks and Telecommunications
Network Architecture Director,Computer Network Engineering,Network Architect,Networks and Telecommunications
Network Engineering Architect,Computer Network Engineering,Network Architect,Networks and Telecommunications
Enterprise Connectivity Architect,Computer Network Engineering,Network Architect,Networks and Telecommunications
Global Network Architect,Computer Network Engineering,Network Architect,Networks and Telecommunications
Hybrid Network Architect,Computer Network Engineering,Network Architect,Networks and Telecommunications
Multi-Cloud Network Architect,Computer Network Engineering,Network Architect,Networks and Telecommunications
Network Virtualization Architect,Computer Network Engineering,Network Architect,Networks and Telecommunications
Software Defined Network Architect,Computer Network Engineering,Network Architect,Networks and Telecommunications
SDN Architect,Computer Network Engineering,Network Architect,Networks and Telecommunications
Network Services Architect,Computer Network Engineering,Network Architect,Networks and Telecommunications
Network Reliability Architect,Computer Network Engineering,Network Architect,Networks and Telecommunications
Network Resilience Architect,Computer Network Engineering,Network Architect,Networks and Telecommunications
Network Integration Architect,Computer Network Engineering,Network Architect,Networks and Telecommunications
Telecom Network Architect,Computer Network Engineering; Telecommunications Engineering,Network Architect; Telecommunications Engineer,Networks and Telecommunications
Network Security Solutions Architect,Computer Network Engineering,Network Architect,Networks and Telecommunications
Network Engineer,Computer Network Engineering; Cloud and Platform Engineering; Telecommunications Engineering,Network Engineer; Cloud Engineer; Telecommunications Engineer,"Networks and Telecommunications; Cloud, Platforms and IT Operations"
Network Infrastructure Engineer,Computer Network Engineering,Network Engineer,Networks and Telecommunications
Network Systems Engineer,Computer Network Engineering; Telecommunications Engineering; Enterprise and Systems Architecture,Network Engineer; Telecommunications Engineer; Computer Systems Engineer,Networks and Telecommunications; Architecture and Systems Analysis
Network Operations Engineer,Computer Network Engineering; Telecommunications Engineering; Systems Administration and Operations,Network Engineer; Network Support Specialist; Telecommunications Engineer; Computer and Systems Operator,"Networks and Telecommunications; Cloud, Platforms and IT Operations"
Network Services Engineer,Computer Network Engineering,Network Engineer,Networks and Telecommunications
Network Implementation Engineer,Computer Network Engineering,Network Engineer,Networks and Telecommunications
Network Deployment Engineer,Computer Network Engineering,Network Engineer,Networks and Telecommunications
Network Design Engineer,Computer Network Engineering,Network Engineer,Networks and Telecommunications
Network Automation Engineer,Computer Network Engineering; Cloud and Platform Engineering; Software Development,Network Engineer; DevOps Engineer; Backend Developer,"Networks and Telecommunications; Cloud, Platforms and IT Operations; Software Engineering"
Network Performance Engineer,Computer Network Engineering; Telecommunications Engineering,Network Engineer; Telecommunications Engineer,Networks and Telecommunications
Network Reliability Engineer,Computer Network Engineering,Network Engineer,Networks and Telecommunications
Network Optimization Engineer,Computer Network Engineering,Network Engineer,Networks and Telecommunications
Enterprise Network Engineer,Computer Network Engineering,Network Engineer,Networks and Telecommunications
LAN Engineer,Computer Network Engineering,Network Engineer,Networks and Telecommunications
WAN Engineer,Computer Network Engineering,Network Engineer,Networks and Telecommunications
Wireless Network Engineer,Computer Network Engineering,Network Engineer,Networks and Telecommunications
Wi-Fi Engineer,Computer Network Engineering,Network Engineer,Networks and Telecommunications
Routing and Switching Engineer,Computer Network Engineering,Network Engineer,Networks and Telecommunications
Cisco Network Engineer,Computer Network Engineering,Network Engineer,Networks and Telecommunications
Juniper Network Engineer,Computer Network Engineering,Network Engineer,Networks and Telecommunications
Aruba Network Engineer,Computer Network Engineering,Network Engineer,Networks and Telecommunications
SD-WAN Engineer,Computer Network Engineering,Network Engineer,Networks and Telecommunications
SDN Engineer,Computer Network Engineering,Network Engineer,Networks and Telecommunications
Network Virtualization Engineer,Computer Network Engineering,Network Engineer,Networks and Telecommunications
Data Center Network Engineer,Computer Network Engineering,Network Engineer,Networks and Telecommunications
Campus Network Engineer,Computer Network Engineering,Network Engineer,Networks and Telecommunications
Branch Network Engineer,Computer Network Engineering,Network Engineer,Networks and Telecommunications
IP Network Engineer,Computer Network Engineering,Network Engineer,Networks and Telecommunications
Network Integration Engineer,Computer Network Engineering; Telecommunications Engineering,Network Engineer; Telecommunications Engineer,Networks and Telecommunications
Network Engineering Manager,Computer Network Engineering,Network Engineer,Networks and Telecommunications
Network Build Engineer,Computer Network Engineering,Network Engineer,Networks and Telecommunications
Network Migration Engineer,Computer Network Engineering,Network Engineer,Networks and Telecommunications
Network Upgrade Engineer,Computer Network Engineering,Network Engineer,Networks and Telecommunications
Network Monitoring Engineer,Computer Network Engineering,Network Engineer,Networks and Telecommunications
Network Observability Engineer,Computer Network Engineering,Network Engineer,Networks and Telecommunications
Network Tooling Engineer,Computer Network Engineering,Network Engineer,Networks and Telecommunications
Network Configuration Engineer,Computer Network Engineering,Network Engineer,Networks and Telecommunications
Network Capacity Engineer,Computer Network Engineering,Network Engineer,Networks and Telecommunications
Network Traffic Engineer,Computer Network Engineering,Network Engineer,Networks and Telecommunications
Network QoS Engineer,Computer Network Engineering,Network Engineer,Networks and Telecommunications
DNS/DHCP Engineer,Computer Network Engineering,Network Engineer,Networks and Telecommunications
IPAM Engineer,Computer Network Engineering,Network Engineer,Networks and Telecommunications
Network Load Balancing Engineer,Computer Network Engineering,Network Engineer,Networks and Telecommunications
ADC Engineer,Computer Network Engineering,Network Engineer,Networks and Telecommunications
Network Cloud Engineer,Computer Network Engineering,Network Engineer,Networks and Telecommunications
Cloud Connectivity Engineer,Computer Network Engineering; Telecommunications Engineering,Network Engineer; Telecommunications Engineer,Networks and Telecommunications
Hybrid Network Engineer,Computer Network Engineering,Network Engineer,Networks and Telecommunications
Network SRE,Computer Network Engineering,Network Engineer,Networks and Telecommunications
Network DevOps Engineer,Computer Network Engineering,Network Engineer,Networks and Telecommunications
Infrastructure Network Engineer,Computer Network Engineering,Network Engineer,Networks and Telecommunications
Network Field Engineer,Computer Network Engineering,Network Engineer,Networks and Telecommunications
Network Integration Specialist,Computer Network Engineering,Network Engineer,Networks and Telecommunications
Network Test Engineer,Computer Network Engineering,Network Engineer,Networks and Telecommunications
Network Support Specialist,Computer Network Engineering; User and Application Support,Network Support Specialist; IT Support Engineer; Network Technician,Networks and Telecommunications; IT Support
Network Support Engineer,Computer Network Engineering; User and Application Support,Network Support Specialist; IT Support Engineer; Network Engineer,Networks and Telecommunications; IT Support
Network Support Analyst,Computer Network Engineering,Network Support Specialist,Networks and Telecommunications
Network Support Technician,Computer Network Engineering,Network Support Specialist,Networks and Telecommunications
Network Operations Support Specialist,Computer Network Engineering,Network Support Specialist,Networks and Telecommunications
Network Operations Support Engineer,Computer Network Engineering,Network Support Specialist,Networks and Telecommunications
Network Help Desk Specialist,Computer Network Engineering,Network Support Specialist,Networks and Telecommunications
NOC Support Specialist,Computer Network Engineering,Network Support Specialist,Networks and Telecommunications
NOC Support Engineer,Computer Network Engineering,Network Support Specialist,Networks and Telecommunications
Network Incident Support Specialist,Computer Network Engineering,Network Support Specialist,Networks and Telecommunications
Network Troubleshooting Specialist,Computer Network Engineering; Telecommunications Engineering,Network Support Specialist; Network Technician; Telecommunications Analyst,Networks and Telecommunications
Network Monitoring Specialist,Computer Network Engineering,Network Support Specialist,Networks and Telecommunications
Network Service Support Specialist,Computer Network Engineering; Telecommunications Engineering,Network Support Specialist; Telecommunications Analyst; Telecommunications Engineer,Networks and Telecommunications
Network Customer Support Specialist,Computer Network Engineering,Network Support Specialist,Networks and Telecommunications
Network Technical Support Specialist,Computer Network Engineering,Network Support Specialist,Networks and Telecommunications
Network Service Desk Specialist,Computer Network Engineering,Network Support Specialist,Networks and Telecommunications
Connectivity Support Specialist,Computer Network Engineering; Telecommunications Engineering,Network Support Specialist; Telecommunications Analyst; Telecommunications Engineer,Networks and Telecommunications
LAN/WAN Support Specialist,Computer Network Engineering,Network Support Specialist,Networks and Telecommunications
Wireless Network Support Specialist,Computer Network Engineering,Network Support Specialist,Networks and Telecommunications
VPN Support Specialist,Computer Network Engineering,Network Support Specialist,Networks and Telecommunications
Network Maintenance Specialist,Computer Network Engineering,Network Support Specialist,Networks and Telecommunications
Network Field Support Specialist,Computer Network Engineering,Network Support Specialist,Networks and Telecommunications
Network Escalation Support Engineer,Computer Network Engineering,Network Support Specialist,Networks and Telecommunications
Network Support Manager,Computer Network Engineering,Network Support Specialist,Networks and Telecommunications
NOC Analyst,Computer Network Engineering,Network Support Specialist,Networks and Telecommunications
Network Operations Center Analyst,Computer Network Engineering,Network Support Specialist,Networks and Telecommunications
Network Operations Analyst,Computer Network Engineering; Telecommunications Engineering,Network Support Specialist; Telecommunications Analyst,Networks and Telecommunications
Network Monitoring Analyst,Computer Network Engineering,Network Support Specialist,Networks and Telecommunications
Network Incident Analyst,Computer Network Engineering,Network Support Specialist,Networks and Telecommunications
Network Availability Analyst,Computer Network Engineering,Network Support Specialist,Networks and Telecommunications
Network Performance Support Engineer,Computer Network Engineering,Network Support Specialist,Networks and Telecommunications
Network Fault Management Specialist,Computer Network Engineering,Network Support Specialist,Networks and Telecommunications
Network Problem Management Specialist,Computer Network Engineering,Network Support Specialist,Networks and Telecommunications
Network Service Assurance Specialist,Computer Network Engineering,Network Support Specialist,Networks and Telecommunications
Network Assurance Analyst,Computer Network Engineering,Network Support Specialist,Networks and Telecommunications
Network Care Specialist,Computer Network Engineering,Network Support Specialist,Networks and Telecommunications
Network Support Coordinator,Computer Network Engineering,Network Support Specialist,Networks and Telecommunications
Network Support Dispatcher,Computer Network Engineering,Network Support Specialist,Networks and Telecommunications
Network Remote Support Engineer,Computer Network Engineering,Network Support Specialist,Networks and Telecommunications
Network Site Support Engineer,Computer Network Engineering,Network Support Specialist,Networks and Telecommunications
Network On-Call Support Engineer,Computer Network Engineering,Network Support Specialist,Networks and Telecommunications
24/7 Network Support Engineer,Computer Network Engineering,Network Support Specialist,Networks and Telecommunications
Managed Network Support Specialist,Computer Network Engineering,Network Support Specialist,Networks and Telecommunications
ISP Support Engineer,Computer Network Engineering,Network Support Specialist,Networks and Telecommunications
Network Technician,Computer Network Engineering; Telecommunications Engineering; Computing Hardware Engineering; User and Application Support,Network Technician; Network Support Specialist; Telecommunications Engineer; Computer Hardware Engineering Technician; Computer Hardware Technician,Networks and Telecommunications; Computer Hardware; IT Support
Network Field Technician,Computer Network Engineering,Network Technician,Networks and Telecommunications
Network Installation Technician,Computer Network Engineering,Network Technician,Networks and Telecommunications
Network Maintenance Technician,Computer Network Engineering,Network Technician,Networks and Telecommunications
Network Cabling Technician,Computer Network Engineering,Network Technician,Networks and Telecommunications
Network Infrastructure Technician,Computer Network Engineering,Network Technician,Networks and Telecommunications
Network Hardware Technician,Computer Network Engineering,Network Technician,Networks and Telecommunications
Network Deployment Technician,Computer Network Engineering,Network Technician,Networks and Telecommunications
Network Repair Technician,Computer Network Engineering,Network Technician,Networks and Telecommunications
Network Service Technician,Computer Network Engineering,Network Technician,Networks and Telecommunications
LAN Technician,Computer Network Engineering,Network Technician,Networks and Telecommunications
WAN Technician,Computer Network Engineering,Network Technician,Networks and Telecommunications
Wireless Network Technician,Computer Network Engineering,Network Technician,Networks and Telecommunications
Wi-Fi Technician,Computer Network Engineering,Network Technician,Networks and Telecommunications
Router and Switch Technician,Computer Network Engineering,Network Technician,Networks and Telecommunications
Network Device Technician,Computer Network Engineering,Network Technician,Networks and Telecommunications
Network Site Technician,Computer Network Engineering,Network Technician,Networks and Telecommunications
Network Operations Technician,Computer Network Engineering,Network Technician,Networks and Telecommunications
Data Center Network Technician,Computer Network Engineering,Network Technician,Networks and Telecommunications
Network Test Technician,Computer Network Engineering,Network Technician,Networks and Telecommunications
Connectivity Technician,Computer Network Engineering,Network Technician,Networks and Telecommunications
Structured Cabling Technician,Computer Network Engineering,Network Technician,Networks and Telecommunications
Network Fiber Technician,Computer Network Engineering,Network Technician,Networks and Telecommunications
Network Patch Technician,Computer Network Engineering,Network Technician,Networks and Telecommunications
Network Rollout Technician,Computer Network Engineering,Network Technician,Networks and Telecommunications
Network Installation Engineer,Computer Network Engineering,Network Technician,Networks and Telecommunications
Network Cabling Engineer,Computer Network Engineering,Network Technician,Networks and Telecommunications
NOC Technician,Computer Network Engineering,Network Technician,Networks and Telecommunications
Network Monitoring Technician,Computer Network Engineering,Network Technician,Networks and Telecommunications
Network Equipment Technician,Computer Network Engineering,Network Technician,Networks and Telecommunications
Network Hardware Support Technician,Computer Network Engineering,Network Technician,Networks and Telecommunications
Network Site Support Technician,Computer Network Engineering,Network Technician,Networks and Telecommunications
Network Onsite Technician,Computer Network Engineering,Network Technician,Networks and Telecommunications
Network Remote Hands Technician,Computer Network Engineering,Network Technician,Networks and Telecommunications
Wireless Installation Technician,Computer Network Engineering,Network Technician,Networks and Telecommunications
Wi-Fi Installation Technician,Computer Network Engineering,Network Technician,Networks and Telecommunications
Fiber Optic Network Technician,Computer Network Engineering,Network Technician,Networks and Telecommunications
Network Commissioning Technician,Computer Network Engineering,Network Technician,Networks and Telecommunications
Network Survey Technician,Computer Network Engineering,Network Technician,Networks and Telecommunications
Network Audit Technician,Computer Network Engineering,Network Technician,Networks and Telecommunications
Network Documentation Technician,Computer Network Engineering,Network Technician,Networks and Telecommunications
Network Asset Technician,Computer Network Engineering,Network Technician,Networks and Telecommunications
Network Logistics Technician,Computer Network Engineering,Network Technician,Networks and Telecommunications
Network Migration Technician,Computer Network Engineering,Network Technician,Networks and Telecommunications
Network Upgrade Technician,Computer Network Engineering,Network Technician,Networks and Telecommunications
Network Troubleshooting Technician,Computer Network Engineering,Network Technician,Networks and Telecommunications
ISP Field Technician,Computer Network Engineering,Network Technician,Networks and Telecommunications
Telecommunications Analyst,Telecommunications Engineering,Telecommunications Analyst,Networks and Telecommunications
Telecom Analyst,Telecommunications Engineering,Telecommunications Analyst,Networks and Telecommunications
Telecommunications Systems Analyst,Telecommunications Engineering,Telecommunications Analyst,Networks and Telecommunications
Telecommunications Operations Analyst,Telecommunications Engineering,Telecommunications Analyst,Networks and Telecommunications
Telecom Operations Analyst,Telecommunications Engineering,Telecommunications Analyst,Networks and Telecommunications
Telecommunications Network Analyst,Telecommunications Engineering; Computer Network Engineering,Telecommunications Analyst; Network Support Specialist,Networks and Telecommunications
Telecom Network Analyst,Telecommunications Engineering; Computer Network Engineering,Telecommunications Analyst; Network Support Specialist,Networks and Telecommunications
Telecom Service Analyst,Telecommunications Engineering,Telecommunications Analyst,Networks and Telecommunications
Telecommunications Service Analyst,Telecommunications Engineering,Telecommunications Analyst,Networks and Telecommunications
Telecom Performance Analyst,Telecommunications Engineering,Telecommunications Analyst,Networks and Telecommunications
Telecommunications Performance Analyst,Telecommunications Engineering,Telecommunications Analyst,Networks and Telecommunications
Telecom Reporting Analyst,Telecommunications Engineering,Telecommunications Analyst,Networks and Telecommunications
Telecommunications Reporting Analyst,Telecommunications Engineering,Telecommunications Analyst,Networks and Telecommunications
Telecommunications Process Analyst,Telecommunications Engineering,Telecommunications Analyst,Networks and Telecommunications
Telecom Process Analyst,Telecommunications Engineering,Telecommunications Analyst,Networks and Telecommunications
Telecom Support Analyst,Telecommunications Engineering,Telecommunications Analyst,Networks and Telecommunications
Telecommunications Support Analyst,Telecommunications Engineering,Telecommunications Analyst,Networks and Telecommunications
Telecom Monitoring Analyst,Telecommunications Engineering,Telecommunications Analyst,Networks and Telecommunications
Telecommunications Monitoring Analyst,Telecommunications Engineering,Telecommunications Analyst,Networks and Telecommunications
Telecom Assurance Analyst,Telecommunications Engineering,Telecommunications Analyst,Networks and Telecommunications
Telecommunications Service Assurance Analyst,Telecommunications Engineering,Telecommunications Analyst,Networks and Telecommunications
Telecom Fault Management Analyst,Telecommunications Engineering,Telecommunications Analyst,Networks and Telecommunications
Telecom Analytics Specialist,Telecommunications Engineering,Telecommunications Analyst,Networks and Telecommunications
Telecommunications Data Analyst,Telecommunications Engineering,Telecommunications Analyst,Networks and Telecommunications
Telecom Insights Analyst,Telecommunications Engineering,Telecommunications Analyst,Networks and Telecommunications
Telecom Operations Support Analyst,Telecommunications Engineering,Telecommunications Analyst,Networks and Telecommunications
Telecom Incident Analyst,Telecommunications Engineering,Telecommunications Analyst,Networks and Telecommunications
Telecom Problem Management Analyst,Telecommunications Engineering,Telecommunications Analyst,Networks and Telecommunications
Telecom Capacity Analyst,Telecommunications Engineering,Telecommunications Analyst,Networks and Telecommunications
Telecom Quality Analyst,Telecommunications Engineering,Telecommunications Analyst,Networks and Telecommunications
Telecom KPI Analyst,Telecommunications Engineering,Telecommunications Analyst,Networks and Telecommunications
Telecom Billing Systems Analyst,Telecommunications Engineering,Telecommunications Analyst,Networks and Telecommunications
Telecom OSS Analyst,Telecommunications Engineering,Telecommunications Analyst,Networks and Telecommunications
Telecom BSS Analyst,Telecommunications Engineering,Telecommunications Analyst,Networks and Telecommunications
Telecom Provisioning Analyst,Telecommunications Engineering,Telecommunications Analyst,Networks and Telecommunications
Telecom Configuration Analyst,Telecommunications Engineering,Telecommunications Analyst,Networks and Telecommunications
Telecom Inventory Analyst,Telecommunications Engineering,Telecommunications Analyst,Networks and Telecommunications
Telecom Service Delivery Analyst,Telecommunications Engineering,Telecommunications Analyst,Networks and Telecommunications
Telecom Customer Experience Analyst,Telecommunications Engineering,Telecommunications Analyst,Networks and Telecommunications
Telecom Fraud Analyst,Telecommunications Engineering,Telecommunications Analyst,Networks and Telecommunications
Telecom Roaming Analyst,Telecommunications Engineering,Telecommunications Analyst,Networks and Telecommunications
Telecom Interconnect Analyst,Telecommunications Engineering,Telecommunications Analyst,Networks and Telecommunications
Unified Communications Analyst,Telecommunications Engineering,Telecommunications Analyst,Networks and Telecommunications
Voice Systems Analyst,Telecommunications Engineering,Telecommunications Analyst,Networks and Telecommunications
Network Service Analyst,Telecommunications Engineering; Computer Network Engineering,Telecommunications Analyst; Network Support Specialist,Networks and Telecommunications
Radio Network Analyst,Telecommunications Engineering,Telecommunications Analyst,Networks and Telecommunications
Telecommunications Engineer,Telecommunications Engineering,Telecommunications Engineer,Networks and Telecommunications
Telecom Engineer,Telecommunications Engineering,Telecommunications Engineer,Networks and Telecommunications
Telecommunications Systems Engineer,Telecommunications Engineering,Telecommunications Engineer,Networks and Telecommunications
Telecom Network Engineer,Telecommunications Engineering; Computer Network Engineering,Telecommunications Engineer; Network Engineer,Networks and Telecommunications
Telecommunications Network Engineer,Telecommunications Engineering; Computer Network Engineering,Telecommunications Engineer; Network Engineer,Networks and Telecommunications
Communication Systems Engineer,Telecommunications Engineering,Telecommunications Engineer,Networks and Telecommunications
Communications Engineer,Telecommunications Engineering,Telecommunications Engineer,Networks and Telecommunications
Network Communications Engineer,Telecommunications Engineering; Computer Network Engineering,Telecommunications Engineer; Network Engineer,Networks and Telecommunications
Telecom Infrastructure Engineer,Telecommunications Engineering,Telecommunications Engineer,Networks and Telecommunications
Telecom Operations Engineer,Telecommunications Engineering,Telecommunications Engineer,Networks and Telecommunications
Telecom Implementation Engineer,Telecommunications Engineering,Telecommunications Engineer,Networks and Telecommunications
Telecom Deployment Engineer,Telecommunications Engineering,Telecommunications Engineer,Networks and Telecommunications
Telecom Solutions Engineer,Telecommunications Engineering,Telecommunications Engineer,Networks and Telecommunications
Telecom Services Engineer,Telecommunications Engineering,Telecommunications Engineer,Networks and Telecommunications
Telecom Performance Engineer,Telecommunications Engineering,Telecommunications Engineer,Networks and Telecommunications
Telecom Optimization Engineer,Telecommunications Engineering,Telecommunications Engineer,Networks and Telecommunications
Telecom Planning Engineer,Telecommunications Engineering,Telecommunications Engineer,Networks and Telecommunications
Telecom Design Engineer,Telecommunications Engineering,Telecommunications Engineer,Networks and Telecommunications
Telecom Architecture Engineer,Telecommunications Engineering,Telecommunications Engineer,Networks and Telecommunications
Voice Engineer,Telecommunications Engineering,Telecommunications Engineer,Networks and Telecommunications
VoIP Engineer,Telecommunications Engineering,Telecommunications Engineer,Networks and Telecommunications
Unified Communications Engineer,Telecommunications Engineering,Telecommunications Engineer,Networks and Telecommunications
UC Engineer,Telecommunications Engineering,Telecommunications Engineer,Networks and Telecommunications
SIP Engineer,Telecommunications Engineering,Telecommunications Engineer,Networks and Telecommunications
PBX Engineer,Telecommunications Engineering,Telecommunications Engineer,Networks and Telecommunications
IP Telephony Engineer,Telecommunications Engineering,Telecommunications Engineer,Networks and Telecommunications
Mobile Network Engineer,Telecommunications Engineering,Telecommunications Engineer,Networks and Telecommunications
Radio Network Engineer,Telecommunications Engineering,Telecommunications Engineer,Networks and Telecommunications
RAN Engineer,Telecommunications Engineering,Telecommunications Engineer,Networks and Telecommunications
Core Network Engineer,Telecommunications Engineering; Computer Network Engineering,Telecommunications Engineer; Network Engineer,Networks and Telecommunications
Transmission Engineer,Telecommunications Engineering,Telecommunications Engineer,Networks and Telecommunications
Optical Network Engineer,Telecommunications Engineering,Telecommunications Engineer,Networks and Telecommunications
Fiber Network Engineer,Telecommunications Engineering,Telecommunications Engineer,Networks and Telecommunications
Microwave Engineer,Telecommunications Engineering,Telecommunications Engineer,Networks and Telecommunications
Satellite Communications Engineer,Telecommunications Engineering,Telecommunications Engineer,Networks and Telecommunications
RF Telecom Engineer,Telecommunications Engineering,Telecommunications Engineer,Networks and Telecommunications
5G Engineer,Telecommunications Engineering,Telecommunications Engineer,Networks and Telecommunications
4G/LTE Engineer,Telecommunications Engineering,Telecommunications Engineer,Networks and Telecommunications
OSS Engineer,Telecommunications Engineering,Telecommunications Engineer,Networks and Telecommunications
BSS Engineer,Telecommunications Engineering,Telecommunications Engineer,Networks and Telecommunications
Telecom Engineering Manager,Telecommunications Engineering,Telecommunications Engineer,Networks and Telecommunications
Telecom Field Engineer,Telecommunications Engineering,Telecommunications Engineer,Networks and Telecommunications
Telecom Support Engineer,Telecommunications Engineering,Telecommunications Engineer,Networks and Telecommunications
Telecom NOC Engineer,Telecommunications Engineering; Computer Network Engineering,Telecommunications Engineer; Network Support Specialist,Networks and Telecommunications
Telecom Service Assurance Engineer,Telecommunications Engineering,Telecommunications Engineer,Networks and Telecommunications
Telecom Fault Management Engineer,Telecommunications Engineering,Telecommunications Engineer,Networks and Telecommunications
Telecom Provisioning Engineer,Telecommunications Engineering,Telecommunications Engineer,Networks and Telecommunications
Telecom Configuration Engineer,Telecommunications Engineering,Telecommunications Engineer,Networks and Telecommunications
Telecom Integration Specialist,Telecommunications Engineering,Telecommunications Engineer,Networks and Telecommunications
Telecom Migration Engineer,Telecommunications Engineering,Telecommunications Engineer,Networks and Telecommunications
Telecom Modernization Engineer,Telecommunications Engineering,Telecommunications Engineer,Networks and Telecommunications
Telecom Automation Engineer,Telecommunications Engineering,Telecommunications Engineer,Networks and Telecommunications
Telecom DevOps Engineer,Telecommunications Engineering,Telecommunications Engineer,Networks and Telecommunications
Telecom Cloud Engineer,Telecommunications Engineering,Telecommunications Engineer,Networks and Telecommunications
Telecom Security Engineer,Telecommunications Engineering,Telecommunications Engineer,Networks and Telecommunications
Telecom Test Engineer,Telecommunications Engineering,Telecommunications Engineer,Networks and Telecommunications
Telecom Validation Engineer,Telecommunications Engineering,Telecommunications Engineer,Networks and Telecommunications
Telecom Commissioning Engineer,Telecommunications Engineering,Telecommunications Engineer,Networks and Telecommunications
Telecom Rollout Engineer,Telecommunications Engineering,Telecommunications Engineer,Networks and Telecommunications
Telecom Site Engineer,Telecommunications Engineering,Telecommunications Engineer,Networks and Telecommunications
Wireless Engineer,Telecommunications Engineering,Telecommunications Engineer,Networks and Telecommunications
Cellular Network Engineer,Telecommunications Engineering,Telecommunications Engineer,Networks and Telecommunications
Broadband Engineer,Telecommunications Engineering,Telecommunications Engineer,Networks and Telecommunications
ISP Engineer,Telecommunications Engineering; Computer Network Engineering,Telecommunications Engineer; Network Engineer,Networks and Telecommunications
Carrier Network Engineer,Telecommunications Engineering,Telecommunications Engineer,Networks and Telecommunications
MPLS Engineer,Telecommunications Engineering,Telecommunications Engineer,Networks and Telecommunications
SDH Engineer,Telecommunications Engineering,Telecommunications Engineer,Networks and Telecommunications
DWDM Engineer,Telecommunications Engineering,Telecommunications Engineer,Networks and Telecommunications
GPON Engineer,Telecommunications Engineering,Telecommunications Engineer,Networks and Telecommunications
IMS Engineer,Telecommunications Engineering,Telecommunications Engineer,Networks and Telecommunications
Diameter Engineer,Telecommunications Engineering,Telecommunications Engineer,Networks and Telecommunications
Signaling Engineer,Telecommunications Engineering,Telecommunications Engineer,Networks and Telecommunications
SS7 Engineer,Telecommunications Engineering,Telecommunications Engineer,Networks and Telecommunications
Network Function Virtualization Engineer,Telecommunications Engineering,Telecommunications Engineer,Networks and Telecommunications
NFV Engineer,Telecommunications Engineering,Telecommunications Engineer,Networks and Telecommunications
SDN Telecom Engineer,Telecommunications Engineering,Telecommunications Engineer,Networks and Telecommunications
Open RAN Engineer,Telecommunications Engineering,Telecommunications Engineer,Networks and Telecommunications
IT Product Manager,Agile Product and Project Delivery,IT Product Manager,Software Engineering
Product Manager — IT,Agile Product and Project Delivery,IT Product Manager,Software Engineering
Technical Product Manager,Agile Product and Project Delivery,IT Product Manager,Software Engineering
Software Product Manager,Agile Product and Project Delivery,IT Product Manager,Software Engineering
Digital Product Manager,Agile Product and Project Delivery,IT Product Manager,Software Engineering
Technology Product Manager,Agile Product and Project Delivery,IT Product Manager,Software Engineering
Product Manager — Software,Agile Product and Project Delivery,IT Product Manager,Software Engineering
Product Manager — Applications,Agile Product and Project Delivery,IT Product Manager,Software Engineering
Product Manager — Platform,Agile Product and Project Delivery,IT Product Manager,Software Engineering
Product Manager — API,Agile Product and Project Delivery,IT Product Manager,Software Engineering
Product Manager — SaaS,Agile Product and Project Delivery,IT Product Manager,Software Engineering
Product Manager — Cloud,Agile Product and Project Delivery,IT Product Manager,Software Engineering
Product Manager — Data,Agile Product and Project Delivery,IT Product Manager,Software Engineering
Product Manager — AI,Agile Product and Project Delivery,IT Product Manager,Software Engineering
Product Manager — Cybersecurity,Agile Product and Project Delivery,IT Product Manager,Software Engineering
Product Owner,Agile Product and Project Delivery,IT Product Manager,Software Engineering
Technical Product Owner,Agile Product and Project Delivery,IT Product Manager,Software Engineering
Software Product Owner,Agile Product and Project Delivery,IT Product Manager,Software Engineering
Digital Product Owner,Agile Product and Project Delivery,IT Product Manager,Software Engineering
IT Product Owner,Agile Product and Project Delivery,IT Product Manager,Software Engineering
Platform Product Owner,Agile Product and Project Delivery,IT Product Manager,Software Engineering
API Product Owner,Agile Product and Project Delivery,IT Product Manager,Software Engineering
Data Product Owner,Agile Product and Project Delivery,IT Product Manager,Software Engineering
AI Product Owner,Agile Product and Project Delivery,IT Product Manager,Software Engineering
SaaS Product Owner,Agile Product and Project Delivery,IT Product Manager,Software Engineering
Group Product Manager,Agile Product and Project Delivery,IT Product Manager,Software Engineering
Product Management Manager,Agile Product and Project Delivery,IT Product Manager,Software Engineering
Product Director,Agile Product and Project Delivery,IT Product Manager,Software Engineering
Product Strategy Manager,Agile Product and Project Delivery,IT Product Manager,Software Engineering
Product Growth Manager,Agile Product and Project Delivery,IT Product Manager,Software Engineering
Product Operations Manager,Agile Product and Project Delivery,IT Product Manager,Software Engineering
Product Ops Manager,Agile Product and Project Delivery,IT Product Manager,Software Engineering
Product Delivery Manager,Agile Product and Project Delivery,IT Product Manager,Software Engineering
Product Analyst,Agile Product and Project Delivery; Business and Systems Analysis; Data Analysis and Business Intelligence,IT Product Manager; IT Business Analyst; Data Analyst,"Software Engineering; Architecture and Systems Analysis; Data, Analytics and AI"
Product Solutions Manager,Agile Product and Project Delivery,IT Product Manager,Software Engineering
Platform Product Manager,Agile Product and Project Delivery,IT Product Manager,Software Engineering
Developer Experience Product Manager,Agile Product and Project Delivery,IT Product Manager,Software Engineering
DevTools Product Manager,Agile Product and Project Delivery,IT Product Manager,Software Engineering
Enterprise Product Manager,Agile Product and Project Delivery,IT Product Manager,Software Engineering
B2B SaaS Product Manager,Agile Product and Project Delivery,IT Product Manager,Software Engineering
Customer Product Manager,Agile Product and Project Delivery,IT Product Manager,Software Engineering
IT Project Manager,Agile Product and Project Delivery; Business and Systems Analysis; Technical Documentation and Learning,IT Project Manager; IT Business Analyst; IT Technical Account Specialist; Scrum Master,Software Engineering; Architecture and Systems Analysis; IT Support
Project Manager — IT,Agile Product and Project Delivery,IT Project Manager,Software Engineering
Information Technology Project Manager,Agile Product and Project Delivery,IT Project Manager,Software Engineering
Technology Project Manager,Agile Product and Project Delivery,IT Project Manager,Software Engineering
Technical Project Manager,Agile Product and Project Delivery,IT Project Manager,Software Engineering
Software Project Manager,Agile Product and Project Delivery,IT Project Manager,Software Engineering
Digital Project Manager,Agile Product and Project Delivery,IT Project Manager,Software Engineering
Systems Project Manager,Agile Product and Project Delivery,IT Project Manager,Software Engineering
Infrastructure Project Manager,Agile Product and Project Delivery,IT Project Manager,Software Engineering
Application Project Manager,Agile Product and Project Delivery,IT Project Manager,Software Engineering
Platform Project Manager,Agile Product and Project Delivery,IT Project Manager,Software Engineering
Cloud Project Manager,Agile Product and Project Delivery,IT Project Manager,Software Engineering
Data Project Manager,Agile Product and Project Delivery,IT Project Manager,Software Engineering
AI Project Manager,Agile Product and Project Delivery,IT Project Manager,Software Engineering
Cybersecurity Project Manager,Agile Product and Project Delivery,IT Project Manager,Software Engineering
Network Project Manager,Agile Product and Project Delivery,IT Project Manager,Software Engineering
ERP Project Manager,Agile Product and Project Delivery,IT Project Manager,Software Engineering
CRM Project Manager,Agile Product and Project Delivery,IT Project Manager,Software Engineering
SAP Project Manager,Agile Product and Project Delivery,IT Project Manager,Software Engineering
Salesforce Project Manager,Agile Product and Project Delivery,IT Project Manager,Software Engineering
ServiceNow Project Manager,Agile Product and Project Delivery,IT Project Manager,Software Engineering
IT Implementation Project Manager,Agile Product and Project Delivery,IT Project Manager,Software Engineering
IT Delivery Project Manager,Agile Product and Project Delivery,IT Project Manager,Software Engineering
IT Program Project Manager,Agile Product and Project Delivery,IT Project Manager,Software Engineering
Project Delivery Manager,Agile Product and Project Delivery,IT Project Manager,Software Engineering
Technology Delivery Manager,Agile Product and Project Delivery,IT Project Manager,Software Engineering
IT Project Coordinator,Agile Product and Project Delivery,IT Project Manager,Software Engineering
Technical Project Coordinator,Agile Product and Project Delivery,IT Project Manager,Software Engineering
IT Program Manager,Agile Product and Project Delivery,IT Project Manager,Software Engineering
Technology Program Manager,Agile Product and Project Delivery,IT Project Manager,Software Engineering
Digital Program Manager,Agile Product and Project Delivery,IT Project Manager,Software Engineering
Software Program Manager,Agile Product and Project Delivery,IT Project Manager,Software Engineering
Delivery Manager,Agile Product and Project Delivery,IT Project Manager,Software Engineering
IT Delivery Manager,Agile Product and Project Delivery,IT Project Manager,Software Engineering
Technical Delivery Manager,Agile Product and Project Delivery,IT Project Manager,Software Engineering
Implementation Manager,Agile Product and Project Delivery,IT Project Manager,Software Engineering
IT Implementation Manager,Agile Product and Project Delivery,IT Project Manager,Software Engineering
PMO Project Manager,Agile Product and Project Delivery,IT Project Manager,Software Engineering
IT PMO Analyst,Agile Product and Project Delivery,IT Project Manager,Software Engineering
Project Controls Manager,Agile Product and Project Delivery,IT Project Manager,Software Engineering
Project Portfolio Manager,Agile Product and Project Delivery,IT Project Manager,Software Engineering
Technology Portfolio Manager,Agile Product and Project Delivery,IT Project Manager,Software Engineering
Transformation Project Manager,Agile Product and Project Delivery,IT Project Manager,Software Engineering
Migration Project Manager,Agile Product and Project Delivery,IT Project Manager,Software Engineering
Modernization Project Manager,Agile Product and Project Delivery,IT Project Manager,Software Engineering
Agile Project Manager,Agile Product and Project Delivery,IT Project Manager; Scrum Master,Software Engineering
Scrum Project Manager,Agile Product and Project Delivery,IT Project Manager; Scrum Master,Software Engineering
Release Project Manager,Agile Product and Project Delivery,IT Project Manager,Software Engineering
Service Delivery Manager,Agile Product and Project Delivery; Technical Documentation and Learning,IT Project Manager; IT Technical Account Specialist,Software Engineering; IT Support
Scrum Master,Agile Product and Project Delivery; Business and Systems Analysis,Scrum Master; IT Business Analyst; IT Project Manager,Software Engineering; Architecture and Systems Analysis
Agile Scrum Master,Agile Product and Project Delivery,Scrum Master,Software Engineering
Certified Scrum Master,Agile Product and Project Delivery,Scrum Master,Software Engineering
CSM Scrum Master,Agile Product and Project Delivery,Scrum Master,Software Engineering
Technical Scrum Master,Agile Product and Project Delivery,Scrum Master,Software Engineering
Software Scrum Master,Agile Product and Project Delivery,Scrum Master,Software Engineering
Digital Scrum Master,Agile Product and Project Delivery,Scrum Master,Software Engineering
IT Scrum Master,Agile Product and Project Delivery,Scrum Master,Software Engineering
SAFe Scrum Master,Agile Product and Project Delivery,Scrum Master,Software Engineering
Scaled Agile Scrum Master,Agile Product and Project Delivery,Scrum Master,Software Engineering
Agile Delivery Scrum Master,Agile Product and Project Delivery,Scrum Master,Software Engineering
Agile Team Scrum Master,Agile Product and Project Delivery,Scrum Master,Software Engineering
Product Scrum Master,Agile Product and Project Delivery,Scrum Master,Software Engineering
Platform Scrum Master,Agile Product and Project Delivery,Scrum Master,Software Engineering
DevOps Scrum Master,Agile Product and Project Delivery,Scrum Master,Software Engineering
Engineering Scrum Master,Agile Product and Project Delivery; Software Development,Scrum Master; Software Architect,Software Engineering
Enterprise Scrum Master,Agile Product and Project Delivery,Scrum Master,Software Engineering
Scrum Team Coach,Agile Product and Project Delivery,Scrum Master,Software Engineering
Scrum Facilitator,Agile Product and Project Delivery,Scrum Master,Software Engineering
Agile Facilitator,Agile Product and Project Delivery,Scrum Master,Software Engineering
Scrum Master Coach,Agile Product and Project Delivery,Scrum Master,Software Engineering
Agile Coach,Agile Product and Project Delivery,Scrum Master,Software Engineering
Agile Delivery Coach,Agile Product and Project Delivery,Scrum Master,Software Engineering
SAFe Coach,Agile Product and Project Delivery,Scrum Master,Software Engineering
Agile Release Train Scrum Master,Agile Product and Project Delivery,Scrum Master,Software Engineering
ART Scrum Master,Agile Product and Project Delivery,Scrum Master,Software Engineering
Iteration Manager,Agile Product and Project Delivery,Scrum Master,Software Engineering
Sprint Facilitator,Agile Product and Project Delivery,Scrum Master,Software Engineering
Kanban Coach,Agile Product and Project Delivery,Scrum Master,Software Engineering
Agile Transformation Specialist,Agile Product and Project Delivery,Scrum Master,Software Engineering
Agile Delivery Specialist,Agile Product and Project Delivery,Scrum Master,Software Engineering
Agile Program Facilitator,Agile Product and Project Delivery,Scrum Master,Software Engineering
Scrum of Scrums Master,Agile Product and Project Delivery,Scrum Master,Software Engineering
Enterprise Agile Coach,Agile Product and Project Delivery,Scrum Master,Software Engineering
DevOps Agile Coach,Agile Product and Project Delivery; Software Development,Scrum Master; Cloud Software Developer,Software Engineering
Technical Agile Coach,Agile Product and Project Delivery,Scrum Master,Software Engineering
Product Delivery Scrum Master,Agile Product and Project Delivery,Scrum Master,Software Engineering
Agile Project Facilitator,Agile Product and Project Delivery,Scrum Master,Software Engineering
Digital Game Designer,Digital Interface and User Experience,Digital Game Designer,Software Engineering
Game Designer,Digital Interface and User Experience,Digital Game Designer,Software Engineering
Video Game Designer,Digital Interface and User Experience,Digital Game Designer,Software Engineering
Gameplay Designer,Digital Interface and User Experience,Digital Game Designer,Software Engineering
Game Systems Designer,Digital Interface and User Experience,Digital Game Designer,Software Engineering
Game Mechanics Designer,Digital Interface and User Experience,Digital Game Designer,Software Engineering
Level Designer,Digital Interface and User Experience,Digital Game Designer,Software Engineering
Game Level Designer,Digital Interface and User Experience,Digital Game Designer,Software Engineering
Narrative Game Designer,Digital Interface and User Experience,Digital Game Designer,Software Engineering
Game Narrative Designer,Digital Interface and User Experience,Digital Game Designer,Software Engineering
Game Economy Designer,Digital Interface and User Experience,Digital Game Designer,Software Engineering
Game Monetization Designer,Digital Interface and User Experience,Digital Game Designer,Software Engineering
Live Operations Game Designer,Digital Interface and User Experience,Digital Game Designer,Software Engineering
LiveOps Game Designer,Digital Interface and User Experience,Digital Game Designer,Software Engineering
Game UX Designer,Digital Interface and User Experience,Digital Game Designer,Software Engineering
Game UI Designer,Digital Interface and User Experience,Digital Game Designer,Software Engineering
Mobile Game Designer,Digital Interface and User Experience,Digital Game Designer,Software Engineering
Console Game Designer,Digital Interface and User Experience,Digital Game Designer,Software Engineering
PC Game Designer,Digital Interface and User Experience,Digital Game Designer,Software Engineering
Online Game Designer,Digital Interface and User Experience,Digital Game Designer,Software Engineering
Multiplayer Game Designer,Digital Interface and User Experience,Digital Game Designer,Software Engineering
Serious Game Designer,Digital Interface and User Experience,Digital Game Designer,Software Engineering
Educational Game Designer,Digital Interface and User Experience,Digital Game Designer,Software Engineering
Interactive Game Designer,Digital Interface and User Experience,Digital Game Designer,Software Engineering
Game Design Director,Digital Interface and User Experience,Digital Game Designer,Software Engineering
Creative Director — Games,Digital Interface and User Experience,Digital Game Designer,Software Engineering
Game Content Designer,Digital Interface and User Experience,Digital Game Designer,Software Engineering
Game Progression Designer,Digital Interface and User Experience,Digital Game Designer,Software Engineering
Game Balance Designer,Digital Interface and User Experience,Digital Game Designer,Software Engineering
Game Experience Designer,Digital Interface and User Experience,Digital Game Designer,Software Engineering
Interactive Experience Designer,Digital Interface and User Experience,Digital Game Designer,Software Engineering
Game Product Designer,Digital Interface and User Experience,Digital Game Designer,Software Engineering
Game Prototyping Designer,Digital Interface and User Experience,Digital Game Designer,Software Engineering
AR Game Designer,Digital Interface and User Experience,Digital Game Designer,Software Engineering
VR Game Designer,Digital Interface and User Experience,Digital Game Designer,Software Engineering
XR Game Designer,Digital Interface and User Experience,Digital Game Designer,Software Engineering
Metaverse Game Designer,Digital Interface and User Experience,Digital Game Designer,Software Engineering
Social Game Designer,Digital Interface and User Experience,Digital Game Designer,Software Engineering
Casual Game Designer,Digital Interface and User Experience,Digital Game Designer,Software Engineering
Game Engagement Designer,Digital Interface and User Experience,Digital Game Designer,Software Engineering
Game Retention Designer,Digital Interface and User Experience,Digital Game Designer,Software Engineering
Game Mission Designer,Digital Interface and User Experience,Digital Game Designer,Software Engineering
Game Quest Designer,Digital Interface and User Experience,Digital Game Designer,Software Engineering
Game Design Consultant,Digital Interface and User Experience,Digital Game Designer,Software Engineering
User Experience Designer,Digital Interface and User Experience,User Experience Designer,Software Engineering
UX Designer,Digital Interface and User Experience,User Experience Designer,Software Engineering
UX/UI Designer,Digital Interface and User Experience,User Experience Designer; User Interface Designer,Software Engineering
Product UX Designer,Digital Interface and User Experience; Agile Product and Project Delivery,User Experience Designer; IT Product Manager; User Interface Designer,Software Engineering
Digital UX Designer,Digital Interface and User Experience,User Experience Designer,Software Engineering
Software UX Designer,Digital Interface and User Experience,User Experience Designer,Software Engineering
Web UX Designer,Digital Interface and User Experience,User Experience Designer; Web Designer,Software Engineering
Mobile UX Designer,Digital Interface and User Experience,User Experience Designer,Software Engineering
Application UX Designer,Digital Interface and User Experience,User Experience Designer,Software Engineering
Interaction Designer,Digital Interface and User Experience,User Experience Designer,Software Engineering
Interaction Design Specialist,Digital Interface and User Experience,User Experience Designer,Software Engineering
User-Centered Design Specialist,Digital Interface and User Experience,User Experience Designer,Software Engineering
Human-Centered Design Specialist,Digital Interface and User Experience,User Experience Designer,Software Engineering
Experience Designer,Digital Interface and User Experience,User Experience Designer,Software Engineering
Digital Experience Designer,Digital Interface and User Experience,User Experience Designer,Software Engineering
Customer Experience Designer,Digital Interface and User Experience,User Experience Designer,Software Engineering
Service Designer,Digital Interface and User Experience,User Experience Designer,Software Engineering
UX Architect,Digital Interface and User Experience,User Experience Designer,Software Engineering
Information Architect,Digital Interface and User Experience,User Experience Designer,Software Engineering
UX Strategist,Digital Interface and User Experience,User Experience Designer,Software Engineering
UX Consultant,Digital Interface and User Experience,User Experience Designer,Software Engineering
Accessibility UX Designer,Digital Interface and User Experience; Software Quality and Testing,User Experience Designer; Accessibility Tester; Usability Tester,Software Engineering
Conversational UX Designer,Digital Interface and User Experience,User Experience Designer; User Interface Designer,Software Engineering
Voice UX Designer,Digital Interface and User Experience,User Experience Designer,Software Engineering
UX Writer,Digital Interface and User Experience,User Experience Designer,Software Engineering
UX Design Manager,Digital Interface and User Experience,User Experience Designer,Software Engineering
UX Director,Digital Interface and User Experience,User Experience Designer,Software Engineering
User Experience Architect,Digital Interface and User Experience,User Experience Designer,Software Engineering
Design Thinking Facilitator,Digital Interface and User Experience,User Experience Designer,Software Engineering
Journey Designer,Digital Interface and User Experience,User Experience Designer,Software Engineering
Customer Journey Designer,Digital Interface and User Experience,User Experience Designer; User Experience Researcher,Software Engineering
Interaction Architect,Digital Interface and User Experience,User Experience Designer,Software Engineering
Experience Strategy Consultant,Digital Interface and User Experience,User Experience Designer,Software Engineering
Mobile Experience Designer,Digital Interface and User Experience,User Experience Designer,Software Engineering
Web Experience Designer,Digital Interface and User Experience,User Experience Designer,Software Engineering
Enterprise UX Designer,Digital Interface and User Experience,User Experience Designer,Software Engineering
SaaS UX Designer,Digital Interface and User Experience,User Experience Designer,Software Engineering
Design Systems UX Designer,Digital Interface and User Experience,User Experience Designer,Software Engineering
Inclusive Design Specialist,Digital Interface and User Experience,User Experience Designer,Software Engineering
Accessibility Design Specialist,Digital Interface and User Experience,User Experience Designer,Software Engineering
AR/VR UX Designer,Digital Interface and User Experience,User Experience Designer,Software Engineering
XR Experience Designer,Digital Interface and User Experience,User Experience Designer,Software Engineering
AI UX Designer,Digital Interface and User Experience,User Experience Designer,Software Engineering
Conversational Design Specialist,Digital Interface and User Experience,User Experience Designer,Software Engineering
Chatbot UX Designer,Digital Interface and User Experience,User Experience Designer,Software Engineering
Voice Interface Designer,Digital Interface and User Experience,User Experience Designer,Software Engineering
User Experience Researcher,Digital Interface and User Experience,User Experience Researcher,Software Engineering
UX Researcher,Digital Interface and User Experience,User Experience Researcher,Software Engineering
User Researcher,Digital Interface and User Experience,User Experience Researcher,Software Engineering
Product Researcher,Digital Interface and User Experience,User Experience Researcher,Software Engineering
Digital Product Researcher,Digital Interface and User Experience; Agile Product and Project Delivery,User Experience Researcher; IT Product Manager,Software Engineering
Design Researcher,Digital Interface and User Experience,User Experience Researcher,Software Engineering
User-Centered Design Researcher,Digital Interface and User Experience,User Experience Researcher,Software Engineering
Human-Centered Design Researcher,Digital Interface and User Experience,User Experience Researcher,Software Engineering
Usability Researcher,Digital Interface and User Experience,User Experience Researcher,Software Engineering
Customer Experience Researcher,Digital Interface and User Experience,User Experience Researcher,Software Engineering
Interaction Researcher,Digital Interface and User Experience,User Experience Researcher,Software Engineering
UX Insights Researcher,Digital Interface and User Experience,User Experience Researcher,Software Engineering
User Insights Researcher,Digital Interface and User Experience,User Experience Researcher,Software Engineering
Experience Researcher,Digital Interface and User Experience,User Experience Researcher,Software Engineering
Digital Experience Researcher,Digital Interface and User Experience,User Experience Researcher,Software Engineering
Product Insights Researcher,Digital Interface and User Experience,User Experience Researcher,Software Engineering
Qualitative UX Researcher,Digital Interface and User Experience,User Experience Researcher,Software Engineering
Quantitative UX Researcher,Digital Interface and User Experience,User Experience Researcher,Software Engineering
Mixed Methods UX Researcher,Digital Interface and User Experience,User Experience Researcher,Software Engineering
UX Research Analyst,Digital Interface and User Experience,User Experience Researcher,Software Engineering
UX Research Specialist,Digital Interface and User Experience,User Experience Researcher,Software Engineering
Human Factors Researcher,Digital Interface and User Experience,User Experience Researcher,Software Engineering
UX Research Manager,Digital Interface and User Experience,User Experience Researcher,Software Engineering
Product Insights Manager,Digital Interface and User Experience,User Experience Researcher,Software Engineering
UX Research Operations Specialist,Digital Interface and User Experience,User Experience Researcher,Software Engineering
ResearchOps Specialist,Digital Interface and User Experience,User Experience Researcher,Software Engineering
UX Research Coordinator,Digital Interface and User Experience,User Experience Researcher,Software Engineering
Usability Study Researcher,Digital Interface and User Experience,User Experience Researcher,Software Engineering
Remote Research Specialist,Digital Interface and User Experience,User Experience Researcher,Software Engineering
User Interview Researcher,Digital Interface and User Experience,User Experience Researcher,Software Engineering
Survey Researcher — UX,Digital Interface and User Experience,User Experience Researcher,Software Engineering
UX Experimentation Researcher,Digital Interface and User Experience,User Experience Researcher,Software Engineering
A/B Testing UX Researcher,Digital Interface and User Experience,User Experience Researcher,Software Engineering
Behavioral UX Researcher,Digital Interface and User Experience,User Experience Researcher,Software Engineering
Accessibility Researcher,Digital Interface and User Experience,User Experience Researcher,Software Engineering
Inclusive Design Researcher,Digital Interface and User Experience,User Experience Researcher,Software Engineering
Mobile UX Researcher,Digital Interface and User Experience,User Experience Researcher,Software Engineering
Web UX Researcher,Digital Interface and User Experience,User Experience Researcher,Software Engineering
Enterprise UX Researcher,Digital Interface and User Experience,User Experience Researcher,Software Engineering
Voice UX Researcher,Digital Interface and User Experience,User Experience Researcher,Software Engineering
Conversational UX Researcher,Digital Interface and User Experience,User Experience Researcher,Software Engineering
Ethnographic UX Researcher,Digital Interface and User Experience,User Experience Researcher,Software Engineering
Diary Study Researcher,Digital Interface and User Experience,User Experience Researcher,Software Engineering
User Interface Designer,Digital Interface and User Experience,User Interface Designer,Software Engineering
UI Designer,Digital Interface and User Experience,User Interface Designer,Software Engineering
Visual UI Designer,Digital Interface and User Experience,User Interface Designer,Software Engineering
Digital Interface Designer,Digital Interface and User Experience,User Interface Designer,Software Engineering
Application Interface Designer,Digital Interface and User Experience,User Interface Designer,Software Engineering
Web Interface Designer,Digital Interface and User Experience,User Interface Designer,Software Engineering
Mobile Interface Designer,Digital Interface and User Experience,User Interface Designer,Software Engineering
Software Interface Designer,Digital Interface and User Experience,User Interface Designer,Software Engineering
Product UI Designer,Digital Interface and User Experience,User Interface Designer,Software Engineering
UI/UX Designer,Digital Interface and User Experience,User Interface Designer,Software Engineering
Interaction Interface Designer,Digital Interface and User Experience,User Interface Designer,Software Engineering
Design Systems Designer,Digital Interface and User Experience,User Interface Designer,Software Engineering
Component Library Designer,Digital Interface and User Experience,User Interface Designer,Software Engineering
Visual Product Designer,Digital Interface and User Experience,User Interface Designer,Software Engineering
Digital Product Designer,Digital Interface and User Experience; Agile Product and Project Delivery,User Interface Designer; IT Product Manager; User Experience Designer,Software Engineering
Web Designer,Digital Interface and User Experience,User Interface Designer; User Experience Designer; Web Designer,Software Engineering
Mobile UI Designer,Digital Interface and User Experience,User Interface Designer,Software Engineering
Dashboard UI Designer,Digital Interface and User Experience,User Interface Designer,Software Engineering
Enterprise UI Designer,Digital Interface and User Experience,User Interface Designer,Software Engineering
SaaS UI Designer,Digital Interface and User Experience,User Interface Designer,Software Engineering
Frontend Design Specialist,Digital Interface and User Experience,User Interface Designer,Software Engineering
UI Design Specialist,Digital Interface and User Experience,User Interface Designer,Software Engineering
Interface Design Specialist,Digital Interface and User Experience,User Interface Designer,Software Engineering
Visual Design Systems Specialist,Digital Interface and User Experience,User Interface Designer,Software Engineering
UI Design Manager,Digital Interface and User Experience,User Interface Designer,Software Engineering
Design System Manager,Digital Interface and User Experience,User Interface Designer,Software Engineering
UI Architect,Digital Interface and User Experience,User Interface Designer,Software Engineering
Interface Architect,Digital Interface and User Experience,User Interface Designer,Software Engineering
Responsive UI Designer,Digital Interface and User Experience,User Interface Designer,Software Engineering
Accessibility UI Designer,Digital Interface and User Experience,User Interface Designer,Software Engineering
Inclusive UI Designer,Digital Interface and User Experience,User Interface Designer,Software Engineering
Mobile Product Designer,Digital Interface and User Experience,User Interface Designer,Software Engineering
Web Product Designer,Digital Interface and User Experience,User Interface Designer,Software Engineering
E-commerce UI Designer,Digital Interface and User Experience,User Interface Designer,Software Engineering
Data Visualization UI Designer,Digital Interface and User Experience,User Interface Designer,Software Engineering
Design Token Specialist,Digital Interface and User Experience,User Interface Designer,Software Engineering
Component System Designer,Digital Interface and User Experience,User Interface Designer,Software Engineering
Figma Design Systems Specialist,Digital Interface and User Experience,User Interface Designer,Software Engineering
Enterprise Design Systems Designer,Digital Interface and User Experience,User Interface Designer,Software Engineering
AR/VR UI Designer,Digital Interface and User Experience,User Interface Designer; User Experience Designer,Software Engineering
XR UI Designer,Digital Interface and User Experience,User Interface Designer; User Experience Designer,Software Engineering
Conversational Interface Designer,Digital Interface and User Experience,User Interface Designer,Software Engineering
Website Designer,Digital Interface and User Experience,Web Designer,Software Engineering
Web UI Designer,Digital Interface and User Experience,Web Designer,Software Engineering
Web Visual Designer,Digital Interface and User Experience,Web Designer,Software Engineering
Website UI Designer,Digital Interface and User Experience,Web Designer,Software Engineering
Digital Web Designer,Digital Interface and User Experience,Web Designer,Software Engineering
Responsive Web Designer,Digital Interface and User Experience,Web Designer; User Interface Designer,Software Engineering
Frontend Web Designer,Digital Interface and User Experience,Web Designer,Software Engineering
E-commerce Web Designer,Digital Interface and User Experience,Web Designer,Software Engineering
Landing Page Designer,Digital Interface and User Experience,Web Designer,Software Engineering
Marketing Website Designer,Digital Interface and User Experience,Web Designer,Software Engineering
CMS Web Designer,Digital Interface and User Experience,Web Designer,Software Engineering
WordPress Web Designer,Digital Interface and User Experience,Web Designer,Software Engineering
Shopify Web Designer,Digital Interface and User Experience,Web Designer,Software Engineering
Web Content Designer,Digital Interface and User Experience,Web Designer,Software Engineering
Website Experience Designer,Digital Interface and User Experience,Web Designer,Software Engineering
Web Layout Designer,Digital Interface and User Experience,Web Designer,Software Engineering
Web Graphics Designer,Digital Interface and User Experience,Web Designer,Software Engineering
Web Design Specialist,Digital Interface and User Experience,Web Designer,Software Engineering
Website Design Specialist,Digital Interface and User Experience,Web Designer,Software Engineering
Web Design Consultant,Digital Interface and User Experience,Web Designer,Software Engineering
Web Design Manager,Digital Interface and User Experience,Web Designer,Software Engineering
Web Creative Director,Digital Interface and User Experience,Web Designer,Software Engineering
Website Design Manager,Digital Interface and User Experience,Web Designer,Software Engineering
Digital Designer,Digital Interface and User Experience,Web Designer,Software Engineering
Responsive Design Specialist,Digital Interface and User Experience,Web Designer,Software Engineering
E-commerce Website Designer,Digital Interface and User Experience,Web Designer,Software Engineering
Conversion Rate Web Designer,Digital Interface and User Experience,Web Designer,Software Engineering
CRO Web Designer,Digital Interface and User Experience,Web Designer,Software Engineering
Web Accessibility Designer,Digital Interface and User Experience,Web Designer,Software Engineering
Web Design Systems Specialist,Digital Interface and User Experience,Web Designer,Software Engineering
CMS Design Specialist,Digital Interface and User Experience,Web Designer,Software Engineering
Contentful Web Designer,Digital Interface and User Experience,Web Designer,Software Engineering
Webflow Designer,Digital Interface and User Experience,Web Designer,Software Engineering
Wix Web Designer,Digital Interface and User Experience,Web Designer,Software Engineering
Squarespace Designer,Digital Interface and User Experience,Web Designer,Software Engineering
Adobe Experience Manager Web Designer,Digital Interface and User Experience,Web Designer,Software Engineering
AEM Web Designer,Digital Interface and User Experience,Web Designer,Software Engineering
Portal Designer,Digital Interface and User Experience,Web Designer,Software Engineering
Intranet Web Designer,Digital Interface and User Experience,Web Designer,Software Engineering
Web Template Designer,Digital Interface and User Experience,Web Designer,Software Engineering
Web Brand Designer,Digital Interface and User Experience,Web Designer,Software Engineering
Digital Campaign Web Designer,Digital Interface and User Experience,Web Designer,Software Engineering
Android Developer,Software Development,Android Developer,Software Engineering
Android Application Developer,Software Development,Android Developer,Software Engineering
Android App Developer,Software Development,Android Developer,Software Engineering
Android Software Developer,Software Development,Android Developer,Software Engineering
Android Engineer,Software Development,Android Developer,Software Engineering
Android Mobile Developer,Software Development,Android Developer,Software Engineering
Native Android Developer,Software Development,Android Developer,Software Engineering
Android SDK Developer,Software Development,Android Developer,Software Engineering
Android Kotlin Developer,Software Development,Android Developer,Software Engineering
Android Java Developer,Software Development,Android Developer,Software Engineering
Android Platform Developer,Software Development,Android Developer,Software Engineering
Android UI Developer,Software Development,Android Developer,Software Engineering
Android Mobile Engineer,Software Development,Android Developer,Software Engineering
Android App Engineer,Software Development,Android Developer,Software Engineering
Android Framework Developer,Software Development,Android Developer,Software Engineering
Android Systems Developer,Software Development,Android Developer,Software Engineering
Android TV Developer,Software Development,Android Developer,Software Engineering
Android Automotive Developer,Software Development,Android Developer,Software Engineering
Android Wear Developer,Software Development,Android Developer,Software Engineering
Wear OS Developer,Software Development,Android Developer,Software Engineering
Android Tablet Developer,Software Development,Android Developer,Software Engineering
Android Embedded App Developer,Software Development,Android Developer,Software Engineering
Android Application Engineer,Software Development,Android Developer,Software Engineering
Android Mobile Software Engineer,Software Development,Android Developer,Software Engineering
Android Kotlin Engineer,Software Development,Android Developer,Software Engineering
Android Java Engineer,Software Development,Android Developer,Software Engineering
Android UI Engineer,Software Development,Android Developer,Software Engineering
Android Jetpack Compose Developer,Software Development,Android Developer,Software Engineering
Android Architecture Components Developer,Software Development,Android Developer,Software Engineering
Android Native Engineer,Software Development,Android Developer,Software Engineering
Android Build Engineer,Software Development,Android Developer,Software Engineering
Android CI/CD Developer,Software Development,Android Developer,Software Engineering
Android SDK Engineer,Software Development,Android Developer,Software Engineering
Android Library Developer,Software Development,Android Developer,Software Engineering
Android Integration Developer,Software Development,Android Developer,Software Engineering
Android Platform Engineer,Software Development,Android Developer,Software Engineering
Android Device Application Developer,Software Development,Android Developer,Software Engineering
Android Automotive App Developer,Software Development,Android Developer,Software Engineering
Android Enterprise Developer,Software Development,Android Developer,Software Engineering
Android MDM Developer,Software Development,Android Developer,Software Engineering
Mobile Android Developer,Software Development,Android Developer,Software Engineering
Cross-Platform Android Developer,Software Development,Android Developer,Software Engineering
Backend Developer,Software Development; Database Engineering,Backend Developer; Database Developer; Full-stack Developer; Systems Programmer,"Software Engineering; Data, Analytics and AI"
Backend Engineer,Software Development; Database Engineering,Backend Developer; Database Developer; Full-stack Developer; Systems Programmer,"Software Engineering; Data, Analytics and AI"
Back-End Developer,Software Development,Backend Developer,Software Engineering
Back-End Engineer,Software Development,Backend Developer,Software Engineering
Server-Side Developer,Software Development,Backend Developer,Software Engineering
Server-Side Engineer,Software Development,Backend Developer,Software Engineering
API Developer,Software Development; Enterprise and Systems Architecture,Backend Developer; Cloud Software Developer; Software Architect; Systems Integration Engineer,Software Engineering; Architecture and Systems Analysis
Web Services Developer,Software Development,Backend Developer,Software Engineering
Web Services Engineer,Software Development,Backend Developer,Software Engineering
Application Backend Developer,Software Development,Backend Developer,Software Engineering
Software Backend Developer,Software Development,Backend Developer,Software Engineering
Backend Software Engineer,Software Development,Backend Developer,Software Engineering
Services Developer,Software Development,Backend Developer,Software Engineering
Services Engineer,Software Development,Backend Developer,Software Engineering
Microservices Developer,Software Development; Enterprise and Systems Architecture,Backend Developer; Systems Integration Engineer; Cloud Software Developer; Full-stack Developer,Software Engineering; Architecture and Systems Analysis
Microservices Engineer,Software Development,Backend Developer,Software Engineering
REST API Developer,Software Development,Backend Developer,Software Engineering
REST API Engineer,Software Development,Backend Developer,Software Engineering
GraphQL Developer,Software Development,Backend Developer,Software Engineering
GraphQL Engineer,Software Development,Backend Developer,Software Engineering
Java Backend Developer,Software Development,Backend Developer,Software Engineering
Python Backend Developer,Software Development,Backend Developer,Software Engineering
Node.js Backend Developer,Software Development,Backend Developer,Software Engineering
.NET Backend Developer,Software Development,Backend Developer,Software Engineering
C# Backend Developer,Software Development,Backend Developer,Software Engineering
PHP Backend Developer,Software Development,Backend Developer,Software Engineering
Ruby Backend Developer,Software Development,Backend Developer,Software Engineering
Go Backend Developer,Software Development,Backend Developer,Software Engineering
Golang Backend Developer,Software Development,Backend Developer,Software Engineering
Scala Backend Developer,Software Development,Backend Developer,Software Engineering
Kotlin Backend Developer,Software Development,Backend Developer,Software Engineering
Spring Boot Developer,Software Development,Backend Developer,Software Engineering
Django Developer,Software Development,Backend Developer,Software Engineering
Flask Developer,Software Development,Backend Developer,Software Engineering
FastAPI Developer,Software Development,Backend Developer,Software Engineering
Laravel Developer,Software Development,Backend Developer,Software Engineering
Rails Developer,Software Development,Backend Developer,Software Engineering
Express.js Developer,Software Development,Backend Developer,Software Engineering
Backend Platform Developer,Software Development,Backend Developer; Cloud Software Developer; Software Architect,Software Engineering
Backend Systems Engineer,Software Development; Enterprise and Systems Architecture,Backend Developer; Systems Programmer; Computer Systems Engineer,Software Engineering; Architecture and Systems Analysis
Backend Integration Developer,Software Development; Enterprise and Systems Architecture; Database Engineering,Backend Developer; Cloud Software Developer; Software Architect; Systems Integration Engineer; Database Integrator,"Software Engineering; Architecture and Systems Analysis; Data, Analytics and AI"
Backend API Integration Engineer,Software Development; Software Quality and Testing,Backend Developer; Cloud Software Developer; Integration Test Engineer,Software Engineering
Backend Cloud Developer,Software Development,Backend Developer; Cloud Software Developer,Software Engineering
Backend DevOps Developer,Software Development,Backend Developer,Software Engineering
Backend Data Developer,Software Development,Backend Developer,Software Engineering
Backend Database Developer,Software Development,Backend Developer,Software Engineering
Backend Performance Engineer,Software Development,Backend Developer,Software Engineering
Backend Reliability Engineer,Software Development,Backend Developer,Software Engineering
Backend Security Developer,Software Development,Backend Developer,Software Engineering
Distributed Systems Backend Engineer,Software Development,Backend Developer,Software Engineering
Event-Driven Backend Developer,Software Development,Backend Developer,Software Engineering
Kafka Backend Developer,Software Development,Backend Developer,Software Engineering
Backend Automation Engineer,Software Development,Backend Developer,Software Engineering
Enterprise Backend Developer,Software Development,Backend Developer,Software Engineering
SaaS Backend Developer,Software Development,Backend Developer,Software Engineering
BFF Developer,Software Development,Backend Developer,Software Engineering
Backend for Frontend Developer,Software Development,Backend Developer,Software Engineering
Middleware Developer,Software Development; Enterprise and Systems Architecture,Backend Developer; Systems Integration Engineer; Systems Programmer,Software Engineering; Architecture and Systems Analysis
Cloud Software Developer,Software Development; Cloud and Platform Engineering,Cloud Software Developer; Cloud Engineer; DevOps Engineer; Backend Developer,"Software Engineering; Cloud, Platforms and IT Operations"
Cloud Application Developer,Software Development; Cloud and Platform Engineering,Cloud Software Developer; Backend Developer; Full-stack Developer; Cloud Engineer,"Software Engineering; Cloud, Platforms and IT Operations"
Cloud Native Developer,Software Development; Cloud and Platform Engineering,Cloud Software Developer; Backend Developer; Software Architect; Cloud Engineer; DevOps Engineer,"Software Engineering; Cloud, Platforms and IT Operations"
Cloud-Native Application Developer,Software Development,Cloud Software Developer,Software Engineering
Cloud Software Engineer,Software Development,Cloud Software Developer,Software Engineering
Cloud Application Engineer,Software Development,Cloud Software Developer,Software Engineering
Cloud Services Developer,Software Development,Cloud Software Developer,Software Engineering
Serverless Developer,Software Development,Cloud Software Developer,Software Engineering
Serverless Engineer,Software Development,Cloud Software Developer,Software Engineering
AWS Application Developer,Software Development,Cloud Software Developer,Software Engineering
AWS Cloud Developer,Software Development,Cloud Software Developer,Software Engineering
Azure Application Developer,Software Development,Cloud Software Developer,Software Engineering
Azure Cloud Developer,Software Development,Cloud Software Developer,Software Engineering
Google Cloud Application Developer,Software Development,Cloud Software Developer,Software Engineering
GCP Application Developer,Software Development,Cloud Software Developer,Software Engineering
Cloud Platform Application Developer,Software Development,Cloud Software Developer,Software Engineering
Cloud Microservices Developer,Software Development,Cloud Software Developer,Software Engineering
Cloud API Developer,Software Development,Cloud Software Developer,Software Engineering
Cloud SaaS Developer,Software Development,Cloud Software Developer,Software Engineering
Cloud Backend Developer,Software Development,Cloud Software Developer; Backend Developer,Software Engineering
Cloud Integration Developer,Software Development,Cloud Software Developer,Software Engineering
Cloud Functions Developer,Software Development,Cloud Software Developer,Software Engineering
Lambda Developer,Software Development,Cloud Software Developer,Software Engineering
Azure Functions Developer,Software Development,Cloud Software Developer,Software Engineering
Google Cloud Functions Developer,Software Development,Cloud Software Developer,Software Engineering
Cloud Native Software Engineer,Software Development,Cloud Software Developer,Software Engineering
Cloud DevOps Developer,Software Development,Cloud Software Developer,Software Engineering
Cloud Platform Developer,Software Development,Cloud Software Developer,Software Engineering
Cloud Solutions Developer,Software Development,Cloud Software Developer,Software Engineering
Cloud Full-stack Developer,Software Development,Cloud Software Developer; Full-stack Developer,Software Engineering
Cloud Backend Engineer,Software Development,Cloud Software Developer,Software Engineering
Containerized Application Developer,Software Development,Cloud Software Developer,Software Engineering
Kubernetes Application Developer,Software Development,Cloud Software Developer,Software Engineering
Cloud API Engineer,Software Development,Cloud Software Developer,Software Engineering
Cloud Event-Driven Developer,Software Development,Cloud Software Developer,Software Engineering
Cloud Streaming Developer,Software Development,Cloud Software Developer,Software Engineering
Cloud Data Application Developer,Software Development,Cloud Software Developer,Software Engineering
Cloud Migration Developer,Software Development,Cloud Software Developer,Software Engineering
Cloud Modernization Developer,Software Development,Cloud Software Developer,Software Engineering
Multi-Cloud Application Developer,Software Development,Cloud Software Developer,Software Engineering
PaaS Application Developer,Software Development,Cloud Software Developer,Software Engineering
SaaS Platform Developer,Software Development,Cloud Software Developer,Software Engineering
Cloud Runtime Developer,Software Development,Cloud Software Developer,Software Engineering
Cloud Integration Engineer,Software Development; Enterprise and Systems Architecture; Cloud and Platform Engineering,Cloud Software Developer; Systems Integration Engineer; Cloud Engineer,"Software Engineering; Architecture and Systems Analysis; Cloud, Platforms and IT Operations"
Desktop Application Developer,Software Development,Desktop Application Developer,Software Engineering
Desktop Developer,Software Development,Desktop Application Developer,Software Engineering
Desktop Software Developer,Software Development,Desktop Application Developer,Software Engineering
Desktop Application Engineer,Software Development,Desktop Application Developer,Software Engineering
Desktop Software Engineer,Software Development,Desktop Application Developer,Software Engineering
Windows Application Developer,Software Development,Desktop Application Developer,Software Engineering
Windows Desktop Developer,Software Development,Desktop Application Developer,Software Engineering
Windows Software Developer,Software Development,Desktop Application Developer,Software Engineering
macOS Application Developer,Software Development,Desktop Application Developer,Software Engineering
Mac Application Developer,Software Development,Desktop Application Developer,Software Engineering
Linux Desktop Developer,Software Development,Desktop Application Developer,Software Engineering
Cross-Platform Desktop Developer,Software Development,Desktop Application Developer,Software Engineering
Client Application Developer,Software Development,Desktop Application Developer,Software Engineering
Rich Client Developer,Software Development,Desktop Application Developer,Software Engineering
Thick Client Developer,Software Development,Desktop Application Developer,Software Engineering
GUI Application Developer,Software Development,Desktop Application Developer,Software Engineering
Desktop GUI Developer,Software Development,Desktop Application Developer,Software Engineering
Electron Developer,Software Development,Desktop Application Developer,Software Engineering
.NET Desktop Developer,Software Development,Desktop Application Developer,Software Engineering
C# Desktop Developer,Software Development,Desktop Application Developer,Software Engineering
WPF Developer,Software Development,Desktop Application Developer,Software Engineering
WinForms Developer,Software Development,Desktop Application Developer,Software Engineering
Qt Developer,Software Development,Desktop Application Developer,Software Engineering
Java Desktop Developer,Software Development,Desktop Application Developer,Software Engineering
JavaFX Developer,Software Development,Desktop Application Developer,Software Engineering
Swing Developer,Software Development,Desktop Application Developer,Software Engineering
Python Desktop Developer,Software Development,Desktop Application Developer,Software Engineering
C++ Desktop Developer,Software Development,Desktop Application Developer,Software Engineering
Native Desktop Developer,Software Development,Desktop Application Developer,Software Engineering
Desktop UI Developer,Software Development,Desktop Application Developer,Software Engineering
Desktop Client Engineer,Software Development,Desktop Application Developer,Software Engineering
Desktop Systems Developer,Software Development,Desktop Application Developer,Software Engineering
Desktop Tool Developer,Software Development,Desktop Application Developer,Software Engineering
Internal Tools Developer,Software Development,Desktop Application Developer,Software Engineering
Windows Client Developer,Software Development,Desktop Application Developer,Software Engineering
macOS Client Developer,Software Development,Desktop Application Developer,Software Engineering
Linux Client Developer,Software Development,Desktop Application Developer,Software Engineering
Desktop Automation Developer,Software Development,Desktop Application Developer,Software Engineering
Desktop Integration Developer,Software Development,Desktop Application Developer; Backend Developer; Systems Programmer,Software Engineering
Desktop Application Support Developer,Software Development,Desktop Application Developer,Software Engineering
Desktop Application Modernization Developer,Software Development,Desktop Application Developer,Software Engineering
Enterprise Desktop Developer,Software Development,Desktop Application Developer,Software Engineering
Kiosk Application Developer,Software Development,Desktop Application Developer,Software Engineering
POS Application Developer,Software Development,Desktop Application Developer,Software Engineering
Desktop Deployment Developer,Software Development,Desktop Application Developer,Software Engineering
Desktop Security Application Developer,Software Development,Desktop Application Developer,Software Engineering
Desktop Plugin Developer,Software Development,Desktop Application Developer,Software Engineering
Desktop Extension Developer,Software Development,Desktop Application Developer,Software Engineering
Frontend Developer,Software Development,Frontend Developer; Full-stack Developer,Software Engineering
Front-End Developer,Software Development,Frontend Developer,Software Engineering
Frontend Engineer,Software Development,Frontend Developer,Software Engineering
Front-End Engineer,Software Development,Frontend Developer,Software Engineering
Web Frontend Developer,Software Development,Frontend Developer,Software Engineering
Web Front-End Developer,Software Development,Frontend Developer,Software Engineering
Web UI Developer,Software Development; Digital Interface and User Experience,Frontend Developer; User Interface Designer,Software Engineering
Web Interface Developer,Software Development,Frontend Developer,Software Engineering
Client-Side Developer,Software Development,Frontend Developer,Software Engineering
Client-Side Engineer,Software Development,Frontend Developer,Software Engineering
JavaScript Developer,Software Development,Frontend Developer,Software Engineering
TypeScript Developer,Software Development,Frontend Developer,Software Engineering
React Developer,Software Development,Frontend Developer,Software Engineering
React.js Developer,Software Development,Frontend Developer,Software Engineering
Angular Developer,Software Development,Frontend Developer,Software Engineering
Vue.js Developer,Software Development,Frontend Developer,Software Engineering
Vue Developer,Software Development,Frontend Developer,Software Engineering
Svelte Developer,Software Development,Frontend Developer,Software Engineering
Next.js Developer,Software Development,Frontend Developer,Software Engineering
Nuxt.js Developer,Software Development,Frontend Developer,Software Engineering
Web Application Developer,Software Development,Frontend Developer; Backend Developer; Full-stack Developer,Software Engineering
UI Developer,Software Development,Frontend Developer,Software Engineering
Frontend Software Developer,Software Development,Frontend Developer,Software Engineering
Frontend Application Developer,Software Development,Frontend Developer,Software Engineering
HTML/CSS Developer,Software Development,Frontend Developer,Software Engineering
Web Components Developer,Software Development,Frontend Developer,Software Engineering
Single Page Application Developer,Software Development,Frontend Developer,Software Engineering
SPA Developer,Software Development,Frontend Developer,Software Engineering
Frontend Architect,Software Development,Frontend Developer,Software Engineering
Frontend Platform Engineer,Software Development,Frontend Developer,Software Engineering
Frontend Performance Engineer,Software Development,Frontend Developer,Software Engineering
Frontend Accessibility Developer,Software Development,Frontend Developer,Software Engineering
Frontend Design Systems Developer,Software Development,Frontend Developer,Software Engineering
Design Systems Engineer,Software Development; Digital Interface and User Experience,Frontend Developer; User Interface Designer,Software Engineering
UI Engineering Specialist,Software Development,Frontend Developer,Software Engineering
Web Experience Developer,Software Development,Frontend Developer,Software Engineering
E-commerce Frontend Developer,Software Development,Frontend Developer,Software Engineering
Mobile Web Developer,Software Development,Frontend Developer,Software Engineering
Progressive Web App Developer,Software Development,Frontend Developer; Full-stack Developer,Software Engineering
PWA Developer,Software Development,Frontend Developer,Software Engineering
Headless Frontend Developer,Software Development,Frontend Developer; Backend Developer; Full-stack Developer,Software Engineering
CMS Frontend Developer,Software Development,Frontend Developer,Software Engineering
WordPress Frontend Developer,Software Development,Frontend Developer,Software Engineering
Shopify Frontend Developer,Software Development,Frontend Developer,Software Engineering
Micro-Frontend Developer,Software Development,Frontend Developer,Software Engineering
Web Animation Developer,Software Development,Frontend Developer,Software Engineering
Frontend Integration Developer,Software Development,Frontend Developer; Backend Developer; Full-stack Developer,Software Engineering
JavaScript UI Engineer,Software Development,Frontend Developer,Software Engineering
Browser Application Developer,Software Development,Frontend Developer,Software Engineering
Full-stack Developer,Software Development; Enterprise and Systems Architecture,Full-stack Developer; Backend Developer; Frontend Developer; Systems Integration Engineer,Software Engineering; Architecture and Systems Analysis
Full Stack Developer,Software Development,Full-stack Developer,Software Engineering
Fullstack Developer,Software Development,Full-stack Developer,Software Engineering
Full Stack Engineer,Software Development,Full-stack Developer,Software Engineering
Full-stack Engineer,Software Development,Full-stack Developer,Software Engineering
Fullstack Engineer,Software Development,Full-stack Developer,Software Engineering
End-to-End Developer,Software Development,Full-stack Developer,Software Engineering
End-to-End Software Engineer,Software Development,Full-stack Developer,Software Engineering
Web Application Engineer,Software Development,Full-stack Developer,Software Engineering
Web Full-stack Developer,Software Development,Full-stack Developer,Software Engineering
Web Full Stack Developer,Software Development,Full-stack Developer,Software Engineering
Java Full-stack Developer,Software Development,Full-stack Developer,Software Engineering
.NET Full-stack Developer,Software Development,Full-stack Developer,Software Engineering
C# Full-stack Developer,Software Development,Full-stack Developer,Software Engineering
JavaScript Full-stack Developer,Software Development,Full-stack Developer,Software Engineering
TypeScript Full-stack Developer,Software Development,Full-stack Developer,Software Engineering
React and Node.js Developer,Software Development,Full-stack Developer,Software Engineering
Angular and Java Developer,Software Development,Full-stack Developer,Software Engineering
Angular and .NET Developer,Software Development,Full-stack Developer,Software Engineering
MERN Stack Developer,Software Development,Full-stack Developer,Software Engineering
MEAN Stack Developer,Software Development,Full-stack Developer,Software Engineering
LAMP Stack Developer,Software Development,Full-stack Developer,Software Engineering
Django Full-stack Developer,Software Development,Full-stack Developer,Software Engineering
Laravel Full-stack Developer,Software Development,Full-stack Developer,Software Engineering
Rails Full-stack Developer,Software Development,Full-stack Developer,Software Engineering
PHP Full-stack Developer,Software Development,Full-stack Developer,Software Engineering
Python Full-stack Developer,Software Development,Full-stack Developer,Software Engineering
Node.js Full-stack Developer,Software Development,Full-stack Developer,Software Engineering
SaaS Full-stack Developer,Software Development,Full-stack Developer; Cloud Software Developer,Software Engineering
Full-stack Software Engineer,Software Development,Full-stack Developer,Software Engineering
Product Engineer,Software Development; Agile Product and Project Delivery,Full-stack Developer; IT Product Manager; Software Architect,Software Engineering
Web Product Engineer,Software Development,Full-stack Developer,Software Engineering
Application Developer,Software Development; Enterprise and Systems Architecture,Full-stack Developer; Backend Developer; Desktop Application Developer; Software Architect; Systems Integration Engineer,Software Engineering; Architecture and Systems Analysis
Application Engineer,Software Development; Enterprise and Systems Architecture,Full-stack Developer; Backend Developer; Desktop Application Developer; Software Architect; Systems Integration Engineer,Software Engineering; Architecture and Systems Analysis
Software Engineer,Software Development; Enterprise and Systems Architecture,Full-stack Developer; Backend Developer; Cloud Software Developer; Desktop Application Developer; Systems Programmer; Computer Systems Engineer,Software Engineering; Architecture and Systems Analysis
Software Developer,Software Development; Data Engineering,Full-stack Developer; Data Engineer; Backend Developer; Desktop Application Developer; Systems Programmer,"Software Engineering; Data, Analytics and AI"
Mobile Full-stack Developer,Software Development,Full-stack Developer,Software Engineering
Platform Full-stack Developer,Software Development,Full-stack Developer,Software Engineering
Enterprise Full-stack Developer,Software Development,Full-stack Developer,Software Engineering
E-commerce Full-stack Developer,Software Development,Full-stack Developer; Frontend Developer,Software Engineering
CMS Full-stack Developer,Software Development,Full-stack Developer,Software Engineering
API and Frontend Developer,Software Development,Full-stack Developer,Software Engineering
UI and Backend Developer,Software Development,Full-stack Developer,Software Engineering
Backend and Frontend Developer,Software Development,Full-stack Developer,Software Engineering
T-shaped Developer,Software Development,Full-stack Developer,Software Engineering
Generalist Software Engineer,Software Development,Full-stack Developer,Software Engineering
Startup Software Engineer,Software Development,Full-stack Developer,Software Engineering
Solutions Developer,Software Development,Full-stack Developer,Software Engineering
Integration Full-stack Developer,Software Development,Full-stack Developer,Software Engineering
Software Architect,Software Development; Enterprise and Systems Architecture,Software Architect; Backend Developer; Cloud Software Developer; Full-stack Developer; Systems Programmer; Solution Architect; Systems Architect,Software Engineering; Architecture and Systems Analysis
Application Architect,Software Development; Enterprise and Systems Architecture,Software Architect; Solution Architect; Systems Architect,Software Engineering; Architecture and Systems Analysis
Software Solution Architect,Software Development,Software Architect,Software Engineering
Software Design Architect,Software Development,Software Architect,Software Engineering
Software Architecture Engineer,Software Development,Software Architect,Software Engineering
Application Architecture Engineer,Software Development,Software Architect,Software Engineering
Software Technical Architect,Software Development,Software Architect,Software Engineering
Technical Software Architect,Software Development,Software Architect,Software Engineering
Enterprise Software Architect,Software Development,Software Architect,Software Engineering
Platform Software Architect,Software Development,Software Architect; Cloud Software Developer; Systems Programmer,Software Engineering
Backend Software Architect,Software Development,Software Architect,Software Engineering
Frontend Software Architect,Software Development,Software Architect,Software Engineering
Cloud Software Architect,Software Development; Enterprise and Systems Architecture; Cloud and Platform Engineering,Software Architect; Cloud Software Developer; Solution Architect; Cloud Architect,"Software Engineering; Architecture and Systems Analysis; Cloud, Platforms and IT Operations"
Distributed Software Architect,Software Development,Software Architect,Software Engineering
API Architect,Software Development,Software Architect,Software Engineering
Integration Software Architect,Software Development,Software Architect,Software Engineering
Domain Software Architect,Software Development,Software Architect,Software Engineering
Product Software Architect,Software Development,Software Architect,Software Engineering
Software Architecture Manager,Software Development,Software Architect,Software Engineering
Software Architecture Director,Software Development,Software Architect,Software Engineering
Software Design Authority,Software Development,Software Architect,Software Engineering
Application Design Authority,Software Development,Software Architect,Software Engineering
Engineering Architect,Software Development,Software Architect,Software Engineering
Solutions Software Architect,Software Development,Software Architect,Software Engineering
Software Platform Architect,Software Development,Software Architect,Software Engineering
Software Modernization Architect,Software Development,Software Architect,Software Engineering
Legacy Application Architect,Software Development,Software Architect,Software Engineering
Application Migration Architect,Software Development,Software Architect,Software Engineering
Event-Driven Architecture Specialist,Software Development,Software Architect,Software Engineering
Domain-Driven Design Architect,Software Development,Software Architect,Software Engineering
DDD Architect,Software Development,Software Architect,Software Engineering
Software Framework Architect,Software Development,Software Architect,Software Engineering
Developer Platform Architect,Software Development,Software Architect,Software Engineering
Software Performance Architect,Software Development,Software Architect,Software Engineering
Software Reliability Architect,Software Development,Software Architect,Software Engineering
Mobile Software Architect,Software Development,Software Architect,Software Engineering
Web Software Architect,Software Development,Software Architect,Software Engineering
Data Application Architect,Software Development,Software Architect,Software Engineering
Systems Programmer,Software Development; Specialized Software Development,Systems Programmer; Backend Developer; Desktop Application Developer; Software Architect; Embedded Software Developer,Software Engineering
System Programmer,Software Development,Systems Programmer,Software Engineering
Systems Software Programmer,Software Development,Systems Programmer,Software Engineering
Systems Software Developer,Software Development,Systems Programmer,Software Engineering
System Software Developer,Software Development,Systems Programmer,Software Engineering
Low-Level Software Developer,Software Development,Systems Programmer,Software Engineering
Low-Level Software Engineer,Software Development,Systems Programmer,Software Engineering
Operating Systems Programmer,Software Development,Systems Programmer,Software Engineering
OS Programmer,Software Development,Systems Programmer,Software Engineering
Kernel Developer,Software Development,Systems Programmer,Software Engineering
Kernel Programmer,Software Development,Systems Programmer,Software Engineering
Device Driver Developer,Software Development,Systems Programmer,Software Engineering
Driver Developer,Software Development,Systems Programmer,Software Engineering
Firmware Programmer,Software Development,Systems Programmer,Software Engineering
Runtime Systems Developer,Software Development,Systems Programmer,Software Engineering
Compiler Developer,Software Development,Systems Programmer,Software Engineering
Compiler Engineer,Software Development,Systems Programmer,Software Engineering
Embedded Systems Programmer,Software Development; Specialized Software Development; Enterprise and Systems Architecture,Systems Programmer; Embedded Software Developer; Computer Systems Engineer,Software Engineering; Architecture and Systems Analysis
Mainframe Programmer,Software Development,Systems Programmer,Software Engineering
COBOL Systems Programmer,Software Development,Systems Programmer,Software Engineering
MVS Programmer,Software Development,Systems Programmer,Software Engineering
z/OS Programmer,Software Development,Systems Programmer,Software Engineering
C/C++ Systems Programmer,Software Development,Systems Programmer,Software Engineering
Native Systems Developer,Software Development,Systems Programmer; Desktop Application Developer,Software Engineering
Middleware Systems Programmer,Software Development,Systems Programmer,Software Engineering
Network Systems Programmer,Software Development,Systems Programmer,Software Engineering
Performance Systems Programmer,Software Development,Systems Programmer,Software Engineering
Infrastructure Software Programmer,Software Development,Systems Programmer,Software Engineering
Kernel Engineer,Software Development,Systems Programmer,Software Engineering
Device Driver Engineer,Software Development,Systems Programmer,Software Engineering
Systems Runtime Engineer,Software Development,Systems Programmer,Software Engineering
Virtualization Systems Programmer,Software Development,Systems Programmer,Software Engineering
Storage Systems Programmer,Software Development,Systems Programmer,Software Engineering
Distributed Systems Programmer,Software Development,Systems Programmer,Software Engineering
High Performance Systems Programmer,Software Development,Systems Programmer,Software Engineering
HPC Systems Programmer,Software Development,Systems Programmer,Software Engineering
Real-Time Systems Programmer,Software Development,Systems Programmer,Software Engineering
Embedded Firmware Programmer,Software Development,Systems Programmer,Software Engineering
Mainframe Systems Developer,Software Development,Systems Programmer,Software Engineering
Mainframe Application Programmer,Software Development,Systems Programmer,Software Engineering
COBOL Programmer,Software Development,Systems Programmer,Software Engineering
C Systems Developer,Software Development,Systems Programmer,Software Engineering
C++ Systems Developer,Software Development,Systems Programmer,Software Engineering
Rust Systems Programmer,Software Development,Systems Programmer,Software Engineering
Linux Systems Programmer,Software Development,Systems Programmer,Software Engineering
Unix Systems Programmer,Software Development,Systems Programmer,Software Engineering
Windows Systems Programmer,Software Development,Systems Programmer,Software Engineering
System Utilities Developer,Software Development,Systems Programmer,Software Engineering
Compiler Toolchain Engineer,Software Development,Systems Programmer,Software Engineering
Systems Performance Engineer,Software Development,Systems Programmer,Software Engineering
Platform Runtime Engineer,Software Development,Systems Programmer,Software Engineering
iOS Developer,Software Development,iOS Developer,Software Engineering
iOS Application Developer,Software Development,iOS Developer,Software Engineering
iOS App Developer,Software Development,iOS Developer,Software Engineering
iOS Software Developer,Software Development,iOS Developer,Software Engineering
iOS Engineer,Software Development,iOS Developer,Software Engineering
iOS Mobile Developer,Software Development,iOS Developer,Software Engineering
Native iOS Developer,Software Development,iOS Developer,Software Engineering
iOS SDK Developer,Software Development,iOS Developer,Software Engineering
Swift Developer,Software Development,iOS Developer,Software Engineering
Swift iOS Developer,Software Development,iOS Developer,Software Engineering
Objective-C Developer,Software Development,iOS Developer,Software Engineering
Objective-C iOS Developer,Software Development,iOS Developer,Software Engineering
iPhone Application Developer,Software Development,iOS Developer,Software Engineering
iPad Application Developer,Software Development,iOS Developer,Software Engineering
Apple Mobile Developer,Software Development,iOS Developer,Software Engineering
Apple Platform Developer,Software Development,iOS Developer,Software Engineering
iOS UI Developer,Software Development,iOS Developer,Software Engineering
iOS Mobile Engineer,Software Development,iOS Developer,Software Engineering
iOS App Engineer,Software Development,iOS Developer,Software Engineering
iOS Framework Developer,Software Development,iOS Developer,Software Engineering
iOS Systems Developer,Software Development,iOS Developer,Software Engineering
tvOS Developer,Software Development,iOS Developer,Software Engineering
watchOS Developer,Software Development,iOS Developer,Software Engineering
Apple Watch Developer,Software Development,iOS Developer,Software Engineering
CarPlay Developer,Software Development,iOS Developer,Software Engineering
iOS Application Engineer,Software Development,iOS Developer,Software Engineering
iOS Mobile Software Engineer,Software Development,iOS Developer,Software Engineering
Swift Engineer,Software Development,iOS Developer,Software Engineering
Objective-C Engineer,Software Development,iOS Developer,Software Engineering
SwiftUI Developer,Software Development,iOS Developer,Software Engineering
iOS UIKit Developer,Software Development,iOS Developer,Software Engineering
iOS Architecture Components Developer,Software Development,iOS Developer,Software Engineering
iOS Native Engineer,Software Development,iOS Developer,Software Engineering
iOS Build Engineer,Software Development,iOS Developer,Software Engineering
iOS CI/CD Developer,Software Development,iOS Developer,Software Engineering
iOS SDK Engineer,Software Development,iOS Developer,Software Engineering
iOS Library Developer,Software Development,iOS Developer,Software Engineering
iOS Integration Developer,Software Development,iOS Developer,Software Engineering
iOS Platform Engineer,Software Development,iOS Developer,Software Engineering
iOS Device Application Developer,Software Development,iOS Developer,Software Engineering
iOS Automotive App Developer,Software Development,iOS Developer,Software Engineering
iOS Enterprise Developer,Software Development,iOS Developer,Software Engineering
iOS MDM Developer,Software Development,iOS Developer,Software Engineering
Mobile iOS Developer,Software Development,iOS Developer,Software Engineering
Cross-Platform iOS Developer,Software Development,iOS Developer,Software Engineering
Accessibility Tester,Software Quality and Testing,Accessibility Tester,Software Engineering
Accessibility Test Engineer,Software Quality and Testing,Accessibility Tester,Software Engineering
Accessibility QA Tester,Software Quality and Testing,Accessibility Tester,Software Engineering
Accessibility Quality Assurance Tester,Software Quality and Testing,Accessibility Tester,Software Engineering
Digital Accessibility Tester,Software Quality and Testing,Accessibility Tester,Software Engineering
Web Accessibility Tester,Software Quality and Testing,Accessibility Tester,Software Engineering
Mobile Accessibility Tester,Software Quality and Testing; Software Development,Accessibility Tester; Android Developer; iOS Developer,Software Engineering
Software Accessibility Tester,Software Quality and Testing,Accessibility Tester,Software Engineering
Application Accessibility Tester,Software Quality and Testing,Accessibility Tester,Software Engineering
Accessibility Test Analyst,Software Quality and Testing,Accessibility Tester,Software Engineering
Accessibility QA Analyst,Software Quality and Testing,Accessibility Tester,Software Engineering
Accessibility Validation Tester,Software Quality and Testing,Accessibility Tester,Software Engineering
Accessibility Compliance Tester,Software Quality and Testing,Accessibility Tester,Software Engineering
WCAG Tester,Software Quality and Testing,Accessibility Tester,Software Engineering
WCAG Accessibility Tester,Software Quality and Testing,Accessibility Tester,Software Engineering
ADA Accessibility Tester,Software Quality and Testing,Accessibility Tester,Software Engineering
Section 508 Tester,Software Quality and Testing,Accessibility Tester,Software Engineering
Assistive Technology Tester,Software Quality and Testing,Accessibility Tester,Software Engineering
Inclusive Design Tester,Software Quality and Testing,Accessibility Tester,Software Engineering
Accessibility Usability Tester,Software Quality and Testing,Accessibility Tester,Software Engineering
Accessibility QA Engineer,Software Quality and Testing,Accessibility Tester,Software Engineering
Accessibility Test Specialist,Software Quality and Testing,Accessibility Tester,Software Engineering
Accessibility Quality Engineer,Software Quality and Testing,Accessibility Tester,Software Engineering
Accessibility Compliance Analyst,Software Quality and Testing,Accessibility Tester,Software Engineering
Digital Inclusion Tester,Software Quality and Testing,Accessibility Tester,Software Engineering
Web Accessibility QA Engineer,Software Quality and Testing,Accessibility Tester,Software Engineering
Mobile Accessibility QA Engineer,Software Quality and Testing,Accessibility Tester,Software Engineering
Accessibility Automation Tester,Software Quality and Testing,Accessibility Tester,Software Engineering
Automated Accessibility Test Engineer,Software Quality and Testing,Accessibility Tester,Software Engineering
Accessibility Audit Tester,Software Quality and Testing,Accessibility Tester,Software Engineering
Accessibility Evaluation Specialist,Software Quality and Testing,Accessibility Tester,Software Engineering
Screen Reader Tester,Software Quality and Testing,Accessibility Tester,Software Engineering
Keyboard Navigation Tester,Software Quality and Testing,Accessibility Tester,Software Engineering
ARIA Tester,Software Quality and Testing,Accessibility Tester,Software Engineering
Accessible UX Tester,Software Quality and Testing,Accessibility Tester,Software Engineering
Accessibility Regression Tester,Software Quality and Testing,Accessibility Tester,Software Engineering
Accessibility Acceptance Tester,Software Quality and Testing,Accessibility Tester,Software Engineering
Accessibility Certification Tester,Software Quality and Testing,Accessibility Tester,Software Engineering
Inclusive Product Tester,Software Quality and Testing,Accessibility Tester,Software Engineering
Accessibility Test Consultant,Software Quality and Testing,Accessibility Tester,Software Engineering
Game Tester,Software Quality and Testing,Game Tester,Software Engineering
Video Game Tester,Software Quality and Testing,Game Tester,Software Engineering
QA Game Tester,Software Quality and Testing,Game Tester,Software Engineering
Game QA Tester,Software Quality and Testing,Game Tester,Software Engineering
Game Quality Assurance Tester,Software Quality and Testing,Game Tester,Software Engineering
Gameplay Tester,Software Quality and Testing,Game Tester,Software Engineering
Game Test Analyst,Software Quality and Testing,Game Tester,Software Engineering
Game QA Analyst,Software Quality and Testing,Game Tester,Software Engineering
Game Test Engineer,Software Quality and Testing,Game Tester,Software Engineering
Game Quality Engineer,Software Quality and Testing,Game Tester,Software Engineering
Game Functionality Tester,Software Quality and Testing,Game Tester,Software Engineering
Game Compatibility Tester,Software Quality and Testing,Game Tester,Software Engineering
Game Regression Tester,Software Quality and Testing,Game Tester,Software Engineering
Game Localization Tester,Software Quality and Testing,Game Tester,Software Engineering
Game Playtester,Software Quality and Testing,Game Tester,Software Engineering
Game Play Tester,Software Quality and Testing,Game Tester,Software Engineering
Console Game Tester,Software Quality and Testing,Game Tester,Software Engineering
Mobile Game Tester,Software Quality and Testing,Game Tester,Software Engineering
PC Game Tester,Software Quality and Testing,Game Tester,Software Engineering
Online Game Tester,Software Quality and Testing,Game Tester,Software Engineering
Multiplayer Game Tester,Software Quality and Testing,Game Tester,Software Engineering
LiveOps Game Tester,Software Quality and Testing,Game Tester,Software Engineering
Game Beta Tester,Software Quality and Testing,Game Tester,Software Engineering
Game Certification Tester,Software Quality and Testing,Game Tester,Software Engineering
Game QA Manager,Software Quality and Testing,Game Tester,Software Engineering
Gameplay QA Engineer,Software Quality and Testing,Game Tester,Software Engineering
Game Automation Tester,Software Quality and Testing; Specialized Software Development,Game Tester; Game Developer; Test Automation Engineer,Software Engineering
Game Performance Tester,Software Quality and Testing; Specialized Software Development,Game Tester; Game Developer; Performance Test Engineer,Software Engineering
Game Usability Tester,Software Quality and Testing; Digital Interface and User Experience,Game Tester; Digital Game Designer; Usability Tester,Software Engineering
Game Accessibility Tester,Software Quality and Testing; Digital Interface and User Experience,Game Tester; Digital Game Designer; Accessibility Tester; Usability Tester,Software Engineering
Game Compliance Tester,Software Quality and Testing,Game Tester,Software Engineering
Game Platform Tester,Software Quality and Testing,Game Tester,Software Engineering
Game Device Tester,Software Quality and Testing,Game Tester,Software Engineering
Game Network Tester,Software Quality and Testing,Game Tester,Software Engineering
Game Integration Tester,Software Quality and Testing; Specialized Software Development,Game Tester; Game Developer; Integration Test Engineer,Software Engineering
Game Bug Analyst,Software Quality and Testing,Game Tester,Software Engineering
Game Defect Analyst,Software Quality and Testing,Game Tester,Software Engineering
Game Test Coordinator,Software Quality and Testing,Game Tester,Software Engineering
Game Release Tester,Software Quality and Testing,Game Tester,Software Engineering
Game Live Service Tester,Software Quality and Testing,Game Tester,Software Engineering
Game Monetization Tester,Software Quality and Testing,Game Tester,Software Engineering
Game Economy Tester,Software Quality and Testing,Game Tester,Software Engineering
Game User Acceptance Tester,Software Quality and Testing,Game Tester,Software Engineering
Game Console Certification Tester,Software Quality and Testing,Game Tester,Software Engineering
Integration Test Engineer,Software Quality and Testing; Enterprise and Systems Architecture,Integration Test Engineer; Software Test Engineer; Test Automation Engineer; Systems Integration Engineer,Software Engineering; Architecture and Systems Analysis
Integration Tester,Software Quality and Testing; Enterprise and Systems Architecture,Integration Test Engineer; Systems Integration Engineer; Software Test Engineer,Software Engineering; Architecture and Systems Analysis
Software Integration Tester,Software Quality and Testing,Integration Test Engineer,Software Engineering
System Integration Tester,Software Quality and Testing,Integration Test Engineer,Software Engineering
Systems Integration Test Engineer,Software Quality and Testing,Integration Test Engineer,Software Engineering
Application Integration Test Engineer,Software Quality and Testing,Integration Test Engineer,Software Engineering
API Integration Tester,Software Quality and Testing,Integration Test Engineer,Software Engineering
API Test Engineer,Software Quality and Testing; Software Development; Enterprise and Systems Architecture,Integration Test Engineer; Backend Developer; Test Automation Engineer; Systems Integration Engineer,Software Engineering; Architecture and Systems Analysis
Interface Test Engineer,Software Quality and Testing,Integration Test Engineer,Software Engineering
Interface Integration Tester,Software Quality and Testing,Integration Test Engineer,Software Engineering
End-to-End Integration Tester,Software Quality and Testing,Integration Test Engineer,Software Engineering
E2E Integration Test Engineer,Software Quality and Testing,Integration Test Engineer,Software Engineering
Middleware Test Engineer,Software Quality and Testing,Integration Test Engineer,Software Engineering
Integration QA Engineer,Software Quality and Testing,Integration Test Engineer,Software Engineering
Integration Quality Engineer,Software Quality and Testing,Integration Test Engineer,Software Engineering
Integration Validation Engineer,Software Quality and Testing,Integration Test Engineer,Software Engineering
Cross-System Test Engineer,Software Quality and Testing,Integration Test Engineer,Software Engineering
Interoperability Test Engineer,Software Quality and Testing,Integration Test Engineer,Software Engineering
Service Integration Tester,Software Quality and Testing,Integration Test Engineer,Software Engineering
ERP Integration Tester,Software Quality and Testing,Integration Test Engineer,Software Engineering
CRM Integration Tester,Software Quality and Testing,Integration Test Engineer,Software Engineering
Data Integration Tester,Software Quality and Testing,Integration Test Engineer,Software Engineering
Integration Test Manager,Software Quality and Testing,Integration Test Engineer,Software Engineering
API QA Engineer,Software Quality and Testing,Integration Test Engineer,Software Engineering
Web Services Test Engineer,Software Quality and Testing,Integration Test Engineer,Software Engineering
SOAP API Tester,Software Quality and Testing,Integration Test Engineer,Software Engineering
REST API Tester,Software Quality and Testing,Integration Test Engineer,Software Engineering
GraphQL API Tester,Software Quality and Testing,Integration Test Engineer,Software Engineering
Event Integration Tester,Software Quality and Testing,Integration Test Engineer,Software Engineering
Kafka Integration Tester,Software Quality and Testing,Integration Test Engineer,Software Engineering
Message Queue Test Engineer,Software Quality and Testing,Integration Test Engineer,Software Engineering
ESB Test Engineer,Software Quality and Testing,Integration Test Engineer,Software Engineering
iPaaS Test Engineer,Software Quality and Testing,Integration Test Engineer,Software Engineering
EDI Test Engineer,Software Quality and Testing,Integration Test Engineer,Software Engineering
SAP Integration Tester,Software Quality and Testing,Integration Test Engineer,Software Engineering
Salesforce Integration Tester,Software Quality and Testing,Integration Test Engineer,Software Engineering
ServiceNow Integration Tester,Software Quality and Testing,Integration Test Engineer,Software Engineering
System Interface Tester,Software Quality and Testing,Integration Test Engineer,Software Engineering
Integration Automation Tester,Software Quality and Testing,Integration Test Engineer,Software Engineering
Integration Regression Tester,Software Quality and Testing,Integration Test Engineer,Software Engineering
Integration Acceptance Tester,Software Quality and Testing,Integration Test Engineer,Software Engineering
Partner Integration Tester,Software Quality and Testing,Integration Test Engineer,Software Engineering
B2B Integration Tester,Software Quality and Testing,Integration Test Engineer,Software Engineering
Data Interface Tester,Software Quality and Testing,Integration Test Engineer,Software Engineering
Microservices Integration Tester,Software Quality and Testing,Integration Test Engineer,Software Engineering
Localization Tester,Software Quality and Testing,Localization Tester,Software Engineering
Software Localization Tester,Software Quality and Testing,Localization Tester,Software Engineering
Software L10n Tester,Software Quality and Testing,Localization Tester,Software Engineering
Localization QA Tester,Software Quality and Testing,Localization Tester,Software Engineering
Localization Quality Assurance Tester,Software Quality and Testing,Localization Tester,Software Engineering
Localization Test Engineer,Software Quality and Testing,Localization Tester,Software Engineering
Localization QA Engineer,Software Quality and Testing,Localization Tester,Software Engineering
Localization Test Analyst,Software Quality and Testing,Localization Tester,Software Engineering
Internationalization Tester,Software Quality and Testing,Localization Tester,Software Engineering
Internationalization QA Tester,Software Quality and Testing,Localization Tester,Software Engineering
i18n Tester,Software Quality and Testing,Localization Tester,Software Engineering
L10n Tester,Software Quality and Testing,Localization Tester,Software Engineering
Language Quality Tester,Software Quality and Testing,Localization Tester,Software Engineering
Linguistic Tester,Software Quality and Testing,Localization Tester,Software Engineering
Linguistic QA Tester,Software Quality and Testing,Localization Tester,Software Engineering
Multilingual Software Tester,Software Quality and Testing,Localization Tester,Software Engineering
Multilingual QA Tester,Software Quality and Testing,Localization Tester,Software Engineering
Globalization Tester,Software Quality and Testing,Localization Tester,Software Engineering
Globalization QA Tester,Software Quality and Testing,Localization Tester,Software Engineering
Locale Tester,Software Quality and Testing,Localization Tester,Software Engineering
Regionalization Tester,Software Quality and Testing,Localization Tester,Software Engineering
Translation QA Tester,Software Quality and Testing,Localization Tester,Software Engineering
Localized Content Tester,Software Quality and Testing,Localization Tester,Software Engineering
Localization Quality Manager,Software Quality and Testing,Localization Tester,Software Engineering
Internationalization Test Specialist,Software Quality and Testing,Localization Tester,Software Engineering
Language Testing Specialist,Software Quality and Testing,Localization Tester,Software Engineering
Multilingual Test Engineer,Software Quality and Testing,Localization Tester,Software Engineering
Localization Automation Tester,Software Quality and Testing,Localization Tester; Test Automation Engineer,Software Engineering
Localization Regression Tester,Software Quality and Testing,Localization Tester,Software Engineering
Localization Functional Tester,Software Quality and Testing,Localization Tester,Software Engineering
Localization UI Tester,Software Quality and Testing; Digital Interface and User Experience,Localization Tester; User Interface Designer; Software Test Engineer,Software Engineering
Localization Compatibility Tester,Software Quality and Testing,Localization Tester,Software Engineering
Localization Acceptance Tester,Software Quality and Testing,Localization Tester,Software Engineering
Locale Validation Specialist,Software Quality and Testing,Localization Tester,Software Engineering
Global Product Tester,Software Quality and Testing,Localization Tester,Software Engineering
Globalization Engineer,Software Quality and Testing,Localization Tester,Software Engineering
Translation Technology Tester,Software Quality and Testing,Localization Tester,Software Engineering
Linguistic Validation Specialist,Software Quality and Testing,Localization Tester,Software Engineering
Regional Compliance Tester,Software Quality and Testing,Localization Tester,Software Engineering
Culturalization Tester,Software Quality and Testing,Localization Tester,Software Engineering
International Product QA Tester,Software Quality and Testing,Localization Tester,Software Engineering
Language Pack Tester,Software Quality and Testing,Localization Tester,Software Engineering
Localized Documentation Tester,Software Quality and Testing,Localization Tester,Software Engineering
Performance Test Engineer,Software Quality and Testing,Performance Test Engineer; Integration Test Engineer; Software Test Engineer; Test Automation Engineer,Software Engineering
Performance Tester,Software Quality and Testing,Performance Test Engineer,Software Engineering
Software Performance Tester,Software Quality and Testing,Performance Test Engineer,Software Engineering
Performance QA Engineer,Software Quality and Testing,Performance Test Engineer,Software Engineering
Performance Quality Engineer,Software Quality and Testing,Performance Test Engineer,Software Engineering
Load Test Engineer,Software Quality and Testing,Performance Test Engineer,Software Engineering
Load Tester,Software Quality and Testing,Performance Test Engineer,Software Engineering
Stress Test Engineer,Software Quality and Testing,Performance Test Engineer,Software Engineering
Stress Tester,Software Quality and Testing,Performance Test Engineer,Software Engineering
Scalability Test Engineer,Software Quality and Testing,Performance Test Engineer,Software Engineering
Scalability Tester,Software Quality and Testing,Performance Test Engineer,Software Engineering
Capacity Test Engineer,Software Quality and Testing,Performance Test Engineer,Software Engineering
Capacity Tester,Software Quality and Testing,Performance Test Engineer,Software Engineering
Endurance Test Engineer,Software Quality and Testing,Performance Test Engineer,Software Engineering
Soak Test Engineer,Software Quality and Testing,Performance Test Engineer,Software Engineering
Volume Test Engineer,Software Quality and Testing,Performance Test Engineer,Software Engineering
Benchmark Test Engineer,Software Quality and Testing,Performance Test Engineer,Software Engineering
Application Performance Test Engineer,Software Quality and Testing,Performance Test Engineer,Software Engineering
Web Performance Tester,Software Quality and Testing,Performance Test Engineer,Software Engineering
API Performance Tester,Software Quality and Testing,Performance Test Engineer,Software Engineering
Database Performance Tester,Software Quality and Testing,Performance Test Engineer,Software Engineering
Network Performance Tester,Software Quality and Testing,Performance Test Engineer,Software Engineering
Performance Testing Specialist,Software Quality and Testing,Performance Test Engineer,Software Engineering
Performance Test Analyst,Software Quality and Testing,Performance Test Engineer,Software Engineering
Performance Test Manager,Software Quality and Testing,Performance Test Engineer,Software Engineering
Performance Engineering Specialist,Software Quality and Testing,Performance Test Engineer,Software Engineering
Application Performance Engineer,Software Quality and Testing; Software Development,Performance Test Engineer; Backend Developer; Software Test Engineer,Software Engineering
Performance Automation Engineer,Software Quality and Testing,Performance Test Engineer; Test Automation Engineer,Software Engineering
LoadRunner Engineer,Software Quality and Testing,Performance Test Engineer,Software Engineering
JMeter Engineer,Software Quality and Testing,Performance Test Engineer,Software Engineering
Gatling Engineer,Software Quality and Testing,Performance Test Engineer,Software Engineering
k6 Engineer,Software Quality and Testing,Performance Test Engineer,Software Engineering
Locust Engineer,Software Quality and Testing,Performance Test Engineer,Software Engineering
Chaos Test Engineer,Software Quality and Testing,Performance Test Engineer,Software Engineering
Reliability Test Engineer,Software Quality and Testing,Performance Test Engineer,Software Engineering
Resilience Test Engineer,Software Quality and Testing,Performance Test Engineer,Software Engineering
Capacity Planning Test Engineer,Software Quality and Testing,Performance Test Engineer,Software Engineering
Performance Monitoring Engineer,Software Quality and Testing,Performance Test Engineer,Software Engineering
Performance Diagnostics Engineer,Software Quality and Testing,Performance Test Engineer,Software Engineering
Performance Optimization Tester,Software Quality and Testing,Performance Test Engineer,Software Engineering
Distributed Systems Performance Tester,Software Quality and Testing,Performance Test Engineer,Software Engineering
Cloud Performance Test Engineer,Software Quality and Testing,Performance Test Engineer,Software Engineering
Mobile Performance Tester,Software Quality and Testing,Performance Test Engineer,Software Engineering
Microservices Performance Tester,Software Quality and Testing,Performance Test Engineer,Software Engineering
API Load Test Engineer,Software Quality and Testing,Performance Test Engineer,Software Engineering
Software Test Engineer,Software Quality and Testing; Cybersecurity Engineering,Software Test Engineer; Integration Test Engineer; Performance Test Engineer; Test Automation Engineer; Usability Tester; Application Security Engineer,Software Engineering; Cybersecurity
Software Tester,Software Quality and Testing,Software Test Engineer; Accessibility Tester; Integration Test Engineer; Localization Tester; Usability Tester,Software Engineering
QA Engineer,Software Quality and Testing,Software Test Engineer; Integration Test Engineer; Performance Test Engineer; Test Automation Engineer,Software Engineering
QA Tester,Software Quality and Testing,Software Test Engineer; Accessibility Tester; Integration Test Engineer; Usability Tester,Software Engineering
Quality Assurance Engineer,Software Quality and Testing,Software Test Engineer,Software Engineering
Quality Assurance Tester,Software Quality and Testing,Software Test Engineer,Software Engineering
Software QA Engineer,Software Quality and Testing,Software Test Engineer,Software Engineering
Software QA Tester,Software Quality and Testing,Software Test Engineer,Software Engineering
Test Engineer,Software Quality and Testing,Software Test Engineer; Integration Test Engineer; Performance Test Engineer; Test Automation Engineer; Usability Tester,Software Engineering
Test Analyst,Software Quality and Testing,Software Test Engineer,Software Engineering
Software Test Analyst,Software Quality and Testing,Software Test Engineer,Software Engineering
Quality Engineer,Software Quality and Testing; Data Analysis and Business Intelligence,Software Test Engineer; Performance Test Engineer; Test Automation Engineer; Data Quality Specialist,"Software Engineering; Data, Analytics and AI"
Software Quality Engineer,Software Quality and Testing; Data Analysis and Business Intelligence,Software Test Engineer; Data Quality Specialist; Test Automation Engineer,"Software Engineering; Data, Analytics and AI"
Software Quality Assurance Engineer,Software Quality and Testing,Software Test Engineer,Software Engineering
Functional Test Engineer,Software Quality and Testing,Software Test Engineer,Software Engineering
Functional Tester,Software Quality and Testing,Software Test Engineer,Software Engineering
Manual Tester,Software Quality and Testing,Software Test Engineer,Software Engineering
Manual Test Engineer,Software Quality and Testing,Software Test Engineer,Software Engineering
Regression Tester,Software Quality and Testing,Software Test Engineer,Software Engineering
Regression Test Engineer,Software Quality and Testing,Software Test Engineer,Software Engineering
User Acceptance Tester,Software Quality and Testing,Software Test Engineer,Software Engineering
UAT Tester,Software Quality and Testing,Software Test Engineer,Software Engineering
System Tester,Software Quality and Testing,Software Test Engineer,Software Engineering
System Test Engineer,Software Quality and Testing,Software Test Engineer; Integration Test Engineer; Performance Test Engineer,Software Engineering
Application Tester,Software Quality and Testing; Business and Systems Analysis,Software Test Engineer; Integration Test Engineer; Usability Tester; Systems Analyst,Software Engineering; Architecture and Systems Analysis
Application Test Engineer,Software Quality and Testing; Business and Systems Analysis,Software Test Engineer; Systems Analyst; Usability Tester,Software Engineering; Architecture and Systems Analysis
Product Tester,Software Quality and Testing,Software Test Engineer,Software Engineering
Product Test Engineer,Software Quality and Testing,Software Test Engineer,Software Engineering
Software Validation Engineer,Software Quality and Testing,Software Test Engineer,Software Engineering
Software Verification Engineer,Software Quality and Testing,Software Test Engineer,Software Engineering
QA Analyst,Software Quality and Testing,Software Test Engineer,Software Engineering
Quality Assurance Analyst,Software Quality and Testing,Software Test Engineer,Software Engineering
QA Manager,Software Quality and Testing,Software Test Engineer,Software Engineering
Test Manager,Software Quality and Testing; Agile Product and Project Delivery,Software Test Engineer; IT Project Manager; Test Automation Engineer,Software Engineering
Test Coordinator,Software Quality and Testing,Software Test Engineer,Software Engineering
Test Specialist,Software Quality and Testing,Software Test Engineer,Software Engineering
Functional QA Engineer,Software Quality and Testing,Software Test Engineer,Software Engineering
Release Tester,Software Quality and Testing,Software Test Engineer; Test Automation Engineer,Software Engineering
Acceptance Test Engineer,Software Quality and Testing,Software Test Engineer,Software Engineering
End-to-End Tester,Software Quality and Testing,Software Test Engineer; Integration Test Engineer; Usability Tester,Software Engineering
E2E Test Engineer,Software Quality and Testing,Software Test Engineer,Software Engineering
Business Acceptance Tester,Software Quality and Testing,Software Test Engineer,Software Engineering
Test Execution Specialist,Software Quality and Testing,Software Test Engineer,Software Engineering
Defect Analyst,Software Quality and Testing,Software Test Engineer,Software Engineering
Bug Analyst,Software Quality and Testing,Software Test Engineer,Software Engineering
Test Case Designer,Software Quality and Testing,Software Test Engineer,Software Engineering
Test Plan Engineer,Software Quality and Testing,Software Test Engineer,Software Engineering
Test Environment Engineer,Software Quality and Testing,Software Test Engineer,Software Engineering
Test Data Analyst,Software Quality and Testing,Software Test Engineer,Software Engineering
QA Consultant,Software Quality and Testing,Software Test Engineer,Software Engineering
Software Quality Consultant,Software Quality and Testing,Software Test Engineer,Software Engineering
QA Validation Engineer,Software Quality and Testing,Software Test Engineer,Software Engineering
Exploratory Tester,Software Quality and Testing,Software Test Engineer,Software Engineering
Smoke Test Engineer,Software Quality and Testing,Software Test Engineer,Software Engineering
Sanity Test Engineer,Software Quality and Testing,Software Test Engineer,Software Engineering
Compatibility Tester,Software Quality and Testing,Software Test Engineer,Software Engineering
Mobile QA Engineer,Software Quality and Testing,Software Test Engineer,Software Engineering
Web QA Engineer,Software Quality and Testing,Software Test Engineer,Software Engineering
Test Automation Engineer,Software Quality and Testing,Test Automation Engineer; Integration Test Engineer; Performance Test Engineer; Software Test Engineer,Software Engineering
Automation Test Engineer,Software Quality and Testing; Specialized Software Development,Test Automation Engineer; Software Test Engineer; RPA Developer,Software Engineering
Automation Tester,Software Quality and Testing,Test Automation Engineer,Software Engineering
QA Automation Engineer,Software Quality and Testing; Specialized Software Development,Test Automation Engineer; Software Test Engineer; RPA Developer,Software Engineering
QA Automation Tester,Software Quality and Testing,Test Automation Engineer,Software Engineering
Quality Assurance Automation Engineer,Software Quality and Testing,Test Automation Engineer,Software Engineering
Software Test Automation Engineer,Software Quality and Testing,Test Automation Engineer,Software Engineering
Automated Testing Engineer,Software Quality and Testing,Test Automation Engineer,Software Engineering
Automated Test Engineer,Software Quality and Testing,Test Automation Engineer,Software Engineering
Test Automation Developer,Software Quality and Testing,Test Automation Engineer,Software Engineering
Test Automation Specialist,Software Quality and Testing,Test Automation Engineer,Software Engineering
Test Framework Engineer,Software Quality and Testing,Test Automation Engineer,Software Engineering
Test Scripting Engineer,Software Quality and Testing,Test Automation Engineer,Software Engineering
Automated QA Engineer,Software Quality and Testing,Test Automation Engineer,Software Engineering
Functional Automation Engineer,Software Quality and Testing,Test Automation Engineer; Software Test Engineer,Software Engineering
Regression Automation Engineer,Software Quality and Testing,Test Automation Engineer,Software Engineering
UI Automation Engineer,Software Quality and Testing,Test Automation Engineer,Software Engineering
API Automation Engineer,Software Quality and Testing; Software Development,Test Automation Engineer; Backend Developer; Integration Test Engineer,Software Engineering
Mobile Test Automation Engineer,Software Quality and Testing,Test Automation Engineer,Software Engineering
Web Test Automation Engineer,Software Quality and Testing,Test Automation Engineer,Software Engineering
Selenium Engineer,Software Quality and Testing,Test Automation Engineer,Software Engineering
Cypress Engineer,Software Quality and Testing,Test Automation Engineer,Software Engineering
Playwright Engineer,Software Quality and Testing,Test Automation Engineer,Software Engineering
Appium Engineer,Software Quality and Testing,Test Automation Engineer,Software Engineering
Robot Framework Engineer,Software Quality and Testing,Test Automation Engineer,Software Engineering
Cucumber Automation Engineer,Software Quality and Testing,Test Automation Engineer,Software Engineering
BDD Test Automation Engineer,Software Quality and Testing,Test Automation Engineer; Software Test Engineer,Software Engineering
Test Automation Manager,Software Quality and Testing,Test Automation Engineer,Software Engineering
Test Automation Architect,Software Quality and Testing,Test Automation Engineer; Software Test Engineer,Software Engineering
Automation Framework Architect,Software Quality and Testing,Test Automation Engineer,Software Engineering
Test Tooling Engineer,Software Quality and Testing,Test Automation Engineer,Software Engineering
Test Infrastructure Engineer,Software Quality and Testing,Test Automation Engineer,Software Engineering
Test Platform Engineer,Software Quality and Testing; Software Development,Test Automation Engineer; Cloud Software Developer,Software Engineering
CI Test Engineer,Software Quality and Testing,Test Automation Engineer,Software Engineering
Continuous Testing Engineer,Software Quality and Testing,Test Automation Engineer; Software Test Engineer,Software Engineering
DevTestOps Engineer,Software Quality and Testing; Software Development,Test Automation Engineer; Cloud Software Developer,Software Engineering
Shift-Left Testing Engineer,Software Quality and Testing,Test Automation Engineer; Software Test Engineer,Software Engineering
Test Pipeline Engineer,Software Quality and Testing,Test Automation Engineer,Software Engineering
Automated Regression Engineer,Software Quality and Testing,Test Automation Engineer,Software Engineering
Integration Automation Engineer,Software Quality and Testing,Test Automation Engineer; Integration Test Engineer,Software Engineering
Accessibility Automation Engineer,Software Quality and Testing; Digital Interface and User Experience,Test Automation Engineer; User Experience Designer; Accessibility Tester,Software Engineering
Localization Automation Engineer,Software Quality and Testing,Test Automation Engineer,Software Engineering
Security Test Automation Engineer,Software Quality and Testing,Test Automation Engineer,Software Engineering
Test Data Automation Engineer,Software Quality and Testing,Test Automation Engineer,Software Engineering
AI Test Automation Engineer,Software Quality and Testing; Specialized Software Development,Test Automation Engineer; RPA Developer,Software Engineering
Test Reliability Engineer,Software Quality and Testing,Test Automation Engineer,Software Engineering
Usability Tester,Software Quality and Testing,Usability Tester,Software Engineering
Usability Test Engineer,Software Quality and Testing,Usability Tester,Software Engineering
Usability QA Tester,Software Quality and Testing,Usability Tester,Software Engineering
User Experience Tester,Software Quality and Testing,Usability Tester,Software Engineering
UX Tester,Software Quality and Testing; Digital Interface and User Experience,Usability Tester; User Experience Researcher,Software Engineering
UX Test Engineer,Software Quality and Testing,Usability Tester,Software Engineering
User Testing Specialist,Software Quality and Testing,Usability Tester,Software Engineering
User Acceptance Usability Tester,Software Quality and Testing,Usability Tester,Software Engineering
Product Usability Tester,Software Quality and Testing,Usability Tester,Software Engineering
Application Usability Tester,Software Quality and Testing,Usability Tester,Software Engineering
Software Usability Tester,Software Quality and Testing,Usability Tester,Software Engineering
Web Usability Tester,Software Quality and Testing,Usability Tester,Software Engineering
Mobile Usability Tester,Software Quality and Testing; Digital Interface and User Experience,Usability Tester; User Experience Designer,Software Engineering
Interface Usability Tester,Software Quality and Testing,Usability Tester,Software Engineering
Interaction Tester,Software Quality and Testing,Usability Tester,Software Engineering
User Journey Tester,Software Quality and Testing,Usability Tester,Software Engineering
User-Centered Testing Specialist,Software Quality and Testing,Usability Tester,Software Engineering
Human Factors Tester,Software Quality and Testing,Usability Tester,Software Engineering
Human Computer Interaction Tester,Software Quality and Testing,Usability Tester,Software Engineering
HCI Tester,Software Quality and Testing,Usability Tester,Software Engineering
User Experience Quality Analyst,Software Quality and Testing,Usability Tester,Software Engineering
UX Quality Analyst,Software Quality and Testing,Usability Tester,Software Engineering
User Validation Tester,Software Quality and Testing,Usability Tester,Software Engineering
Usability Evaluation Specialist,Software Quality and Testing,Usability Tester,Software Engineering
UX Evaluation Specialist,Software Quality and Testing,Usability Tester,Software Engineering
User Research Tester,Software Quality and Testing,Usability Tester,Software Engineering
User Study Specialist,Software Quality and Testing,Usability Tester,Software Engineering
Product Experience Tester,Software Quality and Testing,Usability Tester,Software Engineering
Interaction Quality Tester,Software Quality and Testing,Usability Tester,Software Engineering
Task Analysis Tester,Software Quality and Testing,Usability Tester,Software Engineering
Heuristic Evaluation Specialist,Software Quality and Testing,Usability Tester,Software Engineering
E-commerce Usability Tester,Software Quality and Testing,Usability Tester,Software Engineering
Mobile UX Tester,Software Quality and Testing,Usability Tester,Software Engineering
Web UX Tester,Software Quality and Testing,Usability Tester,Software Engineering
SaaS UX Tester,Software Quality and Testing,Usability Tester,Software Engineering
User Acceptance Experience Tester,Software Quality and Testing,Usability Tester,Software Engineering
Prototype Tester,Software Quality and Testing,Usability Tester,Software Engineering
Design Validation Tester,Software Quality and Testing,Usability Tester,Software Engineering
Customer Journey Tester,Software Quality and Testing,Usability Tester,Software Engineering
UX Audit Specialist,Software Quality and Testing,Usability Tester,Software Engineering
Human Factors Evaluation Specialist,Software Quality and Testing,Usability Tester,Software Engineering
Inclusive Usability Tester,Software Quality and Testing,Usability Tester,Software Engineering
Blockchain Developer,Specialized Software Development; Cybersecurity Engineering; Software Development,Blockchain Developer; Cryptography Specialist; Backend Developer; Full-stack Developer,Software Engineering; Cybersecurity
Blockchain Engineer,Specialized Software Development,Blockchain Developer,Software Engineering
Distributed Ledger Developer,Specialized Software Development,Blockchain Developer,Software Engineering
Distributed Ledger Engineer,Specialized Software Development,Blockchain Developer,Software Engineering
DLT Developer,Specialized Software Development,Blockchain Developer,Software Engineering
DLT Engineer,Specialized Software Development,Blockchain Developer,Software Engineering
Smart Contract Developer,Specialized Software Development,Blockchain Developer,Software Engineering
Smart Contract Engineer,Specialized Software Development,Blockchain Developer,Software Engineering
Web3 Developer,Specialized Software Development,Blockchain Developer,Software Engineering
Web3 Engineer,Specialized Software Development,Blockchain Developer,Software Engineering
Decentralized Application Developer,Specialized Software Development,Blockchain Developer,Software Engineering
DApp Developer,Specialized Software Development,Blockchain Developer,Software Engineering
DApp Engineer,Specialized Software Development,Blockchain Developer,Software Engineering
Ethereum Developer,Specialized Software Development,Blockchain Developer,Software Engineering
Solidity Developer,Specialized Software Development,Blockchain Developer,Software Engineering
Hyperledger Developer,Specialized Software Development,Blockchain Developer,Software Engineering
Hyperledger Fabric Developer,Specialized Software Development,Blockchain Developer,Software Engineering
DeFi Developer,Specialized Software Development,Blockchain Developer,Software Engineering
DeFi Engineer,Specialized Software Development,Blockchain Developer,Software Engineering
NFT Developer,Specialized Software Development,Blockchain Developer,Software Engineering
Tokenization Developer,Specialized Software Development,Blockchain Developer,Software Engineering
Crypto Application Developer,Specialized Software Development,Blockchain Developer,Software Engineering
Cryptocurrency Software Developer,Specialized Software Development,Blockchain Developer,Software Engineering
Blockchain Software Engineer,Specialized Software Development,Blockchain Developer,Software Engineering
Blockchain Protocol Developer,Specialized Software Development,Blockchain Developer,Software Engineering
Blockchain Platform Developer,Specialized Software Development,Blockchain Developer,Software Engineering
Blockchain Integration Developer,Specialized Software Development,Blockchain Developer,Software Engineering
Blockchain Architect,Specialized Software Development; Enterprise and Systems Architecture; Cybersecurity Engineering; Software Development,Blockchain Developer; Solution Architect; Cryptography Specialist; Software Architect,Software Engineering; Architecture and Systems Analysis; Cybersecurity
Web3 Full-stack Developer,Specialized Software Development,Blockchain Developer,Software Engineering
Smart Contract Auditor,Specialized Software Development,Blockchain Developer,Software Engineering
Smart Contract Security Engineer,Specialized Software Development,Blockchain Developer,Software Engineering
Blockchain Infrastructure Engineer,Specialized Software Development,Blockchain Developer,Software Engineering
Blockchain Node Engineer,Specialized Software Development,Blockchain Developer,Software Engineering
Blockchain DevOps Engineer,Specialized Software Development,Blockchain Developer,Software Engineering
Blockchain Backend Developer,Specialized Software Development,Blockchain Developer,Software Engineering
Blockchain Frontend Developer,Specialized Software Development,Blockchain Developer,Software Engineering
Blockchain Protocol Engineer,Specialized Software Development,Blockchain Developer,Software Engineering
Cryptography Blockchain Engineer,Specialized Software Development,Blockchain Developer,Software Engineering
Distributed Systems Blockchain Engineer,Specialized Software Development,Blockchain Developer,Software Engineering
Blockchain SDK Developer,Specialized Software Development,Blockchain Developer,Software Engineering
Blockchain API Developer,Specialized Software Development,Blockchain Developer,Software Engineering
Wallet Developer,Specialized Software Development,Blockchain Developer,Software Engineering
Custody Platform Developer,Specialized Software Development,Blockchain Developer,Software Engineering
Digital Assets Developer,Specialized Software Development,Blockchain Developer,Software Engineering
DAO Developer,Specialized Software Development,Blockchain Developer,Software Engineering
Layer 2 Developer,Specialized Software Development,Blockchain Developer,Software Engineering
Zero Knowledge Developer,Specialized Software Development,Blockchain Developer,Software Engineering
ZK Developer,Specialized Software Development,Blockchain Developer,Software Engineering
Web3 Integration Engineer,Specialized Software Development,Blockchain Developer,Software Engineering
Embedded Software Developer,Specialized Software Development,Embedded Software Developer,Software Engineering
Embedded Developer,Specialized Software Development,Embedded Software Developer,Software Engineering
Embedded Software Engineer,Specialized Software Development,Embedded Software Developer,Software Engineering
Embedded Engineer,Specialized Software Development,Embedded Software Developer,Software Engineering
Embedded Systems Software Developer,Specialized Software Development,Embedded Software Developer,Software Engineering
Embedded Systems Developer,Specialized Software Development,Embedded Software Developer,Software Engineering
Firmware Developer,Specialized Software Development,Embedded Software Developer,Software Engineering
Firmware Engineer,Specialized Software Development; Computing Hardware Engineering; Software Development,Embedded Software Developer; Computer Hardware Engineer; Embedded System Designer; Systems Programmer,Software Engineering; Computer Hardware
Firmware Software Engineer,Specialized Software Development,Embedded Software Developer,Software Engineering
Microcontroller Developer,Specialized Software Development,Embedded Software Developer,Software Engineering
MCU Developer,Specialized Software Development,Embedded Software Developer,Software Engineering
RTOS Developer,Specialized Software Development,Embedded Software Developer,Software Engineering
Real-Time Software Developer,Specialized Software Development,Embedded Software Developer,Software Engineering
Real-Time Software Engineer,Specialized Software Development,Embedded Software Developer,Software Engineering
Device Software Developer,Specialized Software Development,Embedded Software Developer,Software Engineering
Board Support Package Developer,Specialized Software Development,Embedded Software Developer,Software Engineering
BSP Developer,Specialized Software Development,Embedded Software Developer,Software Engineering
Embedded Linux Developer,Specialized Software Development,Embedded Software Developer,Software Engineering
Embedded C Developer,Specialized Software Development,Embedded Software Developer,Software Engineering
Embedded C++ Developer,Specialized Software Development,Embedded Software Developer,Software Engineering
IoT Software Developer,Specialized Software Development,Embedded Software Developer,Software Engineering
Hardware-Software Integration Developer,Specialized Software Development,Embedded Software Developer,Software Engineering
Automotive Embedded Software Developer,Specialized Software Development,Embedded Software Developer,Software Engineering
Automotive Firmware Developer,Specialized Software Development,Embedded Software Developer,Software Engineering
Telematics Software Developer,Specialized Software Development,Embedded Software Developer,Software Engineering
Robotics Software Developer,Specialized Software Development,Embedded Software Developer,Software Engineering
Industrial Embedded Software Developer,Specialized Software Development,Embedded Software Developer,Software Engineering
Edge Device Software Developer,Specialized Software Development,Embedded Software Developer,Software Engineering
Firmware Architect,Specialized Software Development,Embedded Software Developer,Software Engineering
Embedded Linux Engineer,Specialized Software Development,Embedded Software Developer,Software Engineering
Embedded Application Developer,Specialized Software Development,Embedded Software Developer,Software Engineering
Embedded Test Developer,Specialized Software Development; Software Quality and Testing,Embedded Software Developer; Test Automation Engineer,Software Engineering
Embedded Security Developer,Specialized Software Development,Embedded Software Developer,Software Engineering
IoT Firmware Developer,Specialized Software Development,Embedded Software Developer,Software Engineering
Connected Device Developer,Specialized Software Development,Embedded Software Developer,Software Engineering
Edge Computing Developer,Specialized Software Development,Embedded Software Developer,Software Engineering
Robotics Firmware Developer,Specialized Software Development,Embedded Software Developer,Software Engineering
Autonomous Systems Embedded Developer,Specialized Software Development,Embedded Software Developer,Software Engineering
CAN Bus Software Developer,Specialized Software Development,Embedded Software Developer,Software Engineering
AUTOSAR Developer,Specialized Software Development,Embedded Software Developer,Software Engineering
ECU Software Developer,Specialized Software Development,Embedded Software Developer,Software Engineering
PLC Embedded Software Developer,Specialized Software Development,Embedded Software Developer,Software Engineering
Sensor Software Developer,Specialized Software Development,Embedded Software Developer,Software Engineering
Bluetooth Firmware Developer,Specialized Software Development,Embedded Software Developer,Software Engineering
BLE Developer,Specialized Software Development,Embedded Software Developer,Software Engineering
Wireless Embedded Developer,Specialized Software Development,Embedded Software Developer,Software Engineering
Bare-Metal Developer,Specialized Software Development,Embedded Software Developer,Software Engineering
Kernel Embedded Developer,Specialized Software Development,Embedded Software Developer,Software Engineering
Embedded Middleware Developer,Specialized Software Development,Embedded Software Developer,Software Engineering
Game Developer,Specialized Software Development,Game Developer,Software Engineering
Video Game Developer,Specialized Software Development,Game Developer,Software Engineering
Game Software Developer,Specialized Software Development,Game Developer,Software Engineering
Game Engineer,Specialized Software Development,Game Developer,Software Engineering
Video Game Engineer,Specialized Software Development,Game Developer,Software Engineering
Gameplay Developer,Specialized Software Development,Game Developer,Software Engineering
Gameplay Engineer,Specialized Software Development,Game Developer,Software Engineering
Game Programmer,Specialized Software Development,Game Developer,Software Engineering
Video Game Programmer,Specialized Software Development,Game Developer,Software Engineering
Game Application Developer,Specialized Software Development,Game Developer,Software Engineering
Game Client Developer,Specialized Software Development,Game Developer,Software Engineering
Game Systems Developer,Specialized Software Development,Game Developer,Software Engineering
Game Engine Developer,Specialized Software Development,Game Developer,Software Engineering
Game Engine Engineer,Specialized Software Development,Game Developer,Software Engineering
Unity Developer,Specialized Software Development,Game Developer,Software Engineering
Unity Game Developer,Specialized Software Development,Game Developer,Software Engineering
Unreal Engine Developer,Specialized Software Development,Game Developer,Software Engineering
Unreal Developer,Specialized Software Development,Game Developer,Software Engineering
C# Game Developer,Specialized Software Development,Game Developer,Software Engineering
C++ Game Developer,Specialized Software Development,Game Developer,Software Engineering
Mobile Game Developer,Specialized Software Development; Software Development,Game Developer; Android Developer; iOS Developer,Software Engineering
Console Game Developer,Specialized Software Development,Game Developer,Software Engineering
PC Game Developer,Specialized Software Development,Game Developer,Software Engineering
Multiplayer Game Developer,Specialized Software Development,Game Developer,Software Engineering
Online Game Developer,Specialized Software Development,Game Developer,Software Engineering
Game Backend Developer,Specialized Software Development; Software Development,Game Developer; Backend Developer,Software Engineering
Game Tools Developer,Specialized Software Development,Game Developer,Software Engineering
Game UI Developer,Specialized Software Development,Game Developer,Software Engineering
Game Software Architect,Specialized Software Development,Game Developer,Software Engineering
Game Engine Programmer,Specialized Software Development,Game Developer,Software Engineering
Gameplay Programmer,Specialized Software Development,Game Developer,Software Engineering
Game AI Developer,Specialized Software Development,Game Developer,Software Engineering
Game Physics Developer,Specialized Software Development,Game Developer,Software Engineering
Game Graphics Developer,Specialized Software Development,Game Developer,Software Engineering
Game Rendering Engineer,Specialized Software Development,Game Developer,Software Engineering
Game Network Engineer,Specialized Software Development,Game Developer,Software Engineering
Game Server Developer,Specialized Software Development,Game Developer,Software Engineering
Game Platform Developer,Specialized Software Development,Game Developer,Software Engineering
Game Build Engineer,Specialized Software Development,Game Developer,Software Engineering
Game DevOps Engineer,Specialized Software Development,Game Developer; IoT Developer,Software Engineering
Game Automation Developer,Specialized Software Development,Game Developer,Software Engineering
AR Game Developer,Specialized Software Development; Digital Interface and User Experience,Game Developer; Digital Game Designer,Software Engineering
VR Game Developer,Specialized Software Development,Game Developer,Software Engineering
XR Game Developer,Specialized Software Development; Digital Interface and User Experience,Game Developer; Digital Game Designer,Software Engineering
Metaverse Developer,Specialized Software Development,Game Developer,Software Engineering
Interactive Media Developer,Specialized Software Development,Game Developer,Software Engineering
Serious Game Developer,Specialized Software Development,Game Developer,Software Engineering
Educational Game Developer,Specialized Software Development,Game Developer,Software Engineering
Simulation Game Developer,Specialized Software Development,Game Developer,Software Engineering
Casino Game Developer,Specialized Software Development,Game Developer,Software Engineering
Game Porting Developer,Specialized Software Development,Game Developer,Software Engineering
Game Mod Developer,Specialized Software Development,Game Developer,Software Engineering
Game SDK Developer,Specialized Software Development,Game Developer,Software Engineering
LiveOps Developer,Specialized Software Development,Game Developer,Software Engineering
IoT Developer,Specialized Software Development; Computing Hardware Engineering,IoT Developer; Embedded System Designer; Embedded Software Developer,Software Engineering; Computer Hardware
Internet of Things Developer,Specialized Software Development,IoT Developer,Software Engineering
IoT Engineer,Specialized Software Development,IoT Developer,Software Engineering
Internet of Things Engineer,Specialized Software Development,IoT Developer,Software Engineering
Connected Devices Developer,Specialized Software Development,IoT Developer,Software Engineering
Connected Device Engineer,Specialized Software Development,IoT Developer,Software Engineering
IoT Application Developer,Specialized Software Development,IoT Developer,Software Engineering
IoT Platform Developer,Specialized Software Development,IoT Developer,Software Engineering
IoT Solutions Developer,Specialized Software Development,IoT Developer,Software Engineering
IoT Systems Developer,Specialized Software Development,IoT Developer,Software Engineering
IoT Cloud Developer,Specialized Software Development,IoT Developer,Software Engineering
IoT Backend Developer,Specialized Software Development,IoT Developer,Software Engineering
IoT Integration Developer,Specialized Software Development,IoT Developer,Software Engineering
IoT Device Developer,Specialized Software Development,IoT Developer,Software Engineering
Smart Device Developer,Specialized Software Development,IoT Developer,Software Engineering
Smart Home Developer,Specialized Software Development,IoT Developer,Software Engineering
Industrial IoT Developer,Specialized Software Development,IoT Developer,Software Engineering
IIoT Developer,Specialized Software Development,IoT Developer,Software Engineering
Edge IoT Developer,Specialized Software Development,IoT Developer,Software Engineering
Telemetry Developer,Specialized Software Development,IoT Developer,Software Engineering
Device Connectivity Developer,Specialized Software Development,IoT Developer,Software Engineering
Device Management Developer,Specialized Software Development,IoT Developer,Software Engineering
IoT Protocol Developer,Specialized Software Development,IoT Developer,Software Engineering
MQTT Developer,Specialized Software Development,IoT Developer,Software Engineering
CoAP Developer,Specialized Software Development,IoT Developer,Software Engineering
LoRaWAN Developer,Specialized Software Development,IoT Developer,Software Engineering
Digital Twin Developer,Specialized Software Development,IoT Developer,Software Engineering
IoT Architect,Specialized Software Development,IoT Developer,Software Engineering
IoT Platform Engineer,Specialized Software Development,IoT Developer,Software Engineering
IoT Cloud Engineer,Specialized Software Development; Cloud and Platform Engineering; Software Development,IoT Developer; Cloud Engineer; Cloud Software Developer,"Software Engineering; Cloud, Platforms and IT Operations"
IoT Data Engineer,Specialized Software Development; Data Engineering,IoT Developer; Data Engineer,"Software Engineering; Data, Analytics and AI"
IoT Security Developer,Specialized Software Development,IoT Developer,Software Engineering
IoT Edge Developer,Specialized Software Development,IoT Developer,Software Engineering
IoT Gateway Developer,Specialized Software Development,IoT Developer,Software Engineering
Device Provisioning Developer,Specialized Software Development,IoT Developer,Software Engineering
Connected Product Developer,Specialized Software Development,IoT Developer,Software Engineering
Smart Building Developer,Specialized Software Development,IoT Developer,Software Engineering
Smart City Developer,Specialized Software Development,IoT Developer,Software Engineering
Industrial Automation IoT Developer,Specialized Software Development,IoT Developer,Software Engineering
Sensor Data Developer,Specialized Software Development,IoT Developer,Software Engineering
Telematics IoT Developer,Specialized Software Development,IoT Developer,Software Engineering
Wearable Device Developer,Specialized Software Development,IoT Developer,Software Engineering
Fleet IoT Developer,Specialized Software Development,IoT Developer,Software Engineering
Remote Monitoring Developer,Specialized Software Development,IoT Developer,Software Engineering
IoT API Developer,Specialized Software Development,IoT Developer,Software Engineering
Digital Twin Application Developer,Specialized Software Development,IoT Developer,Software Engineering
Machine-to-Machine Developer,Specialized Software Development,IoT Developer,Software Engineering
M2M Developer,Specialized Software Development,IoT Developer,Software Engineering
Edge Computing IoT Developer,Specialized Software Development,IoT Developer,Software Engineering
IoT Analytics Developer,Specialized Software Development,IoT Developer,Software Engineering
RPA Developer,Specialized Software Development; AI and Machine Learning Engineering; Software Development,RPA Developer; Artificial Intelligence Engineer; Backend Developer,"Software Engineering; Data, Analytics and AI"
Robotic Process Automation Developer,Specialized Software Development,RPA Developer,Software Engineering
Robotic Process Automation Engineer,Specialized Software Development,RPA Developer,Software Engineering
RPA Engineer,Specialized Software Development,RPA Developer,Software Engineering
Automation Developer,Specialized Software Development; Software Development; AI and Machine Learning Engineering,RPA Developer; Backend Developer; Artificial Intelligence Engineer,"Software Engineering; Data, Analytics and AI"
Process Automation Developer,Specialized Software Development,RPA Developer,Software Engineering
Intelligent Automation Developer,Specialized Software Development; AI and Machine Learning Engineering,RPA Developer; Artificial Intelligence Engineer,"Software Engineering; Data, Analytics and AI"
Business Process Automation Developer,Specialized Software Development,RPA Developer,Software Engineering
Digital Workforce Developer,Specialized Software Development,RPA Developer,Software Engineering
Bot Developer,Specialized Software Development,RPA Developer,Software Engineering
Software Bot Developer,Specialized Software Development,RPA Developer,Software Engineering
Automation Bot Developer,Specialized Software Development,RPA Developer,Software Engineering
UiPath Developer,Specialized Software Development,RPA Developer,Software Engineering
UiPath Engineer,Specialized Software Development,RPA Developer,Software Engineering
Blue Prism Developer,Specialized Software Development,RPA Developer,Software Engineering
Blue Prism Engineer,Specialized Software Development,RPA Developer,Software Engineering
Automation Anywhere Developer,Specialized Software Development,RPA Developer,Software Engineering
Automation Anywhere Engineer,Specialized Software Development,RPA Developer,Software Engineering
Power Automate Developer,Specialized Software Development,RPA Developer,Software Engineering
Microsoft Power Automate Developer,Specialized Software Development,RPA Developer,Software Engineering
Power Platform RPA Developer,Specialized Software Development,RPA Developer,Software Engineering
Process Robot Developer,Specialized Software Development,RPA Developer,Software Engineering
RPA Solutions Developer,Specialized Software Development,RPA Developer,Software Engineering
RPA Application Developer,Specialized Software Development,RPA Developer,Software Engineering
Automation Workflow Developer,Specialized Software Development,RPA Developer,Software Engineering
Attended Automation Developer,Specialized Software Development,RPA Developer,Software Engineering
Unattended Automation Developer,Specialized Software Development,RPA Developer,Software Engineering
RPA Architect,Specialized Software Development,RPA Developer,Software Engineering
Hyperautomation Developer,Specialized Software Development,RPA Developer,Software Engineering
Automation Platform Developer,Specialized Software Development,RPA Developer,Software Engineering
Workflow Automation Developer,Specialized Software Development,RPA Developer,Software Engineering
Business Automation Developer,Specialized Software Development,RPA Developer,Software Engineering
Document Automation Developer,Specialized Software Development,RPA Developer,Software Engineering
Intelligent Document Processing Developer,Specialized Software Development,RPA Developer,Software Engineering
OCR Automation Developer,Specialized Software Development,RPA Developer,Software Engineering
RPA Integration Developer,Specialized Software Development; Software Development,RPA Developer; Backend Developer,Software Engineering
RPA Support Developer,Specialized Software Development,RPA Developer,Software Engineering
RPA Operations Engineer,Specialized Software Development,RPA Developer,Software Engineering
RPA Control Room Developer,Specialized Software Development,RPA Developer,Software Engineering
UiPath Orchestrator Developer,Specialized Software Development,RPA Developer,Software Engineering
Power Platform Automation Developer,Specialized Software Development,RPA Developer,Software Engineering
Low-Code Automation Developer,Specialized Software Development,RPA Developer,Software Engineering
No-Code Automation Developer,Specialized Software Development,RPA Developer,Software Engineering
BPM Automation Developer,Specialized Software Development,RPA Developer,Software Engineering
Process Mining Automation Developer,Specialized Software Development,RPA Developer,Software Engineering
Cognitive Automation Developer,Specialized Software Development,RPA Developer,Software Engineering
AI Automation Developer,Specialized Software Development,RPA Developer,Software Engineering
Architecture Consultant,Business and Systems Analysis; Enterprise and Systems Architecture; Software Development,IT Consultant; Solution Architect; Enterprise Architect; Software Architect,Architecture and Systems Analysis; Software Engineering
Business Systems Architect,Business and Systems Analysis; Enterprise and Systems Architecture,IT Business Analyst; Systems Analyst; Systems Architect,Architecture and Systems Analysis
Digital Transformation Architect,Business and Systems Analysis; Enterprise and Systems Architecture,IT Business Analyst; IT Consultant; Enterprise Architect; Solution Architect,Architecture and Systems Analysis
Functional Architect,Business and Systems Analysis; Enterprise and Systems Architecture,IT Business Analyst; Software Requirements Engineer; Solution Architect,Architecture and Systems Analysis
IT Architect,Enterprise and Systems Architecture,Enterprise Architect; Solution Architect; Systems Architect,Architecture and Systems Analysis
IT Business Systems Analyst,Business and Systems Analysis,IT Business Analyst; Systems Analyst; Software Requirements Engineer,Architecture and Systems Analysis
Platform Architect,Enterprise and Systems Architecture; Cloud and Platform Engineering; Software Development,Solution Architect; Systems Architect; Enterprise Architect; Cloud Architect; Platform Engineer; Software Architect,"Architecture and Systems Analysis; Cloud, Platforms and IT Operations; Software Engineering"
Product Architect,Business and Systems Analysis; Enterprise and Systems Architecture; Agile Product and Project Delivery; Software Development,IT Business Analyst; Solution Architect; Systems Architect; IT Product Manager; Software Architect,Architecture and Systems Analysis; Software Engineering
Solution Consultant,Business and Systems Analysis; Enterprise and Systems Architecture; Technical Documentation and Learning,IT Consultant; Solution Architect; IT Technical Account Specialist,Architecture and Systems Analysis; IT Support
Systems Consultant,Business and Systems Analysis; Enterprise and Systems Architecture,IT Consultant; Systems Analyst; Systems Architect,Architecture and Systems Analysis
Systems Integration Analyst,Business and Systems Analysis; Enterprise and Systems Architecture,Systems Analyst; Systems Integration Engineer,Architecture and Systems Analysis
Systems Integration Architect,Enterprise and Systems Architecture,Solution Architect; Systems Architect; Systems Integration Engineer,Architecture and Systems Analysis
Systems Integration Consultant,Business and Systems Analysis; Enterprise and Systems Architecture,IT Consultant; Systems Integration Engineer,Architecture and Systems Analysis
Systems Solutions Architect,Enterprise and Systems Architecture,Solution Architect; Systems Architect,Architecture and Systems Analysis
Technical Architect,Enterprise and Systems Architecture,Solution Architect; Systems Architect; Computer Systems Engineer,Architecture and Systems Analysis
Technical Consultant,Business and Systems Analysis; Enterprise and Systems Architecture,IT Consultant; Solution Architect; Systems Integration Engineer,Architecture and Systems Analysis
Technical Integration Consultant,Business and Systems Analysis; Enterprise and Systems Architecture,IT Consultant; Systems Integration Engineer,Architecture and Systems Analysis
Technology Architect,Enterprise and Systems Architecture,Enterprise Architect; Solution Architect; Systems Architect,Architecture and Systems Analysis
Cloud Storage Engineer,Cloud and Platform Engineering; Systems Administration and Operations,Cloud Engineer; Storage Engineer,"Cloud, Platforms and IT Operations"
Cloud Web Administrator,Cloud and Platform Engineering; Systems Administration and Operations,Cloud Administrator; Web Administrator; Systems Administrator,"Cloud, Platforms and IT Operations"
Data Center Systems Engineer,Cloud and Platform Engineering; Systems Administration and Operations,Platform Engineer; Data Centre Operator; Systems Administrator,"Cloud, Platforms and IT Operations"
DevOps SRE Engineer,Cloud and Platform Engineering,DevOps Engineer; Site Reliability Engineer; Platform Engineer,"Cloud, Platforms and IT Operations"
Infrastructure Operations Engineer,Cloud and Platform Engineering; Systems Administration and Operations,Platform Engineer; Computer and Systems Operator; Systems Administrator,"Cloud, Platforms and IT Operations"
Release and Deployment Engineer,Cloud and Platform Engineering,Release Engineer; DevOps Engineer; Cloud Engineer,"Cloud, Platforms and IT Operations"
Systems Configuration Administrator,Systems Administration and Operations,Systems Administrator; Systems Configuration Specialist,"Cloud, Platforms and IT Operations"
Systems Operations Engineer,Cloud and Platform Engineering; Systems Administration and Operations,Platform Engineer; Computer and Systems Operator; Systems Administrator,"Cloud, Platforms and IT Operations"
Cloud Security Compliance Specialist,"Cybersecurity Engineering; Cybersecurity Governance, Risk and Compliance",Cloud Security Engineer; IT Compliance Specialist; Cybersecurity GRC Specialist,Cybersecurity
Cyber Incident Intelligence Analyst,Cybersecurity Operations,Cyber Incident Responder; Cyber Threat Intelligence Analyst; Cybersecurity Analyst,Cybersecurity
Cyber Risk Consultant,"Cybersecurity Governance, Risk and Compliance",Cybersecurity Consultant; Cybersecurity GRC Specialist,Cybersecurity
Cybersecurity Audit Consultant,"Cybersecurity Governance, Risk and Compliance",Cybersecurity Consultant; IT Auditor,Cybersecurity
Cybersecurity Compliance Auditor,"Cybersecurity Governance, Risk and Compliance",IT Auditor; IT Compliance Specialist; Cybersecurity GRC Specialist,Cybersecurity
Cybersecurity GRC Consultant,"Cybersecurity Governance, Risk and Compliance",Cybersecurity Consultant; Cybersecurity GRC Specialist,Cybersecurity
Cybersecurity Incident Analyst,Cybersecurity Operations; User and Application Support,Cyber Incident Responder; Cybersecurity Analyst; IT Support Engineer,Cybersecurity; IT Support
Cybersecurity Operations Engineer,Cybersecurity Engineering; Cybersecurity Operations; Cloud and Platform Engineering,Security Engineer; Cybersecurity Analyst; Site Reliability Engineer,"Cybersecurity; Cloud, Platforms and IT Operations"
Cybersecurity Privacy Consultant,"Cybersecurity Governance, Risk and Compliance",Cybersecurity Consultant; Data Protection and Privacy Specialist,Cybersecurity
Data Protection Compliance Specialist,"Cybersecurity Governance, Risk and Compliance",Data Protection and Privacy Specialist; IT Compliance Specialist,Cybersecurity
Data Protection Risk Analyst,"Cybersecurity Governance, Risk and Compliance",Data Protection and Privacy Specialist; Cybersecurity GRC Specialist,Cybersecurity
Digital Forensics Incident Responder,Cybersecurity Operations,Cyber Incident Responder; Digital Forensics Analyst,Cybersecurity
Digital Forensics Threat Intelligence Analyst,Cybersecurity Operations,Cyber Threat Intelligence Analyst; Digital Forensics Analyst,Cybersecurity
Digital Privacy Auditor,"Cybersecurity Governance, Risk and Compliance",Data Protection and Privacy Specialist; IT Auditor,Cybersecurity
Embedded Security Tester,Cybersecurity Engineering; Offensive Security and Security Testing,Embedded and IoT Security Engineer; Penetration Tester; Vulnerability Assessment Specialist,Cybersecurity
IAM Compliance Specialist,"Cybersecurity Engineering; Cybersecurity Governance, Risk and Compliance",Identity and Access Management Specialist; IT Compliance Specialist; Cybersecurity GRC Specialist,Cybersecurity
IAM GRC Specialist,"Cybersecurity Engineering; Cybersecurity Governance, Risk and Compliance",Identity and Access Management Specialist; Cybersecurity GRC Specialist,Cybersecurity
IAM Security Architect,Cybersecurity Engineering,Identity and Access Management Specialist; Security Architect,Cybersecurity
Incident Response Forensics Analyst,Cybersecurity Operations,Cyber Incident Responder; Digital Forensics Analyst,Cybersecurity
Incident Response Threat Intelligence Analyst,Cybersecurity Operations,Cyber Incident Responder; Cyber Threat Intelligence Analyst,Cybersecurity
Information Security Privacy Specialist,"Cybersecurity Governance, Risk and Compliance",Data Protection and Privacy Specialist; Cybersecurity GRC Specialist,Cybersecurity
Information Security Risk Auditor,"Cybersecurity Governance, Risk and Compliance",Cybersecurity GRC Specialist; IT Auditor,Cybersecurity
Network Vulnerability Analyst,Cybersecurity Engineering; Offensive Security and Security Testing,Network Security Engineer; Vulnerability Assessment Specialist,Cybersecurity
Privacy Compliance Auditor,"Cybersecurity Governance, Risk and Compliance",Data Protection and Privacy Specialist; IT Auditor; IT Compliance Specialist,Cybersecurity
Privacy GRC Specialist,"Cybersecurity Governance, Risk and Compliance",Data Protection and Privacy Specialist; Cybersecurity GRC Specialist,Cybersecurity
Red Team Forensics Analyst,Cybersecurity Operations; Offensive Security and Security Testing,Digital Forensics Analyst; Penetration Tester,Cybersecurity
Red Team Intelligence Analyst,Cybersecurity Operations; Offensive Security and Security Testing,Cyber Threat Intelligence Analyst; Penetration Tester,Cybersecurity
Security Engineer Analyst,Cybersecurity Engineering; Cybersecurity Operations,Security Engineer; Cybersecurity Analyst,Cybersecurity
Security Risk and Compliance Specialist,"Cybersecurity Governance, Risk and Compliance",Cybersecurity GRC Specialist; IT Compliance Specialist,Cybersecurity
Security Risk Auditor,"Cybersecurity Governance, Risk and Compliance",Cybersecurity GRC Specialist; IT Auditor,Cybersecurity
Secure Software Assessor,Cybersecurity Engineering; Offensive Security and Security Testing,Application Security Engineer; Vulnerability Assessment Specialist,Cybersecurity
SOC Threat Intelligence Analyst,Cybersecurity Operations,Cyber Threat Intelligence Analyst; Cybersecurity Analyst,Cybersecurity
AI Data Engineer,AI and Machine Learning Engineering; Data Engineering,Artificial Intelligence Engineer; Data Engineer,"Data, Analytics and AI"
AI Data Scientist,AI and Machine Learning Engineering; Data Science and Computing Research,Artificial Intelligence Engineer; Data Scientist; Machine Learning Research Scientist,"Data, Analytics and AI"
Analytics Architect,Data Analysis and Business Intelligence; Data Engineering,Business Intelligence Developer; Analytics Engineer; Data Architect,"Data, Analytics and AI"
Data Governance Engineer,Data Engineering; Software Development,Data Engineer; Data Governance and Stewardship Specialist; Backend Developer,"Data, Analytics and AI; Software Engineering"
Database Performance Engineer,Database Engineering,Database Administrator; Database Developer,"Data, Analytics and AI"
Database Systems Engineer,Database Engineering; Enterprise and Systems Architecture,Database Administrator; Database Developer; Database Integrator; Computer Systems Engineer,"Data, Analytics and AI; Architecture and Systems Analysis"
Geospatial Data Analyst,Data Analysis and Business Intelligence; Domain-specific Informatics,Data Analyst; Geographic Information Systems Specialist,"Data, Analytics and AI"
Health Data Analyst,Data Analysis and Business Intelligence; Domain-specific Informatics,Data Analyst; Health Informatics Specialist,"Data, Analytics and AI"
Healthcare Analytics Engineer,Data Engineering; Domain-specific Informatics,Analytics Engineer; Data Engineer; Health Informatics Specialist,"Data, Analytics and AI"
Machine Learning Research Engineer,AI and Machine Learning Engineering; Data Science and Computing Research,Machine Learning Engineer; Machine Learning Research Scientist; Computer Research Scientist,"Data, Analytics and AI"
Master Data Specialist,Data Analysis and Business Intelligence; Data Engineering,Data Quality Specialist; Data Governance and Stewardship Specialist; Data Architect,"Data, Analytics and AI"
Metadata Engineer,AI and Machine Learning Engineering; Data Engineering; Software Development,Knowledge Engineer; Data Engineer; Data Governance and Stewardship Specialist; Backend Developer,"Data, Analytics and AI; Software Engineering"
Privacy Data Architect,Data Engineering; Domain-specific Informatics,Data Architect; Health Informatics Specialist,"Data, Analytics and AI"
Research Data Engineer,Data Engineering; Data Science and Computing Research,Data Engineer; Computer Research Scientist,"Data, Analytics and AI"
Research Engineer,Data Science and Computing Research; Software Development,Computer Research Scientist; Machine Learning Research Scientist; Backend Developer,"Data, Analytics and AI; Software Engineering"
Research Scientist,Data Science and Computing Research,Computer Research Scientist; Data Scientist; Machine Learning Research Scientist,"Data, Analytics and AI"
Spatial Data Engineer,Data Engineering; Domain-specific Informatics,Data Engineer; Geographic Information Systems Specialist,"Data, Analytics and AI"
Warehouse Engineer,Data Engineering; Database Engineering,Data Engineer; Data Warehouse Developer; Database Administrator,"Data, Analytics and AI"
IT Implementation Trainer,Technical Documentation and Learning; User and Application Support,IT Trainer; Application Support Specialist,IT Support
Network Service Engineer,Computer Network Engineering; Telecommunications Engineering,Network Engineer; Telecommunications Engineer,Networks and Telecommunications
Agile Delivery Manager,Agile Product and Project Delivery,IT Project Manager; Scrum Master,Software Engineering
Agile Product Owner,Agile Product and Project Delivery,IT Product Manager; Scrum Master,Software Engineering
Android Full-stack Developer,Software Development,Android Developer; Full-stack Developer,Software Engineering
Android IoT Developer,Software Development; Specialized Software Development,Android Developer; Embedded Software Developer; IoT Developer,Software Engineering
Application Security Tester,Software Quality and Testing,Integration Test Engineer; Test Automation Engineer,Software Engineering
Cross-Platform Mobile Developer,Software Development,Android Developer; Full-stack Developer; iOS Developer,Software Engineering
Digital Product Tester,Agile Product and Project Delivery; Software Quality and Testing,IT Product Manager; Usability Tester,Software Engineering
Documentation Tester,Digital Interface and User Experience; Software Quality and Testing,User Experience Researcher; Localization Tester; Software Test Engineer,Software Engineering
Embedded Game Developer,Specialized Software Development,Embedded Software Developer; Game Developer,Software Engineering
Embedded IoT Developer,Specialized Software Development,Embedded Software Developer; IoT Developer,Software Engineering
Full-stack Software Architect,Software Development,Full-stack Developer; Software Architect,Software Engineering
Hybrid App Developer,Software Development,Android Developer; Full-stack Developer; iOS Developer,Software Engineering
iOS Android Developer,Software Development,Android Developer; iOS Developer,Software Engineering
iOS Full-stack Developer,Software Development,Full-stack Developer; iOS Developer,Software Engineering
iOS IoT Developer,Software Development; Specialized Software Development,iOS Developer; Embedded Software Developer; IoT Developer,Software Engineering
Secure Software Tester,Software Quality and Testing,Software Test Engineer; Test Automation Engineer,Software Engineering
Software Development Engineer,Software Development,Backend Developer; Cloud Software Developer; Full-stack Developer; Software Architect; Systems Programmer,Software Engineering
Test Architect,Software Quality and Testing,Integration Test Engineer; Performance Test Engineer; Software Test Engineer; Test Automation Engineer,Software Engineering
Test Data Engineer,Software Quality and Testing,Software Test Engineer; Test Automation Engineer,Software Engineering
UX Research Designer,Digital Interface and User Experience,User Experience Designer; User Experience Researcher,Software Engineering
Architect,Enterprise and Systems Architecture; Software Development,Enterprise Architect; Solution Architect; Systems Architect; Software Architect,Architecture and Systems Analysis; Software Engineering
Automation Engineer,Cloud and Platform Engineering; Data Engineering; Specialized Software Development,DevOps Engineer; Data Engineer; RPA Developer,"Cloud, Platforms and IT Operations; Data, Analytics and AI; Software Engineering"
Backend API Developer,Enterprise and Systems Architecture; Software Development,Systems Integration Engineer; Backend Developer; Cloud Software Developer,Architecture and Systems Analysis; Software Engineering
Backend Cloud Engineer,Cloud and Platform Engineering; Software Development,Cloud Engineer; Backend Developer; Cloud Software Developer,"Cloud, Platforms and IT Operations; Software Engineering"
Backend Platform Engineer,Cloud and Platform Engineering; Software Development,Platform Engineer; Backend Developer; Cloud Software Developer,"Cloud, Platforms and IT Operations; Software Engineering"
Backend Security Engineer,Cybersecurity Engineering; Software Development,Application Security Engineer; Security Engineer; Backend Developer,Cybersecurity; Software Engineering
BI Architect,Enterprise and Systems Architecture; Data Analysis and Business Intelligence; Data Engineering,Solution Architect; Business Intelligence Developer; Analytics Engineer; Data Architect,"Architecture and Systems Analysis; Data, Analytics and AI"
Blockchain Security Engineer,Cybersecurity Engineering; Specialized Software Development,Application Security Engineer; Cryptography Specialist; Security Engineer; Blockchain Developer,Cybersecurity; Software Engineering
Business Analyst,Business and Systems Analysis; Data Analysis and Business Intelligence,IT Business Analyst; Systems Analyst; Business Intelligence Analyst; Data Analyst,"Architecture and Systems Analysis; Data, Analytics and AI"
Cloud Database Engineer,Cloud and Platform Engineering; Database Engineering,Cloud Engineer; Database Administrator; Database Developer,"Cloud, Platforms and IT Operations; Data, Analytics and AI"
Cloud Network Engineer,Cloud and Platform Engineering; Cybersecurity Engineering; Computer Network Engineering,Cloud Engineer; Network Security Engineer; Network Engineer,"Cloud, Platforms and IT Operations; Cybersecurity; Networks and Telecommunications"
Cloud Test Engineer,Cloud and Platform Engineering; Software Quality and Testing,Cloud Engineer; Integration Test Engineer; Performance Test Engineer; Test Automation Engineer,"Cloud, Platforms and IT Operations; Software Engineering"
Configuration Engineer,Systems Administration and Operations; Software Development,Systems Configuration Specialist; Backend Developer; Systems Programmer,"Cloud, Platforms and IT Operations; Software Engineering"
Connectivity Engineer,Computer Network Engineering; Telecommunications Engineering; Software Development,Network Engineer; Telecommunications Engineer; Backend Developer,Networks and Telecommunications; Software Engineering
CRM Developer,Enterprise and Systems Architecture; Software Development,Systems Integration Engineer; Backend Developer; Full-stack Developer,Architecture and Systems Analysis; Software Engineering
Cybersecurity Privacy Specialist,"Cybersecurity Governance, Risk and Compliance; Data Engineering",Cybersecurity GRC Specialist; Data Protection and Privacy Specialist; Data Governance and Stewardship Specialist,"Cybersecurity; Data, Analytics and AI"
Cybersecurity Test Engineer,Cybersecurity Engineering; Offensive Security and Security Testing; Software Quality and Testing,Application Security Engineer; Penetration Tester; Vulnerability Assessment Specialist; Test Automation Engineer,Cybersecurity; Software Engineering
Data Applications Engineer,Enterprise and Systems Architecture; Data Engineering; Software Development,Systems Integration Engineer; Data Engineer; Backend Developer,"Architecture and Systems Analysis; Data, Analytics and AI; Software Engineering"
Data Privacy Engineer,"Cybersecurity Engineering; Cybersecurity Governance, Risk and Compliance; Data Engineering",Security Engineer; Data Protection and Privacy Specialist; Data Engineer,"Cybersecurity; Data, Analytics and AI"
Database Engineer,Data Engineering; Database Engineering,Data Engineer; Database Administrator; Database Developer,"Data, Analytics and AI"
Database Security Engineer,Cybersecurity Engineering; Database Engineering,Security Engineer; Database Administrator; Database Developer,"Cybersecurity; Data, Analytics and AI"
Database Test Engineer,Database Engineering; Software Quality and Testing,Database Developer; Performance Test Engineer; Software Test Engineer,"Data, Analytics and AI; Software Engineering"
Database Test Specialist,Database Engineering; Software Quality and Testing,Database Administrator; Software Test Engineer; Test Automation Engineer,"Data, Analytics and AI; Software Engineering"
Database Testing Engineer,Database Engineering; Software Quality and Testing,Database Developer; Performance Test Engineer; Test Automation Engineer,"Data, Analytics and AI; Software Engineering"
Distributed Systems Engineer,Enterprise and Systems Architecture; Cloud and Platform Engineering; Software Development,Computer Systems Engineer; Platform Engineer; Backend Developer; Systems Programmer,"Architecture and Systems Analysis; Cloud, Platforms and IT Operations; Software Engineering"
E-commerce Developer,Business and Systems Analysis; Software Development; Specialized Software Development,IT Business Analyst; Frontend Developer; Full-stack Developer; RPA Developer,Architecture and Systems Analysis; Software Engineering
Edge Computing Engineer,Cloud and Platform Engineering; Software Development; Specialized Software Development,Cloud Engineer; Platform Engineer; Systems Programmer; Embedded Software Developer,"Cloud, Platforms and IT Operations; Software Engineering"
Embedded AI Engineer,Computing Hardware Engineering; AI and Machine Learning Engineering; Specialized Software Development,Embedded System Designer; Artificial Intelligence Engineer; Embedded Software Developer,"Computer Hardware; Data, Analytics and AI; Software Engineering"
Embedded Test Engineer,Computing Hardware Engineering; Software Quality and Testing; Specialized Software Development,Computer Hardware Test Technician; Test Automation Engineer; Embedded Software Developer,Computer Hardware; Software Engineering
ERP Developer,Enterprise and Systems Architecture; Software Development,Systems Integration Engineer; Backend Developer; Full-stack Developer,Architecture and Systems Analysis; Software Engineering
ETL Test Engineer,Data Engineering; Software Quality and Testing,Data Engineer; Integration Test Engineer; Test Automation Engineer,"Data, Analytics and AI; Software Engineering"
Hardware Test Engineer,Computing Hardware Engineering; Software Quality and Testing,Computer Hardware Engineer; Computer Hardware Test Technician; Performance Test Engineer; Test Automation Engineer,Computer Hardware; Software Engineering
Help Desk Engineer,User and Application Support,Desktop Support Specialist; IT Help Desk Specialist; IT Support Engineer,IT Support
Infrastructure Security Engineer,Cloud and Platform Engineering; Cybersecurity Engineering; Computer Network Engineering,Cloud Engineer; Network Security Engineer; Security Engineer; Network Engineer,"Cloud, Platforms and IT Operations; Cybersecurity; Networks and Telecommunications"
Infrastructure Support Engineer,Systems Administration and Operations; User and Application Support; Computer Network Engineering,Systems Administrator; IT Support Engineer; Network Support Specialist,"Cloud, Platforms and IT Operations; IT Support; Networks and Telecommunications"
Integration Technical Writer,Enterprise and Systems Architecture; Technical Documentation and Learning,Systems Integration Engineer; IT Technical Writer,Architecture and Systems Analysis; IT Support
Kubernetes Engineer,Cloud and Platform Engineering,Cloud Engineer; DevOps Engineer; Platform Engineer; Site Reliability Engineer,"Cloud, Platforms and IT Operations"
Mainframe Systems Engineer,Enterprise and Systems Architecture; Systems Administration and Operations; Software Development,Computer Systems Engineer; Computer and Systems Operator; Systems Programmer,"Architecture and Systems Analysis; Cloud, Platforms and IT Operations; Software Engineering"
Mobile Application Developer,Software Development,Android Developer; Full-stack Developer; iOS Developer,Software Engineering
Mobile Test Engineer,Software Development; Software Quality and Testing,Android Developer; iOS Developer; Software Test Engineer; Test Automation Engineer,Software Engineering
NoSQL Database Engineer,Cloud and Platform Engineering; Database Engineering,Cloud Engineer; Database Administrator; Database Developer,"Cloud, Platforms and IT Operations; Data, Analytics and AI"
Performance Engineer,Cloud and Platform Engineering; Software Development; Software Quality and Testing,Site Reliability Engineer; Backend Developer; Performance Test Engineer,"Cloud, Platforms and IT Operations; Software Engineering"
Platform Software Engineer,Enterprise and Systems Architecture; Cloud and Platform Engineering; Software Development,Computer Systems Engineer; Platform Engineer; Cloud Software Developer; Systems Programmer,"Architecture and Systems Analysis; Cloud, Platforms and IT Operations; Software Engineering"
Product Manager,Business and Systems Analysis; Agile Product and Project Delivery,IT Business Analyst; IT Product Manager; Scrum Master,Architecture and Systems Analysis; Software Engineering
Program Manager,Business and Systems Analysis; Agile Product and Project Delivery,IT Consultant; IT Project Manager; IT Product Manager,Architecture and Systems Analysis; Software Engineering
Project Manager,Business and Systems Analysis; Agile Product and Project Delivery,IT Business Analyst; IT Project Manager; Scrum Master,Architecture and Systems Analysis; Software Engineering
Python Developer,AI and Machine Learning Engineering; Data Engineering; Software Development,Machine Learning Engineer; Data Engineer; Backend Developer; Full-stack Developer,"Data, Analytics and AI; Software Engineering"
SAP Developer,Enterprise and Systems Architecture; Database Engineering; Software Development,Systems Integration Engineer; Database Developer; Backend Developer; Full-stack Developer,"Architecture and Systems Analysis; Data, Analytics and AI; Software Engineering"
SAP Technical Consultant,Business and Systems Analysis; Enterprise and Systems Architecture; Software Development,IT Consultant; Systems Integration Engineer; Backend Developer,Architecture and Systems Analysis; Software Engineering
Security Compliance Specialist,"Cybersecurity Governance, Risk and Compliance; Data Engineering",Cybersecurity GRC Specialist; IT Compliance Specialist; Data Governance and Stewardship Specialist,"Cybersecurity; Data, Analytics and AI"
Security Test Engineer,Cybersecurity Engineering; Offensive Security and Security Testing; Software Quality and Testing,Application Security Engineer; Penetration Tester; Vulnerability Assessment Specialist; Test Automation Engineer,Cybersecurity; Software Engineering
Security Tester,Cybersecurity Engineering; Offensive Security and Security Testing; Software Quality and Testing,Application Security Engineer; Penetration Tester; Vulnerability Assessment Specialist; Software Test Engineer,Cybersecurity; Software Engineering
Service Desk Engineer,User and Application Support; Computer Network Engineering,IT Help Desk Specialist; IT Support Engineer; Network Support Specialist,IT Support; Networks and Telecommunications
Service Management Consultant,Business and Systems Analysis; Technical Documentation and Learning; Agile Product and Project Delivery,IT Consultant; IT Technical Account Specialist; IT Project Manager,Architecture and Systems Analysis; IT Support; Software Engineering
ServiceNow Administrator,Systems Administration and Operations; User and Application Support; Software Development,Systems Configuration Specialist; Application Support Specialist; Backend Developer,"Cloud, Platforms and IT Operations; IT Support; Software Engineering"
ServiceNow Developer,Enterprise and Systems Architecture; User and Application Support; Software Development,Systems Integration Engineer; Application Support Specialist; Backend Developer; Full-stack Developer,Architecture and Systems Analysis; IT Support; Software Engineering
