id,parent_id,parent,family_id,family,techno,task,def
L001,P01,Business and Systems Analysis,F01,Architecture and Systems Analysis,Alteryx; ARIS Architect; Asana; Azure DevOps; Balsamiq; Bizagi; BPMN 2.0; Camunda; ClickUp; Confluence; CSV; Databricks; Draw.io / diagrams.net; Figma; Git; GitHub; GitLab; Google Sheets; GraphQL; Jira Service Management; Jira Software; JSON; Looker; Lucidchart; Metabase; Microsoft Dynamics 365; Microsoft Excel; Microsoft Power BI; Microsoft SQL Server; Microsoft Teams; Microsoft Visio; Miro; MySQL; Notion; OpenAPI / Swagger; Oracle Database; Oracle NetSuite; Pandas; PostgreSQL; Postman; Power Query; Python; Qlik Sense; REST; Salesforce; SAP BusinessObjects; SAP S/4HANA; ServiceNow; SharePoint; Signavio; Slack; Snowflake; SOAP; SQL; Tableau; Trello; UML; VBA; Workday; XML; YAML,Elicit requirements; map business processes; write user stories and acceptance criteria; analyze data and KPIs; validate delivered functionality; facilitate stakeholder workshops.,Bridges business stakeholders and technical teams by translating business problems into clear technology requirements.
L002,P01,Business and Systems Analysis,F01,Architecture and Systems Analysis,Alteryx; Apache Kafka; API Gateway; ArchiMate; Asana; AWS; Azure DevOps; BPMN 2.0; COBIT; Confluence; Databricks; Dell Boomi; Draw.io / diagrams.net; FinOps; GDPR; Git; Google Cloud Platform; GraphQL; ISO 27001; ITIL; Jira Align; Jira Software; Kubernetes; LeanIX; Looker; Lucidchart; Microsoft Azure; Microsoft Dynamics 365; Microsoft Excel; Microsoft Power BI; Microsoft PowerPoint; Microsoft Project; Microsoft SQL Server; Microsoft Visio; Miro; Monday.com; MuleSoft Anypoint Platform; NIST Cybersecurity Framework; Oracle Cloud Infrastructure; Oracle Database; Oracle Fusion Cloud; Planview; PostgreSQL; Qlik Sense; REST; Salesforce; SAP S/4HANA; ServiceNow; Smartsheet; Snowflake; SOAP; SOC 2; Sparx Enterprise Architect; Tableau; Terraform; TOGAF; UML; Workato; Workday; Zapier,Assess current systems; identify business and technology gaps; recommend solutions and vendors; build roadmaps and business cases; support implementation; present findings to stakeholders.,"Advises organizations on technology choices, digital transformation, implementation approaches, and improvement opportunities."
L003,P01,Business and Systems Analysis,F01,Architecture and Systems Analysis,AsciiDoc; AsyncAPI; Azure DevOps; Behave; Bitbucket; BPMN 2.0; C#; Confluence; Cucumber; Docker; Docusaurus; Gherkin; Git; GitHub; GitHub Actions; GitLab; GitLab CI/CD; GraphQL; gRPC; Helix RM; IBM DOORS Next; IBM Engineering Requirements Management DOORS; ISO/IEC/IEEE 29148; Jama Connect; Java; Jenkins; Jira Software; JSON; JSON Schema; Kubernetes; Markdown; Micro Focus ALM / ALM Octane; Microsoft SQL Server; MySQL; OpenAPI / Swagger; OWASP ASVS; PlantUML; Polarion ALM; PostgreSQL; Postman; Protocol Buffers / Protobuf; PTC Windchill; Python; RAML; ReqSuite RM; REST; SOAP; SonarQube; Sparx Enterprise Architect; SpecFlow; Sphinx; SQL; Stoplight; SwaggerHub; SysML; TestRail; UML; Visual Paradigm; XML; XML Schema / XSD; Xray for Jira; YAML; Zephyr,Elicit requirements; write specifications; model use cases and system behavior; manage traceability; define acceptance criteria; control requirement changes; support testing and validation.,"Specifies, validates, traces, and controls functional and non-functional requirements for software products or systems."
L004,P01,Business and Systems Analysis,F01,Architecture and Systems Analysis,ActiveMQ; Ansible; Apache Airflow; Apache Kafka; Avro; AWS; AWS SQS; Bash; Bitbucket; CSV; cURL; Data Flow Diagrams; Datadog; DBeaver; dbt; Docker; Draw.io / diagrams.net; Elasticsearch; ELK Stack; ER/Studio; ERwin Data Modeler; Git; GitHub; GitLab; Google Cloud Platform; Grafana; Graylog; Informatica; Insomnia; Jenkins; Jira Service Management; JSON; Kubernetes; Linux; Lucidchart; Microsoft Azure; Microsoft SQL Server; Microsoft Visio; MongoDB; MySQL; MySQL Workbench; Newman; OpenAPI / Swagger; OpenTelemetry; Oracle Database; Oracle SQL Developer; pgAdmin; PlantUML; PostgreSQL; Postman; PowerShell; Prometheus; Protocol Buffers / Protobuf; Python; RabbitMQ; Redis; ServiceNow; SoapUI; Splunk; SQL; SSIS; SSMS; Talend; tcpdump; Terraform; Toad for Oracle; UML; Windows Server; Wireshark; XML; XSLT; YAML,Analyze existing systems; model data/process flows; define system changes; document interfaces; investigate incidents; query databases; support integration and testing.,"Analyzes how information systems work and translates business needs into system, data, interface, and workflow requirements."
L005,P02,Enterprise and Systems Architecture,F01,Architecture and Systems Analysis,Active Directory; Amazon S3; Ansible; Arduino; ARM; AWS; AWS CloudFormation; Azure DevOps Pipelines; Azure Resource Manager; Bash; BGP; Bicep; BIOS; Bitbucket; C; C#; C++; Ceph; Commvault; containerd; Datadog; Debian; Dell EMC; DHCP; DNS; Docker; ELK Stack; ESXi; FPGA; Git; GitHub; GitHub Actions; GitLab; GitLab CI/CD; Go; Google Cloud Platform; Gradle; Grafana; HashiCorp Vault; Helm; htop; HTTP/HTTPS; Hyper-V; IBM AIX; IPv4; IPv6; iSCSI; Java; Jenkins; JMeter; Kerberos; Kubernetes; KVM; LDAP; Linux; lsof; macOS; Maven; Microsoft Azure; Microsoft Entra ID; Microsoft SQL Server; MongoDB; MySQL; Nagios; NAS; NetApp ONTAP; New Relic; NFS; NTP; NVIDIA CUDA; OpenShift; OpenTelemetry; Oracle Database; OSPF; Packer; perf; Perl; Podman; PostgreSQL; PowerShell; Prometheus; Pulumi; Python; QEMU; RAID; Raspberry Pi; Red Hat Enterprise Linux; Redis; RISC-V; Rust; SAN; SMB/CIFS; SNMP; Solaris; Splunk; SSH; strace; SUSE Linux Enterprise; Sysinternals; TCP/IP; tcpdump; Terraform; TLS; Ubuntu; UDP; UEFI; Vagrant; Valgrind; Veeam; Verilog; VHDL; VirtualBox; VLAN; VMware vSphere; VPN; Windows Server; Wireshark; x86; Zabbix,Evaluate system requirements; design compute environments; integrate hardware and software; optimize performance; troubleshoot low-level issues; automate system configuration; test reliability.,"Designs and integrates end-to-end computing systems spanning hardware, operating systems, software, networks, storage, and reliability."
L006,P02,Enterprise and Systems Architecture,F01,Architecture and Systems Analysis,Amazon Redshift; Apache Hadoop; Apache Kafka; Apache Spark; API management; Apigee; Archi; ArchiMate; AsyncAPI; Avolution ABACUS; AWS; AWS Outposts; Azure API Management; Azure Arc; Azure DevOps; Azure Logic Apps; Azure Synapse Analytics; BigQuery; BiZZdesign Enterprise Studio; Bizzdesign Horizzon; BPMN 2.0; business capability maps; COBIT; Confluence; customer journey mapping; data catalog; data fabric; data lakehouse; data mesh; data warehouse; Databricks; Dell Boomi; Docker; DoDAF; Draw.io / diagrams.net; FEAF; FinOps; Gartner Pace-Layered Application Strategy; GDPR; Git; Google Anthos; Google Cloud Platform; Grafana; GraphQL; gRPC; IBM App Connect; ISO 27001; ITIL; Jira Align; Jira Software; Kong; Kubernetes; LeanIX; Lucidchart; master data management; MEGA HOPEX; metadata management; Microsoft Azure; Microsoft Dynamics 365; Microsoft Fabric; Microsoft Project; Microsoft SQL Server; Microsoft Visio; Miro; MuleSoft Anypoint Platform; NIST Cybersecurity Framework; Oracle Cloud Infrastructure; Oracle Database; Oracle Fusion Cloud; Oracle Integration Cloud; Orbus iServer; Planview; PostgreSQL; Prometheus; REST; Salesforce; SAP Business Technology Platform; SAP LeanIX; SAP S/4HANA; ServiceNow; ServiceNow Strategic Portfolio Management; SIPOC; Smartsheet; Snowflake; SOAP; SOC 2; Sparx Enterprise Architect; Terraform; TOGAF; UML; value-stream mapping; Visual Paradigm; VMware Cloud; Workday; Zachman Framework,Create enterprise roadmaps; define architecture standards; map business capabilities; govern technology portfolios; assess target architectures; guide transformation programs; manage architecture repositories.,"Aligns enterprise-wide business capabilities, applications, data, infrastructure, and technology investments with organizational strategy."
L007,P02,Enterprise and Systems Architecture,F01,Architecture and Systems Analysis,.NET; ActiveMQ; Airbyte; Amazon API Gateway; Amazon CloudFront; Amazon CloudWatch; Amazon DynamoDB; Amazon EC2; Amazon ECS; Amazon EKS; Amazon EventBridge; Amazon RDS; Amazon Route 53; Amazon S3; Amazon SNS; Amazon SQS; Amazon VPC; Angular; Ansible; Apache Airflow; Apache Cassandra; Apache Kafka; Apigee; Argo CD; AsyncAPI; Avro; AWS; AWS CloudFormation; AWS IAM; AWS Lambda; AWS Secrets Manager; AWS Step Functions; Azure API Management; Azure App Service; Azure Blob Storage; Azure Cosmos DB; Azure Entra ID; Azure Event Grid; Azure Functions; Azure Key Vault; Azure Kubernetes Service; Azure Monitor; Azure Resource Manager; Azure Service Bus; Azure SQL Database; Bicep; BigQuery; C#; Cloud Functions; Cloud Run; Cloud SQL; CQRS; CSV; Databricks; Datadog; dbt; Django; Docker; Docker Compose; domain-driven design; DynamoDB; Dynatrace; Elasticsearch; ELK Stack; event sourcing; event-driven architecture; Express.js; FastAPI; Firestore; Fivetran; Flask; Flux CD; Git; GitHub Actions; GitLab CI/CD; Go; Google Cloud Platform; Google Cloud Storage; Google Kubernetes Engine; Google Pub/Sub; Google Secret Manager; Grafana; GraphQL; gRPC; HashiCorp Vault; Helm; Insomnia; ISO 27001; Java; JavaScript; Jenkins; JSON; JWT; Keycloak; Kong; Kotlin; Kubernetes; Kustomize; Micronaut; microservices; Microsoft Azure; Microsoft SQL Server; modular monolith; MongoDB; NestJS; New Relic; NGINX; NIST CSF; Node.js; OAuth 2.0; OpenAPI / Swagger; OpenID Connect; OpenShift; OpenTelemetry; Oracle Database; PCI DSS; PostgreSQL; Postman; Prometheus; Protocol Buffers / Protobuf; Pulumi; Python; Quarkus; RabbitMQ; React; Redis; REST; Salesforce; SAP S/4HANA; Scala; serverless; ServiceNow; Snowflake; SOA; SOAP; SoapUI; Spring Boot; SQL; Svelte; Terraform; Traefik; Tyk; TypeScript; Vue.js; Workday; XML; YAML,Convert requirements into solution designs; select technologies; define APIs and integrations; design security and scalability; estimate technical work; guide implementation; review architecture decisions.,"Designs a practical technical solution for a specific business problem, product, program, or project."
L008,P02,Enterprise and Systems Architecture,F01,Architecture and Systems Analysis,Active Directory; Amazon S3; Ansible; Apache Airflow; Argo CD; AWS; AWS Backup; AWS CloudFormation; AWS Elastic Load Balancing; AWS Outposts; AWS Security Hub; Azure Arc; Azure Backup; Azure Blob Storage; Azure Load Balancer; BGP; Bicep; Block storage; C++; Cassandra; Ceph; Chef; Cisco IOS; Cisco NX-OS; Cloudflare; Commvault; CrowdStrike; CyberArk; Databricks; Datadog; Debian; Dell EMC; DHCP; DNS; Docker; Dynatrace; Elasticsearch; ELK Stack; ESXi; F5 BIG-IP; Git; GitHub Actions; Go; Google Anthos; Google Cloud Platform; Google Cloud Storage; Grafana; HAProxy; HashiCorp Vault; Helm; Hyper-V; IBM AIX; IPv4; IPv6; Istio; Java; Jenkins; Jira Service Management; Juniper Junos; Kafka; Kerberos; Keycloak; Kubernetes; KVM; LDAP; Linkerd; Linux; Microsoft Azure; Microsoft Defender for Cloud; Microsoft Entra ID; Microsoft SQL Server; MongoDB; MPLS; MySQL; Nagios; NAS; Nessus; NetApp ONTAP; NGINX; Nutanix AHV; OAuth 2.0; Object storage; Okta; OpenID Connect; OpenShift; OpenTelemetry; Oracle Database; OSPF; Packer; Palo Alto PAN-OS; Podman; PostgreSQL; Prometheus; Puppet; Python; QEMU; Qualys; RabbitMQ; Rancher; Red Hat Enterprise Linux; Redis; Replication; RTO/RPO design; Rubrik; SaltStack; SAML; SAN; SD-WAN; ServiceNow; Snapshots; Snowflake; Solaris; Splunk; TCP/IP; Terraform; Traefik; Ubuntu; Veeam; VLAN; VMware Cloud; VMware NSX; VMware vSphere; VPN; VXLAN; Windows Server; Zabbix,Design infrastructure architecture; define resilience and recovery; select platforms; plan capacity; design network/storage/compute patterns; establish technical standards; review implementation quality.,"Defines the technical structure of complex infrastructure and systems across compute, networking, storage, identity, availability, and operations."
L009,P02,Enterprise and Systems Architecture,F01,Architecture and Systems Analysis,.NET; ActiveMQ; Airbyte; Amazon SNS; Amazon SQS; ANSI X12; Apache Kafka; Apache NiFi; API Gateway; API keys; Apigee; Argo CD; AS2; AsyncAPI; Avro; AWS API Gateway; AWS Glue; AWS Lambda; AWS Secrets Manager; Azure API Management; Azure Data Factory; Azure DevOps; Azure Event Hubs; Azure Functions; Azure Key Vault; Azure Logic Apps; Azure Service Bus; C#; Confluence; cURL; Datadog; dbt; Dell Boomi; Docker; Dynatrace; EDI; EDIFACT; Elasticsearch; ELK Stack; Fivetran; Flux CD; FTPS; Git; GitHub; GitHub Actions; GitLab; Google Cloud Functions; Google Pub/Sub; Grafana; GraphQL; gRPC; HashiCorp Vault; Helm; IBM App Connect; IBM Integration Bus; IBM MQ; IBM Sterling B2B Integrator; Informatica PowerCenter; Insomnia; Java; Jenkins; Jira Software; JQ; JSON; JSON Schema; JSONata; JSONPath; JWT; Kong; Kubernetes; Microsoft Dynamics 365; Microsoft SQL Server; MongoDB; MuleSoft Anypoint Platform; mutual TLS; NATS; Newman; Node.js; OAuth 2.0; OData; OpenAPI / Swagger; OpenID Connect; OpenTelemetry; Oracle Database; Oracle E-Business Suite; Oracle Fusion Cloud; Oracle Integration Cloud; Parquet; PostgreSQL; Postman; Prometheus; Protocol Buffers / Protobuf; Python; RabbitMQ; RAML; ReadyAPI; Redis; REST; Salesforce; SAP; SAP Integration Suite; ServiceNow; SFTP; SOAP; SoapUI; Solace PubSub+; Splunk; Spring Boot; SQL; SSIS; Stoplight; Swagger UI; SwaggerHub; Talend; Terraform; TIBCO; Tyk; WebMethods; Wireshark; Workday; WSDL; WSO2 API Manager; XML; XML Schema / XSD; XPath; XSLT,Build APIs and integrations; configure middleware; transform data; manage message queues; test interfaces; diagnose integration failures; document contracts; support production integrations.,"Connects applications, services, databases, devices, and third-party platforms into reliable end-to-end workflows."
L010,P03,Cloud and Platform Engineering,F02,"Cloud, Platforms and IT Operations",Active Directory; Amazon EBS; Amazon EFS; Amazon EKS; Amazon FSx; Amazon RDS; Amazon S3; Amazon VPC; Ansible; Apache Kafka; AWS; AWS Backup; AWS CLI; AWS CloudFormation; AWS CloudTrail; AWS Config; AWS Control Tower; AWS EC2; AWS IAM; AWS Management Console; AWS Organizations; AWS Route 53; AWS Security Hub; AWS Systems Manager; Azure Application Gateway; Azure Automation; Azure Backup; Azure Blob Storage; Azure Blueprints; Azure CLI; Azure Cost Management; Azure DevOps Pipelines; Azure DNS; Azure Firewall; Azure Key Vault; Azure Kubernetes Service; Azure Load Balancer; Azure Monitor; Azure Policy; Azure Portal; Azure Resource Manager; Azure Site Recovery; Azure Storage Explorer; Azure Update Manager; Azure Virtual Machines; Azure Virtual Network; Bash; Bicep; Cloud Audit Logs; Cloud DNS; Cloud KMS; Cloud Load Balancing; Cloud Shell; CloudWatch; Commvault; CyberArk; Datadog; DNS; Docker; Elastic Load Balancing; ELK Stack; F5 BIG-IP; FinOps; Git; GitHub Actions; GitLab CI/CD; Google Cloud Armor; Google Cloud Billing; Google Cloud CLI / gcloud; Google Cloud Console; Google Cloud IAM; Google Cloud Logging; Google Cloud Monitoring; Google Cloud Platform; Google Cloud Resource Manager; Google Cloud Storage; Google Cloud VPC; Google Compute Engine; Google Kubernetes Engine; Grafana; HashiCorp Vault; Helm; Hyper-V; ISO 27001; Jenkins; Jira Service Management; Kerberos; Kubernetes; LDAP; Linux; Microsoft Azure; Microsoft Entra ID; MongoDB; MySQL; Nagios; NGINX; NIST Cybersecurity Framework; Okta; OpenShift; OpenTelemetry; Opsgenie; PagerDuty; PostgreSQL; PowerShell; Prometheus; Python; Redis; Rubrik; Secret Manager; ServiceNow; Splunk; SQL Server; tcpdump; Terraform; Veeam; VMware Cloud; VMware vSphere; VPN; Windows Server; Wireshark; Zabbix,Provision resources; administer IAM; manage subscriptions/accounts; monitor usage; handle access requests; maintain backups; apply policies; support cloud incidents; track cost and inventory.,"Operates and supports cloud accounts, identities, infrastructure resources, access, backups, monitoring, and routine cloud services."
L011,P03,Cloud and Platform Engineering,F02,"Cloud, Platforms and IT Operations",Amazon Aurora; Amazon CloudFront; Amazon DynamoDB; Amazon EC2; Amazon ECS; Amazon EKS; Amazon EventBridge; Amazon Fargate; Amazon RDS; Amazon Redshift; Amazon Route 53; Amazon S3; Amazon SNS; Amazon SQS; Amazon VPC; Ansible; Anthos; Apache Kafka; API Gateway; Apigee; ArchiMate; Argo CD; AsyncAPI; AWS; AWS API Gateway; AWS CloudFormation; AWS CloudWatch; AWS Config; AWS Control Tower; AWS Direct Connect; AWS IAM; AWS KMS; AWS Lambda; AWS Organizations; AWS Outposts; AWS Secrets Manager; AWS Security Hub; AWS Shield; AWS Step Functions; AWS Transit Gateway; AWS WAF; AWS Well-Architected Framework; Azure API Management; Azure App Service; Azure Arc; Azure Blob Storage; Azure CDN; Azure Container Apps; Azure Cosmos DB; Azure DevOps Pipelines; Azure Event Grid; Azure Event Hubs; Azure ExpressRoute; Azure Firewall; Azure Front Door; Azure Functions; Azure Key Vault; Azure Kubernetes Service; Azure Landing Zones; Azure Monitor; Azure Policy; Azure Private Link; Azure Resource Manager; Azure Service Bus; Azure SQL Database; Azure Synapse Analytics; Azure Virtual Network; Azure Well-Architected Framework; Bicep; BigQuery; Bitbucket; Checkov; Cloud Armor; Cloud CDN; Cloud Custodian; Cloud Interconnect; Cloud KMS; Cloud SQL; Cloud Storage; Confluence; Databricks; Datadog; Dell Boomi; Docker; Dynatrace; Elastic Load Balancing; ELK Stack; FinOps; Firestore; Flux CD; GDPR; Git; GitHub; GitHub Actions; GitLab; GitLab CI/CD; Google App Engine; Google Cloud Architecture Framework; Google Cloud Functions; Google Cloud IAM; Google Cloud Operations Suite; Google Cloud Platform; Google Cloud Run; Google Cloud VPC; Google Kubernetes Engine; Google Pub/Sub; Grafana; GraphQL; gRPC; HashiCorp Vault; Helm; ISO 27001; Istio; Jenkins; Jira; JSON; Kubernetes; Kustomize; LeanIX; Linkerd; Microsoft Azure; Microsoft Defender for Cloud; Microsoft Entra ID; Microsoft Fabric; MongoDB; MuleSoft; MySQL; NATS; OAuth 2.0; OpenAPI / Swagger; OpenID Connect; OpenShift; OpenTelemetry; Organization Policy Service; Packer; PCI DSS; PostgreSQL; Prisma Cloud; Prometheus; Protocol Buffers / Protobuf; Pulumi; Qualys; RabbitMQ; Redis; REST; Salesforce; SAP S/4HANA; Secret Manager; Sentinel; ServiceNow; Snowflake; SOC 2; Sparx Enterprise Architect; SQL Server; Tenable; Terraform; Terraform Cloud; tfsec; TOGAF; VMware Cloud; Wiz; XML; YAML,Design landing zones; choose cloud services; define network and identity architecture; establish governance; plan migrations; design resilience; review cloud security; optimize cost and performance.,"Designs secure, scalable, resilient, and cost-aware cloud or hybrid-cloud architectures."
L012,P03,Cloud and Platform Engineering,F02,"Cloud, Platforms and IT Operations",Amazon Aurora; Amazon CloudFront; Amazon EBS; Amazon EC2; Amazon EFS; Amazon EKS; Amazon EventBridge; Amazon RDS; Amazon Route 53; Amazon S3; Amazon SNS; Amazon SQS; Amazon VPC; Ansible; Anthos; Apache Airflow; Apache Kafka; Apache Spark; ArchiMate; Argo CD; AWS; AWS API Gateway; AWS CLI; AWS CloudFormation; AWS CloudTrail; AWS Config; AWS Control Tower; AWS ECS; AWS Fargate; AWS IAM; AWS KMS; AWS Lambda; AWS Outposts; AWS Secrets Manager; AWS Systems Manager; Azure API Management; Azure App Service; Azure Application Gateway; Azure Arc; Azure Blob Storage; Azure CLI; Azure Container Apps; Azure Cosmos DB; Azure DevOps; Azure DevOps Pipelines; Azure DNS; Azure Event Grid; Azure Files; Azure Firewall; Azure Functions; Azure Key Vault; Azure Kubernetes Service; Azure Landing Zones; Azure Load Balancer; Azure Monitor; Azure Resource Manager; Azure Service Bus; Azure SQL Database; Azure Virtual Machines; Azure Virtual Network; Bash; Bicep; Boomi; Checkov; Chef; CI/CD; CircleCI; Cloud Build; Cloud Custodian; Cloud Deploy; Cloud DNS; Cloud Functions; Cloud KMS; Cloud Load Balancing; Cloud SQL; Cloud Storage; CloudWatch; Databricks; Datadog; dbt; Docker; DynamoDB; Elastic Load Balancing; ELK Stack; External Secrets Operator; FinOps; Firestore; Flux CD; Git; GitHub; GitHub Actions; GitLab; GitLab CI/CD; Google App Engine; Google Cloud CLI / gcloud; Google Cloud IAM; Google Cloud Monitoring; Google Cloud Platform; Google Cloud Run; Google Cloud VPC; Google Compute Engine; Google Kubernetes Engine; Google Pub/Sub; Grafana; HAProxy; HashiCorp Vault; Helm; Istio; Jenkins; JFrog Artifactory; Jira; Kubernetes; Kustomize; LeanIX; Linux; Microsoft Azure; Microsoft Entra ID; MongoDB; MuleSoft; MySQL; New Relic; Nexus Repository; NGINX; OpenShift; OpenTelemetry; Opsgenie; Packer; PagerDuty; PostgreSQL; PowerShell; Prometheus; Pulumi; Puppet; Python; RabbitMQ; Rancher; Redis; Salesforce; SaltStack; SAP S/4HANA; Secret Manager; ServiceNow; Snowflake; Snyk; SonarQube; Splunk; SQL Server; TeamCity; Terraform; tfsec; TOGAF; Traefik; Trivy; Vagrant; Vault Secrets Operator; VMware Cloud; Workday,Build infrastructure as code; configure cloud networks and services; automate deployment; manage containers; operate cloud environments; write scripts; monitor systems; troubleshoot cloud issues.,"Implements, automates, deploys, and operates cloud infrastructure and cloud-native services."
L013,P03,Cloud and Platform Engineering,F02,"Cloud, Platforms and IT Operations",Ansible; Apache Airflow; Apache Kafka; ArchiMate; Argo CD; AWS; AWS CloudFormation; AWS CodeBuild; AWS CodeCommit; AWS CodeDeploy; AWS CodePipeline; AWS ECS; AWS EKS; AWS Fargate; AWS IAM; AWS Lambda; AWS Secrets Manager; Azure DevOps; Azure DevOps Pipelines; Azure Functions; Azure Key Vault; Azure Kubernetes Service; Azure Resource Manager; Backstage; Bamboo; Bash; Bicep; Bitbucket; Bitrise; Checkov; Chef; CircleCI; Cloud Run; COBIT; containerd; Databricks; Datadog; dbt; Dell Boomi; Dependabot; Docker; Docker Compose; Dynatrace; EDI; Elasticsearch; ELK Stack; External Secrets Operator; Falco; FinOps; Flux CD; Git; GitHub; GitHub Actions; GitLab; GitLab CI/CD; Google Cloud Build; Google Cloud Deploy; Google Cloud Platform; Google Kubernetes Engine; Google Secret Manager; Grafana; Harness; HashiCorp Vault; Helm; Istio; ITIL; Jaeger; Jenkins; JFrog Artifactory; Jira; JSON; Keycloak; Kong; Kubernetes; Kustomize; Kyverno; LeanIX; Linkerd; Linux; Loki; Microsoft Azure; Microsoft Entra ID; MongoDB; MuleSoft; MySQL; New Relic; Nexus Repository; NGINX; OAuth 2.0; Octopus Deploy; OPA / Open Policy Agent; OpenID Connect; OpenShift; OpenTelemetry; Opsgenie; OWASP Dependency-Check; Packer; PagerDuty; Podman; PostgreSQL; Power BI; PowerShell; Prometheus; Pulumi; Puppet; Python; RabbitMQ; Rancher; Redis; Renovate; Salesforce; SaltStack; SAP S/4HANA; ServiceNow; Snowflake; Snyk; SonarQube; Spinnaker; Splunk; SQL Server; Tableau; TeamCity; Tekton; Tempo; Terraform; Terrascan; tfsec; TOGAF; Traefik; Travis CI; Trivy; Vagrant; Workday; YAML; Zipkin,Build CI/CD pipelines; automate environments; manage infrastructure as code; containerize applications; implement DevSecOps controls; maintain deployment tooling; improve observability; reduce manual delivery work.,Automates software delivery and improves collaboration between development and operations teams.
L014,P03,Cloud and Platform Engineering,F02,"Cloud, Platforms and IT Operations",Amazon EKS; Ambassador Edge Stack; Ansible; Apache Airflow; Apache Kafka; Apache Spark; ArchiMate; Argo CD; Atlantis; AWS; AWS CloudFormation; AWS Elastic Container Registry; AWS IAM; AWS Outposts; Azure Arc; Azure Container Registry; Azure DevOps Pipelines; Azure Kubernetes Service; Azure Resource Manager; Backstage; Bash; Bicep; Boomi; Calico; cert-manager; Checkov; Chef; Cilium; Cilium Tetragon; CircleCI; Cloud Custodian; containerd; Cortex; CRI-O; Crossplane; Dapr; Databricks; Datadog; dbt; Docker; Docker Enterprise; Dynatrace; EDI; Elasticsearch; External Secrets Operator; ExternalDNS; Falco; FinOps; Flux CD; Git; GitHub; GitHub Actions; GitHub Container Registry; GitLab; GitLab CI/CD; GitLab Container Registry; Google Anthos; Google Artifact Registry; Google Cloud IAM; Google Cloud Platform; Google Kubernetes Engine; Grafana; Harbor; Harness; HashiCorp Vault; Helm; Humanitec; Istio; Jaeger; Jenkins; JFrog Artifactory; Jira; Keycloak; Kibana; Knative; Kong; Kubernetes; Kustomize; Kyverno; LeanIX; Linkerd; Linux; Loki; Microsoft Azure; Microsoft Entra ID; MuleSoft; New Relic; Nexus Repository; NGINX Ingress Controller; OAuth 2.0; Okta; OPA / Open Policy Agent; OpenID Connect; OpenShift; OpenTelemetry; Opsgenie; Packer; PagerDuty; Podman; Port; PostgreSQL; Power BI; Prometheus; Pulumi; Puppet; Python; Qovery; RabbitMQ; Rancher; Redis; Salesforce; SaltStack; SAP S/4HANA; Sentinel; ServiceNow; ServiceNow Strategic Portfolio Management; Snowflake; Snyk; SonarQube; SPIFFE; Spinnaker; SPIRE; Tableau; Tanzu Kubernetes Grid; TeamCity; Tekton; Tempo; Terraform; Terraform Cloud; Terraform Enterprise; Terragrunt; tfsec; TOGAF; Traefik; Trivy; Vagrant; Vault Secrets Operator; VMware Cloud; YAML,Operate Kubernetes platforms; create reusable templates; build developer portals; provide self-service infrastructure; implement GitOps; maintain platform APIs; enforce policies; improve developer experience.,"Builds internal platforms that give engineering teams secure, standardized, self-service ways to build, deploy, and operate software."
L015,P03,Cloud and Platform Engineering,F02,"Cloud, Platforms and IT Operations",Amazon EKS; Ansible; Apache Kafka; API Gateway; Apigee; Argo CD; AWS; AWS CloudFormation; AWS CodeBuild; AWS CodeDeploy; AWS CodePipeline; AWS ECS; AWS Lambda; AWS Secrets Manager; Azure DevOps; Azure DevOps Pipelines; Azure Functions; Azure Key Vault; Azure Kubernetes Service; Azure Release Pipelines; Backstage; Bamboo; Bash; Bicep; Bitbucket; Bitrise; Checkov; CircleCI; Cloud Run; Confluence; Cosign; CycloneDX; Datadog; Dependabot; Docker; Docker Compose; Dynatrace; ELK Stack; Feature flags; FinOps; Flux CD; Git; GitHub; GitHub Actions; GitLab; GitLab CI/CD; Google Cloud Build; Google Cloud Deploy; Google Cloud Platform; Google Kubernetes Engine; Gradle; Grafana; Harness; HashiCorp Vault; Helm; Helmfile; Istio; Jenkins; JFrog Artifactory; Jira; Jira Service Management; Keycloak; Kong; Kubernetes; Kustomize; Kyverno; LaunchDarkly; LeanIX; Linkerd; Maven; Microsoft Azure; MongoDB; MySQL; New Relic; Nexus Repository; npm; NuGet; OAuth 2.0; Octopus Deploy; OPA / Open Policy Agent; OpenID Connect; OpenShift; Opsgenie; OWASP Dependency-Check; Packer; PagerDuty; PostgreSQL; PowerShell; Prometheus; Pulumi; Python; RabbitMQ; Rancher; Redis; Renovate; Salesforce; SAP S/4HANA; SBOM; Sentry; Service mesh; ServiceNow; ServiceNow Strategic Portfolio Management; Sigstore; Snyk; SonarQube; SPDX; Spinnaker; Split; Splunk; SQL Server; TeamCity; Tekton; Terraform; Terraform Cloud; TOGAF; Travis CI; Trivy; Unleash; Vagrant; YAML; Yarn,Manage release calendars; define versioning and branching; package artifacts; coordinate deployment approvals; promote builds; plan rollback; publish release notes; monitor release quality.,"Coordinates and automates controlled software releases across environments, versions, teams, and change processes."
L016,P03,Cloud and Platform Engineering,F02,"Cloud, Platforms and IT Operations",Amazon EKS; Amazon SQS; Ansible; Apache Airflow; Apache Kafka; AppDynamics; ArchiMate; Argo CD; AWS; AWS Auto Scaling; AWS CloudFormation; AWS CloudWatch; AWS Elastic Load Balancing; AWS IAM; AWS Secrets Manager; AWS X-Ray; Azure Application Insights; Azure DevOps Pipelines; Azure Key Vault; Azure Kubernetes Service; Azure Load Balancer; Azure Monitor; Azure Service Bus; Backstage; Bash; Bicep; bpftrace; Calico; Cassandra; Chaos Mesh; Cilium; Cloudflare; Cluster Autoscaler; COBIT; Confluence; containerd; Cortex; Databricks; Datadog; dbt; Dell Boomi; DNS; Docker; Docker Compose; Dynatrace; eBPF; Elasticsearch; ELK Stack; error budgets; F5 BIG-IP; Falco; FinOps; Fluent Bit; Fluentd; Flux CD; Gatling; Git; GitHub Actions; GitLab CI/CD; Go; Google Cloud IAM; Google Cloud Load Balancing; Google Cloud Monitoring; Google Cloud Platform; Google Cloud Trace; Google Kubernetes Engine; Google Pub/Sub; Google Secret Manager; Grafana; Gremlin; HAProxy; HashiCorp Vault; Helm; Humanitec; incident management; InfluxDB; Istio; ITIL; Jaeger; Jenkins; Jira; JMeter; k6; Karpenter; Kibana; Kubernetes; Kubernetes Horizontal Pod Autoscaler; Kubernetes monitoring; Kubernetes Vertical Pod Autoscaler; Kustomize; Kyverno; LeanIX; Linkerd; Linux; LitmusChaos; Locust; Logstash; Loki; Microsoft Azure; Microsoft Entra ID; Mimir; MongoDB; MuleSoft; MySQL; Nagios; NATS; New Relic; NGINX; OAuth 2.0; on-call operations; OPA / Open Policy Agent; OpenID Connect; OpenShift; OpenTelemetry; Opsgenie; Packer; PagerDuty; Parca; perf; Podman; Port; PostgreSQL; postmortems; Power BI; PowerShell; Prometheus; Pulumi; Pyroscope; Python; RabbitMQ; Rancher; Redis; Salesforce; SAP S/4HANA; Sentry; ServiceNow; SLI; SLO; Snowflake; Splunk; SQL Server; strace; Tableau; TCP/IP; tcpdump; Telegraf; Tempo; Terraform; Terraform Cloud; Thanos; TOGAF; VictoriaMetrics; Wireshark; Workday; Zabbix; Zipkin,Define SLOs and error budgets; build monitoring; automate operational work; manage incidents and on-call; perform capacity planning; improve resilience; conduct postmortems; reduce toil.,"Applies software engineering to ensure production services are reliable, scalable, observable, and efficiently operated."
L017,P04,Systems Administration and Operations,F02,"Cloud, Platforms and IT Operations",Ansible; Apache Airflow; Apache Kafka; AutoSys; AWS; AWS CloudWatch; Azure; Azure Monitor; Bash; Commvault; Control-M; Cron; Datadog; DNS; Docker; ELK Stack; FTPS; Git; Google Cloud Monitoring; Google Cloud Platform; Grafana; Hyper-V; IBM CICS; IBM DB2; IBM MQ; IBM z/OS; ITIL; Jenkins; Jira Service Management; Kubernetes; Linux; MySQL; Nagios; NFS; OpenTelemetry; Opsgenie; Oracle Database; PagerDuty; PostgreSQL; PowerShell; Prometheus; Python; RabbitMQ; RDP; Redwood RunMyJobs; Rundeck; ServiceNow; ServiceNow CMDB; SFTP; SMB/CIFS; Splunk; SQL Server; SSH; systemd; Task Scheduler; TCP/IP; Terraform; Veeam; VMware vSphere; Windows Server; Zabbix,Monitor jobs and alerts; operate scheduled workloads; follow runbooks; manage batch processing; escalate incidents; record operational events; perform first-line recovery actions.,"Runs and monitors production computing jobs, consoles, batch schedules, and operational workflows."
L018,P04,Systems Administration and Operations,F02,"Cloud, Platforms and IT Operations",Ansible; AWS Outposts; Azure Stack HCI; Bacula; Bash; BIOS; Ceph; Cisco IOS; Cisco UCS Manager; Commvault; DCIM; Dell EMC PowerStore; Dell EMC VxRail; Dell OpenManage; DHCP; DNS; ESXi; Ethernet; Fibre Channel; Google Distributed Cloud; Grafana; HPE iLO; HPE OneView; Hyper-V; IBM Storage; iDRAC; IPMI; iSCSI; Juniper Junos; Kubernetes; KVM over IP; Lenovo XClarity; Linux; Microsoft Excel; Nagios; NAS; NetApp ONTAP; NFS; OpenShift; PDU; PowerShell; Prometheus; PRTG; Pure Storage; Python; RAID; SAN; ServiceNow; ServiceNow CMDB; SMB/CIFS; SNMP; SolarWinds; Splunk; TCP/IP; Terraform; UEFI; UPS; Veeam; VMware NSX; VMware vSphere; Windows Server; Zabbix,Rack and cable equipment; replace hardware; monitor power and cooling; perform physical checks; maintain asset records; use remote-management tools; manage access; escalate facility incidents.,"Operates physical data-centre facilities, servers, racks, cabling, power, cooling, and environmental infrastructure."
L019,P04,Systems Administration and Operations,F02,"Cloud, Platforms and IT Operations",Active Directory; Ansible; Apache Kafka; AWS Backup; AWS CloudFormation; AWS Elastic Disaster Recovery; AWS S3; Azure Backup; Azure Blob Storage; Azure Resource Manager; Azure Site Recovery; Bash; Cloudflare; Cohesity; Commvault; Confluence; Dell EMC RecoverPoint; DNS failover; Docker; ELK Stack; F5 BIG-IP; FinOps; Global Server Load Balancing; Google Cloud Storage; Grafana; HashiCorp Vault; ISO 22301; ISO 27001; Jira; Kubernetes; Kubernetes backup; Linux; Microsoft Entra ID; MongoDB replica sets; MySQL replication; NAS; NetApp SnapMirror; OpenShift; Oracle Data Guard; PagerDuty; PostgreSQL replication; PowerShell; Prometheus; Pure Storage ActiveDR; Python; RabbitMQ; Replication; RPO; RTO; Rubrik; SAN; ServiceNow; Snapshots; Splunk; SQL Server Always On; Terraform; Veeam; Velero; Veritas NetBackup; VMware Site Recovery Manager; VMware vSphere; Windows Server; Zerto,Define RTO/RPO targets; manage backups; plan replication; conduct DR tests; coordinate failover and failback; validate restores; document recovery runbooks; report resilience gaps.,"Designs, tests, and maintains technical capabilities for recovering systems and data after outages or disasters."
L020,P04,Systems Administration and Operations,F02,"Cloud, Platforms and IT Operations",Active Directory; Amazon EBS; Amazon EFS; Amazon FSx; Amazon S3; Ansible; AWS; Azure; Azure Blob Storage; Azure Files; Azure Managed Disks; Bash; Block storage; Ceph; Commvault; Dell EMC Isilon / PowerScale; Dell EMC PowerStore; Dell EMC storage; Dell EMC Unity; Disaster recovery; Docker; Elasticsearch; Fibre Channel; FinOps; GlusterFS; Google Cloud Platform; Google Cloud Storage; Google Filestore; Google Persistent Disk; Grafana; HashiCorp Vault; Hitachi Vantara; HPE Nimble; HPE Primera; IBM FlashSystem; IBM Spectrum Scale; iSCSI; Kubernetes; Kubernetes CSI; LDAP; Linux; LVM; MinIO; NAS; NetApp ONTAP; NetApp SnapMirror; NFS; Object storage; OpenEBS; OpenShift; Portworx; PowerShell; Prometheus; Pure Storage; Python; RAID; Rook; SAN; ServiceNow; SMB/CIFS; SNMP; Splunk; Terraform; Veeam; VMware vSAN; VMware vSphere; Windows Server; Zabbix; ZFS,Provision storage; manage SAN/NAS/object platforms; configure replication; tune capacity and performance; manage snapshots; support backup/restore; troubleshoot storage incidents; automate storage tasks.,"Designs, operates, optimizes, and protects block, file, and object-storage systems."
L021,P04,Systems Administration and Operations,F02,"Cloud, Platforms and IT Operations",Ansible; Apptio Cloudability; Asset management; AWS; AWS Compute Optimizer; AWS Cost and Usage Report; AWS Cost Explorer; AWS Trusted Advisor; Azure; Azure Advisor; Azure Cost Management; Circular economy; Cloud Carbon Footprint; Cloud cost management; CloudHealth; Databricks; Datadog; DCIM; Docker; E-waste management; Energy monitoring; ESG reporting; FinOps Foundation practices; GHG Protocol; Google Cloud Billing; Google Cloud Platform; Google Cloud Recommender; Grafana; Green Software Foundation tools; ISO 14001; ISO 50001; Kubernetes; Lifecycle assessment; Linux; Microsoft Excel; Microsoft Fabric; PDU; Power Automate; Power BI; Power Query; Prometheus; Python; SAP Sustainability Control Tower; ServiceNow; ServiceNow CMDB; Snowflake; Software Carbon Intensity specification; Splunk; SQL; Tableau; Terraform; UPS; VMware Aria Operations; VMware vSphere; Zabbix,Measure energy use; analyze cloud consumption; report carbon indicators; optimize resource utilization; support hardware lifecycle programs; reduce e-waste; advise on green IT and FinOps practices.,"Improves the environmental efficiency of IT infrastructure, cloud use, hardware lifecycle, and digital operations."
L022,P04,Systems Administration and Operations,F02,"Cloud, Platforms and IT Operations",Active Directory; Ansible; Apache HTTP Server; Apache Kafka; AWS; AWS IAM; AWS Systems Manager; Azure; Azure Automation; Azure Key Vault; Bash; Chef; CI/CD; CrowdStrike; Datadog; Debian; DHCP; DNS; Docker; ELK Stack; F5 BIG-IP; Git; GitHub Actions; Google Cloud Platform; Grafana; Group Policy; HashiCorp Vault; Hyper-V; IIS; Jenkins; Jira Service Management; Kerberos; Keycloak; Kubernetes; LDAP; Linux; macOS; Microsoft 365; Microsoft Defender; Microsoft Endpoint Configuration Manager; Microsoft Entra ID; Microsoft Exchange Server; Microsoft Intune; Microsoft Teams; MongoDB; Nagios; Nessus; NGINX; Okta; OpenShift; Oracle Database; PagerDuty; PostgreSQL; PowerShell; Prometheus; PRTG; Puppet; Python; Qualys; RabbitMQ; RDP; Red Hat Enterprise Linux; SaltStack; ServiceNow; SharePoint; SolarWinds; Splunk; SQL Server; SSH; SUSE Linux Enterprise; TCP/IP; Terraform; Tomcat; Ubuntu; Veeam; VMware vSphere; Windows 10/11; Windows Server; Zabbix,Manage Linux/Windows servers; administer directories and user access; patch systems; automate administration; manage backups; monitor health; troubleshoot incidents; maintain system documentation.,"Installs, configures, secures, patches, monitors, and supports server, identity, endpoint, and core infrastructure environments."
L023,P04,Systems Administration and Operations,F02,"Cloud, Platforms and IT Operations",Active Directory; Ansible; Argo CD; Atlantis; AWS; AWS CloudFormation; AWS Config; AWS Systems Manager; Azure; Azure Automation State Configuration; Azure DevOps; Azure Policy; Azure Resource Manager; Bash; Bicep; Checkov; Chef; COBIT; Confluence; CyberArk; Datadog; Docker; ELK Stack; Flux CD; Git; GitHub; GitHub Actions; GitLab; GitLab CI/CD; Google Cloud Platform; Google Organization Policy; Grafana; HashiCorp Vault; Helm; Intune; ISO 27001; ITIL; Jenkins; Jira; JSON; Kubernetes; Kustomize; Kyverno; Linux; Microsoft Endpoint Configuration Manager; Open Policy Agent; Packer; PowerShell; PowerShell DSC; Prometheus; Pulumi; Puppet; Python; Red Hat Satellite; Rundeck; SaltStack; ServiceNow Change Management; ServiceNow CMDB; Splunk; SUSE Manager; Terraform; Terraform Cloud; Terraform Enterprise; Terragrunt; tfsec; Vagrant; VMware vSphere; Windows Server; YAML,Maintain CMDB data; create configuration baselines; automate configuration; detect configuration drift; manage change records; audit compliance; manage policies; version infrastructure configuration.,"Controls system configuration items, baselines, desired-state configurations, change records, and configuration compliance."
L024,P04,Systems Administration and Operations,F02,"Cloud, Platforms and IT Operations",.NET; Angular; Ansible; Apache HTTP Server; AWS CloudFront; AWS EC2; AWS Elastic Beanstalk; AWS Route 53; Azure App Service; Azure DNS; Azure Front Door; Bash; CDN; Certbot; Cloudflare; Contentful; cPanel; CSS; Datadog; Django; DNS; Docker; Drupal; Elasticsearch; ELK Stack; F5 BIG-IP; Fail2ban; Flask; Git; GitHub Actions; GitLab CI/CD; Google Analytics; Google Cloud Load Balancing; Google Cloud Run; Grafana; GraphQL; HAProxy; Helm; HTML; HTTP/HTTPS; IIS; Java; JavaScript; JBoss / WildFly; Jenkins; Joomla; Kubernetes; Let’s Encrypt; Linux; Magento; ModSecurity; MongoDB; MySQL; New Relic; NGINX; Node.js; OWASP ModSecurity CRS; PHP; Plesk; PostgreSQL; PowerShell; Prometheus; Python; React; Redis; REST APIs; SEO tools; SFTP; Shopify; Splunk; Spring Boot; SQL Server; SSH; SSL certificates; Strapi; Sucuri; Terraform; TLS; Tomcat; Traefik; Uptime monitoring; Vue.js; Web Application Firewall; WebLogic; WebSphere; Windows Server; Wordfence; WordPress,Configure web servers; manage DNS and TLS certificates; administer hosting/CMS; monitor uptime; apply patches; optimize web performance; troubleshoot site failures; manage backups and access.,"Deploys, maintains, secures, and monitors web servers, websites, domains, certificates, and CMS environments."
L025,P05,Computing Hardware Engineering,F03,Computer Hardware,Altium Designer; ANSYS; Apache Kafka; ARM; ASIC design; AutoCAD; Autodesk Eagle; AWS; Azure; BIOS; Bluetooth; C; C++; Cadence Allegro; Cadence OrCAD; Cadence Virtuoso; CAN bus; COMSOL Multiphysics; Confluence; CUDA; DDR; Device drivers; DisplayPort; Docker; Embedded Linux; EMC/EMI testing; Ethernet; FPGA; FPGA timing analysis; FreeRTOS; Git; GitHub Actions; HDMI; I2C; I3C; Intel Quartus; Jenkins; Jira; JTAG; KiCad; Kubernetes; LabVIEW; Linux; Logic analyzer; LTspice; MATLAB; MIPI; ModelSim; NVMe; OpenBMC; OpenCL; Oscilloscope; PCB design; PCB layout; PCIe; PostgreSQL; power integrity; Prometheus; Python; QuestaSim; RISC-V; SATA; Schematic capture; Siemens EDA / Mentor Graphics; signal integrity; Simulink; SoC design; SolidWorks; SPI; SPICE; Synopsys Design Compiler; Synopsys VCS; SystemVerilog; thermal analysis; TPM; Trusted Execution Environment; U-Boot; UART; UEFI; USB; Verilog; VHDL; Vivado; Wi-Fi; x86; Xilinx ISE; Zephyr,Create hardware designs; develop schematics; select components; design PCBs; validate prototypes; analyze signal/power integrity; perform laboratory testing; collaborate with firmware and manufacturing teams.,"Designs and evaluates computer hardware, boards, processors, storage, interfaces, and electronic subsystems."
L026,P05,Computing Hardware Engineering,F03,Computer Hardware,Ansible; Arduino; Asset management; AWS Outposts; Azure Stack HCI; Bash; BIOS; Cable testing; Cisco UCS Manager; Commvault; CPUs; Crimping; Dell OpenManage; Docker; ESD protection; Ethernet; Fibre Channel; Git; GPUs; Grafana; HPE iLO; HPE OneView; Hyper-V; I2C; iDRAC; IPMI; iSCSI; JTAG; Kubernetes; KVM over IP; Lenovo XClarity; Linux; Logic analyzer; Microsoft Excel; Mobile-device hardware; Motherboards; Multimeter; NAS; NVMe; Oscilloscope; PC hardware; PCI DSS; PCIe; PowerShell; Printer hardware; Prometheus; PRTG; Python; RAID; RAM; Raspberry Pi; SAN; SATA; Servers; ServiceNow; ServiceNow CMDB; SolarWinds; Soldering; SPI; Storage drives; TCP/IP; Terraform; UART; UEFI; USB; Veeam; VMware vSphere; Windows; Windows Server; Workstations; Zabbix,Assemble systems; replace components; run diagnostics; calibrate equipment; perform cable and hardware checks; document repairs; support prototypes; maintain inventory and test equipment.,"Builds, installs, repairs, calibrates, and documents computing hardware under engineering procedures."
L027,P05,Computing Hardware Engineering,F03,Computer Hardware,Apache Kafka; ATE; automated test equipment; AWS Device Farm; Azure DevOps; Boundary scan; boundary scan tools; burn-in testing; C; C++; Confluence; Docker; EMC/EMI testing; environmental testing; Failure analysis; FPGA; Functional testing; GDB; Git; GitHub Actions; GitLab CI/CD; Grafana; Hardware validation; Hardware-in-the-loop testing; HIL; I2C; Jenkins; Jira; JTAG; Kubernetes; LabVIEW; Linux; Logic analyzer; MATLAB; Microsoft Excel; ModelSim; Multimeter; National Instruments DAQ; NI TestStand; OpenOCD; Oscilloscope; PCIe analyzers; Power BI; Prometheus; PyTest; Python; Quartus; Regression testing; Robot Framework; Root-cause analysis; Saleae Logic; ServiceNow; SIL; Snyk; SonarQube; Spectrum analyzer; SPI; SQL; SystemVerilog; Tableau; Test cases; Test plans; TestRail; thermal testing; UART; USB analyzers; Verilog; VHDL; vibration testing; Vivado; Wireshark,Run functional and regression tests; operate test equipment; capture measurements; reproduce failures; record defects; verify fixes; maintain test records; assist root-cause analysis.,"Executes test plans for hardware components and systems, records failures, and supports quality validation."
L028,P05,Computing Hardware Engineering,F03,Computer Hardware,ADC; Altium Designer; Apache Kafka; Arduino; ARM Cortex-A; ARM Cortex-M; Assembly language; AWS IoT Core; Azure IoT Hub; Bluetooth Low Energy; Buildroot; C; C++; camera interfaces; CAN bus; Ceedling; Clang; CMake; CoAP; Confluence; CppUTest; CUDA; DAC; Device drivers; Docker; Eclipse IDE; Edge Impulse; Embedded C; Embedded Linux; ESP32; Ethernet; FPGA; FreeRTOS; GCC; GDB; Git; GitHub Actions; Google Cloud IoT alternatives; GPIO; Grafana; Hardware-in-the-loop testing; I2C; IAR Embedded Workbench; InfluxDB; Jenkins; Jira; JTAG; Keil MDK; KiCad; Kubernetes; Linux; Logic analyzer; LoRaWAN; LTE-M; Make; Mbed OS; Microcontrollers; MIPI; Modbus; MQTT; NB-IoT; NuttX; NVIDIA Jetson; OPC UA; OpenCV; OpenOCD; Oscilloscope; OTA updates; PCB design; PCIe; PlatformIO; POSIX; PostgreSQL; Prometheus; PWM; Python; QNX; Quartus; Raspberry Pi; RISC-V; Robot Framework; RTOS; Rust; secure boot; SPI; SPICE; STM32; STM32CubeIDE; TensorFlow Lite; Terraform; ThreadX / Azure RTOS; TPM; Trusted Execution Environment; U-Boot; UART; Unity Test; USB; Verilog; VHDL; Visual Studio Code; Vivado; VxWorks; Wi-Fi; Yocto Project; Z-Wave; Zephyr; Zigbee,Select microcontrollers; define device architecture; design hardware/firmware interfaces; develop prototypes; specify sensors and actuators; validate real-time behavior; support embedded testing; define connectivity and security requirements.,"Designs integrated hardware/firmware systems for devices that operate under physical, real-time, power, and communication constraints."
L029,P06,Cybersecurity Engineering,F04,Cybersecurity,Acunetix; Apache Kafka; API Gateway; Apigee; AWS; AWS API Gateway; AWS Secrets Manager; AWS WAF; Azure; Azure API Management; Azure DevOps; Azure Key Vault; Azure Web Application Firewall; Black Duck; Burp Suite; C#; Checkmarx; Checkov; Cloudflare; CodeQL; Confluence; Contrast Security; Cosign; CycloneDX; DAST; Datadog; Dependency-Check; DevSecOps; Docker; Docker Scout; ELK Stack; Falco; Fortify; GDPR; Git; GitHub; GitHub Actions; GitHub Advanced Security; GitLab; GitLab CI/CD; GitLab Ultimate Security; Google Cloud Platform; GraphQL; gRPC; HashiCorp Vault; Helm; Invicti / Netsparker; ISO 27001; Java; JavaScript; Jenkins; Jira; JSON; JSON Web Encryption; JWT; Kong; Kubernetes; Kubernetes NetworkPolicy; Kyverno; Mend / WhiteSource; MongoDB; mTLS; NGINX; Nuclei; OAuth 2.0; OPA / Open Policy Agent; OpenAPI / Swagger; OpenID Connect; OWASP ASVS; OWASP Dependency-Track; OWASP SAMM; OWASP Top 10; OWASP ZAP; PCI DSS; PostgreSQL; Postman; Python; RabbitMQ; REST; SAST; SBOM; SCA; Secrets scanning; Secure SDLC; Semgrep; ServiceNow; Sigstore; Snyk; SoapUI; SOC 2; SonarQube; SPDX; Splunk; SQL; STRIDE; Terraform; tfsec; Threat modeling; TLS; Trivy; TypeScript; Veracode; WAF; XML,Perform threat modeling; review code; run SAST/DAST/SCA; secure APIs; manage security findings; support developers; implement DevSecOps checks; improve secure coding standards.,"Integrates security practices and controls into software design, development, testing, and delivery."
L030,P06,Cybersecurity Engineering,F04,Cybersecurity,.NET; Amazon Inspector; Amazon VPC; AWS; AWS CloudFormation; AWS CloudTrail; AWS Config; AWS Control Tower; AWS Detective; AWS Firewall Manager; AWS GuardDuty; AWS IAM; AWS IAM Access Analyzer; AWS KMS; AWS Macie; AWS Network Firewall; AWS Organizations; AWS PrivateLink; AWS Secrets Manager; AWS Security Hub; AWS Shield; AWS Transit Gateway; AWS WAF; Azure DDoS Protection; Azure Firewall; Azure Key Vault; Azure Key Vault Managed HSM; Azure Monitor; Azure NSG flow logs; Azure Policy; Azure Private Link; Azure Resource Manager; Azure Sentinel / Microsoft Sentinel; Azure Virtual Network; Bash; Bicep; C#; Check Point CloudGuard; Checkov; Cilium; CIS Benchmarks; Cloud Armor; Cloud Custodian; Cloud DLP; Cloud Security Posture Management; CyberArk; Datadog; Docker; ELK Stack; Falco; FinOps; Firewall rules; Git; Google BeyondCorp; Google Cloud Armor; Google Cloud Audit Logs; Google Cloud IAM; Google Cloud KMS; Google Cloud Platform; Google Cloud VPC; Google Secret Manager; Google Security Command Center; Grafana; HashiCorp Vault; ISO 27001; Istio; Java; Jira; Kafka; Kubernetes; Kubernetes RBAC; Kyverno; Lacework; Microsoft Azure; Microsoft Defender for Cloud; Microsoft Defender for Cloud Apps; Microsoft Defender for Endpoint; Microsoft Defender for Identity; Microsoft Entra ID; Microsoft Purview; MuleSoft; Network Security Groups; NetworkPolicy; NIST 800-53; Node.js; OPA / Open Policy Agent; OpenTelemetry; Orca Security; Organization Policy Service; Palo Alto Prisma Access; PostgreSQL; PowerShell; Prisma Cloud; Prometheus; Prowler; Python; Qualys; Rapid7 InsightCloudSec; Salesforce; SAP; Scout Suite; Security groups; Sensitive Data Protection; ServiceNow; Snyk; SOC 2; Splunk; Spring Boot; Tenable Cloud Security; Terraform; Terrascan; tfsec; Trivy; VPC Service Controls; Wiz,Harden cloud accounts; manage IAM; configure cloud logging; implement policies; secure networks; manage secrets and keys; run posture assessments; automate security checks; remediate cloud risks.,"Designs, configures, automates, and monitors security controls in cloud environments."
L031,P06,Cybersecurity Engineering,F04,Cybersecurity,AES; AES-GCM; AWS CloudHSM; AWS KMS; Azure Key Vault; Azure Managed HSM; Blockchain; Botan; Bouncy Castle; C; C++; Certificate Authority; Certificate management; Certificate Transparency; ChaCha20-Poly1305; Confluence; CRL; cryptography; Curve25519; CyberArk; Diffie-Hellman; Digital signatures; ECC; ECDH; ECDSA; Ed25519; Entrust nShield; Ethereum; FIDO2; FIPS 140-2; FIPS 140-3; formal verification; Git; Go; Google Cloud KMS; Hardware Security Module; HashiCorp Vault; HMAC; Homomorphic encryption; HSM; Hyperledger Fabric; Java; Java Cryptography Architecture; Jira; JOSE; JWE; JWS; JWT; Key management; Key Management Service; Kubernetes; libsodium; Linux; mbed TLS; mTLS; NIST SP 800-131A; NIST SP 800-57; OAuth 2.0; OCSP; OpenID Connect; OpenSSL; PGP / GPG; PKCS#11; PKCS#12; PKI; Public key infrastructure; Python; Quantum-safe cryptography; RSA; Rust; S/MIME; Secure Enclave; Secure multiparty computation; SHA-2; SHA-3; SIEM; Terraform; Thales HSM; TLS; TPM; Trusted Execution Environment; Web Crypto API; WebAuthn; Wireshark; wolfSSL; X.509; Zero-knowledge proofs,Evaluate cryptographic controls; manage key lifecycle; design PKI; integrate encryption/signatures; configure HSMs; validate protocols; support certificate management; assess cryptographic compliance.,"Designs, evaluates, implements, or integrates cryptographic algorithms, protocols, PKI, certificates, and key-management systems."
L032,P06,Cybersecurity Engineering,F04,Cybersecurity,AES; AFL++; Apache Kafka; Arduino; ARM; ARM Cortex-M; AWS IoT Core; AWS KMS; Azure Device Provisioning Service; Azure IoT Hub; Azure Key Vault; Binwalk; Bluetooth Low Energy; Boofuzz; Buildroot; C; C++; CAN bus; cellular IoT; CoAP; CycloneDX; Device drivers; Docker; ECC; Eclipse Mosquitto; Embedded C; Embedded Linux; EMQX; ESP32; fault injection; Firmware Analysis Toolkit; Firmware security; FPGA; FreeRTOS; GDB; Ghidra; Git; Grafana; Hardware security testing; HashiCorp Vault; HiveMQ; Honggfuzz; I2C; IDA Pro; IEC 62443; InfluxDB; ISO 27001; ISO/SAE 21434; Jira; JTAG; Kubernetes; libFuzzer; Linux; Logic analyzer; LoRaWAN; LTE-M; Mbed OS; Mender; Modbus; MQTT; mTLS; NB-IoT; NISTIR 8259; OPC UA; OpenOCD; OpenSSL; Oscilloscope; OTA updates; PKI; PostgreSQL; Prometheus; Python; QEMU; QNX; radare2; Raspberry Pi; RAUC; RISC-V; Saleae Logic; SBOM; secure boot; ServiceNow; side-channel analysis; SPDX; SPI; STM32; SWUpdate; Terraform; ThreadX; TLS; TPM; Trusted Execution Environment; U-Boot; UART; Verilog; VHDL; VxWorks; Wi-Fi; Wireshark; X.509; Yocto Project; Z-Wave; Zephyr; Zigbee,Implement secure boot; secure firmware; assess hardware interfaces; manage device certificates; secure OTA updates; test IoT protocols; perform firmware analysis; apply embedded threat modeling.,"Secures connected devices, firmware, hardware interfaces, device identity, and device-to-cloud communication."
L033,P06,Cybersecurity Engineering,F04,Cybersecurity,ABAC; access certifications; Active Directory; Active Directory Federation Services; ADFS; Ansible; AWS Cognito; AWS EKS; AWS IAM; AWS IAM Identity Center; AWS Secrets Manager; Azure AD Connect; Azure Key Vault; Azure Kubernetes Service; Bash; BeyondTrust; Confluence; CyberArk; Delinea; Duo Security; FIDO2; ForgeRock; GDPR; Git; Google Cloud IAM; Google Cloud Identity; Google Kubernetes Engine; HashiCorp Vault; IAM; IBM Security Verify; Identity governance and administration; IGA; ISO 27001; Jira; JML; joiner-mover-leaver; JSON; Kafka; Kerberos; Keycloak; Kubernetes RBAC; LDAP; MFA; Microsoft Entra Connect; Microsoft Entra ID; Microsoft Identity Manager; Microsoft Sentinel; Multi-factor authentication; NIST 800-63; OAuth 2.0; Okta; One Identity; OpenID Connect; PAM; Passkeys; Ping Identity; PostgreSQL; PowerShell; Privileged access management; Privileged session management; Python; RADIUS; RBAC; REST APIs; SailPoint; Salesforce; SAML 2.0; SAP; Saviynt; SCIM; ServiceNow; Single sign-on; Splunk; SSO; TACACS+; Terraform; TLS; WebAuthn; Workday; X.509,Configure SSO and MFA; integrate applications with IAM; manage OAuth/OIDC/SAML; automate provisioning; conduct access reviews; administer PAM; manage joiner-mover-leaver workflows; troubleshoot access issues.,"Designs and operates authentication, authorization, federation, provisioning, privileged access, and identity governance services."
L034,P06,Cybersecurity Engineering,F04,Cybersecurity,ACL; Active Directory; Ansible; Apache Kafka; Aruba ClearPass; AWS Network Firewall; AWS Security Groups; AWS WAF; Azure DDoS Protection; Azure Firewall; Azure NSG; Bash; BGP; Check Point Gaia; Cilium; Cisco ASA; Cisco Firepower; Cisco IOS; Cisco ISE; Cisco Secure Firewall; Cisco Secure Network Analytics; Cloudflare; Cloudflare WAF; Corelight; Datadog; DHCP; DNS; ELK Stack; Entra ID; F5 BIG-IP; Firewalls; Fortinet FortiOS; Git; Google Cloud Armor; HashiCorp Vault; HTTP/HTTPS; IDS; IPFIX; IPS; IPsec; ISO 27001; Istio; Jira; Juniper Junos; Juniper SRX; Kubernetes NetworkPolicy; Linux; NAC; NAT; NetFlow; Netmiko; Netskope; Network access control; Network segmentation; Nmap; Nornir; OPA; OPNsense; OSPF; Palo Alto PAN-OS; Palo Alto Prisma Access; PCI DSS; pfSense; PostgreSQL; PowerShell; PRTG; Python; RADIUS; SASE; SD-WAN; Secure Access Service Edge; ServiceNow; sFlow; SIEM; Snort; SolarWinds; SonicWall; Sophos Firewall; Splunk; SSL VPN; Suricata; TACACS+; TCP/IP; tcpdump; Terraform; TLS; VLAN; VPN; Wireshark; Zabbix; Zeek; Zscaler,Configure firewalls; manage VPNs; implement segmentation; operate IDS/IPS; secure routing; manage NAC; analyze packets; deploy network controls; investigate network-security incidents.,"Designs, implements, and operates network-security controls that protect communications and control access."
L035,P06,Cybersecurity Engineering,F04,Cybersecurity,Active Directory; Active Directory Certificate Services; Ansible; Antivirus; Apache Kafka; AWS; AWS Config; AWS IAM; AWS Secrets Manager; AWS Security Hub; Azure; Azure Key Vault; Azure Policy; Bash; BeyondTrust; BitLocker; Carbon Black; CIS Benchmarks; Cisco Umbrella; CrowdStrike Falcon; CyberArk; Datadog; Docker; EDR; ELK Stack; FileVault; Firewalls; Google Cloud Platform; Google Security Command Center; Group Policy; HashiCorp Vault; ISO 27001; Ivanti; Jamf Pro; Jira; Kubernetes; Linux; MFA; Microsoft Defender for Cloud; Microsoft Defender for Endpoint; Microsoft Defender for Office 365; Microsoft Endpoint Configuration Manager; Microsoft Entra ID; Microsoft Intune; Microsoft Sentinel; Mimecast; Nessus; Netskope; NGINX; NIST CSF; Okta; PagerDuty; Palo Alto Cortex XDR; Patch management; PKI; PostgreSQL; PowerShell; Proofpoint; Python; Qualys; Rapid7 InsightVM; SailPoint; SentinelOne; ServiceNow; SIEM; Snyk; SonarQube; Splunk; Symantec Endpoint Security; Tanium; Terraform; TLS certificates; Trellix; VPN; Vulnerability management; WAF; Windows Server; Zscaler,Manage endpoint protection; configure security platforms; run vulnerability scans; support access requests; patch security tools; investigate routine alerts; maintain policies; manage security tickets.,"Administers security tools, endpoint controls, access controls, policies, scans, and routine security operations."
L036,P06,Cybersecurity Engineering,F04,Cybersecurity,API Gateway; Apigee; ArchiMate; attack trees; AWS; AWS IAM; AWS KMS; AWS Security Hub; Azure Key Vault; C#; CASB; Checkov; CIS Controls; Cloudflare; Confluence; CyberArk; Data classification; data loss prevention; DevSecOps; DLP; Docker; Elasticsearch; Falco; Firewalls; GDPR; Git; Go; Google Cloud IAM; Google Cloud Platform; Google Security Command Center; HashiCorp Vault; Helm; HIPAA; IAM; ISO 27001; Java; Jira; Kafka; Keycloak; Kong; Kubernetes; Kyverno; LeanIX; Microsoft Azure; Microsoft Defender for Cloud; Microsoft Entra ID; Microsoft Sentinel; MITRE ATT&CK; MongoDB; Netskope; Network segmentation; NIST 800-53; NIST Cybersecurity Framework; OAuth 2.0; Okta; OPA; OpenID Connect; OWASP ASVS; OWASP SAMM; PASTA; PCI DSS; PKI; PostgreSQL; Power BI; Prisma Cloud; PRTG; Python; React; SABSA; SailPoint; Salesforce; SAML; SAP; SASE; Security architecture; ServiceNow; SIEM; Snyk; SOC 2; SonarQube; Sparx Enterprise Architect; Splunk; STRIDE; Tableau; Terraform; tfsec; Threat modeling; TLS; TOGAF; Trivy; Veeam; VMware; WAF; Wiz; Workday; Zero Trust; Zscaler,Design security architecture; review solutions; define Zero Trust patterns; select controls; establish security standards; model threats; guide cloud/application/network security; govern exceptions.,"Defines enterprise security patterns, target-state designs, guardrails, reference architectures, and security technology standards."
L037,P06,Cybersecurity Engineering,F04,Cybersecurity,Active Directory; Ansible; Apache Kafka; API Gateway; Autopsy; AWS; AWS Config; AWS GuardDuty; AWS Inspector; AWS Secrets Manager; AWS Security Hub; Azure; Azure Key Vault; Azure Policy; Bash; Burp Suite; Check Point; Checkov; Cisco Firepower; Cloudflare; CrowdStrike; CyberArk; Datadog; Digital forensics; DNS; Docker; EDR; EDR telemetry hunting; ELK Stack; Falco; Firewalls; Fortinet; Ghidra; Git; GitHub Actions; GitLab CI/CD; Google Cloud Platform; Google Security Command Center; Grafana; HashiCorp Vault; IAM; ISO 27001; Jenkins; Jira; Keycloak; Kubernetes; Kyverno; Lacework; Linux; Malware analysis; Microsoft Defender; Microsoft Defender for Cloud; Microsoft Entra ID; Microsoft Sentinel; MITRE ATT&CK; MongoDB; Nessus; Netskope; NGINX; NIST 800-53; Nmap; offensive security; Okta; Open Policy Agent; OpenTelemetry; OWASP ZAP; PagerDuty; Palo Alto Networks; PCI DSS; penetration testing; PKI; PostgreSQL; PowerShell; Prisma Cloud; Prometheus; Python; Qualys; Rapid7; SailPoint; Semgrep; SentinelOne; ServiceNow; SIEM; Snort; Snyk; SOAR; SonarQube; Splunk; Suricata; TCP/IP; Terraform; tfsec; threat intelligence; TLS; Trivy; Volatility; VPN; Vulnerability management; WAF; Windows Server; Wireshark; Wiz; Zeek; Zscaler,Deploy controls; automate security tasks; tune tools; harden systems; integrate SIEM/EDR/IAM; remediate vulnerabilities; support incident response; maintain security infrastructure.,"Implements and maintains technical security controls across infrastructure, cloud, endpoints, networks, applications, and security platforms."
L038,P07,"Cybersecurity Governance, Risk and Compliance",F04,Cybersecurity,Active Directory; AWS; AWS Security Hub; Azure; Burp Suite; CIS Controls; COBIT; Confluence; Docker; GDPR; Git; Google Cloud Platform; Google Security Command Center; HIPAA; IAM; ISO 27001; ITIL; Jira; Microsoft Defender for Cloud; Microsoft Entra ID; Microsoft Excel; Microsoft Sentinel; Nessus; NIST CSF; NIST Cybersecurity Framework; OneTrust; PCI DSS; PowerPoint; Python; Qualys; Rapid7 InsightVM; SABSA; SOC 2; Splunk; SQL; TOGAF; Visio; Vulnerability management; Wireshark; Zero Trust; Kali Linux; Risk assessment; ISO 27002; Gap analysis; Security policy; Security architecture review; Third-party risk management; TPRM; NIST SP 800-53; NIST SP 800-37; NIST SP 800-30; CMMC; Archer; ServiceNow GRC; ServiceNow IRM; LogicGate; AuditBoard; Cloud security assessment; Security awareness training; KnowBe4; Proofpoint Security Awareness,Assess security posture; perform gap analyses; create roadmaps; advise executives; review architecture; recommend controls; assess vendors; support compliance initiatives.,"Advises organizations on cybersecurity strategy, posture, risk, controls, transformation, and regulatory alignment."
L039,P07,"Cybersecurity Governance, Risk and Compliance",F04,Cybersecurity,AWS Security Hub; CIS Controls; COBIT; Confluence; CyberArk; Docker; GDPR; Git; HIPAA; ISO 27001; Jira; Linux; Microsoft Defender for Cloud; Microsoft Excel; Microsoft Purview; Microsoft Sentinel; Nessus; NIST CSF; OneTrust; PCI DSS; Power BI; Python; Qualys; Risk management; SailPoint; SharePoint; SOC 2; Splunk; SQL; Tableau; Tenable; Windows Server; Third-party risk management; TPRM; NIST SP 800-53; CMMC; Archer; ServiceNow GRC; ServiceNow IRM; LogicGate; AuditBoard; Governance Risk and Compliance; GRC; Risk register; Control assessment; MetricStream; ZenGRC; Standard Information Gathering; SIG questionnaire; Vendor risk assessment; ISO 27005; ISO 31000; CCPA; FedRAMP; Security exceptions management; Policy governance; IAM governance,Maintain risk registers; assess controls; manage policy lifecycle; coordinate risk treatment; run vendor-risk reviews; collect evidence; prepare governance reports; support audits.,"Operates governance, risk, and compliance processes, frameworks, control assessments, and risk reporting."
L040,P07,"Cybersecurity Governance, Risk and Compliance",F04,Cybersecurity,Alation; AWS IAM; AWS KMS; Azure Key Vault; BigID; BigQuery; Collibra; Confluence; Data classification; Data lineage; data loss prevention; data privacy; data retention; Databricks; DLP; encryption; GDPR; Git; HashiCorp Vault; HIPAA; ISO 27001; Jira; Key management; Microsoft Entra ID; Microsoft Excel; Microsoft Purview; MongoDB; NIST Privacy Framework; OneTrust; PostgreSQL; Power BI; Python; Snowflake; Splunk; SQL; tokenization; Archer; ServiceNow IRM; CCPA; Data protection; CPRA; Privacy Impact Assessment; PIA; Data Protection Impact Assessment; DPIA; Record of Processing Activities; RoPA; Data Subject Access Request; DSAR; Privacy by design; Securiti.ai; TrustArc; WireWheel; Data mapping; Data discovery; Data masking; Pseudonymization; Symantec DLP; Microsoft Purview DLP; Forcepoint DLP; Digital Guardian; LGPD; PIPEDA; ISO 27701; Cookie compliance; Consent management,Conduct DPIAs/PIAs; maintain processing inventories; handle DSARs; classify data; define retention rules; support consent management; assess privacy risks; advise on privacy-by-design.,"Manages privacy compliance and data-protection controls for personal, sensitive, and regulated information."
L041,P07,"Cybersecurity Governance, Risk and Compliance",F04,Cybersecurity,Active Directory; Alteryx; AWS IAM; COBIT; Confluence; Docker; Git; ISO 27001; Jira; joiner-mover-leaver; Linux; Microsoft Entra ID; Microsoft Excel; Nessus; Oracle E-Business Suite; Power BI; Python; Qualys; Salesforce; SharePoint; SOC 2; Splunk; SQL; Windows Server; Workday; SAP ERP; NIST SP 800-53; Archer; ServiceNow GRC; AuditBoard; MetricStream; IT Audit; IT General Controls; ITGC; Internal audit; Audit workpapers; SOX; SOX 404; SOC 1; Control testing; Deficiency reporting; Walkthroughs; Segregation of Duties; SoD; Change management; User access review; TeamMate; Workiva; COSO framework; User provisioning audits; SAP GRC; Oracle ERP Cloud; SQL queries for audit; ACL Analytics; Galvanize / HighBond; IDEA Data Analysis; Azure RBAC; Backup audits; Disaster recovery audit,Plan audits; test ITGCs; assess segregation of duties; review access; test change-management controls; document findings; collect evidence; issue audit reports; track remediation.,"Independently evaluates technology controls, audit evidence, access controls, change processes, and compliance with audit standards."
L042,P07,"Cybersecurity Governance, Risk and Compliance",F04,Cybersecurity,AWS Config; Azure Policy; CIS Benchmarks; Confluence; CyberArk; Docker; GDPR; Git; Google Security Command Center; HIPAA; ISO 22301; ISO 27001; Jira; Linux; Microsoft Defender for Cloud; Microsoft Excel; Microsoft Purview; Microsoft Sentinel; Nessus; NIST CSF; OneTrust; PCI DSS; Power BI; Python; SailPoint; SharePoint; SOC 2; Splunk; SQL; Tableau; Windows Server; Drata; Vanta; CMMC; Archer; ServiceNow GRC; AuditBoard; ZenGRC; FedRAMP; SOX; IT Compliance; Regulatory compliance; Compliance monitoring; Audit preparation; Evidence collection; Compliance reporting; Tugboat Logic; Secureframe; Anecdotes; AWS Audit Manager; Qualys Policy Compliance; Tenable.cs; IAM compliance,Track obligations; collect compliance evidence; monitor controls; prepare certification audits; manage exceptions; report compliance status; coordinate remediation; maintain compliance documentation.,"Maintains continuous adherence to technology regulations, certifications, contractual obligations, and control requirements."
L043,P08,Cybersecurity Operations,F04,Cybersecurity,Ansible; Autopsy; AWS; Azure; Bash; Carbon Black; Cortex; CrowdStrike Falcon; Docker; EDR; Ghidra; Git; Google Cloud Platform; IDA Pro; Jira Service Management; Kubernetes; Linux; Malware analysis; Microsoft Defender for Endpoint; Microsoft Sentinel; MITRE ATT&CK; PagerDuty; Palo Alto Cortex XDR; PowerShell; Python; SentinelOne; SIEM; Snort; SOAR; Splunk; SQL; Suricata; Sysinternals; tcpdump; Terraform; Volatility; Windows Server; Wireshark; Zeek; YARA; Incident response; Digital forensics and incident response; DFIR; Live triage; Memory analysis; Disk forensics; Threat containment; Root cause analysis; FTK Imager; KAPE; Velociraptor; Trend Micro Vision One; FireEye / Trellix HX; EnCase; Plaso / log2timeline; Eric Zimmerman Tools; RegRipper; YARA rules; NetworkMiner; Brim / Zui; x64dbg; Any.Run; VirusTotal; Hybrid Analysis; Splunk SOAR / Phantom; Cortex XSOAR; Swimlane; Microsoft Sentinel Automation; TheHive; MISP; Ransomware decryptors; Active Directory incident recovery; Kerberos tickets analysis; Mimikatz detection; Event logs analysis; EVTX; Chain of custody; ServiceNow Security Operations,Triage incidents; collect evidence; contain threats; isolate assets; analyze logs and memory; eradicate malware; coordinate recovery; document timelines; conduct post-incident reviews.,"Investigates, contains, eradicates, and recovers from active cybersecurity incidents."
L044,P08,Cybersecurity Operations,F04,Cybersecurity,API integration; Bash; Docker; Elasticsearch; Git; Jupyter Notebook; Linux; Markdown; Microsoft Sentinel; MITRE ATT&CK; Neo4j; Pandas; PowerShell; Python; REST APIs; Splunk; SQL; threat intelligence; YARA; Any.Run; VirusTotal; Hybrid Analysis; MISP; Cyber Threat Intelligence; CTI; OSINT; Open-source intelligence; Diamond Model of Intrusion Analysis; Cyber Kill Chain; Indicators of Compromise; IoC; Tactics Techniques and Procedures; TTPs; Threat actor profiling; ThreatConnect; Shodan; Intelligence reporting; Anomali ThreatStream; Recorded Future; Mandiant Advantage; CrowdStrike Falcon X; Recorded Future Triage; OpenCTI; AlienVault OTX; Maltego; Censys; SecurityTrails; DomainTools; PassiveTotal / RiskIQ; URLhaus; AbuseIPDB; Joe Sandbox; STIX; TAXII; CybOX; Sigma rules; YARA-L; Snort rules; Suricata rules; Dark web monitoring; Telegram monitoring; Tor; Elastic SIEM; SpiderFoot; theHarvester; Recon-ng; Graph analysis,Gather OSINT; analyze TTPs; track threat actors; manage IoCs; map ATT&CK techniques; write intelligence reports; enrich alerts; share intelligence with security teams.,"Produces actionable intelligence on threat actors, campaigns, vulnerabilities, tactics, techniques, and indicators."
L045,P08,Cybersecurity Operations,F04,Cybersecurity,Active Directory; AWS CloudTrail; Azure Monitor; Bash; Cisco Umbrella; Corelight; CrowdStrike Falcon; DNS; Docker; EDR; ELK Stack; Git; Google Cloud Audit Logs; Jira; Kubernetes; Microsoft Defender for Endpoint; Microsoft Defender for Office 365; Microsoft Entra ID; Microsoft Sentinel; Mimecast; MITRE ATT&CK; Nessus; Palo Alto Cortex XDR; Postman; PowerShell; Proofpoint; Python; Qualys; Rapid7 InsightVM; SentinelOne; SIEM; Snort; SOAR; Splunk; SQL; Suricata; TCP/IP; Wireshark; Zeek; LogRhythm; Sumo Logic; Any.Run; VirusTotal; Hybrid Analysis; Cortex XSOAR; Swimlane; Cyber Kill Chain; Shodan; Elastic SIEM; SOC; Security Operations Center; Alert triage; Log analysis; Incident detection; Windows Event Logs; Linux syslog; Phishing analysis; ServiceNow SecOps; IBM QRadar; Exabeam; Securonix; Chronicle / Google Security Operations; Trend Micro Apex One; Cisco Secure Endpoint; Zscaler Internet Access; Email header analysis; MXToolbox; URLScan.io; Splunk SOAR; Microsoft Sentinel Playbooks; Vulnerability scanning; Regex,Monitor SIEM/EDR alerts; analyze logs; investigate phishing; validate indicators; correlate events; document cases; tune detections; escalate incidents; support vulnerability management.,"Monitors security events, triages alerts, investigates suspicious activity, and escalates confirmed threats."
L046,P08,Cybersecurity Operations,F04,Cybersecurity,Autopsy; Bash; C; C++; Digital forensics; Ghidra; IDA Pro; Linux; PowerShell; Python; radare2; SQL; Volatility; Windows Server; Wireshark; YARA; Disk forensics; FTK Imager; KAPE; Velociraptor; EnCase; Plaso / log2timeline; Eric Zimmerman Tools; RegRipper; NetworkMiner; Chain of custody; Forensic acquisition; Evidence handling; Memory forensics; FTK; Forensic Toolkit; Sleuth Kit; X-Ways Forensics; Write blockers; Windows artifacts forensics; File systems; NTFS; FAT32; exFAT; ext4; APFS; Forensic reporting; EZ Tools; MFTECmd; Registry Explorer; Shellbags Explorer; JumpList Explorer; Arsenal Image Mounter; Magnet AXIOM; Cellebrite UFED; Cellebrite Physical Analyzer; Oxygen Forensic Detective; GrayKey; Mobile forensics; iOS forensics; Android forensics; SQLite forensics; Volatility 3; Rekall; MemProcFS; LiME; Network forensics; Hex editors; HxD; 010 Editor; HashCalc; md5sum; sha256sum; Cloud forensics; AWS EC2 snapshot forensics; Azure disk snapshots; Microsoft 365 unified audit log; Google Workspace audit logs; Expert witness testimony; ISO 17025; NIST SP 800-86,Acquire evidence; maintain chain of custody; analyze file systems; inspect memory; recover artifacts; examine mobile/cloud evidence; validate hashes; write forensic reports; support legal investigations.,"Preserves, extracts, and analyzes digital evidence from disks, memory, mobile devices, cloud logs, and systems."
L047,P09,Offensive Security and Security Testing,F04,Cybersecurity,Assembly language; AWS; Azure; Bash; Burp Suite; C; C++; Confluence; Docker; Git; Go; Google Cloud Platform; Jira; Kubernetes; Microsoft Sentinel; Nessus; Nmap; Nuclei; OWASP Top 10; OWASP ZAP; penetration testing; Postman; PowerShell; Prowler; Python; Scout Suite; Snyk; SonarQube; Splunk; Terraform; Wireshark; Kali Linux; Kismet; Ruby; Ethical hacking; Burp Suite Professional; Metasploit Framework; Exploit development; Vulnerability exploitation; Privilege escalation; Network penetration testing; Web application penetration testing; Parrot OS; SQLmap; Gobuster; Feroxbuster; ffuf; Hydra; John the Ripper; Hashcat; Mimikatz; BloodHound; SharpHound; CrackMapExec / NetExec; Impacket; Responder; Evil-WinRM; Cobalt Strike; Sliver; Mythic; Havoc; Empire; Chisel; Ligolo-ng; Nikto; WPScan; Frida; Objection; MobSF; APKTool; Dex2jar; Jadx; Aircrack-ng; Bettercap; Pacu; Cloud penetration testing; Active Directory attacks; Kerberoasting; AS-REP roasting; Pass-the-Hash; LLMNR/NBT-NS poisoning; Golden Ticket; Shellcode; Vulnerability disclosure; Pentest reporting; SIEM evasion,Scope engagements; enumerate targets; test web/network/cloud/mobile environments; exploit vulnerabilities; escalate privileges; document proof of concept; write reports; retest remediation.,Performs authorized adversarial testing to identify and demonstrate exploitable security weaknesses.
L048,P09,Offensive Security and Security Testing,F04,Cybersecurity,Active Directory; Ansible; AWS Inspector; Bash; CIS Benchmarks; Docker; Git; Jira; Jira Service Management; Kubernetes; Linux; Microsoft Entra ID; Microsoft Excel; Microsoft Sentinel; Nmap; Nuclei; OWASP ZAP; Power BI; PowerShell; Prisma Cloud; Python; ServiceNow; Snyk; SonarQube; Splunk; SQL; Tableau; Terraform; Vulnerability management; Windows Server; Wireshark; Wiz; Kali Linux; Metasploit; OpenSCAP; Tenable Nessus; Shodan; Censys; Vulnerability scanning; Nikto; Vulnerability assessment; Tenable.io / Tenable Security Center; Qualys VMDR; Rapid7 InsightVM / Nexpose; CVE; NVD; CVSS scoring; Vulnerability prioritization; Patch management validation; Remediation tracking; Network discovery; Asset discovery; OpenVAS / Greenbone Community Edition; Tripwire IP360; BeyondTrust Retina; Microsoft Defender Vulnerability Management; Azure Defender for Servers; Google Cloud VM Manager; Burp Suite Community; SSLyze; testssl.sh; CIS-CAT; SCAP; Kenna Security; Brinqa; Vulcan Cyber; ServiceNow Vulnerability Response,Run scans; validate findings; assign severity; prioritize remediation; manage vulnerability exceptions; track remediation SLAs; report risk trends; verify patches and fixes.,"Identifies, prioritizes, tracks, and validates vulnerabilities across assets and environments."
L049,P10,AI and Machine Learning Engineering,F05,"Data, Analytics and AI",AI agents; Amazon Bedrock; Anthropic API; Apache Airflow; Apache Kafka; AWS; AWS Lambda; Azure Functions; Azure Machine Learning; Azure OpenAI Service; CatBoost; Chroma; Cloud Run; Comet ML; Cybersecurity tooling; Dagster; Databricks; dbt; Deep learning; Docker; DSPy; DVC; Elasticsearch; FAISS; FastAPI; Flask; Function calling; Gemini API; Generative AI; Git; GitHub Actions; GitLab CI/CD; Google Cloud Platform; Google Vertex AI; Grafana; Guardrails; Hugging Face Transformers; Jenkins; JSON; Jupyter Notebook; Keras; Kubeflow; Kubernetes; LangChain; LangGraph; LightGBM; LlamaIndex; LLM; Machine learning; Microsoft Azure; Milvus; MLflow; MLOps; Model serving; MongoDB; NumPy; Ollama; ONNX; ONNX Runtime; OpenAI API; OpenSearch; OpenTelemetry; Pandas; Pinecone; PostgreSQL; Power BI; Prefect; Prometheus; Prompt engineering; Python; PyTorch; RAG; Ray; Ray Serve; React; Redis; REST APIs; SageMaker; Salesforce; SAP; scikit-learn; ServiceNow; Snowflake; SQL; Tableau; TensorFlow; TensorRT; Terraform; TypeScript; Vector databases; Vertex AI; vLLM; Weaviate; Weights & Biases; XGBoost,Build AI services; integrate models; implement RAG; design prompts and guardrails; create APIs; evaluate outputs; deploy models; monitor AI quality and reliability.,"Builds and integrates AI-enabled applications, including predictive systems, generative AI, RAG solutions, agents, and intelligent automation."
L050,P10,AI and Machine Learning Engineering,F05,"Data, Analytics and AI",Albumentations; Apache Kafka; AWS SageMaker; Azure Machine Learning; C++; CLIP; CNN; Computer vision; Core ML; CUDA; CVAT; dbt; Deep learning; Detectron2; DICOM; Docker; DVC; EasyOCR; Edge AI; FastAPI; FiftyOne; Generative AI; Git; gRPC; Image classification; Image processing; Jupyter Notebook; Keras; Kubernetes; Label Studio; LangChain; LLM; MediaPipe; MLflow; MMDetection; MONAI; NumPy; NVIDIA DeepStream; NVIDIA GPU; NVIDIA Jetson; Object detection; OCR; ONNX; ONNX Runtime; OpenCV; OpenCV DNN; OpenVINO; PaddleOCR; Pandas; Pillow; PostgreSQL; Power BI; Prometheus; Python; PyTorch; Roboflow; ROS; ROS 2; Salesforce; SAM; SAP; scikit-image; Segment Anything; Segmentation; SimpleITK; Snowflake; Stable Diffusion; Supervisely; Tableau; TensorFlow; TensorFlow Lite; TensorRT; Tesseract; Ultralytics; Vertex AI; Vision Transformers; ViT; Weights & Biases; YOLO,Prepare image data; train vision models; implement object detection/segmentation; optimize inference; label datasets; deploy vision services; evaluate visual model performance.,"Builds systems that understand images and video for detection, classification, segmentation, OCR, and visual analytics."
L051,P10,AI and Machine Learning Engineering,F05,"Data, Analytics and AI",AllegroGraph; Amazon Neptune; Apache Jena; Apache Kafka; ArangoDB; AWS; Azure; BPMN; Cypher; Data modeling; Datalog; Decision Model and Notation; DMN; Docker; Drools; Elasticsearch; Entity resolution; FAISS; Git; Google Cloud Platform; Grafana; Graph databases; GraphQL; Hugging Face Transformers; Information extraction; JanusGraph; Java; JSON; JSON-LD; Knowledge graph; Knowledge representation; Kubernetes; LangChain; Linked Data; LlamaIndex; LLM; MongoDB; Neo4j; Neo4j Bloom; Neo4j Graph Data Science; NLP; Ontology engineering; Ontotext GraphDB; OpenSearch; OWL; Pinecone; PoolParty; PostgreSQL; Power BI; Prolog; Prometheus; Protégé; Python; PyTorch; RAG; RDF; RDF4J; RDFS; REST APIs; Rule engines; Salesforce; SAP; Semantic Web; SHACL; SKOS; spaCy; SPARQL; SQL; Stardog; Tableau; Taxonomy design; TensorFlow; Terraform; TigerGraph; TopBraid Composer; Vector database; Weaviate; WebProtégé; XML; YAML,Design taxonomies; build ontologies; model entities and relations; curate knowledge graphs; define rules; support semantic search; integrate structured knowledge with AI systems.,"Structures and manages knowledge through taxonomies, ontologies, knowledge graphs, rules, and semantic models."
L052,P10,AI and Machine Learning Engineering,F05,"Data, Analytics and AI",Apache Airflow; Apache Kafka; Apache Spark; ArchiMate; Argo CD; Arize AI; AWS; Azure; Azure Blob Storage; Azure Machine Learning; BentoML; CatBoost; CI/CD; Comet ML; Dagster; Databricks; Databricks ML; dbt; Docker; DVC; Elasticsearch; Evidently AI; FastAPI; Feast; Feature store; Fiddler; Git; GitHub Actions; GitLab CI/CD; Google Cloud Platform; Google Cloud Storage; Grafana; Helm; Hugging Face Transformers; Jenkins; Jupyter Notebook; Keras; KServe; Kubeflow; Kubernetes; LightGBM; MLflow; MLOps; Model deployment; MongoDB; Neptune.ai; Node.js; NumPy; ONNX; OpenTelemetry; Pandas; PostgreSQL; Power BI; Prefect; Prometheus; PySpark; Python; PyTorch; RabbitMQ; Ray; Ray Serve; React; Redis; REST APIs; S3; SageMaker; SageMaker Pipelines; Salesforce; SAP; scikit-learn; Seldon Core; ServiceNow; Snowflake ML; SQL; Tableau; Tecton; TensorFlow; TensorRT; Terraform; TOGAF; Vertex AI; Weights & Biases; WhyLabs; XGBoost,Train models; engineer features; build ML pipelines; deploy model services; manage model versions; monitor drift; automate retraining; implement MLOps practices.,"Builds, deploys, monitors, and maintains production machine-learning pipelines and services."
L053,P10,AI and Machine Learning Engineering,F05,"Data, Analytics and AI",Amazon Bedrock; Amazon Lex; Ansible; Anthropic API; Apache Kafka; Azure AI Language; Azure Machine Learning; Azure OpenAI Service; BART; BentoML; BERT; Chroma; DeepEval; Dialogflow; Docker; DSPy; DVC; Elasticsearch; Embeddings; FAISS; Falcon; FastAPI; Gemini API; Git; Google Cloud Natural Language; Google Vertex AI; GPT; Guardrails AI; Haystack; Hugging Face Transformers; JSON; Jupyter Notebook; Knowledge graph; KServe; Kubernetes; LangChain; LangGraph; Llama; LlamaIndex; LLM; machine translation; Milvus; Mistral; MLflow; MongoDB; named entity recognition; Neo4j; NER; Network-security tooling; NLP; NLTK; NumPy; OpenAI API; OpenSearch; Pandas; Pinecone; PostgreSQL; Power BI; Promptfoo; Python; PyTorch; Qdrant; question answering; RAG; Ragas; Rasa; Ray Serve; Redis; REST APIs; RoBERTa; SageMaker; Salesforce; SAP; scikit-learn; Sentence Transformers; sentiment analysis; spaCy; speech recognition; summarization; T5; Tableau; TensorFlow; Terraform; text classification; tokenization; TruLens; Vector database; Vertex AI; Weaviate; Weights & Biases; Whisper,Build NLP pipelines; train/fine-tune language models; implement NER/classification; create embeddings; build RAG/search; evaluate language outputs; deploy NLP APIs; monitor quality.,"Builds systems that analyze, extract, search, classify, generate, or translate human language."
L054,P11,Data Analysis and Business Intelligence,F05,"Data, Analytics and AI",Adobe Analytics; Alteryx; Amazon Redshift; Apache Airflow; Apache Spark; Apache Superset; AWS; Azure; Azure Synapse Analytics; Business analysis; Confluence; Dashboarding; Data modeling; Data visualization; Databricks; DAX; dbt; Docker; ETL concepts; GCP; Git; Google Analytics; Google BigQuery; IBM Cognos Analytics; Jira; Jupyter Notebook; Kafka; KNIME; KPI design; Kubernetes; Looker; Looker Studio; Metabase; Microsoft Dynamics 365; Microsoft Excel; Microsoft Fabric; Microsoft Power BI; MicroStrategy; Mode; MySQL; Oracle Database; Pandas; PostgreSQL; Power Query; Python; PyTorch; Qlik Sense; QlikView; R; Salesforce; SAP BusinessObjects; SAP S/4HANA; ServiceNow; Sigma Computing; Snowflake; SQL; SQL Server; Tableau; TensorFlow; Terraform; ThoughtSpot,Define KPIs; query data; build dashboards; analyze trends; create reports; gather reporting requirements; validate metrics; present insights to stakeholders.,"Creates dashboards, reporting, KPIs, and business insights from organizational data."
L055,P11,Data Analysis and Business Intelligence,F05,"Data, Analytics and AI",Alteryx; Amazon Redshift; Apache Airflow; Apache Spark; AWS; Azure; Azure Analysis Services; Azure Data Factory; Azure DevOps; Azure Synapse Analytics; BigQuery; Cognos; Dagster; Data modeling; Databricks; DAX; dbt; Dimensional modeling; Docker; Elasticsearch; GCP; Git; GitHub Actions; GitLab CI/CD; Jupyter Notebook; Kafka; KNIME; Kubernetes; LangChain; Looker; Looker Studio; LookML; Metabase; Microsoft Fabric; Microsoft Power BI; MicroStrategy; MongoDB; MuleSoft; MySQL; Oracle Database; Pandas; PostgreSQL; Power BI Report Server; Power BI Service; Power Query; Prefect; PySpark; Python; PyTorch; Qlik Sense; QlikView; R; Salesforce; SAP; SAP BusinessObjects; Snowflake; SQL; SQL Server; SSAS; SSIS; SSRS; Star schema; Superset; Tableau; Tableau Prep; Tableau Server; Tabular model; TensorFlow; Terraform,Develop BI reports; build semantic models; write transformations; manage data refreshes; optimize dashboards; implement row-level security; deploy BI assets; support analysts.,"Builds data models, reporting layers, dashboards, semantic models, and BI delivery pipelines."
L056,P11,Data Analysis and Business Intelligence,F05,"Data, Analytics and AI",A/B testing; Adobe Analytics; Airflow; Alteryx; Amplitude; Apache Spark; API integration; AWS; Azure; BigQuery; cohort analysis; Confluence; CSV; Data cleaning; Data visualization; Databricks; DAX; dbt; Docker; Excel VBA; experimentation; GA4; GCP; Git; Google Analytics; Google Sheets; Jira; JSON; Jupyter Notebook; Kafka; KNIME; Kubernetes; Looker; Microsoft Excel; Microsoft Fabric; Mixpanel; MySQL; NumPy; Pandas; PostgreSQL; Power BI; Power Query; Python; PyTorch; Qlik Sense; R; REST APIs; RStudio; Salesforce; SAP; SAS; ServiceNow; Snowflake; SPSS; SQL; SQL Server; Stata; Statistical analysis; Tableau; TensorFlow; Terraform,Query data; clean datasets; conduct exploratory analysis; create visualizations; build reports; analyze cohorts/trends; support experiments; communicate findings.,"Collects, cleans, queries, analyzes, and visualizes data to answer business or operational questions."
L057,P11,Data Analysis and Business Intelligence,F05,"Data, Analytics and AI",Airbyte; Alation; Anomalo; Apache Airflow; Apache Atlas; Apache Griffin; API Gateway; Ataccama; AWS; AWS Glue; AWS Glue Data Catalog; Azure; Azure Data Factory; Bigeye; BigQuery; Collibra; data catalog; Data cleansing; Data governance; Data lineage; Data profiling; Data quality rules; Data validation; Databricks; Datafold; DataHub; dbt; dbt tests; Deequ; Docker; Fivetran; GCP; Git; Google Dataplex; Great Expectations; Informatica Data Quality; Informatica MDM; Jira; Kafka; Kubernetes; Looker; Microsoft Excel; Microsoft Fabric; Microsoft Purview; Monte Carlo; MuleSoft; OpenMetadata; Oracle Database; Pandas; PostgreSQL; Power BI; Python; PyTorch; Qlik; R; Salesforce Data Cloud; SAP Master Data Governance; ServiceNow; Snowflake; Soda; SQL; SQL Server; Tableau; Talend Data Quality; TensorFlow; Terraform; Unity Catalog,Profile data; define quality rules; monitor anomalies; investigate defects; maintain lineage; coordinate remediation; validate pipelines; report quality metrics.,"Defines, measures, improves, and governs data accuracy, completeness, consistency, timeliness, and reliability."
L058,P12,Data Engineering,F05,"Data, Analytics and AI",Airbyte; Alation; Amazon Redshift; Apache Airflow; Apache Spark; Atlan; AWS; Azure; Azure Synapse Analytics; BigQuery; ClickHouse; Collibra; Dagster; Data documentation; Data lineage; Data modeling; Data testing; Databricks; Datafold; Dataform; DataHub; dbt; dbt Cloud; dbt Core; Dimensional modeling; Docker; DuckDB; ELT; Fivetran; GCP; Git; GitHub Actions; GitLab CI/CD; Great Expectations; Kafka; Kubernetes; Looker; LookML; Matillion; Meltano; Metabase; Microsoft Fabric; Monte Carlo; OpenMetadata; PostgreSQL; Power BI; Prefect; PySpark; Python; PyTorch; RabbitMQ; Salesforce; SAP; ServiceNow; Snowflake; Soda; SQL; SQLMesh; Star schema; Stitch; Superset; Tableau; TensorFlow; Terraform,Build dbt models; write warehouse SQL; test transformations; document datasets; manage lineage; create reusable metrics; collaborate with analysts; improve data reliability.,"Transforms warehouse data into tested, documented, analyst-ready models and semantic layers."
L059,P12,Data Engineering,F05,"Data, Analytics and AI",Airbyte; Alation; Amazon Redshift; Apache Atlas; Apache Kafka; Apache Spark; ArchiMate; Atlan; AWS; AWS Glue; AWS Glue Data Catalog; AWS IAM; Azure; Azure Data Factory; Azure Synapse Analytics; BigQuery; C#; Cassandra; CI/CD; Collibra; Conceptual data model; Confluence; Confluent Platform; DAMA-DMBOK; Data architecture; Data governance; Data lake; data lakehouse; Data lineage; Data modeling; data warehouse; Databricks; DataHub; dbt; Dell Boomi; Elasticsearch; encryption; ER modeling; ERwin Data Modeler; Fivetran; GDPR; Google Cloud Platform; Google Dataplex; Grafana; GraphQL; HashiCorp Vault; IAM; Informatica MDM; Informatica PowerCenter; ISO 27001; Java; Jira; KMS; Kubernetes; LeanIX; Logical data model; master data management; metadata management; Microsoft Entra ID; Microsoft Fabric; Microsoft Purview; MongoDB; MuleSoft; Neo4j; OpenMetadata; Oracle Database; Physical data model; PostgreSQL; Prometheus; PyTorch; React; REST APIs; SAP Master Data Governance; Snowflake; Sparx Enterprise Architect; SQL; SQL Server; Talend; TensorFlow; Terraform; TOGAF; Unity Catalog,Design target data platforms; create conceptual/logical models; define domains; choose storage patterns; govern integration; establish standards; guide data modernization.,"Defines the organization’s data architecture, data models, platform strategy, integration patterns, and data standards."
L060,P12,Data Engineering,F05,"Data, Analytics and AI",Airbyte; Amazon Kinesis; Ansible; Apache Airflow; Apache Beam; Apache Flink; Apache Hudi; Apache Iceberg; Apache Kafka; Apache Spark; ArchiMate; AWS; AWS EMR; AWS Glue; AWS Lambda; Azure; Azure Data Factory; Azure Databricks; Azure Event Hubs; Azure Stream Analytics; Azure Synapse Analytics; BigQuery; Cassandra; CDC; CI/CD; ClickHouse; Cloud Composer; Cloud Functions; Cloud Run; Data lake; Data pipelines; data warehouse; Databricks; Datadog; dbt; Debezium; Delta Lake; Docker; Dremio; Elasticsearch; ELT; ETL; Fivetran; Git; GitHub Actions; GitLab CI/CD; Go; Google Cloud Data Fusion; Google Cloud Platform; Google Dataflow; Grafana; Great Expectations; Helm; Hive; Informatica; Java; Jenkins; Kafka Streams; ksqlDB; Kubernetes; Matillion; MongoDB; Monte Carlo; MySQL; NiFi; OpenTelemetry; Oracle Database; PostgreSQL; Power BI; Presto; Prometheus; PySpark; Python; PyTorch; Redis; Redshift; Salesforce; SAP; Scala; ServiceNow; Snowflake; Soda; SQL; SQL Server; SSIS; Stitch; Tableau; Talend; TensorFlow; Terraform; TOGAF; Trino,Develop ETL/ELT pipelines; manage orchestration; build streaming pipelines; optimize Spark/SQL; operate warehouses/lakes; automate testing; monitor data jobs; resolve failures.,"Builds and operates pipelines that ingest, transform, store, stream, and deliver data at scale."
L061,P12,Data Engineering,F05,"Data, Analytics and AI",ABAC; Alation; Apache Atlas; Apache Ranger; Atlan; AWS Glue Data Catalog; AWS IAM; AWS Lake Formation; BigID; BigQuery; C#; Collibra; Confluence; DAMA-DMBOK; data catalog; Data classification; Data governance; Data lineage; data privacy; Data quality; data retention; Data stewardship; Databricks; Databricks Unity Catalog; Dataedo; DataHub; dbt; DCAM; Docker; erwin Data Intelligence; GDPR; Google Cloud IAM; Google Dataplex; Great Expectations; Immuta; Informatica Axon; Informatica Enterprise Data Catalog; Informatica MDM; ISO 27001; Java; Jira; Kafka; Kubernetes; master data management; metadata management; Microsoft Entra ID; Microsoft Excel; Microsoft Fabric; Microsoft Purview; NIST Privacy Framework; OneTrust; OpenMetadata; Power BI; Privacera; Python; PyTorch; RBAC; records management; Salesforce; SAP; SAP Master Data Governance; ServiceNow; Snowflake; Snowflake Horizon; Soda; SQL; Talend Data Catalog; TensorFlow; Terraform,Maintain data catalog; assign owners; define policies; manage metadata; document lineage; support data classification; coordinate stewardship; govern data access and retention.,"Establishes data ownership, policies, metadata, lineage, cataloging, classification, and stewardship practices."
L062,P12,Data Engineering,F05,"Data, Analytics and AI",Airbyte; Amazon Redshift; Apache Airflow; Apache Hudi; Apache Iceberg; Apache Spark; AWS; AWS Glue; Azure; Azure Data Factory; Azure DevOps; Azure Synapse Analytics; BigQuery; Dagster; data warehouse; Databricks; dbt; Delta Lake; Dimension tables; Dimensional modeling; Docker; ELT; ERwin Data Modeler; ETL; Fact tables; Fivetran; GCP; Git; GitHub Actions; GitLab CI/CD; Graph databases; indexing; Informatica PowerCenter; Kafka; Kubernetes; Looker; Matillion; Microsoft Fabric; MuleSoft; Oracle Data Integrator; Oracle Database; partitioning; Pentaho Data Integration; PL/SQL; PostgreSQL; Power BI; Prefect; PySpark; PyTorch; Qlik Sense; query optimization; Salesforce; SAP; SAP Data Services; Snowflake; Snowflake schema; SQL; SQL Server; SQL Server Analysis Services; SQL Server Integration Services; SQL Server Reporting Services; SSAS; SSIS; SSRS; Star schema; stored procedures; T-SQL; Tableau; Talend; TensorFlow; Terraform,Model dimensions/facts; develop ETL/ELT; write SQL procedures; tune queries; load warehouse tables; manage partitions; support reporting; maintain warehouse documentation.,"Builds and maintains warehouse schemas, dimensions, facts, transformations, stored procedures, and reporting-ready data stores."
L063,P13,Data Science and Computing Research,F05,"Data, Analytics and AI",Algorithms; Ansible; Apache Spark; AWS; Azure; Azure Machine Learning; C; C++; Cirq; computer architecture; Coq; cryptography; CUDA; Dask; Data structures; distributed systems; Docker; Experimental design; formal methods; GCP; Git; Graph algorithms; High-performance computing; HPC; Isabelle; Java; JAX; Jira; Julia; Jupyter Notebook; Kubernetes; LaTeX; Linux; MATLAB; model checking; MPI; Neo4j; NetworkX; NumPy; ONNX; OpenCL; OpenMP; operating systems; Pandas; PBS; Power BI; Python; PyTorch; Qiskit; quantum computing; R; Ray; Research methodology; Rust; SageMaker; SageMath; Salesforce; SAP; Scientific computing; scikit-learn; SciPy; ServiceNow; Singularity / Apptainer; Slurm; Statistics; Tableau; TensorFlow; TensorRT; Terraform; theorem proving; TLA+; Vertex AI; Wolfram Mathematica; Z3,Form research questions; review literature; design experiments; implement prototypes; analyze results; publish findings; develop algorithms; collaborate with engineering teams.,"Investigates new computing methods, algorithms, systems, architectures, or scientific computing techniques."
L064,P13,Data Science and Computing Research,F05,"Data, Analytics and AI",A/B testing; Amplitude; Ansible; Apache Airflow; Apache Spark; ArchiMate; AWS; Azure; Azure Machine Learning; BigQuery; CatBoost; causal inference; Computer vision; Data visualization; Databricks; dbt; Docker; DVC; experimentation; FastAPI; Flask; GCP; Git; Google Analytics; Gradio; Hugging Face Transformers; Jupyter Notebook; Kafka; Keras; Kubernetes; LightGBM; Machine learning; Matplotlib; Mixpanel; MLflow; NLP; NumPy; OpenCV; OpenShift; Pandas; Plotly; PostgreSQL; Power BI; PySpark; Python; PyTorch; R; RabbitMQ; RStudio; SageMaker; Salesforce; SAS; scikit-learn; SciPy; Seaborn; ServiceNow; Shiny; Snowflake; spaCy; SPSS; SQL; Stata; Statistics; Statsmodels; Streamlit; Tableau; TensorFlow; Terraform; time-series forecasting; TOGAF; Vertex AI; Weights & Biases; XGBoost,Explore data; develop models; perform statistical analysis; run experiments; evaluate models; create visualizations; communicate findings; support decisions.,"Uses statistics, machine learning, experiments, and visualization to derive insights and predictive models from data."
L065,P13,Data Science and Computing Research,F05,"Data, Analytics and AI",Accelerate; Airflow; Apptainer; AWS SageMaker; Azure Machine Learning; BERT; Computer vision; CUDA; dbt; Deep learning; DeepSpeed; DGL; diffusion models; distributed training; Docker; DVC; FSDP; GANs; Generative AI; Git; Google Colab; GPT; graph neural networks; Gymnasium; Horovod; HPC; Hugging Face Transformers; JAX; Jira; Jupyter Notebook; Keras; Kubernetes; LaTeX; Linear algebra; Linux; Llama; LLM; Machine learning research; Megatron-LM; Mistral; MLflow; MPI; NCCL; NLP; NumPy; NVIDIA GPU; ONNX; OpenCV; Optimization; Optuna; Power BI; Python; PyTorch; PyTorch Geometric; PyTorch Lightning; Ray; Ray Tune; reinforcement learning; Research methodology; RLlib; Salesforce; SAP; SciPy; ServiceNow; Slurm; spaCy; Stable Baselines3; Statistics; Tableau; TensorFlow; TensorRT; Terraform; TPUs; Transformers; Triton Inference Server; Vertex AI; vLLM; Weights & Biases,Develop hypotheses; run model experiments; create architectures; train at scale; evaluate benchmarks; publish research; prototype methods; analyze model behavior.,"Researches and develops novel machine-learning methods, models, optimization techniques, and evaluation approaches."
L066,P14,Database Engineering,F05,"Data, Analytics and AI",Access control; AlloyDB; Amazon Aurora; Amazon RDS; Ansible; Apache Kafka; Apache Spark; AWS; Azure; Azure Cosmos DB; Azure SQL Database; Azure SQL Managed Instance; Bash; Cassandra; Cloud SQL; Commvault; Couchbase; Database backup; Database performance tuning; Database recovery; Database security; Datadog; dbt; Disaster recovery; Docker; Elasticsearch; ELK Stack; Git; Google Cloud Platform; Google Spanner; Grafana; High availability; indexing; Jira; Kubernetes; Linux; MariaDB; Microsoft SQL Server; MongoDB; MongoDB Atlas; MongoDB replica sets; Monitoring; MySQL; MySQL Workbench; Nagios; Oracle Data Guard; Oracle Database; Oracle Enterprise Manager; Oracle GoldenGate; Oracle RAC; Oracle RMAN; Oracle SQL Developer; Patroni; Percona Monitoring and Management; Percona XtraBackup; pgAdmin; pgBackRest; PgBouncer; PostgreSQL; Power BI; PowerShell; Prometheus; psql; Python; PyTorch; RabbitMQ; React; Redis; Replication; ServiceNow; Splunk; SQL; SQL Server Agent; SQL Server Always On; SQL Server Failover Cluster; SQL Server Reporting Services; SSMS; T-SQL; Tableau; TensorFlow; Terraform; Veeam; WAL-G; Windows Server; Zabbix,Install databases; manage users; run backups; test restores; tune performance; monitor health; manage replication; patch systems; support incidents.,"Operates, secures, backs up, restores, patches, and tunes production database platforms."
L067,P14,Database Engineering,F05,"Data, Analytics and AI",Alation; AlloyDB; Amazon Aurora; Amazon DynamoDB; Amazon RDS; Amazon Redshift; Ansible; Apache Kafka; ArchiMate; AWS; AWS IAM; AWS KMS; Azure; Azure Cosmos DB; Azure Database for PostgreSQL; Azure Key Vault; Azure SQL Database; Azure Synapse Analytics; BigQuery; Cassandra; CDC; Cloud SQL; Collibra; Confluence; Data governance; data lakehouse; Data migration; Data modeling; data warehouse; Database architecture; Database security; Databricks; Debezium; Disaster recovery; Docker; Elasticsearch; encryption; ER modeling; ERwin Data Modeler; GitHub Actions; Google Cloud IAM; Google Cloud KMS; Google Cloud Platform; Google Spanner; GraphQL; HashiCorp Vault; High availability; IAM; Jenkins; Jira; JSON; Kubernetes; Microsoft Entra ID; Microsoft Fabric; Microsoft Purview; Microsoft SQL Server; MongoDB; MongoDB Atlas; MySQL; Node.js; Oracle Autonomous Database; Oracle Database; PostgreSQL; Power BI; PyTorch; React; Redis; REST APIs; Snowflake; Sparx Enterprise Architect; SQL; Tableau; TensorFlow; Terraform; TOGAF; XML,Select database technologies; design models; set standards; plan migration; define HA/DR; design security; review database designs; govern database lifecycle.,"Defines database platform strategy, standards, scalable data-store designs, availability patterns, and database security architecture."
L068,P14,Database Engineering,F05,"Data, Analytics and AI",Alembic; Apache Airflow; Apache Kafka; ArchiMate; AWS Lambda; Azure Cosmos DB; Azure Data Studio; Azure Functions; C#; Cassandra; Cloud Run; Collibra; Database schema design; DataGrip; DBeaver; dbt; Debezium; Django ORM; Docker; DynamoDB; EF Core migrations; Elasticsearch; Entity Framework; Flyway; Functions; Git; GitHub Actions; GitLab CI/CD; Grafana; Hibernate; indexing; Java; Jenkins; jOOQ; JSON; Kubernetes; Kubernetes operators; Liquibase; MariaDB; Microsoft SQL Server; MongoDB; MongoDB Atlas; MySQL; MySQL Workbench; Oracle Database; Oracle GoldenGate; Oracle SQL Developer; ORM; OWASP Top 10; pgAdmin; PL/SQL; PostgreSQL; PostgreSQL replication; Power BI; Prisma ORM; Prometheus; Python; PyTorch; query optimization; RabbitMQ; Redis; REST APIs; Sequelize; Snyk; SonarQube; SQL; SQLAlchemy; SQLite; SSMS; stored procedures; T-SQL; Tableau; TensorFlow; Terraform; TOGAF; Triggers; Views,Design schemas; write SQL; create stored procedures; optimize queries; build migrations; implement data-access layers; test database code; support application integrations.,"Builds database objects and application data access logic, including schemas, SQL, stored procedures, and migrations."
L069,P14,Database Engineering,F05,"Data, Analytics and AI",ActiveMQ; Airbyte; Amazon Redshift; Amazon SQS; Ansible; Apache Airflow; Apache Kafka; Apache NiFi; Apache Spark; AWS Database Migration Service; AWS Glue; AWS Secrets Manager; Azure Cosmos DB; Azure Data Factory; Azure Database Migration Service; Azure Key Vault; Azure Service Bus; BigQuery; CDC; Confluent Platform; Dagster; Data integration; Databricks; dbt; Debezium; Dell Boomi; Docker; DynamoDB; ELK Stack; ELT; ETL; Fivetran; Git; GitHub Actions; GitLab CI/CD; Google Database Migration Service; Google Pub/Sub; Grafana; HashiCorp Vault; IBM App Connect; IBM MQ; Informatica PowerCenter; JDBC; Jenkins; JSON; Kafka Connect; ksqlDB; Kubernetes; Matillion; Microsoft SQL Server; MongoDB; MuleSoft Anypoint Platform; MySQL; OAuth 2.0; ODBC; OpenID Connect; Oracle Database; Oracle GoldenGate; Oracle Integration Cloud; PostgreSQL; Power BI; Prefect; Prometheus; PySpark; Python; PyTorch; RabbitMQ; React; REST APIs; Salesforce; SAP Integration Suite; SAP S/4HANA; ServiceNow; Snowflake; SOAP; Splunk; SQL; SSIS; Stitch; Tableau; Talend; TensorFlow; Terraform; XML,Configure connectors; build ETL/API links; manage CDC; map data; test interfaces; migrate databases; diagnose integration failures; secure data transfers.,"Connects databases with applications, APIs, enterprise systems, migration tools, and data pipelines."
L070,P15,Domain-specific Informatics,F05,"Data, Analytics and AI",AlphaFold; ANNOVAR; Apache Kafka; Apache Spark; AWS Batch; AWS HealthOmics; Azure Batch; BAM; Bash; bcftools; BEDTools; Bioconductor; Bioconductor packages; Bioinformatics; BioPerl; Biopython; BLAST; Bowtie2; BWA; Cromwell; CWL; Data analysis; Databricks; DESeq2; Docker; edgeR; Ensembl; FASTA; FASTQ; Galaxy; GATK; GenomicRanges; Genomics; Git; Google Cloud Life Sciences; HISAT2; HPC; IGV; Jupyter Notebook; Kubernetes; limma; Linux; Matplotlib; Microsoft Power Automate; MongoDB; MuleSoft; NCBI databases; Neo4j; Next-generation sequencing; Nextflow; NGS; PDB; Picard; Plotly; PostgreSQL; Power BI; Protein Data Bank; Python; PyTorch; R; Rosetta; RStudio; Salesforce; SAM; SAMtools; SAP; scikit-learn; Seaborn; ServiceNow; Seurat; Singularity / Apptainer; Slurm; Snakemake; SnpEff; SQL; STAR; Statistics; Tableau; TensorFlow; Terraform; UCSC Genome Browser; UniProt; VCF; WDL,Process sequence data; run genomic pipelines; analyze omics data; manage biological databases; build reproducible workflows; visualize findings; support scientific interpretation.,"Applies computing, statistics, and data methods to biological and genomic data."
L071,P15,Domain-specific Informatics,F05,"Data, Analytics and AI",Apache Kafka; ArcGIS; ArcGIS API for Python; ArcGIS Dashboards; ArcGIS Enterprise; ArcGIS Experience Builder; ArcGIS Field Maps; ArcGIS Insights; ArcGIS JavaScript API; ArcGIS Online; ArcGIS Pro; ArcGIS Server; ArcGIS StoryMaps; ArcGIS Survey123; ArcPy; AWS Location Service; Azure Maps; BigQuery GIS; CARTO; Cartography; Cesium; Computer vision; Docker; ENVI; ERDAS IMAGINE; Esri Enterprise; Fiona; GDAL; Geodatabases; GeoJSON; GeoPandas; GeoServer; Geospatial analysis; GeoTIFF; GeoWebCache; GIS; Git; Google Earth Engine; Google Maps Platform; GPKG; GRASS GIS; KML; Kubernetes; Leaflet; LiDAR; Mapbox; MapServer; OGR; OpenLayers; Oracle Spatial; PostGIS; PostgreSQL; Power BI; PROJ; Python; PyTorch; QGIS; QGIS Server; Raster data; Rasterio; Remote sensing; SAGA GIS; Salesforce; SAP; satellite imagery; Sentinel Hub; Shapefile; Shapely; Snowflake geospatial functions; Spatial data; SQL; SQL Server spatial data; Tableau; TensorFlow; Terraform; UAV / drone imagery; Vector data; WFS; WMS; WMTS,Create maps; manage geodatabases; analyze spatial patterns; process imagery; publish GIS services; automate geospatial workflows; support field and planning teams.,"Manages, analyzes, and visualizes geographic and spatial data for maps, location intelligence, and geospatial applications."
L072,P15,Domain-specific Informatics,F05,"Data, Analytics and AI",Allscripts; Apache Airflow; Apache Kafka; Athenahealth; AWS HealthLake; Azure Data Factory; Azure Health Data Services; C-CDA; CDA; CDSS; Cerner Oracle Health; clinical decision support; Collibra; data privacy; Databricks; dbt; DICOM; Docker; EDI; Electronic Health Record; Epic; GDPR; Google Cloud Healthcare API; Health data interoperability; Health informatics; HIPAA; HL7; HL7 FHIR; HL7 v2; i2b2; ICD-10; InterSystems HealthShare; InterSystems IRIS; Jira; Jupyter Notebook; Kubernetes; LIS; LOINC; MEDITECH; Microsoft Excel; Microsoft Fabric; Microsoft Purview; Microsoft SQL Server; Mirth Connect / NextGen Connect; NextGen Healthcare; OAuth 2.0; OHDSI; OMOP CDM; OpenEMR; OpenID Connect; Oracle Database; PACS; Pandas; pharmacy systems; PostgreSQL; Power BI; Python; PyTorch; R; REDCap; REST APIs; RIS; RStudio; Salesforce Health Cloud; SAP; SAS; ServiceNow; SMART on FHIR; SNOMED CT; Snowflake; SQL; Tableau; TensorFlow; Terraform; X12,Support EHR/EMR systems; implement HL7/FHIR integration; map clinical data; manage health standards; analyze health data; improve workflows; support privacy and interoperability.,"Improves health-information systems, clinical data interoperability, health analytics, and digital healthcare workflows."
L073,P16,Technical Documentation and Learning,F06,IT Support,ABBYY FineReader; Adobe Acrobat; Adobe Sign; Alfresco; Apache Kafka; Automation Anywhere; AWS; Azure; Azure AI Document Intelligence; Azure Logic Apps; Blue Prism; Box; Docker; Document classification; Document management system; DocuSign; DocuWare; Dropbox Business; eDiscovery; Egnyte; Elasticsearch; GDPR; Git; Google Cloud Platform; Google Drive; Google Workspace; Hyland OnBase; IBM FileNet; iManage; ISO 15489; JSON; Kofax; Kubernetes; Laserfiche; M-Files; Metadata; Microsoft 365; Microsoft Excel; Microsoft OneDrive; Microsoft Power Apps; Microsoft Power Automate; Microsoft Purview; Microsoft Search; Microsoft SharePoint; Microsoft Syntex; Microsoft Teams; NetDocuments; OCR; OpenText Content Suite; OpenText Documentum; PDF; PostgreSQL; Power BI; Python; records management; REST APIs; retention schedules; ServiceNow; SharePoint Online; Solr; SQL; Tableau; Taxonomy; Terraform; Tesseract; UiPath; XML; Zapier,Manage document repositories; define metadata/taxonomy; configure workflows; apply retention policies; support OCR; manage access; improve search; support eDiscovery and records compliance.,"Organizes, governs, digitizes, stores, retrieves, retains, and automates enterprise documents and records."
L074,P16,Technical Documentation and Learning,F06,IT Support,Apache Kafka; API Gateway; AWS; AWS Well-Architected Framework; Azure; Azure DevOps; Azure Well-Architected Framework; C#; Cloud computing; Confluence; CRM; Databricks; Datadog; Docker; Freshdesk; Gainsight; Git; GitHub; GitLab; Google Cloud Platform; Grafana; HubSpot; incident management; Intercom; ITIL; Java; Jira; JSON; Kubernetes; Looker; Microsoft Dynamics 365; Microsoft Excel; Microsoft PowerPoint; Microsoft Teams; MongoDB; MuleSoft; New Relic; NGINX; OAuth 2.0; OpenID Connect; Opsgenie; Oracle CX; PagerDuty; PostgreSQL; Postman; Power BI; Prometheus; Python; React; REST APIs; Salesforce; Salesforce development; SAP; Security tools; ServiceNow; ServiceNow Customer Service Management; SLA; Slack; SLO; Snowflake; Splunk; SQL; SSO; Tableau; Technical support; Terraform; Totango; Zendesk,Conduct technical reviews; manage escalations; analyze service health; advise customers; coordinate internal teams; support onboarding; track success plans; communicate technical risks.,"Provides technical, customer-facing guidance to support adoption, service health, product use, escalations, and account outcomes."
L075,P16,Technical Documentation and Learning,F06,IT Support,Adobe FrameMaker; Adobe RoboHelp; Ansible; Antora; API documentation; AsciiDoc; AsyncAPI; AWS; Azure; Azure DevOps; Bash; Camtasia; Confluence; CSS; Diagrams; DITA; Docker; Docusaurus; Draw.io / diagrams.net; Figma; Git; GitBook; GitHub; GitLab; Google Cloud Platform; GraphQL; gRPC; HTML; Hugo; JavaScript; Jekyll; Jira; JSON; Kubernetes; Loom; Lucidchart; MadCap Flare; Markdown; Mermaid; Microsoft SharePoint; Microsoft Visio; Microsoft Word; MkDocs; OpenAPI / Swagger; Oxygen XML Editor; Paligo; PlantUML; Postman; Postman collections; Power BI; Python; PyTorch; ReadMe; Redocly; REST APIs; Salesforce; SAP; ServiceNow Knowledge; Snagit; Sphinx; SQL; Stoplight; SwaggerHub; Tableau; Technical writing; TensorFlow; Terraform; Visual Studio Code; XML; YAML,Write guides; create API documentation; maintain knowledge bases; publish release notes; create diagrams; document configurations; work with engineers; maintain docs-as-code content.,"Produces accurate and usable technical documentation for products, platforms, APIs, systems, and users."
L076,P16,Technical Documentation and Learning,F06,IT Support,Adobe Captivate; Ansible; Apache Kafka; Articulate 360; AWS Skill Builder; Azure Learn; Blackboard; Camtasia; Canvas LMS; Confluence; Cornerstone OnDemand; Cybersecurity tools; Docebo; Docker; Documentation; E-learning; Git; Google Cloud Skills Boost; Hands-on labs; Jira; Kahoot!; Kubernetes; Learning Experience Platform; Learning management system; LMS; Loom; LXP; MentiMeter; Microsoft 365; Microsoft Excel; Microsoft PowerPoint; Microsoft SharePoint; Microsoft Teams; Miro; Moodle; OBS Studio; Power BI; Python; PyTorch; Rise; Salesforce development; Salesforce Trailhead; SAP; SAP SuccessFactors Learning; SCORM; Screen recording; ServiceNow Now Learning; Slack; Slido; SQL; Storyline; Tableau; TalentLMS; Technical training; TensorFlow; Terraform; Virtual classroom; xAPI; Zoom,Develop curricula; create learning content; run workshops; deliver virtual/classroom training; build labs; assess learners; update materials; measure adoption and learning outcomes.,"Designs and delivers technical learning programs, hands-on labs, courses, assessments, and adoption training."
L077,P17,User and Application Support,F06,IT Support,ActiveMQ; Ansible; Apache Kafka; AppDynamics; Application logs; AWS; Azure; Azure DevOps; Bash; Confluence; Datadog; Docker; Dynatrace; ELK Stack; Figma; Git; Google Cloud Platform; Grafana; IBM MQ; IIS; incident management; ITIL; JBoss / WildFly; Jenkins; Jira; Jira Service Management; JSON; Kubernetes; Linux; Microsoft Dynamics 365; Microsoft Excel; Microsoft SQL Server; MongoDB; New Relic; NGINX; OpenAPI / Swagger; Opsgenie; Oracle Database; Oracle E-Business Suite; PagerDuty; PostgreSQL; Postman; Power BI; PowerShell; Prometheus; Python; PyTorch; RabbitMQ; Redis; REST APIs; Salesforce; SAP; Sentry; ServiceNow; SLA; SOAP; SoapUI; Splunk; SQL; Tableau; TensorFlow; Terraform; Tomcat; WebLogic; Windows Server; Workday; XML,Resolve tickets; investigate errors; analyze logs; query data; validate interfaces; coordinate with developers/vendors; maintain knowledge articles; support release validation.,"Supports business applications in production through incident resolution, SQL/log analysis, configuration, user support, and escalation."
L078,P17,User and Application Support,F06,IT Support,Acronis; Active Directory; AnyDesk; Apache Kafka; Apple Business Manager; Asset management; AWS; Azure; Bash; BeyondTrust Remote Support; BIOS; BitLocker; Bomgar; Clonezilla; CPUs; CrowdStrike; Dell Command; Dell OpenManage; Desktop computers; Device drivers; Docker; ESD protection; Ethernet; FileVault; GPUs; HDD; HPE iLO; Hyper-V; iDRAC; Imaging; Jamf Pro; Kubernetes; Laptops; Lenovo Vantage; Linux; macOS; Microsoft Defender; Microsoft Deployment Toolkit; Microsoft Endpoint Configuration Manager; Microsoft Intune; Motherboards; Multimeter; PC hardware; PowerShell; Printers; PRTG; PXE boot; Python; RAID; RAM; Remote Desktop; Scanners; SCCM; ServiceNow; SolarWinds; SQL; SSD; TCP/IP; TeamViewer; Terraform; UEFI; USB; Veeam; VMware; Wi-Fi; Windows 10/11; Windows Autopilot; Windows Server; Wireshark,Diagnose hardware; replace components; image devices; repair printers/peripherals; install drivers; manage inventory; perform physical maintenance; document repairs.,"Installs, repairs, upgrades, tests, and maintains end-user computers, peripherals, and related physical devices."
L079,P17,User and Application Support,F06,IT Support,Active Directory; Adobe Acrobat; AnyDesk; Apple Business Manager; Asset management; AWS; Azure; Azure Virtual Desktop; Bash; BeyondTrust; BitLocker; Bomgar; Chrome Enterprise; Citrix Virtual Apps and Desktops; Citrix Workspace; CrowdStrike; DHCP; DNS; Docker; Exchange Online; Firefox Enterprise; Google Workspace; Group Policy; Hyper-V; Ivanti; Jamf Pro; Jira Service Management; Kubernetes; Linux server administration; macOS; ManageEngine Endpoint Central; Microsoft 365; Microsoft Defender; Microsoft Defender for Endpoint; Microsoft Deployment Toolkit; Microsoft Endpoint Configuration Manager; Microsoft Entra ID; Microsoft Intune; Microsoft Office; Microsoft OneDrive; Microsoft SharePoint; Microsoft Teams; Outlook; Power BI; PowerShell; Printers; PRTG; PXE; Python; Remote Desktop; SCCM; SentinelOne; ServiceNow; ServiceNow CMDB; Slack; SolarWinds; SQL; Tanium; TCP/IP; TeamViewer; VMware; VMware Horizon; VPN; Wi-Fi; Windows 10/11; Windows 365; Windows Autopilot; Wireshark; Zoom,Configure devices; resolve Microsoft 365 issues; manage Intune/SCCM/Jamf; support printers and VPNs; handle user access; deploy software; provide remote support.,"Supports end-user desktop environments, endpoints, productivity tools, identity access, mobile devices, and local connectivity."
L080,P17,User and Application Support,F06,IT Support,Active Directory; AnyDesk; Apache Kafka; Asset management; AWS; Azure; Bash; BitLocker; BMC Helix ITSM; Citrix Workspace; Confluence; CrowdStrike; DNS; Docker; Duo Security; FileVault; Freshdesk; Freshservice; Google Workspace; HubSpot Service Hub; Intercom; ITIL; Ivanti Neurons; Jamf Pro; Jira Service Management; Knowledge base; Kubernetes; Linux; macOS; ManageEngine ServiceDesk Plus; MFA; Microsoft 365; Microsoft Authenticator; Microsoft Defender; Microsoft Entra ID; Microsoft Excel; Microsoft Intune; Microsoft SharePoint; Microsoft Teams; Okta; Opsgenie; Outlook; PagerDuty; Password reset; Postman; PowerShell; Printers; Remote Desktop; Salesforce Service Cloud; SCCM; ServiceNow; ServiceNow CMDB; Slack; SQL; TCP/IP; TeamViewer; Terraform; VMware Horizon; VPN; Wi-Fi; Windows 10/11; Zendesk; Zoho Desk; Zoom,Log tickets; reset passwords; resolve basic access/device/software issues; provide user guidance; use knowledge bases; route incidents; communicate status; document solutions.,"Provides first-line technical support, triage, standard requests, and user guidance through ticketing, phone, chat, or email channels."
L081,P17,User and Application Support,F06,IT Support,Active Directory; Ansible; Apache HTTP Server; Apache Kafka; ArchiMate; AWS; AWS Systems Manager; Azure; Azure Automation; Azure Virtual Desktop; Bash; Citrix Workspace; CrowdStrike; Datadog; DHCP; DNS; Docker; ELK Stack; Figma; Git; GitHub Actions; GitLab CI/CD; Google Cloud Platform; Grafana; HashiCorp Vault; Helm; Hyper-V; IIS; Jamf Pro; Jenkins; Jira; JSON; Kubernetes; Linux; macOS; Microsoft Defender for Endpoint; Microsoft Endpoint Configuration Manager; Microsoft Entra ID; Microsoft Intune; Microsoft SQL Server; MongoDB; MySQL; Nessus; New Relic; NGINX; Opsgenie; Oracle Database; PagerDuty; PostgreSQL; Postman; Power BI; PowerShell; Prometheus; Python; PyTorch; RabbitMQ; Redis; REST APIs; Salesforce; SAP; ServiceNow; Splunk; SQL; Tableau; TCP/IP; TensorFlow; Terraform; TOGAF; Tomcat; Veeam; VMware Horizon; VMware vSphere; VPN; Windows 10/11; Windows Server; Wireshark; XML,Diagnose complex incidents; analyze logs; script support tasks; support servers/endpoints; manage monitoring; troubleshoot APIs/networks; improve runbooks; coordinate escalations.,"Resolves complex user, application, infrastructure, endpoint, and operational support issues while automating recurring support work."
L082,P18,Computer Network Engineering,F07,Networks and Telecommunications,Active Directory; Ansible; Apache Kafka; Aruba Central; ArubaOS; AWS; Azure; Check Point Gaia; Cisco AnyConnect; Cisco Catalyst; Cisco DNA Center; Cisco IOS; Cisco ISE; Cisco Meraki; Cisco Prime Infrastructure; Datadog; DHCP; DNS; Docker; ELK Stack; Ethernet; F5 BIG-IP; Firewall administration; Fortinet FortiOS; Git; GlobalProtect; Google Cloud Platform; Grafana; HPE Aruba Networking; IPFIX; IPsec; IPv4; IPv6; Juniper Junos; Kerberos; Kubernetes; LDAP; Linux; LogicMonitor; ManageEngine OpManager; Microsoft Entra ID; NAC; Nagios; NetFlow; Netmiko; Network access control; Network monitoring; NGINX; Nornir; OpenVPN; OPNsense; Palo Alto PAN-OS; Palo Alto Prisma Access; pfSense; PostgreSQL; PowerShell; Prometheus; PRTG; Python; RADIUS; Routing; SASE; ServiceNow; sFlow; SNMP; SolarWinds; SonicWall; Splunk; SSH; SSL VPN; Switching; TACACS+; TCP/IP; Terraform; Ubiquiti UniFi; VLAN; VPN; Wi-Fi; Windows Server; Wireshark; Zabbix; Zscaler,Configure switches/routers; manage DHCP/DNS; maintain VPN and Wi-Fi; monitor networks; manage user access; handle incidents; maintain device configurations.,"Maintains daily operation of network devices, connectivity, addressing, wireless, access, monitoring, and routine network services."
L083,P18,Computer Network Engineering,F07,Networks and Telecommunications,Amazon VPC; Ansible; Apache Kafka; ArchiMate; Aruba Central; Aruba ClearPass; Aruba Wireless; AWS; AWS Cloud WAN; AWS Direct Connect; AWS PrivateLink; AWS Transit Gateway; Azure ExpressRoute; Azure Firewall; Azure Private Link; Azure Virtual Network; Azure Virtual WAN; BGP; Calico; Cilium; Cisco; Cisco ACI; Cisco Catalyst; Cisco DNA Center; Cisco ISE; Cisco Meraki; Cisco Nexus; Cisco SD-WAN / Viptela; Cisco Wireless; Cloud Router; Cloud VPN; Cloudflare; data-centre networking; DHCP; DNS; Ekahau; Enterprise Architect; Equinix Fabric; EVPN; F5 BIG-IP; Fibre Channel; Firewalls; Fortinet Secure SD-WAN; Git; Go; Google Cloud Interconnect; Google Cloud Platform; Google Cloud VPC; Grafana; Internet Exchange; IPsec; IPv4; IPv6; IS-IS; Istio; Juniper; Juniper Apstra; Juniper Contrail; Kubernetes CNI; Load balancing; Lucidchart; Megaport; Microsoft Azure; MPLS; multicast; NETCONF; NetFlow; Netmiko; Netskope; Network architecture; Network automation; Network segmentation; Nornir; OpenConfig; OSPF; Palo Alto Networks; Palo Alto Prisma Access; Power BI; Prometheus; Python; QoS; REST APIs; RESTCONF; SASE; SD-WAN; SDN; ServiceNow CMDB; SNMP; Snowflake; spine-leaf; Splunk; SSE; Syslog; Tableau; TCP/IP; Terraform; TOGAF; Versa Networks; Visio; VLAN; VMware NSX; VMware SD-WAN; VoIP; VPN; VXLAN; WebRTC; Wi-Fi 6 / Wi-Fi 6E / Wi-Fi 7; YANG; Zero Trust; Zscaler,Define target architectures; plan routing/segmentation; design cloud connectivity; select network platforms; create standards; plan capacity; review network designs; guide migrations.,"Designs scalable, resilient, secure network architectures across campus, data centre, WAN, cloud, wireless, and remote-access environments."
L084,P18,Computer Network Engineering,F07,Networks and Telecommunications,Active Directory; Ansible; Apache Kafka; Aruba Wireless; ArubaOS; AWS Direct Connect; AWS Transit Gateway; AWS VPC; Azure ExpressRoute; Azure Virtual WAN; Azure VNet; Bash; BGP; Calico; Check Point Gaia; Cilium; Cisco ACI; Cisco Catalyst; Cisco IOS; Cisco ISE; Cisco Meraki; Cisco Nexus; Cisco Wireless; Cloud Interconnect; Datadog; DHCP; DNS; Docker; ELK Stack; EVPN; F5 BIG-IP; Firewalls; Fortinet FortiOS; Git; Google Cloud VPC; Grafana; HAProxy; HSRP; IPFIX; IPsec; IPv4; IPv6; Jira; Juniper Junos; Kubernetes; LACP; LDAP; Linux; Microsoft Entra ID; MPLS; multicast; Nagios; NETCONF; NetFlow; Netmiko; Network monitoring; NGINX; Nornir; OSPF; Palo Alto PAN-OS; PostgreSQL; Power BI; PowerShell; Prometheus; PRTG; Python; QoS; RADIUS; REST APIs; RESTCONF; Routing; RSTP; SD-WAN; SDN; ServiceNow; sFlow; SNMP; SolarWinds; Splunk; STP; Switching; Syslog; TACACS+; TCP/IP; tcpdump; Terraform; Terraform Cloud; TOGAF; VLAN; VMware NSX; VPN; VRRP; VXLAN; wireless networking; Wireshark; YANG; Zabbix,Implement routing/switching; configure firewalls and VPNs; troubleshoot BGP/OSPF/VLAN issues; automate device changes; monitor performance; support upgrades; document topology.,"Deploys, configures, automates, troubleshoots, and improves production network infrastructure."
L085,P18,Computer Network Engineering,F07,Networks and Telecommunications,Active Directory; Ansible; Aruba Central; Aruba ClearPass; AWS; Azure; Bash; BGP; Cisco AnyConnect; Cisco Catalyst; Cisco IOS; Cisco ISE; Cisco Meraki; Citrix Workspace; Datadog; DHCP; dig; DNS; Docker; ELK Stack; Ethernet; Fortinet FortiOS; Git; GlobalProtect; Google Cloud Platform; Grafana; ipconfig; Jamf Pro; Jira Service Management; Kubernetes; Linux; ManageEngine OpManager; Microsoft Entra ID; Microsoft Intune; MPLS; Nagios; NetFlow; netstat; nslookup; OpenVPN; Opsgenie; OSPF; PagerDuty; Palo Alto PAN-OS; ping; PowerShell; Prometheus; PRTG; Python; RADIUS; Remote Desktop; Routing basics; SCCM; SD-WAN; ServiceNow; ServiceNow CMDB; SolarWinds; SonicWall; Splunk; SSH; Switching basics; TACACS+; TCP/IP; tcpdump; Terraform; traceroute; Ubiquiti UniFi; VLAN; VMware Horizon; VPN; Wi-Fi; Windows; Wireshark; Zabbix,Triage connectivity tickets; troubleshoot DNS/DHCP/Wi-Fi/VPN; monitor alerts; perform basic configuration; collect diagnostics; communicate with users; escalate complex issues.,"Provides operational support for connectivity problems, user network issues, monitoring alerts, and network-service incidents."
L086,P18,Computer Network Engineering,F07,Networks and Telecommunications,Access points; Active Directory; Ansible; Aruba access points; Asset management; AWS; Azure; Bash; BGP; Cable testing; Cat5e/Cat6/Cat6a cabling; Cisco Catalyst; Cisco console cable; Cisco IOS basics; Cisco Meraki; DHCP; DNS; Ekahau; Ethernet; Fibre Channel; Fibre optics; Fibre termination; Firewalls; Fluke Networks tools; Fortinet FortiSwitch; GCP; HPE iLO; iDRAC; IPv4; Kubernetes; KVM over IP; Linux; Microsoft Excel; MPLS; NetAlly; NetSpot; OSPF; Palo Alto firewalls; Patch panels; PDU; PoE; PowerShell; PRTG; PuTTY; Rack mounting; RADIUS; Remote support tools; RJ45; Routers; SecureCRT; ServiceNow; ServiceNow CMDB; SFP/SFP+/QSFP; SolarWinds; Splunk; SSH; Switches; TCP/IP; Terraform; Ubiquiti UniFi; UPS; VLAN; VPN; Wi-Fi; Windows; Wireshark,Pull and test cables; install switches/APs; rack equipment; label ports; replace hardware; test fibre; update asset records; perform basic connectivity checks.,"Installs and maintains physical network infrastructure, cabling, network-edge equipment, access points, and basic device configurations."
L087,P19,Telecommunications Engineering,F07,Networks and Telecommunications,4G LTE; 5G; 8x8; Amazon Connect; Apache Kafka; Asterisk; Avaya Aura; Avaya IP Office; AWS; Azure; BSS; Call detail records; Carrier management; CDR; Cisco CUCM; Cisco Unified Communications Manager; Cisco Unity Connection; Cisco Webex; Data analysis; Docker; Ericsson; Five9; FreePBX; GCP; Genesys Cloud; Git; Grafana; Huawei telecom equipment; IMS; Jira; JSON; Kubernetes; Lucidchart; Microsoft Dynamics 365; Microsoft Excel; Microsoft Teams Phone; NICE CXone; Nokia; Oracle Communications; Oracle ERP; OSS; PBX; PostgreSQL; Power BI; Prometheus; PRTG; Python; R; REST APIs; RingCentral; Salesforce; SAP; SBC; ServiceNow; Session Border Controller; SIP; SIPp; SLA; SolarWinds; Splunk; SQL; SQL Server; Tableau; Telecom expense management; Telecommunications; Telecommunications inventory; TEM; Terraform; Twilio; Unified communications; Visio; VoIP; Wireshark; XML; Zoom Phone,Analyze CDRs; monitor service quality; assess carrier invoices; manage telecom inventories; prepare reports; gather telecom requirements; support vendor and contract decisions.,"Analyzes telecom services, carriers, voice/data usage, call quality, costs, contracts, inventories, and service levels."
L088,P19,Telecommunications Engineering,F07,Networks and Telecommunications,3GPP; 4G; 5G Core; 5G NR; 8x8; Amazon Connect; Ansible; Asterisk; AudioCodes; Avaya Aura; Avaya IP Office; AWS; Azure; Bash; BGP; Cisco CUBE; Cisco CUCM; Cisco IOS; Cisco Unified Communications Manager; Cisco Webex; DHCP; DNS; Docker; DWDM; ELK Stack; EPC; Ericsson; Ethernet; Fibre optics; Five9; FreePBX; FTTH; GCP; Genesys Cloud; Git; GPON; Grafana; Huawei; ICE; IMS; Juniper Junos; Kafka; Kubernetes; Linux; LTE; Microsoft Teams Phone; microwave links; MPLS; Nagios; NETCONF; Netmiko; network analyzer; NICE CXone; Nokia; Nornir; O-RAN; optical transport network; Oracle Communications Session Border Controller; OSPF; OSS/BSS; OTN; PBX; PostgreSQL; Power BI; Prometheus; PRTG; Python; QoS; RAN; REST APIs; RF engineering; Ribbon Communications; RingCentral; Routing; RTP; Salesforce; SAP; SBC; SD-WAN; SDN; SDP; Session Border Controller; SIP; SIPp; SolarWinds; spectrum analysis; Splunk; STUN; Switching; Tableau; TCP/IP; Telecommunications; Terraform; TURN; Twilio; Unified communications; VLAN; VoIP; VPN; WebRTC; Wireshark; YANG; Zabbix; Zoom Phone,Configure PBX/SIP/SBC systems; troubleshoot voice quality; deploy unified communications; optimize QoS; support LTE/5G/fibre systems; test telecom integrations; manage carrier connectivity.,"Designs, integrates, tests, optimizes, and supports voice, video, mobile, carrier, fibre, and communication-network systems."
L089,P20,Agile Product and Project Delivery,F08,Software Engineering,Acceptance criteria; accessibility; Agile; Aha!; Amplitude; Asana; AWS; Azure; Azure DevOps; BigQuery; C#; ClickUp; Confluence; Cybersecurity tooling; Databricks; Docker; Dovetail; Feature flags; Figma; FullStory; GA4; GCP; GDPR; GitHub Actions; GitHub Projects; GitLab Issues; Google Analytics; GraphQL; Heap; Hotjar; HubSpot; Java; Jenkins; Jira; Jira Product Discovery; JSON; Kafka; Kanban; Kubernetes; LaunchDarkly; Looker; Maze; Microsoft Excel; Microsoft Teams; Miro; Mixpanel; Monday.com; Notion; Optimizely; Pendo; PostgreSQL; Postman; Power BI; PowerPoint; Product analytics; Product backlog; Product discovery; Product roadmap; Productboard; Python; Qlik Sense; REST APIs; Salesforce; Scrum; Segment; ServiceNow; Slack; Snowflake; SQL; Swagger / OpenAPI; Tableau; Terraform; Trello; Twilio Segment; Unleash; User stories; UserTesting; WCAG,Define vision; conduct discovery; prioritize backlog; build roadmaps; write product requirements; analyze product metrics; align stakeholders; validate outcomes.,"Owns product direction, prioritization, roadmap, user value, and product outcomes for a digital or IT product."
L090,P20,Agile Product and Project Delivery,F08,Software Engineering,Adobe Sign; Agile; Asana; AWS; Azure; Azure Boards; Azure DevOps; Budget management; CA Agile Central; CI/CD; ClickUp; COBIT; Confluence; Cybersecurity and compliance tracking; Databricks; Docker; DocuSign; Gantt chart; GCP; Git; Google Workspace; ITIL; Jira; Jira Align; Kafka; Kanban; Kubernetes; Lean; Looker; Lucidchart; Microsoft Dynamics 365; Microsoft Excel; Microsoft Project; Microsoft Teams; Miro; Monday.com; Notion; Oracle Primavera; Planview; PMI / PMBOK; Power BI; PowerPoint; Primavera P6; PRINCE2; Project planning; Python; RAID log; Rally; Resource management; Risk management; Salesforce; SAP Project System; SAP S/4HANA; Scrum; ServiceNow; SharePoint; Six Sigma; Slack; Smartsheet; Snowflake; SQL; Stakeholder management; Tableau; Terraform; Trello; Vendor management; Visio; Waterfall; Wrike; Zoom,Build project plans; manage budget and schedule; track risks; coordinate teams/vendors; report status; manage dependencies; run governance; ensure delivery milestones.,"Plans and governs IT project delivery across scope, schedule, budget, risks, resources, dependencies, and stakeholders."
L091,P20,Agile Product and Project Delivery,F08,Software Engineering,Agile; Asana; AWS; Azure; Azure Boards; Azure DevOps; Backlog refinement; Burndown chart; CA Agile Central; ClickUp; Confluence; Cumulative flow diagram; Cybersecurity tooling; Daily Scrum; DevOps metrics; Docker; DORA metrics; EasyRetro; FunRetro; GCP; Git; GitHub Actions; GitHub Projects; GitLab CI/CD; GitLab Issues; Google Sheets; Jenkins; Jira; Jira Align; Kafka; Kanban; Kanban Method; Kubernetes; Lean; LeSS; Looker; MentiMeter; Microsoft Excel; Microsoft Power Automate; Microsoft Project; Microsoft Teams; Miro; Monday.com; Mural; Notion; Parabol; Planview; Power BI; Rally; Retrium; Retrospective; SAFe; Salesforce; SAP; Scrum; Scrum@Scale; ServiceNow Agile Development; Slack; Slack workflow automation; Smartsheet; Sprint planning; Sprint Review; SQL; Story points; Tableau; Targetprocess; Terraform; Trello; User stories; Velocity; VersionOne / Digital.ai Agility,Facilitate ceremonies; remove impediments; coach agile practices; track delivery metrics; support backlog refinement; improve team flow; run retrospectives; protect team focus.,"Facilitates Scrum/agile practices and helps teams improve flow, collaboration, delivery discipline, and continuous improvement."
L092,P21,Digital Interface and User Experience,F08,Software Engineering,3ds Max; Adobe Illustrator; Adobe Photoshop; Apache Kafka; Aseprite; AWS; Azure; Blender; Blueprint; C#; C++; Confluence; Docker; Epic Online Services; Figma; Firebase; FMOD; Game design; Game design document; Game mechanics; GameAnalytics; GameMaker Studio; Gameplay design; GDD; Git; GitHub; GitLab; Godot; Google Cloud Platform; Grafana; Ink; Jira; Jira Product Discovery; Kubernetes; Level design; Lua; Maya; Miro; MongoDB; Mural; Nakama; Notion; Perforce; Photon; Plastic SCM; PlayFab; PostgreSQL; Prometheus; Prototyping; Python; Roblox Studio; RPG Maker; Spine; Steamworks; Substance 3D Painter; Terraform; Tiled; Trello; Twine; Unity; Unity Addressables; Unity Analytics; Unity Editor; Unity Input System; Unity UI Toolkit; Unreal Blueprints; Unreal C++; Unreal Engine; Unreal Engine 4; Unreal Engine 5; Visual Studio; Visual Studio Code; Wwise; Yarn Spinner; ZBrush,Design gameplay; create levels; document rules; balance economies; prototype mechanics; analyze player feedback; collaborate with artists/developers; refine player journeys.,"Defines game mechanics, levels, systems, progression, narrative, economy, and player experience."
L093,P21,Digital Interface and User Experience,F08,Software Engineering,accessibility design; Adobe Creative Cloud; Adobe XD; Amplitude; Ant Design; Apple Human Interface Guidelines; AWS; Axure RP; Azure; Balsamiq; Bootstrap; Chakra UI; Confluence; Contentsquare; CSS; Design systems; Design tokens; Docker; Dovetail; FigJam; Figma; Figma Dev Mode; Figma Variables; Fluent UI; Framer; FullStory; Git; Google Analytics; Hotjar; HTML; Information architecture; Interaction design; InVision; JavaScript; Jira; Kubernetes; Lookback; Lucidchart; Marvel; Material Design; Maze; Microsoft Visio; Miro; Mixpanel; MUI; Mural; Notion; Optimal Workshop; Power BI; Principle; ProtoPie; Prototyping; Python; React; Sketch; SQL; Storybook; Tableau; Tailwind CSS; Terraform; Usability testing; User experience design; User flows; UserTesting; UX design; UXPin; WCAG; Wireframing; Zeroheight,Create user flows; design wireframes; build prototypes; define IA; run usability reviews; maintain design systems; collaborate with product/development teams; improve journeys.,"Designs end-to-end user experiences, flows, interactions, information architecture, and prototypes."
L094,P21,Digital Interface and User Experience,F08,Software Engineering,A/B testing; accessibility research; Amplitude; ATLAS.ti; Aurelius; AWS; Azure; Condens; Confluence; Contentsquare; CSS; Docker; Dovetail; dscout; EnjoyHQ; Ethnio; experimentation; FigJam; Figma; FullStory; GA4; Google Analytics; Google Sheets; Heap; Hotjar; HTML; JavaScript; Jira; Kubernetes; Lookback; Lyssna; Maze; Microsoft Clarity; Microsoft Excel; Miro; Mixpanel; Mural; Notion; NVivo; Optimal Workshop; Pandas; Power BI; PowerPoint; Python; PyTorch; Qualitative research; Qualtrics; Quantitative research; R; React; Research synthesis; Respondent; RStudio; Screen readers; Service blueprinting; SPSS; SQL; SurveyMonkey; Surveys; Tableau; TensorFlow; Typeform; Usability testing; User interviews; User journey mapping; User research; Userlytics; UserTesting; UserZoom; UX research; WCAG,Plan research; conduct interviews; run surveys; facilitate usability studies; analyze results; synthesize insights; create personas/journeys; present recommendations.,"Studies user behavior, needs, motivations, and usability through qualitative and quantitative research."
L095,P21,Digital Interface and User Experience,F08,Software Engineering,accessibility; Adobe Illustrator; Adobe Photoshop; Adobe XD; Angular; Ant Design; Apache Kafka; Apple Human Interface Guidelines; Auto layout; AWS; Azure; Bootstrap; Chakra UI; Color systems; Components; Confluence; Contentful; CSS; CSS Modules; Design systems; Design tokens; Docker; Drupal; FigJam; Figma; Figma Dev Mode; Fluent UI; Framer; FullStory; Hotjar; HTML; JavaScript; Jira; Kubernetes; LeSS; Material Design; Maze; Miro; MUI; Notion; Power BI; Principle; ProtoPie; Prototyping; Python; Radix UI; React; Responsive design; Sass; Shopify; Sketch; SQL; Storybook; Strapi; Styled Components; Tailwind CSS; Terraform; TypeScript; Typography; UI design; Visual design; Vue.js; WCAG; Webflow; WordPress; Zeplin; Zeroheight,Create UI screens; define visual hierarchy; build component libraries; manage tokens; prepare handoff; ensure responsive layouts; apply accessibility; maintain visual consistency.,"Designs visual interface systems, high-fidelity screens, reusable components, responsive states, and UI specifications."
L096,P21,Digital Interface and User Experience,F08,Software Engineering,accessibility; Adobe Illustrator; Adobe Photoshop; Adobe XD; Angular; Apache HTTP Server; Apache Kafka; AWS; Azure; Bootstrap; Canva; Cloudflare; CMS; Contentful; cPanel; CSS; Divi; Docker; Drupal; Elementor; Figma; Figma Dev Mode; Framer; Git; Google Analytics; Google Search Console; Google Tag Manager; GraphQL; GSAP; Hotjar; HTML; HubSpot CMS; JavaScript; Jira; Joomla; jQuery; Kubernetes; LeSS; Magento; Microsoft Clarity; MongoDB; MySQL; Netlify; NGINX; Node.js; Notion; PHP; Plesk; PostgreSQL; Power BI; React; Responsive web design; REST APIs; Sanity; Sass; SEO; Shopify; Sketch; Squarespace; Strapi; Tailwind CSS; Terraform; Three.js; Trello; TypeScript; Vercel; Vue.js; WCAG; Webflow; Webflow CMS; WebGL; Wix; WooCommerce; WordPress,Design pages; build CMS content; write HTML/CSS; optimize responsive behavior; apply SEO; manage assets; improve accessibility; monitor site presentation.,"Designs and often builds responsive, brand-aligned websites and webpages using web technologies and CMS/no-code tools."
L097,P22,Software Development,F08,Software Engineering,.NET MAUI; ADB; Android; Android Debug Bridge; Android Jetpack; Android NDK; Android SDK; Android Studio; Apache Kafka; Apollo GraphQL; AWS; AWS Amplify; Azure; Azure Mobile Apps; Bitrise; C++; CircleCI; Compose Multiplatform; Dagger; Dart; DataStore; Docker; Espresso; Fastlane; Firebase; Firebase Analytics; Firebase Authentication; Firebase Cloud Messaging; Firebase Crashlytics; Flow; Flutter; Git; GitHub Actions; GitLab CI/CD; Google Maps SDK; Google Play Billing; Google Play Console; Gradle; GraphQL; gRPC; Hilt; Java; Jenkins; Jetpack Compose; JSON; JUnit; Koin; Kotlin; Kotlin Coroutines; Kotlin Multiplatform; Ktor; Kubernetes; LiveData; MongoDB Realm; Navigation Component; Node.js; OkHttp; OWASP Mobile Top 10; PostgreSQL; Power BI; ProGuard; R8; React Native; Realm; REST APIs; Retrofit; Room; RxJava; RxKotlin; Salesforce; SAP; Snyk; SonarQube; Spring Boot; SQLite; Tableau; Terraform; ViewModel; WebSockets; WorkManager; Xamarin; XML layouts,Develop Android features; design mobile UI; integrate APIs; manage local storage; implement push notifications; test apps; fix defects; publish to Google Play.,"Builds, tests, releases, and maintains Android applications."
L098,P22,Software Development,F08,Software Engineering,.NET; ActiveMQ; Actix Web; Amazon SQS; Angular; Ansible; Apache Kafka; Apigee; ASP.NET Core; Authentication; AWS; AWS Lambda; Azure; Azure Functions; Azure Service Bus; C#; Cassandra; Cloud Run; Django; Docker; DynamoDB; Echo; Elasticsearch; ELK Stack; Entity Framework; Express.js; FastAPI; Figma; Flask; Flyway; Gin; Git; GitHub Actions; GitLab CI/CD; Go; Google Cloud Platform; Google Pub/Sub; Grafana; GraphQL; gRPC; Helm; Hibernate; Java; JavaScript; Jenkins; JPA; JSON; JWT; Koa; Kong; Kubernetes; Laravel; Linux; Liquibase; MongoDB; MySQL; NATS; Neo4j; NestJS; NGINX; Node.js; OAuth 2.0; OpenAPI / Swagger; OpenID Connect; OpenSearch; OpenTelemetry; Oracle Database; ORM; PostgreSQL; Postman; Power BI; Prisma; Prometheus; Python; RabbitMQ; React; Redis; REST APIs; Ruby on Rails; Rust; Sequelize; Snyk; SOAP; SonarQube; Spring Boot; Spring Framework; SQL; SQL Server; SQLAlchemy; Symfony; Tableau; Terraform; Testing; Trivy; TypeScript; Unity; Unreal Engine; Vue.js,Develop APIs; implement services; design schemas; integrate systems; secure endpoints; optimize performance; write tests; deploy backend services.,"Builds server-side applications, APIs, databases, integrations, authentication, and business logic."
L099,P22,Software Development,F08,Software Engineering,.NET; Amazon API Gateway; Amazon EventBridge; Amazon RDS; Amazon S3; Amazon SNS; Amazon SQS; Apache Kafka; Apigee; Argo CD; ASP.NET Core; AWS; AWS CloudFormation; AWS CloudWatch; AWS ECS; AWS EKS; AWS Fargate; AWS Lambda; AWS Secrets Manager; AWS Step Functions; Azure API Management; Azure App Service; Azure Blob Storage; Azure Container Apps; Azure Cosmos DB; Azure DevOps; Azure Event Grid; Azure Functions; Azure Key Vault; Azure Kubernetes Service; Azure Monitor; Azure Resource Manager; Azure Service Bus; Azure SQL Database; Bicep; C#; CI/CD; Cloud Functions; Cloud Logging; Cloud SQL; Cloud Storage; Cloud-native development; Datadog; Django; Docker; DynamoDB; Elasticsearch; Express.js; FastAPI; Figma; Firestore; Flux CD; Git; GitHub Actions; GitLab CI/CD; Go; Google Cloud Platform; Google Cloud Run; Google Kubernetes Engine; Google Pub/Sub; Grafana; GraphQL; gRPC; HashiCorp Vault; Helm; Java; Jenkins; Kubernetes; microservices; Microsoft Azure; MongoDB; NATS; NestJS; New Relic; Node.js; OAuth 2.0; Observability; OIDC; OpenAPI / Swagger; OpenTelemetry; PostgreSQL; Power BI; Prometheus; Pulumi; Python; RabbitMQ; Redis; REST APIs; Salesforce; SAP; serverless; Spring Boot; Tableau; Terraform; Terraform Cloud; TypeScript; Unity; Windows desktop tooling,Build cloud services; develop serverless functions; integrate managed databases/queues; deploy containers; automate delivery; instrument observability; optimize cloud resources.,"Builds cloud-native applications using managed services, serverless functions, containers, eventing, and cloud data platforms."
L100,P22,Software Development,F08,Software Engineering,.NET; .NET MAUI; Active Directory; Apache Kafka; Auto-update systems; Avalonia UI; AWS; Azure; C#; C++; ClickOnce; CMake; Dart; Datadog; Docker; Electron; Electron Forge; Entity Framework; Flutter; Git; GitHub Actions; GitLab CI/CD; Google Cloud Platform; Gradle; GTK; Hibernate; InstallShield; Java; JavaFX; JavaScript; Jenkins; Kotlin; Kotlin Multiplatform; Kubernetes; Linux; macOS; Maven; Microsoft Entra ID; MongoDB; MSBuild; MSI; npm; NuGet; OAuth 2.0; OpenID Connect; PostgreSQL; Power BI; PyQt; PySide; Python; Qt; React Native for Windows; Redis; REST APIs; Rust; Sentry; Snyk; SonarQube; SQL; SQLAlchemy; SQLite; Squirrel; Swing; Tableau; Tauri; Terraform; Tkinter; TypeScript; Unity; UWP; Visual Studio; Visual Studio Code; VS Code; WebView2; Windows; WinForms; WinUI; WiX Toolset; WPF; wxPython; Xcode,Develop desktop UI; integrate local/system services; manage installers; implement updates; store local data; connect APIs; test on target operating systems; fix defects.,"Builds installable desktop applications for Windows, macOS, Linux, or cross-platform environments."
L101,P22,Software Development,F08,Software Engineering,accessibility; Angular; Ant Design; Apache Kafka; Apollo Client; AWS Amplify; axe-core; Bootstrap; C#; Chakra UI; Cloudflare; CSS; CSS Flexbox; CSS Grid; CSS Modules; Cypress; Datadog RUM; Docker; Emotion; ESLint; Express.js; Figma; Figma Dev Mode; Firebase; Gatsby; Git; GitHub Actions; GitLab CI/CD; Google Analytics; GraphQL; HTML; Java; JavaScript; Jest; JSON; Kubernetes; LeSS; Lighthouse; MobX; MongoDB; MUI; Netlify; Next.js; Node.js; npm; Nuxt; Playwright; PostgreSQL; Power BI; Prettier; Radix UI; React; React Router; React Testing Library; Redux; Redux Toolkit; Remix; Responsive design; REST APIs; SAP; Sass; Segment; Selenium; Sentry; Storybook; Styled Components; Supabase; Svelte; SvelteKit; Tailwind CSS; TanStack Query; Terraform; Testing; TypeScript; TypeScript ESLint; Vercel; Vite; Vitest; Vue.js; WCAG; Web Vitals; Webpack; Zustand,Implement UI components; consume APIs; manage client state; style responsive pages; improve accessibility; write frontend tests; optimize performance; fix browser defects.,"Builds browser-based user interfaces, client-side logic, reusable components, and responsive accessible web experiences."
L102,P22,Software Development,F08,Software Engineering,Angular; Apache Kafka; Apollo; ASP.NET Core; Authentication; AWS; AWS Lambda; Azure; Azure Functions; C#; CI/CD; Cloud Run; CSS; Cypress; Django; Docker; Drizzle ORM; DynamoDB; Elasticsearch; Embedded C; Express.js; FastAPI; Firebase; Flask; Git; GitHub Actions; GitLab CI/CD; Go; Google Cloud Platform; Grafana; GraphQL; gRPC; Hasura; Helm; HTML; Java; JavaScript; Jenkins; Jest; JSON; JWT; Kubernetes; Laravel; MongoDB; MySQL; NestJS; Netlify; Next.js; NGINX; Node.js; Nuxt; OAuth 2.0; OpenAPI; OpenTelemetry; Playwright; PostgreSQL; Postman; Power BI; Prisma; Prometheus; Python; RabbitMQ; React; Redis; REST APIs; Ruby on Rails; Salesforce; SAP; Sentry; Sequelize; Snyk; SonarQube; Spring Boot; SQL; SQL Server; Supabase; SvelteKit; Tableau; Terraform; Testing; TypeORM; TypeScript; Unity; Unreal Engine; Vercel; Vitest; Vue.js,Deliver end-to-end features; implement UI and APIs; design data models; integrate authentication; write tests; deploy applications; troubleshoot full application flows.,"Builds both frontend and backend parts of web applications, including interfaces, APIs, data storage, and deployment."
L103,P22,Software Development,F08,Software Engineering,.NET; ActiveMQ; Ansible; Apache Kafka; API Gateway; Apigee; ArchiMate; Argo CD; AWS; AWS CloudFormation; AWS EKS; AWS Lambda; AWS Secrets Manager; Azure; Azure Functions; Azure Key Vault; Azure Kubernetes Service; Bicep; C#; C4 model; Cassandra; Cloud architecture; Cloud Run; Confluence; CQRS; Databricks; Datadog; DDD; distributed systems; Django; Docker; domain-driven design; DynamoDB; Elasticsearch; event sourcing; event-driven architecture; FastAPI; Figma; Flux CD; Git; GitHub Actions; GitLab CI/CD; Go; Google Cloud Platform; Google Kubernetes Engine; Grafana; GraphQL; gRPC; Hardware protocols; HashiCorp Vault; Helm; Istio; Java; Jenkins; Jira; Kong; Kubernetes; Kustomize; LeanIX; Linkerd; microservices; modular monolith; MongoDB; NATS; NestJS; NGINX; Node.js; OAuth 2.0; OIDC; OpenAPI; OpenID Connect; OpenTelemetry; PostgreSQL; Power BI; Prometheus; Pulumi; Python; RabbitMQ; Redis; REST APIs; Rust; Service mesh; Snowflake; Snyk; SOA; Software architecture; SonarQube; Sparx Enterprise Architect; Splunk; Spring Boot; SQL; Tableau; Terraform; TOGAF; TypeScript; UML; Unity; Unreal Engine,Make architecture decisions; define components and boundaries; design integration patterns; assess trade-offs; set standards; review designs; guide technical teams; manage technical debt.,"Defines the structural design, technology strategy, quality attributes, patterns, standards, and evolution of software systems."
L104,P22,Software Development,F08,Software Engineering,AddressSanitizer; Apache Kafka; ARM; Assembly language; Bash; BIOS; bpftrace; C; C++; cgroups; CI/CD; Clang; CMake; Compiler construction; Concurrency; containerd; CUDA; Device drivers; Docker; DTrace; eBPF; Figma; Flame graphs; GCC; GDB; Git; GitHub Actions; Go; gprof; Grafana; I2C; Jenkins; Kernel modules; Kubernetes; KVM; LevelDB; Linux; Linux kernel; LLDB; LLVM; ltrace; Make; Memory management; Multithreading; namespaces; NGINX; OpenCL; OpenSSL; operating systems; PCIe; perf; Performance profiling; POSIX; PostgreSQL internals; Power BI; Prometheus; Python; QEMU; Redis; RISC-V; RocksDB; Rust; Salesforce; Sanitizers; SAP; Scrum tools; Sockets; SPI; strace; System programming; systemd; SystemTap; Tableau; TCP/IP; ThreadSanitizer; TLS; UART; UEFI; USB; Valgrind; virtualization; WASM; WebAssembly; WordPress; x86; Zig,Develop system services; write drivers or low-level code; optimize memory/concurrency; debug crashes; profile performance; work with kernels/runtimes; implement system interfaces.,"Builds low-level, performance-critical software that interacts closely with operating systems, hardware, networking, runtimes, or drivers."
L105,P22,Software Development,F08,Software Engineering,.NET MAUI; Alamofire; Apache Kafka; APNs; Apollo iOS; App Store Connect; Apple Developer Program; Apple MapKit; ARKit; AWS; AWS Amplify; Azure; Azure Mobile Apps; Bitrise; Carthage; CircleCI; CloudKit; Cocoa Touch; CocoaPods; Combine; Core Data; Core Location; Core ML; Dart; Docker; Fastlane; Firebase; Firebase Analytics; Firebase Authentication; Firebase Cloud Messaging; Firebase Crashlytics; Flutter; Git; GitHub Actions; GitLab CI/CD; GraphQL; gRPC; HealthKit; In-App Purchases; iOS SDK; Jenkins; JSON; Keychain; Kotlin Multiplatform; Kubernetes; MapKit; Moya; OAuth 2.0; Objective-C; OIDC; OpenID Connect; OWASP Mobile Top 10; PostgreSQL; Power BI; Push notifications; React Native; RealityKit; Realm; REST APIs; RxSwift; Salesforce; SAP; Secure Enclave; Snyk; SonarQube; SQLite; StoreKit; Swift; Swift Concurrency; Swift Package Manager; SwiftUI; Terraform; UIKit; URLSession; Vision; WebSockets; Xamarin; Xcode; Xcode Instruments; XCTest,Develop Swift/SwiftUI features; integrate APIs; implement mobile UI; manage data and notifications; test apps; optimize performance; handle App Store release processes.,"Builds, tests, releases, and maintains native iOS/iPadOS applications."
L106,P23,Software Quality and Testing,F08,Software Engineering,Accessibility Insights; Accessibility testing; Adobe Acrobat; Android Accessibility Scanner; Android TalkBack; ARIA; ARIA Authoring Practices; AWS; axe Monitor; axe-core; Azure; BrowserStack; Chrome DevTools; Confluence; CSS; Cypress; Deque axe DevTools; Docker; EN 301 549; Figma; Figma accessibility plugins; Firefox Accessibility Inspector; Git; GitHub Actions; GitLab CI/CD; HTML; IBM Equal Access; iOS VoiceOver; JavaScript; JAWS; Jest; Jira; Kafka; Keyboard navigation; Kubernetes; LambdaTest; Level Access; Lighthouse; Microsoft Office accessibility; NVDA; Pa11y; PDF accessibility; PDF/UA; Playwright; Power BI; React Testing Library; Safari Web Inspector; Screen reader; Screen readers; Section 508; Selenium; ServiceNow; Siteimprove; SQL; Storybook; TalkBack; Test cases; Unity; VoiceOver; WAVE; WCAG; WCAG 2.1; WCAG 2.2; Web accessibility; Xcode Accessibility Inspector,Test keyboard navigation; use screen readers; audit WCAG criteria; identify ARIA issues; validate color/contrast; document defects; retest fixes; advise teams on accessible behavior.,Tests digital products for accessibility barriers and compliance with accessibility standards.
L107,P23,Software Quality and Testing,F08,Software Engineering,Accessibility testing; Android; Android Studio Profiler; Appium; AWS; AWS Device Farm; Azure; BrowserStack; Bug reporting; Charles Proxy; Confluence; Crashlytics; Datadog; Exploratory testing; Fiddler; Firebase Test Lab; Game consoles; Game testing; GameAnalytics; Git; GitHub; GitHub Actions; GitLab; GitLab CI/CD; iOS; Jenkins; Jira; Kafka; Kubernetes; Load testing; Localization testing; Miro; New Relic; Nintendo; Notion; NVIDIA Nsight; Perforce; Performance testing; PIX; Plastic SCM; Platform certification; PlayFab; PlayStation; Playwright; PostgreSQL; Power BI; Regression testing; RenderDoc; SAP; Selenium; Sentry; Steam; TCR; Terraform; Test cases; TestComplete; TestRail; TRC; Trello; Unity; Unity Analytics; Unity Test Framework; Unreal Automation Tool; Unreal Engine; Unreal Engine functional testing; Windows; Wireshark; Xbox; Xcode Instruments,Execute test cases; reproduce gameplay bugs; test game builds; validate progression; test platforms/devices; report defects; perform regression testing; support certification readiness.,"Tests games for gameplay defects, stability, compatibility, progression errors, performance issues, and platform requirements."
L108,P23,Software Quality and Testing,F08,Software Engineering,ActiveMQ; Airbyte; Amazon SQS; Apache Airflow; Apache Kafka; Apache NiFi; API testing; AWS; Azure; Azure DevOps; Azure Service Bus; Behave; CI/CD; Citrus; Contract testing; Cucumber; Cypress; Datadog; Dell Boomi; Docker; Elasticsearch; ELK Stack; Figma; Fivetran; GCP; Gherkin; Git; GitHub Actions; GitLab CI/CD; Google Cloud Platform; Google Pub/Sub; Grafana; Helm; Hoverfly; IBM MQ; Integration testing; Jenkins; Jira; JSON; JUnit; Karate; Kubernetes; MockServer; MongoDB; MuleSoft; Newman; NUnit; OpenAPI / Swagger; Oracle Integration Cloud; Pact; Playwright; PostgreSQL; Postman; Power BI; PyTest; RabbitMQ; ReadyAPI; Redis; REST APIs; REST Assured; SAP Integration Suite; Selenium; ServiceNow; SOAP; SoapUI; SpecFlow; Splunk; Spring Boot Test; SQL; Tableau; TensorFlow; Terraform; Test automation; TestNG; TestRail; Unity; Unreal Engine; WireMock; XML,Design integration tests; validate contracts; test APIs; prepare test data; simulate dependencies; verify message/data flows; troubleshoot failures; automate end-to-end checks.,"Tests interactions between services, APIs, databases, queues, devices, and external systems."
L109,P23,Software Quality and Testing,F08,Software Engineering,Adobe Acrobat; Android; Android Studio; Appium; AWS; AWS Device Farm; Azure; Bi-directional text; BrowserStack; Bug reporting; CLDR; Crowdin; CSS; currency formats; date/time formats; DITA; Docker; Figma; Firebase Test Lab; FormatJS; gettext; Git; GitHub; GitLab; GlobalLink; Google Sheets; HTML; i18n; i18next; ICU MessageFormat; Internationalization; iOS; JavaScript; Jira; JSON; Kafka; Kubernetes; l10n; LambdaTest; Localization testing; Lokalise; macOS; Markdown; memoQ; Memsource; Microsoft Excel; number formats; Phrase; Phrase TMS; Playwright; PO files; Power BI; QA Distiller; React Intl; RTL testing; SDL Trados; Selenium; Smartling; SQL; Terraform; TestRail; TMS; Trados Studio; Transifex; Translation management system; Unicode; Unicode normalization; Unity; Unreal Engine; UTF-16; UTF-8; Verifika; Windows; Xbench; Xcode; XLIFF; XML; XTM; YAML,Validate translations; test date/currency/number formats; inspect UI truncation; test RTL layouts; verify encoding; test locale switching; report localization defects; coordinate language validation.,"Tests translated and internationalized software for linguistic, formatting, locale, encoding, and cultural defects."
L110,P23,Software Quality and Testing,F08,Software Engineering,Apache Benchmark; Apache Kafka; APM; AppDynamics; Artillery; AWS; Azure; Azure Monitor; BlazeMeter; CloudWatch; Datadog; DITA; Docker; Dynatrace; eBPF; Elasticsearch; ELK Stack; F5 BIG-IP; Figma; Gatling; GCP; Git; GitHub Actions; GitLab CI/CD; Google Cloud Monitoring; Google Cloud Platform; Grafana; gRPC testing; HAProxy; Helm; HTTP/HTTPS; Jaeger; Jenkins; Jira; JMeter; k6; k9s; Kubernetes; Linux; Load testing; LoadRunner; LoadRunner Cloud; LoadRunner Professional; Locust; MongoDB; Monitoring; MySQL; NeoLoad; New Relic; Newman; NGINX; OpenTelemetry; Oracle Database; perf; Performance testing; PostgreSQL; Postman; Power BI; Prometheus; RabbitMQ; Redis; REST APIs; Salesforce; SAP; Scalability testing; Sentry; SoapUI; Splunk; SQL; SQL Server; Stress testing; Tableau; Taurus; tcpdump; Terraform; Unity; Vegeta; WebLOAD; WebSocket testing; Wireshark; wrk; Zipkin,Design load tests; generate traffic; measure latency/throughput; identify bottlenecks; analyze resource use; test capacity; report performance risks; validate optimization.,"Tests system behavior under load, stress, endurance, and scalability conditions."
L111,P23,Software Quality and Testing,F08,Software Engineering,Accessibility testing; Agile; Ansible; Apache Kafka; Appium; AWS; Azure; Azure DevOps; Azure Test Plans; BrowserStack; Confluence; Cucumber; Cypress; Datadog; Defect management; Docker; ELK Stack; Exploratory testing; Figma; Functional testing; GCP; Gherkin; Git; GitHub Actions; GitLab CI/CD; Google Cloud Platform; Grafana; HP ALM; Jenkins; Jira; JSON; JUnit; Karate; Kubernetes; LambdaTest; Localization testing; Manual testing; Micro Focus ALM; MongoDB; MySQL; NUnit; Performance testing; Playwright; PostgreSQL; Postman; PyTest; PyTorch; qTest; RabbitMQ; ReadyAPI; Regression testing; REST APIs; REST Assured; Salesforce; SAP; Sauce Labs; Scrum; Selenium; SoapUI; Software testing; Splunk; SQL; SQL Server; System testing; TensorFlow; Terraform; Test cases; Test plans; TestLink; TestRail; Unity; Xray for Jira; Zephyr,Write test plans/cases; execute tests; log defects; perform regression; validate requirements; manage test data; document results; collaborate on quality improvements.,"Plans and executes functional, regression, exploratory, system, and end-to-end software tests."
L112,P23,Software Quality and Testing,F08,Software Engineering,Allure Report; Apache Kafka; Appium; AWS; AWS Device Farm; Azure; Behave; BrowserStack; C#; CI/CD; Contract testing; Cucumber; Cypress; Cypress component testing; Datadog; Detox; Docker; ELK Stack; Espresso; Extent Reports; Figma; Firebase Test Lab; Gatling; GCP; Gherkin; Git; GitHub Actions; GitLab CI/CD; Google Cloud Platform; Grafana; Helm; Java; JavaScript; Jenkins; Jira; JMeter; JUnit; k6; Karate; Katalon Studio; Kubernetes; LambdaTest; Microsoft Teams; MockServer; MongoDB; Newman; NUnit; OWASP ZAP; Pact; Playwright; Playwright Test; PostgreSQL; Postman; Power BI; Prometheus; PyTest; Python; RabbitMQ; Ranorex; Redis; ReportPortal; REST APIs; REST Assured; Robot Framework; Salesforce; SAP; Sauce Labs; Selenium; Slack; Snyk; SoapUI; SonarQube; SpecFlow; SQL; Tableau; Terraform; Test automation; TestComplete; TestNG; TestRail; Tricentis Tosca; TypeScript; UFT One; Unity; Unreal Engine; WebdriverIO; WireMock; XCUITest,Develop automated tests; maintain frameworks; integrate CI/CD; create test data/mocks; build reports; automate API/web/mobile checks; reduce flaky tests; improve coverage.,"Builds coded automated testing frameworks, test suites, quality pipelines, mocks, and CI-integrated validation."
L113,P23,Software Quality and Testing,F08,Software Engineering,A/B testing; Accessibility testing; Amplitude; Apache Kafka; ATLAS.ti; AWS; Azure; C#; Confluence; Contentsquare; CSS; Docker; Dovetail; dscout; Ethnio; experimentation; FigJam; Figma; Figma Dev Mode; FullStory; GA4; Google Analytics; Google Sheets; Heap; Heuristic evaluation; Hotjar; HTML; Java; JavaScript; Jira; Kubernetes; Lookback; Lyssna; Maze; Microsoft Clarity; Microsoft Excel; Miro; Mixpanel; Mural; Nielsen heuristics; Notion; NVivo; Optimal Workshop; PostgreSQL; Power BI; Prototypes; Python; Qualtrics; R; React; Respondent; Screen readers; SPSS; SQL; SurveyMonkey; Tableau; Task analysis; Terraform; Typeform; Usability testing; User interviews; UserTesting; UserZoom; WCAG,Plan usability sessions; recruit or guide participants; observe tasks; record findings; identify usability issues; prioritize recommendations; test prototypes; report experience improvements.,"Evaluates product usability, task completion, learnability, friction, and user satisfaction."
L114,P24,Specialized Software Development,F08,Software Engineering,Apache Kafka; Arweave; Avalanche; AWS; Azure; Binance Smart Chain; Blockchain; BNB Chain; Brownie; C++; Cairo; Chainlink; Corda; Cosmos SDK; cryptography; DAO; Decentralized exchanges; DeFi; Distributed ledger technology; Docker; Echidna; ERC-1155; ERC-20; ERC-721; Ethereum; Ethers.js; EVM; Figma; Filecoin; Foundry; Foundry Forge; Ganache; Git; GitHub Actions; GitLab CI/CD; Go; Google Cloud Platform; Hardhat; HashiCorp Vault; Hyperledger Besu; Hyperledger Fabric; Hyperledger Sawtooth; IPFS; JavaScript; JSON-RPC; Kubernetes; MetaMask; MongoDB; Move; Mythril; NFTs; Node.js; OpenZeppelin; OpenZeppelin Defender; Oracles; OWASP; Polkadot; Polygon; PostgreSQL; Power BI; Python; Quorum; Redis; Remix IDE; REST APIs; Rust; Salesforce; SAP; Slither; Smart contracts; Snyk; Solana; Solidity; Substrate; Tenderly; Tendermint; Terraform; The Graph; Truffle; TypeScript; Uniswap; Unity; Vyper; WalletConnect; Web3.js,Develop smart contracts; integrate wallets; implement token/NFT logic; interact with blockchains; test contracts; secure decentralized applications; deploy contracts; monitor transactions.,"Builds blockchain applications, smart contracts, decentralized systems, token logic, and blockchain integrations."
L115,P24,Specialized Software Development,F08,Software Engineering,ADC; Altium Designer; Apache Kafka; ARM; ARM Cortex-M; Assembly language; AWS IoT Core; Azure IoT Hub; Bluetooth Low Energy; Buildroot; C; C++; CAN bus; Ceedling; Clang; CMake; CoAP; CppUTest; CUDA; DAC; Device drivers; Docker; Eclipse IDE; Edge Impulse; Embedded C; Embedded Linux; ESP32; Ethernet; FPGA; FreeRTOS; GCC; GDB; Git; GitHub Actions; GPIO; Grafana; Hardware-in-the-loop testing; I2C; IAR Embedded Workbench; InfluxDB; Jenkins; JTAG; Keil MDK; KiCad; Kubernetes; Linux; LoRaWAN; LTE-M; Make; Mbed OS; Microcontrollers; MIPI; Modbus; MQTT; NB-IoT; NuttX; NVIDIA Jetson; OPC UA; OpenCV; OpenOCD; OTA updates; PCB design; PCIe; PlatformIO; POSIX; PostgreSQL; PWM; Python; QNX; Quartus; RISC-V; Robot Framework; RTOS; Rust; secure boot; SPI; SPICE; STM32; STM32CubeIDE; TensorFlow Lite; Terraform; ThreadX; TPM; Trusted Execution Environment; U-Boot; UART; Unity Test; USB; Verilog; VHDL; Visual Studio Code; Vivado; VxWorks; Wi-Fi; Yocto Project; Z-Wave; Zephyr; Zigbee,Develop firmware; write drivers; implement RTOS tasks; integrate sensors; debug hardware interfaces; optimize memory/power; test embedded software; implement OTA updates.,"Builds firmware and low-level software for devices, microcontrollers, sensors, real-time systems, and embedded Linux platforms."
L116,P24,Specialized Software Development,F08,Software Engineering,3ds Max; Animation systems; Apache Kafka; AR; ARCore; ARKit; Aseprite; AWS; Azure PlayFab; Blender; Box2D; C#; C++; Crashlytics; Debugging; Docker; Epic Online Services; Firebase; FMOD; Game development; Game physics; GameLift; GameMaker Studio; Gameplay programming; Git; GitHub Actions; GitLab CI/CD; Godot; Google Cloud Platform; GraphQL; Havok; Jenkins; Kubernetes; Lua; Maya; MongoDB; Multiplayer networking; Nakama; Nintendo SDK; NVIDIA Nsight; OpenXR; Perforce; Performance optimization; Photon; PhysX; PIX; Plastic SCM; PlayFab; PlayStation SDK; PostgreSQL; Power BI; Python; Redis; RenderDoc; REST APIs; Rider; Roblox Studio; Rust; Salesforce; SAP; Sentry; Steamworks; Substance 3D; TCP/IP; Terraform; UDP; UI systems; Unity; Unity Addressables; Unity Burst; Unity DOTS; Unity ECS; Unity Editor; Unity Input System; Unity Job System; Unity Test Framework; Unreal Automation Tool; Unreal Blueprints; Unreal C++; Unreal Engine; Visual Studio; Visual Studio Code; VR; WebSockets; Wwise; Xbox GDK,Program game mechanics; build UI/animation systems; implement physics; optimize runtime performance; integrate multiplayer/services; debug builds; create developer tools; support platform release.,"Implements game systems, gameplay features, tools, multiplayer capabilities, rendering interactions, and runtime code."
L117,P24,Specialized Software Development,F08,Software Engineering,Ansible; Apache Kafka; Arduino; ARM; AWS IoT Analytics; AWS IoT Core; AWS IoT Device Management; AWS IoT Greengrass; AWS IoT SiteWise; AWS KMS; Azure Device Provisioning Service; Azure Digital Twins; Azure IoT Edge; Azure IoT Hub; Azure Key Vault; BACnet; Bluetooth Low Energy; Buildroot; C; C++; CAN bus; CoAP; DDS; Device provisioning; Docker; Eclipse Mosquitto; Edge AI; Elasticsearch; Embedded Linux; EMQX; ESP32; Ethernet; FastAPI; Figma; FreeRTOS; Git; GitHub Actions; Go; Google Cloud IoT alternatives; Grafana; HashiCorp Vault; Helm; HiveMQ; HTTP/HTTPS; InfluxDB; IoT; Java; Jenkins; JSON; Kubernetes; Linux; LoRaWAN; LTE-M; Microcontrollers; Modbus; MongoDB; MQTT; NATS; NB-IoT; Node-RED; Node.js; OPC UA; OpenCV; OTA updates; Particle; PostgreSQL; Power BI; Prometheus; Python; RabbitMQ; Raspberry Pi; Redis; REST APIs; RISC-V; Salesforce IoT; SAP IoT; secure boot; Spring Boot; STM32; Tableau; Telegraf; TensorFlow Lite; Terraform; ThingsBoard; TimescaleDB; TLS; TPM; TypeScript; Unity; Wi-Fi; X.509; Yocto Project; Z-Wave; Zephyr; Zigbee,Develop device software; connect devices through MQTT/CoAP; implement provisioning; manage telemetry; integrate cloud services; build gateways; secure device communication; support OTA updates.,"Builds connected-device applications across firmware, gateways, telemetry, cloud ingestion, device management, and edge-to-cloud services."
L118,P24,Specialized Software Development,F08,Software Engineering,ABBYY FineReader; Ansible; Apache Airflow; Apache Kafka; Appian RPA; Automation Anywhere; Automation Anywhere A360; AWS; Azure; Azure AI Document Intelligence; Azure OpenAI Service; Blue Prism; Blue Prism Control Room; Blue Prism Enterprise; C#; Computer vision; Copilot Studio; CyberArk; Datadog; Docker; Document processing; ELK Stack; Exception handling; Game engines; Git; GitHub Actions; GitLab CI/CD; Google Cloud Platform; Google Document AI; HashiCorp Vault; Java; Jenkins; Jira; JSON; Kofax RPA; Kubernetes; LLM; Make; Microsoft 365; Microsoft Dynamics 365; Microsoft Entra ID; Microsoft Excel; Microsoft Power Automate; Microsoft Power Platform; MongoDB; MySQL; n8n; NICE RPA; OAuth 2.0; OCR; OpenAI API; Oracle Database; Oracle E-Business Suite; Outlook; Pega Robotics; Playwright; PostgreSQL; Power Apps; Power Automate Desktop; Power BI; Power Query; Power Virtual Agents; Process automation; Python; React; REST APIs; Robotic process automation; RPA; Salesforce; SAP; SAP GUI scripting; Selenium; ServiceNow; SharePoint; Splunk; SQL; SQL Server; SSIS; Teams; Terraform; Tesseract; UiPath; UiPath AI Center; UiPath Document Understanding; UiPath Orchestrator; UiPath Studio; UiPath Test Suite; UiPath UI Automation; Unity; VBA; Workato; Workday; Workflow design; WorkFusion; XML; Zapier,Analyze processes; design automation workflows; build robots; automate UI/API/document tasks; handle exceptions; orchestrate robot schedules; monitor runs; maintain automation documentation.,"Builds and maintains software robots that automate structured, repetitive business processes across enterprise applications."
