leaf_id,technology_id
L098,T0001
L030,T0001
L099,T0001
L100,T0001
L103,T0001
L007,T0001
L009,T0001
L024,T0001
L097,T0002
L100,T0002
L105,T0002
L092,T0003
L116,T0003
L088,T0004
L088,T0005
L087,T0006
L087,T0007
L088,T0008
L088,T0009
L087,T0010
L088,T0010
L056,T0011
L064,T0011
L113,T0011
L094,T0011
L061,T0012
L033,T0012
L073,T0013
L118,T0013
L065,T0014
L089,T0015
L033,T0016
L066,T0017
L086,T0018
L101,T0019
L089,T0019
L095,T0019
L096,T0019
L093,T0020
L106,T0021
L094,T0022
L106,T0023
L107,T0023
L111,T0023
L113,T0023
L034,T0024
L078,T0025
L010,T0026
L078,T0026
L005,T0026
L100,T0026
L079,T0026
L033,T0026
L019,T0026
L080,T0026
L081,T0026
L082,T0026
L084,T0026
L034,T0026
L085,T0026
L086,T0026
L035,T0026
L037,T0026
L020,T0026
L022,T0026
L008,T0026
L023,T0026
L038,T0026
L041,T0026
L045,T0026
L048,T0026
L035,T0027
L033,T0028
L077,T0029
L098,T0029
L069,T0029
L108,T0029
L103,T0029
L007,T0029
L004,T0029
L009,T0029
L098,T0030
L029,T0031
L097,T0032
L115,T0033
L028,T0033
L104,T0034
L033,T0035
L106,T0036
L079,T0036
L073,T0036
L109,T0036
L054,T0037
L056,T0037
L076,T0038
L093,T0039
L075,T0040
L092,T0041
L095,T0041
L096,T0041
L092,T0042
L095,T0042
L096,T0042
L075,T0043
L073,T0044
L090,T0044
L093,T0045
L095,T0045
L096,T0045
L031,T0046
L032,T0046
L031,T0047
L032,T0048
L089,T0049
L090,T0049
L091,T0049
L111,T0049
L089,T0050
L049,T0051
L058,T0052
L059,T0052
L060,T0052
L057,T0052
L062,T0052
L069,T0052
L108,T0052
L007,T0052
L009,T0052
L056,T0053
L065,T0053
L105,T0054
L058,T0055
L059,T0055
L061,T0055
L057,T0055
L067,T0055
L040,T0055
L050,T0056
L068,T0057
L073,T0058
L063,T0059
L051,T0060
L066,T0061
L067,T0061
L072,T0062
L112,T0063
L070,T0064
L054,T0065
L055,T0065
L056,T0065
L001,T0065
L002,T0065
L041,T0065
L025,T0066
L115,T0066
L028,T0066
L099,T0067
L007,T0067
L011,T0068
L012,T0068
L066,T0068
L067,T0068
L049,T0069
L053,T0069
L011,T0070
L012,T0070
L007,T0070
L007,T0071
L087,T0072
L088,T0072
L011,T0073
L067,T0073
L007,T0073
L010,T0074
L012,T0074
L020,T0074
L011,T0075
L012,T0075
L007,T0075
L011,T0076
L007,T0076
L010,T0077
L012,T0077
L020,T0077
L010,T0078
L011,T0078
L012,T0078
L014,T0078
L015,T0078
L016,T0078
L007,T0078
L011,T0079
L012,T0079
L099,T0079
L007,T0079
L011,T0080
L010,T0081
L020,T0081
L030,T0082
L060,T0083
L053,T0084
L051,T0085
L010,T0086
L011,T0086
L012,T0086
L099,T0086
L066,T0086
L067,T0086
L007,T0086
L058,T0087
L054,T0087
L055,T0087
L011,T0087
L059,T0087
L062,T0087
L067,T0087
L069,T0087
L006,T0087
L011,T0088
L012,T0088
L007,T0088
L010,T0089
L011,T0089
L012,T0089
L099,T0089
L005,T0089
L007,T0089
L020,T0089
L008,T0089
L011,T0090
L012,T0090
L099,T0090
L007,T0090
L009,T0090
L098,T0091
L011,T0091
L012,T0091
L099,T0091
L069,T0091
L108,T0091
L016,T0091
L007,T0091
L009,T0091
L010,T0092
L011,T0092
L012,T0092
L030,T0092
L083,T0092
L007,T0092
L014,T0093
L056,T0094
L064,T0094
L089,T0094
L113,T0094
L093,T0094
L094,T0094
L097,T0095
L107,T0095
L109,T0095
L106,T0096
L097,T0097
L097,T0098
L097,T0099
L097,T0100
L097,T0101
L109,T0101
L107,T0102
L106,T0103
L098,T0104
L101,T0104
L102,T0104
L007,T0104
L095,T0104
L024,T0104
L096,T0104
L116,T0105
L070,T0106
L057,T0107
L009,T0108
L077,T0109
L098,T0109
L010,T0109
L011,T0109
L012,T0109
L017,T0109
L026,T0109
L063,T0109
L005,T0109
L018,T0109
L060,T0109
L064,T0109
L066,T0109
L067,T0109
L069,T0109
L013,T0109
L033,T0109
L117,T0109
L019,T0109
L081,T0109
L075,T0109
L076,T0109
L053,T0109
L082,T0109
L083,T0109
L084,T0109
L034,T0109
L085,T0109
L086,T0109
L014,T0109
L015,T0109
L118,T0109
L035,T0109
L037,T0109
L016,T0109
L103,T0109
L111,T0109
L007,T0109
L020,T0109
L021,T0109
L022,T0109
L004,T0109
L008,T0109
L023,T0109
L088,T0109
L024,T0109
L043,T0109
L048,T0109
L025,T0110
L101,T0111
L093,T0111
L095,T0111
L011,T0112
L012,T0112
L049,T0113
L053,T0113
L035,T0114
L075,T0115
L078,T0116
L079,T0116
L080,T0116
L058,T0117
L049,T0117
L054,T0117
L055,T0117
L012,T0117
L017,T0117
L060,T0117
L057,T0117
L064,T0117
L062,T0117
L068,T0117
L069,T0117
L013,T0117
L072,T0117
L108,T0117
L052,T0117
L014,T0117
L118,T0117
L016,T0117
L007,T0117
L004,T0117
L008,T0117
L059,T0118
L061,T0118
L057,T0118
L060,T0119
L110,T0120
L007,T0121
L060,T0122
L057,T0123
L006,T0124
L081,T0125
L022,T0125
L024,T0125
L096,T0125
L060,T0126
L062,T0126
L060,T0127
L062,T0127
L051,T0128
L097,T0129
L029,T0129
L077,T0129
L049,T0129
L098,T0129
L070,T0129
L114,T0129
L010,T0129
L011,T0129
L012,T0129
L099,T0129
L017,T0129
L025,T0129
L078,T0129
L027,T0129
L050,T0129
L059,T0129
L060,T0129
L066,T0129
L067,T0129
L068,T0129
L069,T0129
L100,T0129
L013,T0129
L073,T0129
L092,T0129
L032,T0129
L115,T0129
L028,T0129
L006,T0129
L101,T0129
L102,T0129
L116,T0129
L071,T0129
L072,T0129
L108,T0129
L105,T0129
L117,T0129
L002,T0129
L019,T0129
L080,T0129
L081,T0129
L074,T0129
L076,T0129
L051,T0129
L052,T0129
L053,T0129
L082,T0129
L083,T0129
L084,T0129
L034,T0129
L110,T0129
L014,T0129
L015,T0129
L118,T0129
L035,T0129
L037,T0129
L016,T0129
L103,T0129
L111,T0129
L007,T0129
L022,T0129
L004,T0129
L009,T0129
L104,T0129
L087,T0129
L112,T0129
L113,T0129
L095,T0129
L096,T0129
L069,T0130
L108,T0130
L009,T0130
L061,T0131
L058,T0132
L070,T0132
L054,T0132
L055,T0132
L012,T0132
L063,T0132
L056,T0132
L059,T0132
L060,T0132
L064,T0132
L062,T0132
L066,T0132
L069,T0132
L006,T0132
L052,T0132
L014,T0132
L054,T0133
L075,T0134
L029,T0135
L011,T0135
L057,T0135
L002,T0135
L074,T0135
L015,T0135
L036,T0135
L037,T0135
L103,T0135
L009,T0135
L056,T0136
L044,T0136
L009,T0137
L006,T0138
L108,T0139
L029,T0140
L098,T0140
L011,T0140
L099,T0140
L006,T0140
L015,T0140
L036,T0140
L103,T0140
L007,T0140
L009,T0140
L110,T0141
L105,T0142
L102,T0143
L101,T0144
L097,T0145
L105,T0146
L105,T0147
L077,T0148
L110,T0148
L016,T0148
L118,T0149
L107,T0150
L109,T0150
L111,T0150
L112,T0150
L078,T0151
L079,T0151
L105,T0152
L093,T0153
L095,T0153
L105,T0154
L077,T0155
L065,T0156
L021,T0157
L116,T0158
L051,T0159
L071,T0160
L071,T0161
L071,T0162
L071,T0163
L071,T0164
L071,T0165
L071,T0166
L071,T0167
L071,T0168
L071,T0169
L071,T0170
L071,T0171
L071,T0172
L006,T0173
L011,T0174
L012,T0174
L059,T0174
L060,T0174
L064,T0174
L067,T0174
L068,T0174
L013,T0174
L006,T0174
L002,T0174
L081,T0174
L052,T0174
L083,T0174
L014,T0174
L036,T0174
L016,T0174
L103,T0174
L116,T0175
L071,T0176
L026,T0177
L005,T0177
L032,T0177
L028,T0177
L117,T0177
L011,T0178
L012,T0178
L099,T0178
L013,T0178
L052,T0178
L014,T0178
L015,T0178
L016,T0178
L103,T0178
L007,T0178
L008,T0178
L023,T0178
L009,T0178
L106,T0179
L106,T0180
L001,T0181
L052,T0182
L116,T0183
L105,T0183
L025,T0184
L005,T0184
L032,T0184
L115,T0184
L117,T0184
L104,T0184
L028,T0185
L032,T0186
L115,T0186
L028,T0186
L076,T0187
L110,T0188
L086,T0189
L082,T0190
L083,T0190
L085,T0190
L083,T0191
L034,T0191
L085,T0191
L083,T0192
L084,T0192
L082,T0193
L084,T0193
L114,T0194
L009,T0195
L001,T0196
L002,T0196
L089,T0196
L090,T0196
L091,T0196
L075,T0197
L003,T0197
L092,T0198
L116,T0198
L025,T0199
L098,T0200
L099,T0200
L102,T0200
L115,T0201
L028,T0201
L104,T0201
L047,T0201
L026,T0202
L078,T0202
L079,T0202
L080,T0202
L086,T0202
L021,T0202
L087,T0203
L088,T0203
L011,T0204
L006,T0204
L075,T0204
L003,T0204
L007,T0204
L009,T0204
L057,T0205
L027,T0206
L072,T0207
L058,T0208
L059,T0208
L061,T0208
L014,T0209
L023,T0209
L113,T0210
L094,T0210
L036,T0211
L088,T0212
L094,T0213
L098,T0214
L102,T0214
L095,T0215
L100,T0216
L025,T0217
L025,T0218
L027,T0219
L073,T0220
L118,T0220
L118,T0221
L037,T0222
L043,T0222
L046,T0222
L017,T0223
L114,T0224
L100,T0225
L087,T0226
L088,T0226
L087,T0227
L088,T0227
L006,T0228
L007,T0229
L004,T0229
L009,T0229
L106,T0230
L058,T0230
L097,T0230
L029,T0230
L077,T0230
L049,T0230
L098,T0230
L114,T0230
L054,T0230
L055,T0230
L010,T0230
L011,T0230
L012,T0230
L030,T0230
L099,T0230
L017,T0230
L025,T0230
L078,T0230
L063,T0230
L005,T0230
L056,T0230
L059,T0230
L060,T0230
L057,T0230
L064,T0230
L062,T0230
L066,T0230
L067,T0230
L100,T0230
L079,T0230
L013,T0230
L073,T0230
L092,T0230
L006,T0230
L102,T0230
L116,T0230
L107,T0230
L108,T0230
L105,T0230
L002,T0230
L080,T0230
L089,T0230
L090,T0230
L081,T0230
L074,T0230
L075,T0230
L051,T0230
L109,T0230
L052,T0230
L082,T0230
L083,T0230
L085,T0230
L086,T0230
L110,T0230
L014,T0230
L015,T0230
L118,T0230
L091,T0230
L035,T0230
L036,T0230
L037,T0230
L016,T0230
L103,T0230
L111,T0230
L007,T0230
L020,T0230
L021,T0230
L022,T0230
L004,T0230
L008,T0230
L023,T0230
L087,T0230
L088,T0230
L112,T0230
L113,T0230
L093,T0230
L094,T0230
L095,T0230
L096,T0230
L038,T0230
L043,T0230
L047,T0230
L097,T0231
L101,T0231
L105,T0231
L029,T0232
L011,T0232
L012,T0232
L009,T0232
L016,T0233
L010,T0234
L019,T0234
L008,T0234
L070,T0235
L010,T0236
L012,T0236
L083,T0237
L010,T0238
L011,T0238
L012,T0238
L030,T0238
L099,T0238
L005,T0238
L013,T0238
L019,T0238
L014,T0238
L015,T0238
L016,T0238
L103,T0238
L007,T0238
L008,T0238
L023,T0238
L024,T0239
L031,T0240
L010,T0241
L012,T0241
L030,T0241
L045,T0241
L011,T0242
L099,T0242
L017,T0242
L016,T0242
L013,T0243
L015,T0243
L013,T0244
L013,T0245
L015,T0245
L013,T0246
L015,T0246
L033,T0247
L021,T0248
L010,T0249
L011,T0249
L012,T0249
L030,T0249
L035,T0249
L037,T0249
L023,T0249
L042,T0249
L010,T0250
L011,T0250
L012,T0250
L030,T0250
L021,T0251
L021,T0252
L069,T0253
L030,T0254
L027,T0255
L107,T0255
L109,T0255
L112,T0255
L011,T0256
L083,T0256
L084,T0256
L010,T0257
L024,T0257
L012,T0258
L099,T0258
L013,T0258
L015,T0258
L099,T0259
L013,T0259
L033,T0259
L103,T0259
L024,T0260
L014,T0261
L019,T0262
L016,T0263
L008,T0263
L060,T0264
L012,T0265
L099,T0265
L013,T0265
L030,T0266
L059,T0267
L060,T0267
L057,T0267
L062,T0267
L069,T0267
L009,T0267
L059,T0268
L061,T0268
L057,T0268
L030,T0269
L037,T0269
L072,T0270
L070,T0271
L010,T0272
L011,T0272
L012,T0272
L030,T0272
L059,T0272
L061,T0272
L067,T0272
L013,T0272
L033,T0272
L014,T0272
L035,T0272
L036,T0272
L016,T0272
L007,T0272
L022,T0272
L040,T0272
L041,T0272
L030,T0273
L033,T0274
L037,T0275
L048,T0275
L117,T0276
L032,T0277
L115,T0277
L028,T0277
L117,T0277
L117,T0278
L117,T0279
L117,T0280
L011,T0281
L012,T0281
L030,T0281
L031,T0281
L067,T0281
L032,T0281
L117,T0281
L036,T0281
L040,T0281
L061,T0282
L049,T0283
L098,T0283
L011,T0283
L012,T0283
L099,T0283
L060,T0283
L068,T0283
L013,T0283
L102,T0283
L015,T0283
L103,T0283
L007,T0283
L009,T0283
L071,T0284
L030,T0285
L010,T0286
L030,T0287
L034,T0287
L010,T0288
L011,T0288
L030,T0288
L011,T0289
L012,T0289
L026,T0289
L018,T0289
L006,T0289
L014,T0289
L008,T0289
L030,T0290
L083,T0290
L010,T0291
L024,T0291
L019,T0292
L050,T0293
L065,T0293
L029,T0294
L011,T0294
L012,T0294
L030,T0294
L099,T0294
L069,T0294
L013,T0294
L033,T0294
L015,T0294
L035,T0294
L037,T0294
L016,T0294
L103,T0294
L007,T0294
L009,T0294
L034,T0295
L010,T0296
L011,T0296
L030,T0296
L035,T0296
L036,T0296
L037,T0296
L008,T0296
L038,T0296
L039,T0296
L011,T0297
L030,T0297
L076,T0298
L004,T0299
L011,T0300
L099,T0300
L007,T0300
L010,T0301
L012,T0301
L081,T0301
L022,T0301
L023,T0301
L011,T0302
L030,T0302
L083,T0302
L084,T0302
L021,T0303
L084,T0304
L029,T0305
L011,T0305
L030,T0305
L034,T0305
L011,T0306
L074,T0306
L016,T0307
L106,T0308
L106,T0309
L101,T0309
L093,T0310
L106,T0311
L058,T0311
L097,T0311
L029,T0311
L077,T0311
L098,T0311
L114,T0311
L054,T0311
L055,T0311
L017,T0311
L025,T0311
L078,T0311
L063,T0311
L056,T0311
L059,T0311
L060,T0311
L057,T0311
L064,T0311
L062,T0311
L066,T0311
L067,T0311
L100,T0311
L079,T0311
L073,T0311
L092,T0311
L102,T0311
L107,T0311
L108,T0311
L105,T0311
L080,T0311
L089,T0311
L090,T0311
L081,T0311
L074,T0311
L075,T0311
L051,T0311
L109,T0311
L052,T0311
L082,T0311
L085,T0311
L086,T0311
L110,T0311
L118,T0311
L091,T0311
L035,T0311
L037,T0311
L103,T0311
L111,T0311
L020,T0311
L021,T0311
L022,T0311
L023,T0311
L087,T0311
L088,T0311
L112,T0311
L113,T0311
L093,T0311
L094,T0311
L095,T0311
L096,T0311
L038,T0311
L043,T0311
L047,T0311
L033,T0312
L021,T0313
L073,T0314
L118,T0314
L053,T0315
L055,T0316
L029,T0317
L011,T0317
L012,T0317
L099,T0317
L006,T0317
L007,T0317
L009,T0317
L011,T0318
L012,T0318
L099,T0318
L007,T0318
L024,T0318
L010,T0319
L012,T0319
L016,T0320
L011,T0321
L012,T0321
L006,T0321
L014,T0321
L008,T0321
L010,T0322
L081,T0322
L022,T0322
L023,T0323
L010,T0324
L019,T0324
L008,T0324
L070,T0325
L010,T0326
L011,T0326
L012,T0326
L099,T0326
L019,T0326
L052,T0326
L007,T0326
L020,T0326
L008,T0326
L010,T0327
L090,T0328
L091,T0328
L011,T0329
L010,T0330
L012,T0330
L011,T0331
L012,T0331
L099,T0331
L014,T0332
L011,T0333
L012,T0333
L099,T0333
L066,T0333
L067,T0333
L068,T0333
L069,T0333
L007,T0333
L010,T0334
L021,T0334
L055,T0335
L059,T0335
L060,T0335
L057,T0335
L062,T0335
L069,T0335
L072,T0335
L009,T0335
L068,T0336
L067,T0337
L069,T0338
L060,T0339
L030,T0340
L034,T0340
L032,T0341
L117,T0341
L029,T0342
L077,T0342
L055,T0342
L012,T0342
L099,T0342
L027,T0342
L062,T0342
L013,T0342
L006,T0342
L108,T0342
L001,T0342
L002,T0342
L089,T0342
L090,T0342
L074,T0342
L075,T0342
L015,T0342
L091,T0342
L003,T0342
L111,T0342
L023,T0342
L009,T0342
L010,T0343
L011,T0343
L012,T0343
L005,T0343
L013,T0343
L014,T0343
L015,T0343
L016,T0343
L117,T0344
L010,T0345
L012,T0345
L024,T0345
L007,T0346
L011,T0347
L012,T0347
L099,T0347
L007,T0347
L011,T0348
L060,T0348
L009,T0348
L011,T0349
L083,T0349
L084,T0349
L012,T0350
L020,T0350
L010,T0351
L011,T0351
L012,T0351
L030,T0351
L083,T0351
L034,T0351
L011,T0352
L024,T0352
L049,T0353
L098,T0353
L011,T0353
L012,T0353
L099,T0353
L068,T0353
L013,T0353
L102,T0353
L015,T0353
L103,T0353
L007,T0353
L009,T0353
L072,T0354
L117,T0355
L032,T0356
L115,T0356
L028,T0356
L117,T0356
L029,T0357
L010,T0357
L011,T0357
L012,T0357
L030,T0357
L099,T0357
L031,T0357
L067,T0357
L069,T0357
L013,T0357
L032,T0357
L033,T0357
L117,T0357
L015,T0357
L035,T0357
L036,T0357
L037,T0357
L016,T0357
L103,T0357
L007,T0357
L022,T0357
L009,T0357
L040,T0357
L030,T0358
L010,T0359
L011,T0359
L012,T0359
L099,T0359
L013,T0359
L033,T0359
L014,T0359
L015,T0359
L016,T0359
L103,T0359
L007,T0359
L011,T0360
L012,T0360
L076,T0361
L010,T0362
L012,T0362
L016,T0362
L008,T0362
L073,T0363
L006,T0363
L009,T0363
L049,T0364
L063,T0364
L050,T0364
L064,T0364
L052,T0364
L065,T0364
L053,T0364
L020,T0365
L031,T0366
L071,T0367
L097,T0368
L105,T0368
L010,T0369
L011,T0369
L012,T0369
L030,T0369
L099,T0369
L017,T0369
L110,T0369
L016,T0369
L007,T0369
L045,T0369
L034,T0370
L030,T0371
L049,T0372
L053,T0372
L118,T0372
L116,T0373
L010,T0374
L011,T0374
L030,T0374
L035,T0374
L037,T0374
L023,T0374
L042,T0374
L010,T0375
L011,T0376
L030,T0376
L083,T0376
L015,T0377
L010,T0378
L011,T0378
L012,T0378
L030,T0378
L099,T0378
L005,T0378
L013,T0378
L019,T0378
L014,T0378
L007,T0378
L023,T0378
L030,T0379
L098,T0380
L011,T0380
L012,T0380
L099,T0380
L069,T0380
L108,T0380
L016,T0380
L007,T0380
L009,T0380
L010,T0381
L019,T0381
L011,T0382
L012,T0382
L099,T0382
L066,T0382
L067,T0382
L007,T0382
L066,T0383
L026,T0384
L018,T0384
L010,T0385
L060,T0386
L058,T0387
L054,T0387
L055,T0387
L011,T0387
L059,T0387
L060,T0387
L062,T0387
L067,T0387
L006,T0387
L111,T0388
L010,T0389
L079,T0390
L081,T0390
L010,T0391
L012,T0391
L010,T0392
L011,T0392
L012,T0392
L030,T0392
L083,T0392
L083,T0393
L084,T0393
L084,T0394
L029,T0395
L011,T0396
L074,T0396
L091,T0397
L013,T0398
L014,T0398
L015,T0398
L016,T0398
L117,T0399
L018,T0400
L001,T0401
L093,T0401
L070,T0402
L013,T0403
L015,T0403
L053,T0404
L077,T0405
L070,T0405
L010,T0405
L012,T0405
L030,T0405
L017,T0405
L026,T0405
L078,T0405
L005,T0405
L018,T0405
L066,T0405
L079,T0405
L013,T0405
L033,T0405
L019,T0405
L080,T0405
L081,T0405
L075,T0405
L084,T0405
L034,T0405
L085,T0405
L086,T0405
L014,T0405
L015,T0405
L035,T0405
L037,T0405
L016,T0405
L020,T0405
L022,T0405
L004,T0405
L023,T0405
L104,T0405
L088,T0405
L024,T0405
L043,T0405
L044,T0405
L045,T0405
L046,T0405
L047,T0405
L048,T0405
L070,T0406
L070,T0407
L108,T0408
L003,T0408
L112,T0408
L052,T0409
L053,T0409
L065,T0410
L053,T0410
L079,T0411
L033,T0411
L035,T0411
L078,T0412
L005,T0413
L083,T0413
L084,T0413
L034,T0413
L085,T0413
L086,T0413
L008,T0413
L088,T0413
L109,T0414
L010,T0415
L011,T0415
L012,T0415
L030,T0415
L099,T0415
L005,T0415
L013,T0415
L014,T0415
L015,T0415
L016,T0415
L103,T0415
L007,T0415
L008,T0415
L023,T0415
L057,T0416
L061,T0417
L040,T0417
L058,T0418
L055,T0418
L011,T0418
L056,T0418
L059,T0418
L060,T0418
L061,T0418
L057,T0418
L064,T0418
L062,T0418
L067,T0418
L069,T0418
L006,T0418
L089,T0418
L007,T0418
L040,T0418
L071,T0419
L114,T0420
L032,T0421
L070,T0422
L070,T0423
L070,T0424
L070,T0425
L070,T0426
L025,T0427
L026,T0427
L078,T0427
L005,T0427
L018,T0427
L104,T0427
L011,T0428
L005,T0428
L013,T0428
L015,T0428
L003,T0428
L004,T0428
L078,T0429
L079,T0429
L080,T0429
L035,T0429
L097,T0430
L013,T0430
L105,T0430
L015,T0430
L001,T0431
L006,T0432
L006,T0433
L029,T0434
L076,T0435
L070,T0436
L110,T0437
L092,T0438
L116,T0438
L020,T0439
L008,T0439
L114,T0440
L031,T0440
L073,T0441
L118,T0441
L118,T0442
L118,T0443
L092,T0444
L025,T0445
L032,T0446
L115,T0446
L028,T0446
L117,T0446
L080,T0447
L114,T0448
L078,T0449
L079,T0449
L032,T0450
L012,T0451
L014,T0451
L101,T0452
L093,T0452
L095,T0452
L096,T0452
L031,T0453
L031,T0454
L027,T0455
L027,T0456
L070,T0457
L073,T0458
L116,T0459
L016,T0460
L104,T0460
L051,T0461
L006,T0462
L001,T0462
L002,T0462
L003,T0462
L114,T0463
L106,T0464
L107,T0464
L109,T0464
L111,T0464
L112,T0464
L087,T0465
L090,T0466
L107,T0467
L109,T0467
L032,T0468
L115,T0468
L028,T0468
L117,T0468
L027,T0469
L091,T0470
L029,T0471
L037,T0471
L038,T0471
L047,T0471
L054,T0472
L006,T0473
L070,T0474
L025,T0475
L027,T0475
L063,T0475
L005,T0475
L031,T0475
L032,T0475
L115,T0475
L028,T0475
L117,T0475
L104,T0475
L046,T0475
L047,T0475
L029,T0476
L098,T0476
L030,T0476
L099,T0476
L005,T0476
L059,T0476
L061,T0476
L068,T0476
L100,T0476
L092,T0476
L101,T0476
L102,T0476
L116,T0476
L089,T0476
L074,T0476
L118,T0476
L036,T0476
L103,T0476
L003,T0476
L007,T0476
L009,T0476
L112,T0476
L113,T0476
L097,T0477
L114,T0477
L025,T0477
L027,T0477
L063,T0477
L005,T0477
L050,T0477
L031,T0477
L100,T0477
L092,T0477
L032,T0477
L115,T0477
L028,T0477
L116,T0477
L117,T0477
L008,T0477
L104,T0477
L046,T0477
L047,T0477
L072,T0478
L103,T0479
L090,T0480
L091,T0480
L026,T0481
L086,T0481
L025,T0482
L025,T0483
L025,T0484
L114,T0485
L083,T0486
L084,T0486
L014,T0486
L016,T0486
L087,T0487
L028,T0488
L075,T0489
L076,T0489
L001,T0490
L025,T0491
L032,T0491
L115,T0491
L028,T0491
L117,T0491
L096,T0492
L076,T0493
L035,T0494
L043,T0494
L087,T0495
L105,T0496
L071,T0497
L071,T0498
L036,T0499
L098,T0500
L059,T0500
L060,T0500
L066,T0500
L067,T0500
L068,T0500
L016,T0500
L103,T0500
L008,T0500
L086,T0501
L049,T0502
L064,T0502
L052,T0502
L064,T0503
L072,T0504
L060,T0505
L067,T0505
L069,T0505
L024,T0506
L087,T0507
L072,T0508
L115,T0509
L028,T0509
L032,T0510
L005,T0511
L018,T0511
L020,T0511
L008,T0511
L072,T0512
L014,T0513
L024,T0514
L031,T0515
L031,T0516
L031,T0517
L071,T0518
L104,T0519
L031,T0520
L114,T0521
L101,T0522
L093,T0522
L095,T0522
L016,T0523
L107,T0524
L037,T0525
L030,T0526
L082,T0527
L084,T0527
L034,T0527
L029,T0528
L029,T0529
L011,T0529
L012,T0529
L030,T0529
L013,T0529
L014,T0529
L015,T0529
L036,T0529
L037,T0529
L023,T0529
L012,T0530
L013,T0530
L014,T0530
L022,T0530
L008,T0530
L023,T0530
L049,T0531
L053,T0531
L106,T0532
L079,T0533
L012,T0534
L099,T0534
L059,T0534
L060,T0534
L102,T0534
L108,T0534
L090,T0534
L052,T0534
L022,T0534
L104,T0534
L112,T0534
L030,T0535
L083,T0535
L084,T0535
L034,T0535
L014,T0535
L016,T0535
L014,T0536
L097,T0537
L012,T0537
L013,T0537
L105,T0537
L014,T0537
L015,T0537
L021,T0538
L063,T0539
L030,T0540
L035,T0540
L042,T0540
L048,T0540
L036,T0541
L038,T0541
L039,T0541
L083,T0542
L083,T0543
L084,T0543
L082,T0544
L085,T0544
L034,T0545
L082,T0546
L083,T0546
L084,T0546
L085,T0546
L086,T0546
L086,T0547
L088,T0548
L087,T0549
L088,T0549
L082,T0550
L083,T0550
L034,T0551
L037,T0551
L018,T0552
L082,T0552
L084,T0552
L034,T0552
L085,T0552
L008,T0552
L088,T0552
L086,T0553
L082,T0554
L083,T0554
L084,T0554
L034,T0554
L085,T0554
L082,T0555
L083,T0555
L084,T0555
L085,T0555
L086,T0555
L083,T0556
L084,T0556
L008,T0557
L082,T0558
L083,T0559
L034,T0560
L034,T0561
L026,T0562
L018,T0562
L035,T0563
L045,T0563
L087,T0564
L088,T0564
L087,T0565
L087,T0566
L088,T0566
L083,T0567
L084,T0567
L079,T0568
L079,T0569
L080,T0569
L081,T0569
L085,T0569
L108,T0570
L115,T0571
L028,T0571
L104,T0571
L109,T0572
L058,T0573
L060,T0573
L100,T0574
L001,T0575
L089,T0575
L090,T0575
L091,T0575
L072,T0576
L050,T0577
L078,T0578
L103,T0579
L011,T0580
L030,T0580
L010,T0581
L012,T0582
L021,T0583
L011,T0584
L060,T0585
L074,T0586
L021,T0587
L011,T0588
L012,T0588
L030,T0588
L014,T0588
L012,T0589
L030,T0590
L010,T0591
L012,T0591
L012,T0592
L099,T0592
L060,T0592
L007,T0592
L011,T0593
L084,T0593
L010,T0594
L011,T0594
L012,T0594
L010,T0595
L012,T0595
L099,T0596
L083,T0597
L049,T0598
L098,T0598
L060,T0598
L068,T0598
L013,T0598
L102,T0598
L015,T0598
L103,T0598
L007,T0598
L030,T0599
L010,T0600
L011,T0601
L012,T0601
L099,T0601
L066,T0601
L067,T0601
L007,T0601
L011,T0602
L012,T0602
L099,T0602
L083,T0603
L099,T0604
L029,T0605
L101,T0605
L019,T0605
L083,T0605
L034,T0605
L036,T0605
L037,T0605
L016,T0605
L008,T0605
L024,T0605
L096,T0605
L034,T0606
L021,T0607
L105,T0608
L010,T0609
L012,T0609
L110,T0609
L016,T0610
L100,T0611
L115,T0611
L028,T0611
L104,T0611
L096,T0612
L050,T0613
L032,T0614
L115,T0614
L028,T0614
L117,T0614
L013,T0615
L006,T0615
L002,T0615
L090,T0615
L016,T0615
L023,T0615
L038,T0615
L039,T0615
L041,T0615
L105,T0616
L105,T0617
L029,T0618
L055,T0619
L019,T0620
L056,T0621
L058,T0622
L059,T0622
L061,T0622
L057,T0622
L067,T0622
L068,T0622
L072,T0622
L040,T0622
L095,T0623
L105,T0624
L049,T0625
L052,T0625
L010,T0626
L017,T0626
L026,T0626
L005,T0626
L018,T0626
L066,T0626
L019,T0626
L020,T0626
L008,T0626
L104,T0627
L095,T0628
L097,T0629
L063,T0630
L050,T0631
L064,T0631
L071,T0631
L065,T0631
L118,T0631
L025,T0632
L059,T0633
L104,T0634
L094,T0635
L106,T0636
L029,T0636
L077,T0636
L054,T0636
L011,T0636
L025,T0636
L027,T0636
L031,T0636
L056,T0636
L059,T0636
L061,T0636
L067,T0636
L092,T0636
L028,T0636
L006,T0636
L107,T0636
L033,T0636
L001,T0636
L002,T0636
L019,T0636
L080,T0636
L089,T0636
L090,T0636
L074,T0636
L075,T0636
L076,T0636
L015,T0636
L091,T0636
L036,T0636
L016,T0636
L103,T0636
L003,T0636
L111,T0636
L023,T0636
L009,T0636
L113,T0636
L093,T0636
L094,T0636
L095,T0636
L038,T0636
L039,T0636
L040,T0636
L041,T0636
L042,T0636
L047,T0636
L059,T0637
L069,T0637
L005,T0638
L013,T0638
L014,T0638
L016,T0638
L104,T0638
L095,T0639
L024,T0639
L096,T0639
L113,T0640
L093,T0640
L094,T0640
L108,T0641
L112,T0641
L029,T0642
L017,T0643
L118,T0644
L063,T0645
L114,T0646
L105,T0647
L105,T0648
L050,T0649
L105,T0649
L034,T0650
L045,T0650
L076,T0651
L014,T0652
L016,T0652
L043,T0652
L029,T0653
L015,T0653
L114,T0654
L066,T0655
L024,T0656
L096,T0656
L115,T0657
L028,T0657
L026,T0658
L078,T0658
L103,T0659
L007,T0659
L116,T0660
L107,T0660
L014,T0661
L026,T0662
L031,T0663
L074,T0664
L070,T0665
L017,T0666
L014,T0667
L109,T0668
L078,T0669
L079,T0669
L080,T0669
L081,T0669
L037,T0669
L022,T0669
L008,T0669
L035,T0670
L043,T0670
L045,T0670
L114,T0671
L063,T0671
L031,T0671
L106,T0672
L101,T0672
L102,T0672
L075,T0672
L109,T0672
L113,T0672
L093,T0672
L094,T0672
L095,T0672
L024,T0672
L096,T0672
L101,T0673
L101,T0674
L101,T0675
L095,T0675
L056,T0676
L001,T0676
L007,T0676
L004,T0676
L108,T0677
L003,T0677
L111,T0677
L112,T0677
L025,T0678
L063,T0678
L050,T0678
L115,T0678
L028,T0678
L065,T0678
L104,T0678
L091,T0679
L004,T0680
L009,T0680
L109,T0681
L031,T0682
L006,T0683
L050,T0684
L070,T0685
L010,T0686
L030,T0686
L031,T0686
L033,T0686
L118,T0686
L035,T0686
L036,T0686
L037,T0686
L008,T0686
L023,T0686
L039,T0686
L042,T0686
L090,T0687
L049,T0688
L089,T0688
L091,T0688
L076,T0689
L029,T0690
L032,T0690
L015,T0690
L051,T0691
L106,T0692
L101,T0692
L102,T0692
L108,T0692
L111,T0692
L112,T0692
L112,T0693
L115,T0694
L028,T0694
L097,T0695
L058,T0696
L049,T0696
L055,T0696
L062,T0696
L069,T0696
L052,T0696
L091,T0697
L059,T0698
L061,T0698
L114,T0699
L014,T0700
L097,T0701
L100,T0701
L105,T0701
L054,T0702
L063,T0703
L029,T0704
L070,T0705
L087,T0705
L059,T0706
L061,T0707
L057,T0707
L006,T0707
L061,T0708
L036,T0708
L040,T0708
L056,T0709
L057,T0710
L058,T0711
L006,T0712
L004,T0713
L059,T0714
L061,T0714
L057,T0714
L067,T0714
L069,T0715
L059,T0716
L060,T0716
L059,T0717
L067,T0717
L006,T0717
L058,T0718
L059,T0718
L061,T0718
L057,T0718
L040,T0718
L036,T0719
L040,T0719
L006,T0720
L067,T0721
L058,T0722
L054,T0722
L055,T0722
L059,T0722
L067,T0722
L051,T0722
L060,T0723
L061,T0724
L072,T0724
L040,T0724
L057,T0725
L061,T0726
L057,T0727
L061,T0728
L040,T0728
L061,T0729
L063,T0730
L058,T0731
L057,T0732
L054,T0733
L056,T0733
L064,T0733
L059,T0734
L060,T0734
L062,T0734
L067,T0734
L006,T0734
L083,T0735
L067,T0736
L066,T0737
L066,T0738
L066,T0739
L068,T0740
L066,T0741
L067,T0741
L058,T0742
L049,T0742
L070,T0742
L054,T0742
L055,T0742
L011,T0742
L012,T0742
L056,T0742
L059,T0742
L060,T0742
L061,T0742
L057,T0742
L064,T0742
L062,T0742
L067,T0742
L069,T0742
L013,T0742
L006,T0742
L072,T0742
L001,T0742
L002,T0742
L089,T0742
L090,T0742
L074,T0742
L052,T0742
L014,T0742
L016,T0742
L103,T0742
L007,T0742
L021,T0742
L008,T0742
L040,T0742
L052,T0743
L061,T0744
L029,T0745
L077,T0745
L010,T0745
L011,T0745
L012,T0745
L030,T0745
L099,T0745
L017,T0745
L005,T0745
L060,T0745
L066,T0745
L100,T0745
L013,T0745
L107,T0745
L108,T0745
L081,T0745
L074,T0745
L082,T0745
L084,T0745
L034,T0745
L085,T0745
L110,T0745
L014,T0745
L015,T0745
L118,T0745
L035,T0745
L037,T0745
L016,T0745
L103,T0745
L111,T0745
L007,T0745
L021,T0745
L022,T0745
L004,T0745
L008,T0745
L023,T0745
L009,T0745
L112,T0745
L024,T0745
L101,T0746
L061,T0747
L058,T0748
L057,T0748
L058,T0749
L068,T0750
L058,T0751
L059,T0751
L061,T0751
L057,T0751
L051,T0752
L097,T0753
L109,T0754
L054,T0755
L055,T0755
L056,T0755
L068,T0756
L004,T0756
L058,T0757
L049,T0757
L054,T0757
L055,T0757
L012,T0757
L050,T0757
L056,T0757
L059,T0757
L060,T0757
L061,T0757
L057,T0757
L064,T0757
L062,T0757
L066,T0757
L068,T0757
L069,T0757
L013,T0757
L072,T0757
L052,T0757
L065,T0757
L014,T0757
L016,T0757
L007,T0757
L004,T0757
L009,T0757
L058,T0758
L058,T0759
L057,T0760
L061,T0761
L018,T0762
L021,T0762
L103,T0763
L025,T0764
L117,T0765
L060,T0766
L067,T0766
L068,T0766
L069,T0766
L005,T0767
L022,T0767
L008,T0767
L116,T0768
L114,T0769
L051,T0770
L049,T0771
L050,T0771
L065,T0771
L053,T0772
L065,T0773
L057,T0774
L111,T0775
L114,T0776
L033,T0777
L011,T0778
L059,T0778
L069,T0778
L013,T0778
L006,T0778
L108,T0778
L002,T0778
L016,T0778
L009,T0778
L078,T0779
L005,T0780
L008,T0780
L020,T0781
L018,T0782
L020,T0782
L019,T0783
L020,T0784
L020,T0785
L018,T0786
L026,T0787
L078,T0787
L018,T0787
L060,T0788
L062,T0788
L013,T0789
L015,T0789
L029,T0790
L106,T0791
L070,T0792
L093,T0793
L095,T0793
L093,T0794
L095,T0794
L078,T0795
L050,T0796
L112,T0797
L025,T0798
L078,T0798
L032,T0798
L115,T0798
L028,T0798
L104,T0798
L117,T0799
L091,T0800
L029,T0801
L036,T0801
L065,T0802
L005,T0803
L018,T0803
L079,T0803
L081,T0803
L082,T0803
L083,T0803
L084,T0803
L034,T0803
L085,T0803
L086,T0803
L022,T0803
L008,T0803
L088,T0803
L075,T0804
L053,T0805
L050,T0806
L072,T0806
L031,T0807
L065,T0808
L085,T0809
L037,T0810
L046,T0810
L031,T0811
L062,T0812
L058,T0813
L055,T0813
L062,T0813
L066,T0814
L067,T0814
L020,T0814
L025,T0815
L114,T0816
L063,T0817
L103,T0817
L065,T0818
L075,T0819
L109,T0819
L110,T0819
L096,T0820
L098,T0821
L099,T0821
L102,T0821
L103,T0821
L007,T0821
L024,T0821
L068,T0822
L036,T0823
L040,T0823
L051,T0824
L010,T0825
L017,T0825
L005,T0825
L018,T0825
L079,T0825
L080,T0825
L081,T0825
L082,T0825
L083,T0825
L084,T0825
L034,T0825
L085,T0825
L086,T0825
L037,T0825
L016,T0825
L022,T0825
L008,T0825
L088,T0825
L024,T0825
L045,T0825
L019,T0826
L076,T0827
L106,T0828
L058,T0828
L097,T0828
L029,T0828
L077,T0828
L049,T0828
L098,T0828
L070,T0828
L114,T0828
L054,T0828
L055,T0828
L010,T0828
L011,T0828
L012,T0828
L030,T0828
L099,T0828
L017,T0828
L025,T0828
L026,T0828
L078,T0828
L027,T0828
L063,T0828
L005,T0828
L050,T0828
L056,T0828
L060,T0828
L061,T0828
L057,T0828
L064,T0828
L062,T0828
L066,T0828
L067,T0828
L068,T0828
L069,T0828
L100,T0828
L079,T0828
L013,T0828
L073,T0828
L092,T0828
L032,T0828
L115,T0828
L028,T0828
L006,T0828
L101,T0828
L102,T0828
L116,T0828
L071,T0828
L072,T0828
L108,T0828
L105,T0828
L117,T0828
L019,T0828
L080,T0828
L089,T0828
L090,T0828
L081,T0828
L074,T0828
L075,T0828
L076,T0828
L051,T0828
L109,T0828
L052,T0828
L065,T0828
L053,T0828
L082,T0828
L084,T0828
L085,T0828
L110,T0828
L014,T0828
L015,T0828
L118,T0828
L091,T0828
L035,T0828
L036,T0828
L037,T0828
L016,T0828
L103,T0828
L003,T0828
L111,T0828
L007,T0828
L020,T0828
L021,T0828
L022,T0828
L004,T0828
L008,T0828
L023,T0828
L009,T0828
L104,T0828
L087,T0828
L088,T0828
L112,T0828
L113,T0828
L093,T0828
L094,T0828
L095,T0828
L024,T0828
L096,T0828
L038,T0828
L039,T0828
L041,T0828
L042,T0828
L043,T0828
L044,T0828
L045,T0828
L047,T0828
L048,T0828
L013,T0829
L015,T0829
L016,T0829
L007,T0829
L014,T0830
L029,T0831
L073,T0832
L073,T0833
L118,T0834
L076,T0835
L075,T0836
L003,T0836
L073,T0837
L090,T0837
L073,T0838
L006,T0839
L103,T0840
L007,T0840
L091,T0841
L089,T0842
L113,T0842
L093,T0842
L094,T0842
L006,T0843
L001,T0843
L002,T0843
L075,T0843
L004,T0843
L060,T0844
L102,T0845
L051,T0846
L073,T0847
L095,T0848
L024,T0848
L096,T0848
L113,T0849
L094,T0849
L049,T0850
L053,T0850
L104,T0851
L058,T0852
L033,T0853
L080,T0853
L049,T0854
L050,T0854
L064,T0854
L052,T0854
L065,T0854
L053,T0854
L088,T0855
L098,T0856
L012,T0856
L099,T0856
L068,T0856
L069,T0856
L102,T0856
L103,T0856
L007,T0856
L077,T0857
L011,T0857
L013,T0857
L110,T0857
L014,T0857
L015,T0857
L016,T0857
L007,T0857
L008,T0857
L009,T0857
L076,T0858
L021,T0859
L050,T0860
L091,T0861
L110,T0862
L016,T0862
L104,T0862
L031,T0863
L032,T0863
L031,T0864
L031,T0865
L114,T0866
L098,T0867
L115,T0868
L028,T0868
L032,T0869
L117,T0869
L031,T0870
L050,T0871
L117,T0871
L115,T0872
L028,T0872
L070,T0873
L013,T0874
L072,T0874
L014,T0874
L009,T0874
L009,T0875
L073,T0876
L035,T0877
L037,T0877
L043,T0877
L045,T0877
L037,T0878
L068,T0879
L073,T0880
L083,T0881
L086,T0881
L010,T0882
L011,T0882
L012,T0882
L049,T0883
L098,T0883
L055,T0883
L099,T0883
L059,T0883
L060,T0883
L066,T0883
L067,T0883
L068,T0883
L013,T0883
L073,T0883
L102,T0883
L108,T0883
L117,T0883
L051,T0883
L052,T0883
L053,T0883
L110,T0883
L014,T0883
L036,T0883
L016,T0883
L103,T0883
L007,T0883
L020,T0883
L004,T0883
L008,T0883
L009,T0883
L024,T0883
L044,T0883
L100,T0884
L100,T0885
L072,T0886
L096,T0887
L029,T0888
L077,T0888
L098,T0888
L010,T0888
L011,T0888
L012,T0888
L030,T0888
L017,T0888
L005,T0888
L066,T0888
L069,T0888
L013,T0888
L108,T0888
L019,T0888
L081,T0888
L082,T0888
L084,T0888
L034,T0888
L085,T0888
L110,T0888
L015,T0888
L118,T0888
L035,T0888
L037,T0888
L016,T0888
L111,T0888
L007,T0888
L022,T0888
L004,T0888
L008,T0888
L023,T0888
L009,T0888
L088,T0888
L112,T0888
L024,T0888
L045,T0888
L058,T0889
L060,T0889
L062,T0889
L069,T0889
L032,T0890
L115,T0890
L028,T0890
L102,T0890
L025,T0891
L032,T0891
L115,T0891
L028,T0891
L117,T0891
L053,T0892
L025,T0893
L027,T0893
L101,T0894
L032,T0895
L117,T0895
L106,T0896
L059,T0897
L067,T0897
L040,T0897
L021,T0898
L094,T0899
L070,T0900
L083,T0901
L098,T0902
L068,T0902
L100,T0902
L051,T0903
L034,T0904
L031,T0905
L071,T0906
L027,T0907
L088,T0908
L072,T0909
L092,T0910
L116,T0910
L083,T0911
L059,T0912
L067,T0912
L004,T0913
L114,T0914
L114,T0915
L114,T0916
L071,T0917
L087,T0918
L088,T0918
L016,T0919
L061,T0920
L059,T0921
L062,T0921
L067,T0921
L004,T0921
L026,T0922
L078,T0922
L021,T0923
L101,T0924
L032,T0925
L115,T0925
L028,T0925
L117,T0925
L097,T0926
L112,T0926
L071,T0927
L005,T0928
L018,T0928
L008,T0928
L114,T0929
L031,T0929
L025,T0930
L026,T0930
L078,T0930
L018,T0930
L115,T0930
L028,T0930
L117,T0930
L082,T0930
L085,T0930
L086,T0930
L088,T0930
L114,T0931
L113,T0932
L094,T0932
L060,T0933
L062,T0933
L069,T0933
L054,T0934
L103,T0935
L007,T0935
L103,T0936
L007,T0936
L052,T0937
L114,T0938
L083,T0939
L084,T0939
L056,T0940
L118,T0941
L079,T0942
L063,T0943
L056,T0944
L064,T0944
L113,T0944
L094,T0944
L107,T0945
L111,T0945
L098,T0946
L099,T0946
L101,T0946
L102,T0946
L007,T0946
L112,T0947
L012,T0948
L013,T0948
L014,T0948
L014,T0949
L010,T0950
L019,T0950
L082,T0950
L083,T0950
L084,T0950
L034,T0950
L110,T0950
L016,T0950
L022,T0950
L008,T0950
L024,T0950
L062,T0951
L024,T0952
L027,T0953
L049,T0954
L051,T0954
L053,T0954
L029,T0955
L030,T0955
L013,T0955
L014,T0955
L036,T0955
L037,T0955
L016,T0955
L053,T0956
L070,T0957
L049,T0958
L098,T0958
L099,T0958
L050,T0958
L064,T0958
L102,T0958
L117,T0958
L052,T0958
L053,T0958
L103,T0958
L007,T0958
L097,T0959
L105,T0959
L070,T0960
L032,T0961
L006,T0962
L052,T0963
L089,T0964
L015,T0964
L052,T0965
L026,T0966
L018,T0966
L083,T0966
L086,T0966
L020,T0966
L086,T0967
L088,T0967
L086,T0968
L107,T0969
L052,T0969
L031,T0970
L033,T0970
L050,T0971
L113,T0972
L093,T0972
L094,T0972
L095,T0972
L106,T0973
L077,T0973
L098,T0973
L114,T0973
L099,T0973
L092,T0973
L101,T0973
L108,T0973
L117,T0973
L001,T0973
L089,T0973
L081,T0973
L075,T0973
L109,T0973
L110,T0973
L103,T0973
L111,T0973
L104,T0973
L112,T0973
L113,T0973
L093,T0973
L094,T0973
L095,T0973
L096,T0973
L106,T0974
L101,T0975
L113,T0975
L093,T0975
L095,T0975
L096,T0975
L093,T0976
L114,T0977
L078,T0978
L080,T0978
L035,T0978
L010,T0979
L011,T0979
L012,T0979
L030,T0979
L013,T0979
L006,T0979
L002,T0979
L019,T0979
L014,T0979
L015,T0979
L016,T0979
L020,T0979
L021,T0980
L071,T0981
L031,T0982
L031,T0983
L097,T0984
L092,T0984
L101,T0984
L102,T0984
L116,T0984
L105,T0984
L097,T0985
L105,T0985
L097,T0986
L105,T0986
L097,T0987
L105,T0987
L097,T0988
L105,T0988
L107,T0989
L109,T0989
L112,T0989
L106,T0990
L079,T0991
L011,T0992
L012,T0992
L099,T0992
L007,T0992
L082,T0993
L030,T0994
L083,T0995
L084,T0995
L034,T0995
L086,T0995
L035,T0995
L036,T0995
L037,T0995
L032,T0996
L032,T0997
L087,T0998
L088,T0998
L058,T0999
L059,T0999
L060,T0999
L057,T0999
L062,T0999
L069,T0999
L108,T0999
L007,T0999
L009,T0999
L104,T1000
L049,T1001
L098,T1001
L064,T1001
L102,T1001
L007,T1001
L024,T1001
L097,T1002
L016,T1003
L093,T1004
L095,T1004
L016,T1005
L086,T1006
L097,T1007
L100,T1007
L105,T1007
L011,T1008
L012,T1008
L099,T1008
L013,T1008
L014,T1008
L015,T1008
L016,T1008
L103,T1008
L007,T1008
L023,T1008
L009,T1008
L098,T1009
L068,T1009
L092,T1010
L116,T1010
L033,T1011
L063,T1012
L031,T1013
L109,T1014
L029,T1015
L037,T1016
L082,T1017
L084,T1017
L034,T1017
L085,T1017
L086,T1018
L083,T1019
L114,T1020
L114,T1021
L025,T1022
L027,T1022
L005,T1022
L032,T1022
L115,T1022
L028,T1022
L025,T1023
L093,T1024
L095,T1024
L096,T1024
L087,T1025
L088,T1025
L025,T1026
L032,T1026
L115,T1026
L028,T1026
L117,T1026
L080,T1027
L074,T1027
L080,T1028
L065,T1029
L017,T1030
L009,T1030
L088,T1031
L089,T1032
L113,T1032
L093,T1032
L094,T1032
L095,T1032
L049,T1033
L027,T1034
L111,T1034
L068,T1035
L091,T1036
L056,T1037
L089,T1037
L113,T1037
L094,T1037
L074,T1038
L070,T1039
L107,T1041
L092,T1042
L092,T1043
L116,T1044
L118,T1045
L092,T1046
L116,T1047
L107,T1048
L092,T1049
L107,T1049
L116,T1050
L092,T1051
L116,T1051
L092,T1052
L116,T1053
L114,T1054
L065,T1055
L090,T1056
L006,T1057
L070,T1058
L110,T1059
L016,T1059
L112,T1059
L101,T1060
L115,T1061
L028,T1061
L104,T1061
L058,T1062
L054,T1062
L055,T1062
L063,T1062
L056,T1062
L057,T1062
L064,T1062
L062,T1062
L108,T1062
L089,T1062
L090,T1062
L086,T1062
L110,T1062
L091,T1062
L111,T1062
L087,T1062
L088,T1062
L112,T1062
L071,T1063
L027,T1064
L032,T1064
L115,T1064
L028,T1064
L104,T1064
L092,T1065
L029,T1066
L011,T1066
L059,T1066
L061,T1066
L073,T1066
L006,T1066
L072,T1066
L033,T1066
L002,T1066
L089,T1066
L036,T1066
L038,T1066
L039,T1066
L040,T1066
L042,T1066
L049,T1067
L053,T1067
L049,T1068
L050,T1068
L065,T1068
L087,T1069
L088,T1069
L070,T1070
L070,T1071
L071,T1072
L071,T1073
L071,T1074
L071,T1075
L071,T1076
L071,T1077
L071,T1078
L109,T1079
L108,T1080
L003,T1080
L111,T1080
L112,T1080
L021,T1081
L032,T1082
L037,T1082
L043,T1082
L046,T1082
L098,T1083
L071,T1084
L106,T1085
L058,T1085
L097,T1085
L029,T1085
L077,T1085
L049,T1085
L098,T1085
L070,T1085
L114,T1085
L054,T1085
L055,T1085
L010,T1085
L011,T1085
L012,T1085
L030,T1085
L099,T1085
L017,T1085
L025,T1085
L026,T1085
L027,T1085
L063,T1085
L005,T1085
L050,T1085
L031,T1085
L056,T1085
L060,T1085
L057,T1085
L064,T1085
L062,T1085
L066,T1085
L068,T1085
L069,T1085
L100,T1085
L013,T1085
L073,T1085
L092,T1085
L032,T1085
L115,T1085
L028,T1085
L006,T1085
L101,T1085
L102,T1085
L116,T1085
L107,T1085
L071,T1085
L033,T1085
L108,T1085
L105,T1085
L117,T1085
L001,T1085
L002,T1085
L090,T1085
L081,T1085
L074,T1085
L075,T1085
L076,T1085
L051,T1085
L109,T1085
L052,T1085
L065,T1085
L053,T1085
L082,T1085
L083,T1085
L084,T1085
L034,T1085
L085,T1085
L110,T1085
L014,T1085
L015,T1085
L118,T1085
L091,T1085
L036,T1085
L037,T1085
L016,T1085
L103,T1085
L003,T1085
L111,T1085
L007,T1085
L022,T1085
L004,T1085
L008,T1085
L023,T1085
L009,T1085
L104,T1085
L087,T1085
L088,T1085
L112,T1085
L093,T1085
L024,T1085
L096,T1085
L038,T1085
L039,T1085
L040,T1085
L041,T1085
L042,T1085
L043,T1085
L044,T1085
L045,T1085
L047,T1085
L048,T1085
L075,T1087
L029,T1088
L011,T1088
L012,T1088
L005,T1088
L013,T1088
L092,T1088
L107,T1088
L001,T1088
L074,T1088
L075,T1088
L109,T1088
L014,T1088
L015,T1088
L003,T1088
L004,T1088
L023,T1088
L009,T1088
L106,T1089
L058,T1089
L097,T1089
L029,T1089
L049,T1089
L098,T1089
L114,T1089
L055,T1089
L010,T1089
L011,T1089
L012,T1089
L099,T1089
L025,T1089
L027,T1089
L005,T1089
L060,T1089
L062,T1089
L067,T1089
L068,T1089
L069,T1089
L100,T1089
L013,T1089
L115,T1089
L028,T1089
L101,T1089
L102,T1089
L116,T1089
L107,T1089
L108,T1089
L105,T1089
L117,T1089
L089,T1089
L081,T1089
L052,T1089
L110,T1089
L014,T1089
L015,T1089
L118,T1089
L091,T1089
L037,T1089
L016,T1089
L103,T1089
L003,T1089
L111,T1089
L007,T1089
L022,T1089
L008,T1089
L023,T1089
L009,T1089
L104,T1089
L112,T1089
L024,T1089
L029,T1090
L014,T1091
L089,T1092
L091,T1092
L029,T1093
L011,T1093
L012,T1093
L005,T1093
L013,T1093
L092,T1093
L107,T1093
L001,T1093
L074,T1093
L075,T1093
L109,T1093
L014,T1093
L015,T1093
L003,T1093
L004,T1093
L023,T1093
L009,T1093
L106,T1094
L058,T1094
L097,T1094
L029,T1094
L049,T1094
L098,T1094
L114,T1094
L055,T1094
L010,T1094
L011,T1094
L012,T1094
L099,T1094
L027,T1094
L005,T1094
L060,T1094
L062,T1094
L068,T1094
L069,T1094
L100,T1094
L013,T1094
L101,T1094
L102,T1094
L116,T1094
L107,T1094
L108,T1094
L105,T1094
L081,T1094
L052,T1094
L110,T1094
L014,T1094
L015,T1094
L118,T1094
L091,T1094
L037,T1094
L016,T1094
L103,T1094
L003,T1094
L111,T1094
L007,T1094
L023,T1094
L112,T1094
L024,T1094
L014,T1095
L089,T1096
L091,T1096
L029,T1097
L019,T1098
L109,T1099
L082,T1100
L085,T1100
L020,T1101
L098,T1102
L114,T1102
L099,T1102
L005,T1102
L031,T1102
L060,T1102
L102,T1102
L117,T1102
L083,T1102
L036,T1102
L016,T1102
L103,T1102
L007,T1102
L008,T1102
L104,T1102
L047,T1102
L092,T1103
L116,T1103
L054,T1104
L056,T1104
L064,T1104
L101,T1104
L089,T1104
L113,T1104
L093,T1104
L094,T1104
L024,T1104
L096,T1104
L006,T1105
L014,T1105
L008,T1105
L011,T1106
L012,T1106
L014,T1107
L030,T1108
L054,T1109
L011,T1110
L010,T1111
L030,T1111
L034,T1111
L030,T1112
L045,T1112
L010,T1113
L021,T1113
L013,T1114
L015,T1114
L010,T1115
L012,T1115
L010,T1116
L060,T1117
L013,T1118
L015,T1118
L011,T1119
L009,T1119
L072,T1120
L010,T1121
L011,T1121
L012,T1121
L030,T1121
L061,T1121
L067,T1121
L033,T1121
L014,T1121
L036,T1121
L016,T1121
L033,T1122
L083,T1123
L028,T1124
L117,T1124
L030,T1125
L031,T1125
L067,T1125
L070,T1126
L016,T1127
L024,T1127
L010,T1128
L010,T1129
L012,T1129
L017,T1129
L110,T1129
L016,T1129
L053,T1130
L011,T1131
L029,T1132
L077,T1132
L049,T1132
L098,T1132
L114,T1132
L010,T1132
L011,T1132
L012,T1132
L030,T1132
L099,T1132
L017,T1132
L005,T1132
L059,T1132
L060,T1132
L066,T1132
L067,T1132
L100,T1132
L013,T1132
L073,T1132
L092,T1132
L006,T1132
L102,T1132
L116,T1132
L108,T1132
L002,T1132
L081,T1132
L074,T1132
L075,T1132
L051,T1132
L052,T1132
L082,T1132
L083,T1132
L085,T1132
L110,T1132
L014,T1132
L015,T1132
L118,T1132
L035,T1132
L036,T1132
L037,T1132
L016,T1132
L103,T1132
L111,T1132
L007,T1132
L020,T1132
L021,T1132
L022,T1132
L004,T1132
L008,T1132
L023,T1132
L112,T1132
L038,T1132
L043,T1132
L047,T1132
L021,T1133
L010,T1134
L011,T1135
L012,T1135
L099,T1135
L024,T1135
L076,T1136
L010,T1137
L019,T1137
L052,T1137
L007,T1137
L020,T1137
L008,T1137
L016,T1138
L010,T1139
L011,T1139
L012,T1139
L030,T1139
L083,T1139
L084,T1139
L065,T1140
L010,T1141
L012,T1141
L069,T1142
L060,T1143
L059,T1144
L061,T1144
L057,T1144
L018,T1145
L118,T1146
L073,T1147
L071,T1148
L020,T1149
L010,T1150
L011,T1150
L012,T1150
L099,T1150
L013,T1150
L033,T1150
L014,T1150
L015,T1150
L016,T1150
L103,T1150
L007,T1150
L071,T1151
L097,T1152
L023,T1153
L020,T1154
L097,T1155
L097,T1156
L098,T1157
L011,T1157
L012,T1157
L099,T1157
L069,T1157
L108,T1157
L016,T1157
L007,T1157
L009,T1157
L096,T1158
L030,T1159
L013,T1159
L016,T1159
L007,T1159
L030,T1160
L035,T1160
L036,T1160
L037,T1160
L038,T1160
L042,T1160
L056,T1161
L001,T1161
L109,T1161
L091,T1161
L113,T1161
L094,T1161
L066,T1162
L067,T1162
L096,T1163
L049,T1164
L053,T1164
L079,T1165
L073,T1165
L080,T1165
L090,T1165
L115,T1166
L028,T1166
L071,T1167
L088,T1168
L104,T1169
L065,T1170
L053,T1170
L026,T1171
L078,T1171
L064,T1172
L097,T1173
L005,T1173
L100,T1173
L015,T1173
L077,T1174
L049,T1174
L098,T1174
L010,T1174
L011,T1174
L012,T1174
L030,T1174
L099,T1174
L017,T1174
L026,T1174
L027,T1174
L005,T1174
L059,T1174
L018,T1174
L060,T1174
L066,T1174
L068,T1174
L069,T1174
L013,T1174
L092,T1174
L032,T1174
L115,T1174
L028,T1174
L006,T1174
L102,T1174
L108,T1174
L117,T1174
L019,T1174
L081,T1174
L074,T1174
L051,T1174
L052,T1174
L082,T1174
L083,T1174
L084,T1174
L085,T1174
L110,T1174
L014,T1174
L015,T1174
L037,T1174
L016,T1174
L103,T1174
L111,T1174
L007,T1174
L020,T1174
L021,T1174
L022,T1174
L004,T1174
L008,T1174
L023,T1174
L009,T1174
L104,T1174
L087,T1174
L088,T1174
L112,T1174
L024,T1174
L063,T1175
L062,T1176
L051,T1176
L065,T1177
L097,T1178
L029,T1178
L098,T1178
L011,T1178
L099,T1178
L059,T1178
L067,T1178
L006,T1178
L101,T1178
L102,T1178
L116,T1178
L105,T1178
L001,T1178
L002,T1178
L089,T1178
L075,T1178
L051,T1178
L103,T1178
L003,T1178
L007,T1178
L009,T1178
L024,T1178
L096,T1178
L071,T1179
L004,T1180
L058,T1181
L060,T1181
L061,T1181
L057,T1181
L021,T1182
L016,T1183
L079,T1184
L035,T1184
L022,T1184
L097,T1185
L029,T1185
L098,T1185
L011,T1185
L099,T1185
L050,T1185
L006,T1185
L102,T1185
L105,T1185
L075,T1185
L103,T1185
L003,T1185
L007,T1185
L009,T1185
L110,T1186
L096,T1187
L100,T1188
L049,T1189
L053,T1190
L065,T1191
L076,T1192
L012,T1193
L084,T1193
L110,T1193
L016,T1193
L008,T1193
L024,T1193
L014,T1194
L114,T1195
L103,T1196
L031,T1197
L032,T1198
L027,T1199
L027,T1200
L115,T1200
L028,T1200
L013,T1201
L014,T1201
L015,T1201
L029,T1202
L114,T1202
L010,T1202
L011,T1202
L012,T1202
L030,T1202
L099,T1202
L005,T1202
L031,T1202
L059,T1202
L067,T1202
L069,T1202
L013,T1202
L032,T1202
L033,T1202
L117,T1202
L019,T1202
L081,T1202
L034,T1202
L014,T1202
L015,T1202
L118,T1202
L035,T1202
L036,T1202
L037,T1202
L016,T1202
L103,T1202
L007,T1202
L020,T1202
L022,T1202
L008,T1202
L023,T1202
L009,T1202
L040,T1202
L102,T1203
L116,T1204
L053,T1205
L078,T1206
L025,T1207
L072,T1208
L072,T1209
L105,T1210
L089,T1211
L113,T1211
L094,T1211
L003,T1212
L029,T1213
L098,T1213
L010,T1213
L011,T1213
L012,T1213
L099,T1213
L005,T1213
L060,T1213
L013,T1213
L102,T1213
L108,T1213
L117,T1213
L081,T1213
L052,T1213
L110,T1213
L014,T1213
L015,T1213
L036,T1213
L016,T1213
L103,T1213
L007,T1213
L008,T1213
L023,T1213
L009,T1213
L112,T1213
L024,T1213
L015,T1214
L113,T1215
L098,T1216
L068,T1216
L100,T1216
L066,T1217
L067,T1217
L063,T1218
L027,T1219
L097,T1220
L072,T1221
L036,T1221
L038,T1221
L039,T1221
L040,T1221
L042,T1221
L070,T1222
L020,T1223
L060,T1224
L032,T1225
L117,T1225
L072,T1226
L072,T1227
L072,T1228
L031,T1229
L031,T1230
L032,T1231
L065,T1232
L089,T1233
L113,T1233
L093,T1233
L094,T1233
L095,T1233
L096,T1233
L108,T1234
L111,T1235
L070,T1236
L063,T1236
L065,T1236
L082,T1237
L026,T1238
L078,T1238
L018,T1238
L086,T1238
L020,T1239
L026,T1240
L018,T1240
L020,T1241
L031,T1242
L084,T1243
L106,T1244
L101,T1244
L102,T1244
L075,T1244
L109,T1244
L113,T1244
L093,T1244
L094,T1244
L095,T1244
L024,T1244
L096,T1244
L005,T1245
L005,T1246
L117,T1246
L034,T1246
L110,T1246
L024,T1246
L088,T1247
L087,T1248
L089,T1249
L074,T1249
L096,T1250
L080,T1251
L049,T1252
L064,T1252
L051,T1252
L052,T1252
L065,T1252
L053,T1252
L075,T1253
L014,T1254
L016,T1254
L073,T1255
L010,T1256
L017,T1256
L026,T1256
L078,T1256
L005,T1256
L018,T1256
L079,T1256
L081,T1256
L022,T1256
L008,T1256
L114,T1257
L114,T1258
L031,T1258
L114,T1259
L109,T1260
L109,T1261
L072,T1262
L025,T1263
L026,T1263
L027,T1263
L032,T1263
L115,T1263
L028,T1263
L104,T1263
L025,T1264
L059,T1265
L067,T1265
L033,T1265
L036,T1265
L037,T1265
L038,T1265
L115,T1267
L028,T1267
L005,T1268
L008,T1268
L069,T1269
L006,T1269
L009,T1269
L017,T1270
L054,T1271
L017,T1272
L003,T1273
L003,T1274
L106,T1275
L073,T1276
L020,T1277
L009,T1278
L077,T1279
L017,T1279
L069,T1279
L108,T1279
L009,T1279
L033,T1280
L020,T1281
L009,T1282
L018,T1283
L017,T1284
L072,T1285
L088,T1286
L109,T1287
L032,T1288
L043,T1288
L046,T1288
L033,T1289
L026,T1290
L078,T1290
L018,T1290
L086,T1290
L034,T1291
L032,T1292
L033,T1293
L070,T1294
L077,T1295
L081,T1295
L022,T1295
L024,T1295
L050,T1296
L050,T1297
L078,T1298
L073,T1299
L061,T1300
L087,T1301
L088,T1301
L105,T1302
L077,T1304
L074,T1304
L016,T1304
L062,T1305
L066,T1305
L068,T1305
L032,T1306
L115,T1306
L028,T1306
L117,T1306
L016,T1306
L060,T1307
L004,T1307
L061,T1308
L057,T1309
L061,T1310
L059,T1311
L061,T1311
L057,T1311
L059,T1312
L062,T1312
L069,T1312
L009,T1312
L093,T1313
L051,T1314
L092,T1315
L007,T1316
L004,T1316
L009,T1316
L100,T1317
L108,T1318
L025,T1319
L093,T1320
L080,T1321
L074,T1321
L109,T1322
L083,T1323
L072,T1324
L072,T1325
L023,T1326
L029,T1327
L093,T1328
L107,T1329
L109,T1329
L105,T1330
L106,T1331
L117,T1332
L085,T1333
L082,T1334
L084,T1334
L034,T1334
L114,T1335
L026,T1336
L018,T1336
L034,T1337
L082,T1338
L083,T1338
L084,T1338
L034,T1338
L005,T1339
L082,T1339
L083,T1339
L084,T1339
L086,T1339
L008,T1339
L005,T1340
L082,T1340
L083,T1340
L084,T1340
L008,T1340
L083,T1341
L063,T1342
L026,T1343
L005,T1343
L018,T1343
L020,T1343
L021,T1344
L073,T1345
L019,T1346
L042,T1346
L029,T1347
L010,T1347
L011,T1347
L030,T1347
L059,T1347
L061,T1347
L032,T1347
L006,T1347
L033,T1347
L002,T1347
L019,T1347
L034,T1347
L035,T1347
L036,T1347
L037,T1347
L007,T1347
L023,T1347
L038,T1347
L039,T1347
L040,T1347
L041,T1347
L042,T1347
L021,T1348
L003,T1349
L032,T1350
L011,T1351
L012,T1351
L030,T1351
L013,T1351
L083,T1351
L034,T1351
L014,T1351
L015,T1351
L016,T1351
L103,T1351
L008,T1351
L077,T1352
L017,T1352
L013,T1352
L006,T1352
L002,T1352
L080,T1352
L090,T1352
L074,T1352
L016,T1352
L023,T1352
L038,T1352
L079,T1353
L035,T1353
L080,T1354
L013,T1355
L110,T1355
L014,T1355
L016,T1355
L003,T1356
L078,T1357
L079,T1357
L080,T1357
L081,T1357
L085,T1357
L035,T1357
L051,T1358
L097,T1359
L029,T1359
L098,T1359
L030,T1359
L099,T1359
L063,T1359
L005,T1359
L031,T1359
L059,T1359
L060,T1359
L061,T1359
L068,T1359
L100,T1359
L101,T1359
L102,T1359
L117,T1359
L089,T1359
L074,T1359
L051,T1359
L118,T1359
L036,T1359
L103,T1359
L003,T1359
L007,T1359
L008,T1359
L009,T1359
L112,T1359
L113,T1359
L024,T1359
L031,T1360
L100,T1361
L106,T1362
L029,T1362
L098,T1362
L114,T1362
L100,T1362
L101,T1362
L102,T1362
L075,T1362
L109,T1362
L007,T1362
L112,T1362
L113,T1362
L093,T1362
L094,T1362
L095,T1362
L024,T1362
L096,T1362
L106,T1363
L063,T1364
L065,T1364
L077,T1365
L024,T1365
L069,T1366
L075,T1367
L097,T1368
L029,T1368
L077,T1368
L049,T1368
L098,T1368
L010,T1368
L011,T1368
L012,T1368
L099,T1368
L017,T1368
L025,T1368
L027,T1368
L005,T1368
L060,T1368
L067,T1368
L068,T1368
L069,T1368
L100,T1368
L013,T1368
L115,T1368
L028,T1368
L102,T1368
L116,T1368
L107,T1368
L108,T1368
L105,T1368
L117,T1368
L089,T1368
L081,T1368
L052,T1368
L110,T1368
L014,T1368
L015,T1368
L118,T1368
L091,T1368
L037,T1368
L016,T1368
L103,T1368
L003,T1368
L111,T1368
L007,T1368
L022,T1368
L004,T1368
L008,T1368
L023,T1368
L009,T1368
L104,T1368
L112,T1368
L024,T1368
L106,T1369
L101,T1369
L102,T1369
L097,T1370
L012,T1371
L013,T1371
L014,T1371
L015,T1371
L106,T1372
L029,T1372
L077,T1372
L054,T1372
L011,T1372
L012,T1372
L030,T1372
L025,T1372
L027,T1372
L063,T1372
L031,T1372
L056,T1372
L059,T1372
L061,T1372
L057,T1372
L066,T1372
L067,T1372
L013,T1372
L092,T1372
L032,T1372
L028,T1372
L107,T1372
L072,T1372
L033,T1372
L108,T1372
L019,T1372
L089,T1372
L090,T1372
L081,T1372
L074,T1372
L075,T1372
L076,T1372
L109,T1372
L065,T1372
L084,T1372
L034,T1372
L110,T1372
L014,T1372
L015,T1372
L118,T1372
L091,T1372
L035,T1372
L036,T1372
L037,T1372
L016,T1372
L103,T1372
L111,T1372
L023,T1372
L087,T1372
L112,T1372
L113,T1372
L093,T1372
L094,T1372
L095,T1372
L096,T1372
L038,T1372
L039,T1372
L040,T1372
L041,T1372
L042,T1372
L045,T1372
L047,T1372
L048,T1372
L006,T1373
L002,T1373
L090,T1373
L091,T1373
L092,T1374
L089,T1374
L077,T1375
L010,T1375
L017,T1375
L079,T1375
L001,T1375
L080,T1375
L085,T1375
L015,T1375
L022,T1375
L004,T1375
L008,T1375
L043,T1375
L048,T1375
L006,T1376
L001,T1376
L002,T1376
L003,T1376
L009,T1376
L005,T1377
L110,T1377
L016,T1377
L112,T1377
L033,T1378
L033,T1379
L041,T1379
L024,T1380
L096,T1380
L068,T1381
L031,T1382
L098,T1383
L009,T1384
L096,T1385
L097,T1386
L029,T1386
L077,T1386
L049,T1386
L098,T1386
L011,T1386
L056,T1386
L067,T1386
L068,T1386
L069,T1386
L013,T1386
L073,T1386
L101,T1386
L102,T1386
L033,T1386
L108,T1386
L105,T1386
L117,T1386
L001,T1386
L089,T1386
L081,T1386
L074,T1386
L075,T1386
L051,T1386
L109,T1386
L053,T1386
L118,T1386
L003,T1386
L111,T1386
L007,T1386
L004,T1386
L023,T1386
L009,T1386
L087,T1386
L003,T1387
L009,T1387
L029,T1388
L051,T1389
L114,T1390
L009,T1391
L009,T1392
L025,T1393
L026,T1393
L027,T1393
L032,T1393
L115,T1393
L028,T1393
L063,T1394
L083,T1395
L083,T1396
L083,T1397
L018,T1398
L082,T1398
L084,T1398
L034,T1398
L008,T1398
L088,T1398
L034,T1399
L097,T1400
L108,T1400
L111,T1400
L112,T1400
L049,T1401
L070,T1401
L054,T1401
L055,T1401
L063,T1401
L050,T1401
L056,T1401
L064,T1401
L072,T1401
L052,T1401
L065,T1401
L053,T1401
L044,T1401
L031,T1402
L031,T1403
L029,T1404
L098,T1404
L031,T1404
L102,T1404
L007,T1404
L009,T1404
L110,T1405
L016,T1405
L112,T1405
L110,T1406
L106,T1407
L058,T1407
L054,T1407
L055,T1407
L030,T1407
L056,T1407
L061,T1407
L057,T1407
L064,T1407
L062,T1407
L107,T1407
L033,T1407
L089,T1407
L090,T1407
L109,T1407
L091,T1407
L036,T1407
L008,T1407
L088,T1407
L069,T1408
L060,T1409
L076,T1410
L089,T1411
L090,T1411
L091,T1411
L091,T1412
L108,T1413
L111,T1413
L112,T1413
L016,T1414
L112,T1415
L115,T1416
L028,T1416
L049,T1417
L050,T1417
L064,T1417
L052,T1417
L065,T1417
L010,T1418
L005,T1418
L033,T1418
L082,T1418
L022,T1418
L008,T1418
L104,T1419
L031,T1420
L040,T1420
L031,T1421
L106,T1422
L105,T1423
L013,T1424
L033,T1424
L014,T1424
L015,T1424
L036,T1424
L037,T1424
L007,T1424
L022,T1424
L008,T1424
L014,T1425
L016,T1425
L025,T1426
L115,T1426
L028,T1426
L071,T1427
L059,T1428
L014,T1429
L054,T1430
L055,T1430
L056,T1430
L080,T1431
L051,T1432
L053,T1432
L051,T1433
L098,T1434
L073,T1435
L118,T1436
L097,T1437
L029,T1438
L098,T1438
L013,T1438
L006,T1438
L014,T1438
L015,T1438
L036,T1438
L103,T1438
L007,T1438
L009,T1438
L097,T1439
L100,T1439
L007,T1439
L097,T1440
L097,T1441
L100,T1441
L105,T1441
L054,T1442
L052,T1443
L053,T1443
L060,T1444
L069,T1444
L097,T1445
L049,T1446
L052,T1446
L106,T1447
L058,T1447
L097,T1447
L029,T1447
L077,T1447
L049,T1447
L098,T1447
L070,T1447
L114,T1447
L054,T1447
L055,T1447
L010,T1447
L011,T1447
L012,T1447
L030,T1447
L099,T1447
L017,T1447
L025,T1447
L026,T1447
L078,T1447
L027,T1447
L063,T1447
L005,T1447
L050,T1447
L031,T1447
L056,T1447
L059,T1447
L018,T1447
L060,T1447
L061,T1447
L057,T1447
L064,T1447
L062,T1447
L066,T1447
L067,T1447
L068,T1447
L069,T1447
L100,T1447
L079,T1447
L013,T1447
L073,T1447
L092,T1447
L032,T1447
L115,T1447
L028,T1447
L006,T1447
L101,T1447
L102,T1447
L116,T1447
L107,T1447
L071,T1447
L072,T1447
L108,T1447
L105,T1447
L117,T1447
L002,T1447
L019,T1447
L080,T1447
L089,T1447
L090,T1447
L081,T1447
L074,T1447
L075,T1447
L076,T1447
L051,T1447
L109,T1447
L052,T1447
L065,T1447
L053,T1447
L082,T1447
L084,T1447
L085,T1447
L086,T1447
L110,T1447
L014,T1447
L015,T1447
L118,T1447
L091,T1447
L035,T1447
L036,T1447
L037,T1447
L016,T1447
L103,T1447
L003,T1447
L111,T1447
L007,T1447
L020,T1447
L021,T1447
L022,T1447
L004,T1447
L008,T1447
L023,T1447
L009,T1447
L104,T1447
L087,T1447
L088,T1447
L112,T1447
L113,T1447
L093,T1447
L094,T1447
L095,T1447
L024,T1447
L096,T1447
L043,T1447
L045,T1447
L047,T1447
L048,T1447
L019,T1448
L083,T1449
L020,T1450
L016,T1451
L016,T1452
L029,T1453
L034,T1453
L068,T1454
L030,T1455
L033,T1455
L016,T1456
L011,T1457
L012,T1457
L013,T1457
L014,T1457
L015,T1457
L016,T1457
L103,T1457
L007,T1457
L023,T1457
L005,T1458
L008,T1458
L104,T1458
L026,T1459
L018,T1459
L086,T1459
L029,T1460
L030,T1460
L013,T1460
L014,T1460
L015,T1460
L036,T1460
L037,T1460
L016,T1460
L023,T1460
L109,T1461
L050,T1462
L025,T1463
L027,T1463
L030,T1464
L037,T1464
L084,T1465
L106,T1466
L109,T1466
L111,T1466
L112,T1466
L049,T1467
L055,T1467
L050,T1467
L051,T1467
L053,T1467
L049,T1468
L053,T1468
L078,T1469
L098,T1470
L102,T1470
L073,T1471
L063,T1472
L065,T1472
L089,T1473
L015,T1473
L010,T1474
L005,T1474
L033,T1474
L082,T1474
L084,T1474
L020,T1474
L022,T1474
L008,T1474
L071,T1475
L090,T1476
L091,T1476
L011,T1477
L012,T1477
L059,T1477
L013,T1477
L006,T1477
L002,T1477
L014,T1477
L015,T1477
L036,T1477
L016,T1477
L103,T1477
L076,T1478
L076,T1479
L078,T1480
L026,T1481
L018,T1481
L101,T1482
L091,T1482
L095,T1482
L096,T1482
L024,T1483
L106,T1484
L092,T1485
L104,T1486
L032,T1487
L031,T1488
L071,T1489
L021,T1490
L049,T1491
L064,T1491
L052,T1491
L106,T1492
L101,T1492
L070,T1493
L065,T1494
L051,T1495
L011,T1496
L013,T1496
L014,T1496
L015,T1496
L016,T1496
L103,T1496
L008,T1496
L077,T1497
L098,T1497
L070,T1497
L010,T1497
L012,T1497
L017,T1497
L025,T1497
L026,T1497
L078,T1497
L027,T1497
L063,T1497
L005,T1497
L031,T1497
L018,T1497
L066,T1497
L100,T1497
L013,T1497
L032,T1497
L115,T1497
L028,T1497
L117,T1497
L019,T1497
L080,T1497
L081,T1497
L065,T1497
L082,T1497
L084,T1497
L034,T1497
L085,T1497
L086,T1497
L110,T1497
L014,T1497
L035,T1497
L037,T1497
L016,T1497
L020,T1497
L021,T1497
L022,T1497
L004,T1497
L008,T1497
L023,T1497
L104,T1497
L088,T1497
L024,T1497
L039,T1497
L041,T1497
L042,T1497
L043,T1497
L044,T1497
L046,T1497
L048,T1497
L104,T1499
L079,T1500
L098,T1501
L068,T1501
L072,T1502
L016,T1503
L097,T1504
L065,T1505
L053,T1505
L049,T1506
L051,T1506
L053,T1506
L104,T1507
L049,T1508
L050,T1508
L051,T1508
L065,T1508
L053,T1508
L118,T1508
L104,T1509
L076,T1510
L083,T1511
L107,T1512
L110,T1512
L110,T1513
L110,T1514
L110,T1515
L107,T1516
L109,T1516
L111,T1516
L110,T1517
L016,T1517
L025,T1519
L026,T1519
L027,T1519
L032,T1519
L028,T1519
L059,T1520
L082,T1521
L016,T1522
L072,T1523
L109,T1524
L013,T1525
L014,T1525
L016,T1525
L113,T1526
L093,T1526
L094,T1526
L058,T1527
L054,T1527
L055,T1527
L056,T1527
L057,T1527
L062,T1527
L001,T1527
L002,T1527
L089,T1527
L090,T1527
L074,T1527
L091,T1527
L054,T1528
L055,T1528
L058,T1529
L055,T1529
L075,T1530
L076,T1530
L032,T1531
L115,T1531
L028,T1531
L117,T1531
L005,T1532
L088,T1533
L032,T1534
L115,T1534
L028,T1534
L117,T1534
L104,T1535
L025,T1536
L092,T1537
L116,T1537
L006,T1538
L001,T1538
L002,T1538
L090,T1538
L075,T1538
L083,T1538
L004,T1538
L087,T1538
L093,T1538
L020,T1539
L076,T1540
L113,T1541
L094,T1541
L073,T1542
L049,T1543
L064,T1543
L065,T1544
L053,T1545
L078,T1546
L005,T1546
L100,T1546
L079,T1546
L080,T1546
L081,T1546
L109,T1546
L022,T1546
L075,T1547
L024,T1548
L096,T1548
L115,T1549
L028,T1549
L118,T1549
L104,T1549
L037,T1550
L043,T1550
L079,T1551
L082,T1552
L085,T1552
L080,T1553
L111,T1554
L071,T1555
L105,T1556
L071,T1557
L066,T1558
L068,T1558
L075,T1559
L109,T1559
L003,T1559
L044,T1559
L093,T1560
L059,T1561
L061,T1561
L006,T1561
L093,T1562
L095,T1562
L058,T1563
L060,T1563
L062,T1563
L069,T1563
L025,T1564
L027,T1564
L063,T1564
L070,T1565
L064,T1565
L005,T1566
L100,T1566
L015,T1566
L092,T1567
L116,T1567
L089,T1568
L113,T1568
L093,T1568
L094,T1568
L095,T1568
L032,T1569
L115,T1569
L028,T1569
L031,T1570
L050,T1571
L072,T1572
L006,T1573
L083,T1574
L065,T1575
L058,T1576
L109,T1577
L104,T1578
L109,T1579
L029,T1580
L032,T1581
L076,T1582
L091,T1582
L075,T1583
L058,T1584
L054,T1584
L055,T1584
L001,T1584
L073,T1585
L059,T1586
L061,T1586
L006,T1586
L114,T1587
L033,T1588
L080,T1588
L035,T1588
L111,T1589
L003,T1590
L115,T1591
L028,T1591
L117,T1591
L007,T1592
L099,T1593
L103,T1593
L007,T1593
L079,T1594
L073,T1594
L080,T1594
L076,T1594
L118,T1594
L022,T1594
L080,T1595
L049,T1596
L010,T1596
L011,T1596
L012,T1596
L030,T1596
L099,T1596
L005,T1596
L013,T1596
L006,T1596
L002,T1596
L083,T1596
L014,T1596
L015,T1596
L036,T1596
L016,T1596
L007,T1596
L004,T1596
L008,T1596
L113,T1597
L094,T1597
L096,T1597
L078,T1598
L079,T1598
L080,T1598
L037,T1598
L022,T1598
L011,T1599
L030,T1599
L035,T1599
L036,T1599
L037,T1599
L008,T1599
L038,T1599
L039,T1599
L042,T1599
L030,T1600
L030,T1601
L079,T1601
L081,T1601
L035,T1601
L043,T1601
L045,T1601
L030,T1602
L035,T1603
L045,T1603
L078,T1604
L079,T1604
L077,T1605
L054,T1605
L006,T1605
L001,T1605
L002,T1605
L090,T1605
L074,T1605
L118,T1605
L009,T1605
L087,T1605
L078,T1606
L079,T1606
L081,T1606
L035,T1606
L022,T1606
L023,T1606
L033,T1607
L010,T1608
L011,T1608
L012,T1608
L030,T1608
L005,T1608
L059,T1608
L061,T1608
L067,T1608
L100,T1608
L079,T1608
L013,T1608
L033,T1608
L019,T1608
L080,T1608
L081,T1608
L082,T1608
L084,T1608
L085,T1608
L014,T1608
L118,T1608
L035,T1608
L036,T1608
L037,T1608
L016,T1608
L022,T1608
L008,T1608
L038,T1608
L040,T1608
L041,T1608
L045,T1608
L048,T1608
L077,T1609
L054,T1609
L026,T1609
L027,T1609
L056,T1609
L018,T1609
L061,T1609
L057,T1609
L073,T1609
L072,T1609
L001,T1609
L002,T1609
L080,T1609
L089,T1609
L090,T1609
L074,T1609
L076,T1609
L109,T1609
L086,T1609
L118,T1609
L091,T1609
L021,T1609
L087,T1609
L113,T1609
L094,T1609
L038,T1609
L039,T1609
L040,T1609
L041,T1609
L042,T1609
L048,T1609
L022,T1610
L058,T1611
L054,T1611
L055,T1611
L011,T1611
L056,T1611
L059,T1611
L061,T1611
L057,T1611
L062,T1611
L067,T1611
L006,T1611
L072,T1611
L021,T1611
L033,T1612
L078,T1613
L079,T1613
L080,T1613
L081,T1613
L085,T1613
L035,T1613
L022,T1613
L079,T1614
L106,T1615
L079,T1616
L073,T1616
L073,T1617
L070,T1618
L073,T1618
L118,T1618
L091,T1618
L054,T1619
L055,T1619
L001,T1619
L002,T1619
L118,T1620
L002,T1621
L074,T1621
L076,T1621
L006,T1622
L002,T1622
L090,T1622
L091,T1622
L030,T1623
L059,T1623
L061,T1623
L057,T1623
L067,T1623
L073,T1623
L072,T1623
L039,T1623
L040,T1623
L042,T1623
L073,T1624
L033,T1625
L035,T1625
L036,T1625
L037,T1625
L038,T1625
L039,T1625
L042,T1625
L043,T1625
L044,T1625
L045,T1625
L047,T1625
L048,T1625
L079,T1626
L073,T1626
L080,T1626
L075,T1626
L076,T1626
L077,T1627
L005,T1627
L066,T1627
L067,T1627
L068,T1627
L069,T1627
L006,T1627
L072,T1627
L001,T1627
L002,T1627
L081,T1627
L003,T1627
L007,T1627
L004,T1627
L008,T1627
L009,T1627
L073,T1628
L079,T1629
L073,T1629
L001,T1629
L080,T1629
L089,T1629
L090,T1629
L074,T1629
L076,T1629
L091,T1629
L022,T1629
L112,T1629
L087,T1630
L088,T1630
L006,T1631
L001,T1631
L002,T1631
L075,T1631
L004,T1631
L093,T1631
L075,T1632
L054,T1633
L055,T1633
L088,T1634
L049,T1635
L053,T1635
L035,T1636
L045,T1636
L016,T1637
L020,T1638
L025,T1639
L115,T1639
L028,T1639
L092,T1640
L006,T1640
L107,T1640
L001,T1640
L002,T1640
L089,T1640
L090,T1640
L076,T1640
L091,T1640
L113,T1640
L093,T1640
L094,T1640
L095,T1640
L072,T1641
L065,T1642
L053,T1642
L036,T1643
L037,T1643
L043,T1643
L044,T1643
L045,T1643
L056,T1644
L064,T1644
L089,T1644
L113,T1644
L093,T1644
L094,T1644
L075,T1645
L049,T1646
L050,T1646
L064,T1646
L052,T1646
L065,T1646
L053,T1646
L049,T1647
L052,T1647
L050,T1648
L026,T1649
L101,T1650
L108,T1651
L112,T1651
L032,T1652
L115,T1652
L028,T1652
L117,T1652
L054,T1653
L063,T1654
L052,T1655
L049,T1656
L025,T1657
L027,T1657
L024,T1658
L103,T1659
L007,T1659
L050,T1660
L002,T1661
L089,T1661
L090,T1661
L091,T1661
L029,T1662
L077,T1662
L049,T1662
L098,T1662
L070,T1662
L114,T1662
L055,T1662
L010,T1662
L011,T1662
L012,T1662
L099,T1662
L005,T1662
L059,T1662
L060,T1662
L066,T1662
L067,T1662
L068,T1662
L069,T1662
L100,T1662
L013,T1662
L092,T1662
L101,T1662
L102,T1662
L116,T1662
L108,T1662
L117,T1662
L081,T1662
L074,T1662
L051,T1662
L052,T1662
L053,T1662
L110,T1662
L015,T1662
L118,T1662
L036,T1662
L037,T1662
L016,T1662
L103,T1662
L111,T1662
L007,T1662
L022,T1662
L004,T1662
L008,T1662
L009,T1662
L112,T1662
L024,T1662
L096,T1662
L040,T1662
L066,T1663
L067,T1663
L068,T1663
L097,T1664
L066,T1665
L019,T1665
L066,T1666
L110,T1666
L058,T1667
L060,T1667
L057,T1667
L076,T1668
L026,T1669
L078,T1669
L114,T1670
L105,T1671
L063,T1672
L065,T1672
L083,T1673
L084,T1673
L085,T1673
L086,T1673
L008,T1673
L088,T1673
L032,T1674
L115,T1674
L028,T1674
L117,T1674
L100,T1675
L100,T1676
L029,T1677
L031,T1677
L032,T1677
L101,T1678
L093,T1678
L095,T1678
L070,T1679
L055,T1679
L011,T1679
L012,T1679
L030,T1679
L059,T1679
L057,T1679
L062,T1679
L013,T1679
L108,T1679
L074,T1679
L014,T1679
L016,T1679
L069,T1680
L006,T1680
L002,T1680
L009,T1680
L033,T1681
L083,T1682
L084,T1682
L026,T1683
L078,T1683
L027,T1683
L116,T1684
L104,T1685
L092,T1686
L091,T1686
L113,T1686
L093,T1686
L094,T1686
L009,T1687
L098,T1688
L054,T1688
L055,T1688
L010,T1688
L011,T1688
L012,T1688
L017,T1688
L005,T1688
L056,T1688
L060,T1688
L066,T1688
L067,T1688
L068,T1688
L069,T1688
L013,T1688
L102,T1688
L001,T1688
L081,T1688
L110,T1688
L015,T1688
L118,T1688
L016,T1688
L003,T1688
L111,T1688
L004,T1688
L008,T1688
L024,T1688
L096,T1688
L019,T1689
L066,T1690
L068,T1690
L004,T1690
L114,T1691
L118,T1692
L082,T1693
L034,T1693
L010,T1694
L017,T1694
L005,T1694
L018,T1694
L066,T1694
L082,T1694
L084,T1694
L085,T1694
L016,T1694
L022,T1694
L008,T1694
L088,T1694
L092,T1695
L116,T1695
L053,T1696
L104,T1697
L026,T1698
L005,T1698
L018,T1698
L019,T1698
L020,T1698
L008,T1698
L034,T1699
L027,T1700
L098,T1701
L011,T1701
L099,T1701
L117,T1701
L016,T1701
L103,T1701
L009,T1701
L097,T1702
L032,T1703
L115,T1703
L028,T1703
L117,T1703
L070,T1704
L065,T1705
L098,T1706
L070,T1706
L063,T1706
L059,T1706
L051,T1706
L053,T1706
L044,T1706
L051,T1707
L051,T1708
L110,T1709
L052,T1710
L053,T1711
L081,T1712
L035,T1712
L037,T1712
L022,T1712
L008,T1712
L038,T1712
L039,T1712
L041,T1712
L042,T1712
L045,T1712
L047,T1712
L098,T1713
L099,T1713
L102,T1713
L103,T1713
L007,T1713
L086,T1714
L005,T1715
L018,T1715
L020,T1715
L008,T1715
L019,T1716
L020,T1716
L083,T1717
L084,T1717
L088,T1717
L073,T1718
L082,T1719
L083,T1719
L084,T1719
L034,T1719
L085,T1719
L101,T1720
L102,T1720
L096,T1720
L082,T1721
L083,T1721
L084,T1721
L034,T1721
L088,T1721
L083,T1722
L034,T1722
L035,T1722
L036,T1722
L037,T1722
L086,T1723
L085,T1724
L082,T1725
L034,T1725
L088,T1726
L083,T1727
L083,T1728
L082,T1729
L084,T1729
L030,T1730
L083,T1731
L034,T1731
L036,T1731
L053,T1732
L030,T1733
L063,T1734
L077,T1735
L012,T1735
L099,T1735
L005,T1735
L013,T1735
L107,T1735
L081,T1735
L074,T1735
L110,T1735
L014,T1735
L015,T1735
L016,T1735
L007,T1735
L024,T1735
L108,T1736
L110,T1736
L004,T1736
L009,T1736
L112,T1736
L070,T1737
L101,T1738
L102,T1738
L070,T1739
L072,T1740
L012,T1741
L013,T1741
L014,T1741
L015,T1741
L017,T1742
L005,T1742
L018,T1742
L020,T1742
L114,T1743
L029,T1744
L077,T1744
L098,T1744
L010,T1744
L012,T1744
L013,T1744
L102,T1744
L081,T1744
L074,T1744
L082,T1744
L084,T1744
L110,T1744
L035,T1744
L037,T1744
L016,T1744
L103,T1744
L007,T1744
L022,T1744
L008,T1744
L104,T1744
L024,T1744
L096,T1744
L014,T1745
L070,T1746
L027,T1747
L087,T1748
L088,T1748
L118,T1749
L113,T1750
L060,T1751
L107,T1752
L116,T1753
L030,T1754
L036,T1754
L037,T1754
L033,T1755
L035,T1756
L007,T1756
L038,T1756
L039,T1756
L042,T1756
L010,T1757
L006,T1757
L002,T1757
L036,T1757
L038,T1757
L061,T1759
L040,T1759
L031,T1760
L031,T1761
L032,T1762
L064,T1763
L051,T1763
L065,T1763
L053,T1763
L053,T1764
L034,T1765
L037,T1765
L047,T1765
L048,T1765
L117,T1766
L097,T1767
L098,T1767
L114,T1767
L030,T1767
L099,T1767
L067,T1767
L101,T1767
L102,T1767
L117,T1767
L052,T1767
L103,T1767
L007,T1767
L009,T1767
L024,T1767
L096,T1767
L087,T1768
L088,T1768
L082,T1769
L083,T1769
L084,T1769
L034,T1769
L088,T1769
L092,T1770
L107,T1770
L001,T1770
L089,T1770
L090,T1770
L091,T1770
L113,T1770
L093,T1770
L094,T1770
L095,T1770
L096,T1770
L100,T1771
L101,T1771
L015,T1771
L085,T1772
L005,T1773
L029,T1774
L047,T1774
L048,T1774
L100,T1775
L015,T1775
L109,T1776
L049,T1777
L063,T1777
L050,T1777
L056,T1777
L064,T1777
L052,T1777
L065,T1777
L053,T1777
L108,T1778
L111,T1778
L112,T1778
L008,T1779
L115,T1780
L028,T1780
L101,T1781
L102,T1781
L106,T1782
L005,T1783
L050,T1784
L050,T1785
L065,T1785
L050,T1786
L115,T1786
L028,T1786
L116,T1787
L107,T1787
L113,T1788
L094,T1788
L025,T1789
L026,T1789
L088,T1790
L029,T1791
L098,T1791
L011,T1791
L099,T1791
L031,T1791
L069,T1791
L100,T1791
L013,T1791
L102,T1791
L072,T1791
L033,T1791
L105,T1791
L074,T1791
L014,T1791
L015,T1791
L118,T1791
L036,T1791
L016,T1791
L103,T1791
L007,T1791
L008,T1791
L009,T1791
L050,T1792
L020,T1793
L008,T1793
L105,T1794
L076,T1795
L099,T1796
L050,T1797
L073,T1797
L118,T1797
L031,T1798
L013,T1799
L015,T1799
L009,T1800
L069,T1801
L037,T1802
L071,T1803
L072,T1804
L099,T1805
L105,T1805
L103,T1805
L097,T1806
L010,T1807
L033,T1807
L080,T1807
L014,T1807
L035,T1807
L036,T1807
L037,T1807
L022,T1807
L008,T1807
L049,T1808
L072,T1809
L016,T1810
L033,T1811
L061,T1812
L038,T1812
L039,T1812
L040,T1812
L042,T1812
L049,T1813
L063,T1813
L050,T1813
L052,T1813
L065,T1813
L049,T1814
L050,T1814
L051,T1815
L051,T1816
L034,T1817
L036,T1817
L029,T1818
L030,T1818
L013,T1818
L014,T1818
L015,T1818
L016,T1818
L032,T1819
L115,T1819
L028,T1819
L117,T1819
L037,T1820
L023,T1820
L049,T1821
L053,T1821
L118,T1821
L102,T1822
L103,T1822
L029,T1823
L077,T1823
L098,T1823
L011,T1823
L099,T1823
L108,T1823
L001,T1823
L075,T1823
L003,T1823
L007,T1823
L004,T1823
L009,T1823
L025,T1824
L025,T1825
L063,T1825
L104,T1825
L083,T1826
L050,T1827
L064,T1827
L115,T1827
L028,T1827
L117,T1827
L065,T1827
L050,T1828
L020,T1829
L072,T1830
L029,T1831
L098,T1831
L011,T1831
L031,T1831
L069,T1831
L100,T1831
L013,T1831
L072,T1831
L033,T1831
L105,T1831
L074,T1831
L014,T1831
L015,T1831
L036,T1831
L016,T1831
L103,T1831
L007,T1831
L008,T1831
L009,T1831
L071,T1832
L058,T1833
L059,T1833
L061,T1833
L057,T1833
L063,T1834
L027,T1835
L032,T1835
L115,T1835
L028,T1835
L049,T1836
L098,T1836
L051,T1836
L053,T1836
L010,T1837
L011,T1837
L012,T1837
L005,T1837
L018,T1837
L064,T1837
L013,T1837
L019,T1837
L014,T1837
L015,T1837
L016,T1837
L007,T1837
L020,T1837
L022,T1837
L008,T1837
L031,T1838
L032,T1838
L104,T1838
L049,T1839
L098,T1839
L010,T1839
L011,T1839
L012,T1839
L030,T1839
L099,T1839
L017,T1839
L005,T1839
L060,T1839
L013,T1839
L102,T1839
L052,T1839
L110,T1839
L014,T1839
L037,T1839
L016,T1839
L103,T1839
L007,T1839
L004,T1839
L008,T1839
L009,T1839
L073,T1840
L073,T1841
L050,T1842
L082,T1843
L085,T1843
L116,T1844
L114,T1845
L114,T1846
L063,T1847
L104,T1847
L082,T1848
L034,T1848
L077,T1849
L010,T1849
L012,T1849
L017,T1849
L013,T1849
L080,T1849
L081,T1849
L074,T1849
L085,T1849
L014,T1849
L015,T1849
L016,T1849
L088,T1850
L113,T1851
L093,T1851
L094,T1851
L065,T1852
L089,T1853
L065,T1854
L067,T1855
L006,T1856
L002,T1856
L087,T1857
L088,T1858
L074,T1859
L066,T1860
L019,T1860
L062,T1861
L077,T1862
L098,T1862
L054,T1862
L055,T1862
L017,T1862
L005,T1862
L059,T1862
L060,T1862
L057,T1862
L062,T1862
L066,T1862
L067,T1862
L068,T1862
L069,T1862
L006,T1862
L072,T1862
L001,T1862
L002,T1862
L081,T1862
L110,T1862
L118,T1862
L007,T1862
L022,T1862
L004,T1862
L008,T1862
L009,T1862
L077,T1863
L118,T1863
L009,T1863
L041,T1863
L066,T1864
L087,T1865
L006,T1866
L002,T1866
L009,T1866
L066,T1867
L068,T1867
L069,T1867
L069,T1868
L006,T1868
L108,T1868
L009,T1868
L001,T1869
L090,T1870
L066,T1871
L066,T1872
L071,T1873
L066,T1874
L068,T1874
L004,T1874
L114,T1875
L006,T1876
L030,T1877
L011,T1878
L030,T1878
L098,T1879
L068,T1879
L025,T1880
L026,T1880
L027,T1880
L032,T1880
L028,T1880
L005,T1881
L083,T1881
L084,T1881
L034,T1881
L085,T1881
L086,T1881
L008,T1881
L088,T1881
L087,T1882
L088,T1883
L032,T1884
L115,T1884
L028,T1884
L117,T1884
L088,T1885
L079,T1886
L080,T1886
L118,T1886
L114,T1887
L029,T1888
L036,T1888
L003,T1888
L013,T1889
L015,T1889
L029,T1890
L097,T1891
L105,T1891
L024,T1892
L029,T1893
L036,T1893
L029,T1894
L068,T1894
L047,T1894
L029,T1895
L037,T1895
L112,T1895
L047,T1895
L048,T1895
L051,T1896
L075,T1897
L106,T1898
L011,T1899
L012,T1899
L005,T1899
L013,T1899
L014,T1899
L015,T1899
L016,T1899
L008,T1899
L023,T1899
L072,T1900
L108,T1901
L112,T1901
L050,T1902
L077,T1903
L010,T1903
L012,T1903
L017,T1903
L013,T1903
L019,T1903
L080,T1903
L081,T1903
L074,T1903
L085,T1903
L014,T1903
L015,T1903
L035,T1903
L037,T1903
L016,T1903
L022,T1903
L043,T1903
L075,T1904
L035,T1905
L043,T1905
L045,T1905
L086,T1906
L083,T1907
L037,T1907
L082,T1908
L084,T1908
L034,T1908
L085,T1908
L008,T1908
L030,T1909
L082,T1909
L083,T1909
L034,T1909
L033,T1910
L049,T1911
L054,T1911
L055,T1911
L063,T1911
L050,T1911
L056,T1911
L057,T1911
L064,T1911
L072,T1911
L001,T1911
L052,T1911
L053,T1911
L094,T1911
L044,T1911
L091,T1912
L016,T1913
L009,T1914
L117,T1915
L062,T1916
L033,T1917
L080,T1918
L036,T1919
L035,T1920
L086,T1921
L066,T1922
L063,T1923
L087,T1924
L088,T1924
L026,T1925
L078,T1925
L025,T1926
L115,T1926
L028,T1926
L025,T1927
L029,T1928
L011,T1928
L026,T1928
L034,T1928
L036,T1928
L037,T1928
L007,T1928
L038,T1928
L039,T1928
L042,T1928
L025,T1929
L026,T1929
L115,T1929
L028,T1929
L104,T1929
L027,T1930
L070,T1931
L073,T1932
L106,T1933
L106,T1934
L018,T1935
L086,T1935
L021,T1935
L118,T1936
L089,T1937
L037,T1938
L047,T1938
L062,T1939
L066,T1940
L066,T1941
L005,T1942
L110,T1942
L016,T1942
L104,T1942
L092,T1943
L116,T1943
L107,T1943
L116,T1944
L104,T1945
L107,T1946
L110,T1946
L111,T1946
L005,T1947
L082,T1948
L034,T1948
L066,T1949
L068,T1949
L004,T1949
L066,T1950
L066,T1951
L031,T1952
L072,T1953
L092,T1954
L116,T1954
L024,T1955
L096,T1955
L109,T1956
L109,T1957
L059,T1958
L116,T1959
L070,T1960
L050,T1961
L049,T1962
L051,T1962
L053,T1962
L085,T1963
L033,T1964
L116,T1965
L107,T1965
L031,T1966
L031,T1967
L031,T1968
L032,T1968
L035,T1968
L036,T1968
L037,T1968
L062,T1970
L068,T1970
L075,T1971
L003,T1971
L004,T1971
L006,T1972
L002,T1972
L090,T1972
L091,T1972
L092,T1973
L116,T1973
L107,T1973
L107,T1974
L115,T1975
L028,T1975
L092,T1976
L116,T1976
L107,T1976
L107,T1977
L116,T1978
L106,T1979
L101,T1979
L102,T1979
L107,T1979
L108,T1979
L109,T1979
L118,T1979
L111,T1979
L112,T1979
L112,T1980
L024,T1981
L096,T1981
L070,T1982
L064,T1982
L090,T1983
L109,T1984
L005,T1985
L013,T1985
L014,T1985
L016,T1985
L008,T1985
L086,T1986
L003,T1987
L114,T1988
L114,T1989
L051,T1990
L014,T1991
L016,T1991
L020,T1992
L115,T1993
L028,T1993
L104,T1993
L071,T1994
L058,T1995
L097,T1995
L029,T1995
L077,T1995
L049,T1995
L098,T1995
L070,T1995
L114,T1995
L054,T1995
L055,T1995
L010,T1995
L011,T1995
L012,T1995
L030,T1995
L099,T1995
L017,T1995
L025,T1995
L005,T1995
L050,T1995
L056,T1995
L059,T1995
L060,T1995
L057,T1995
L064,T1995
L062,T1995
L066,T1995
L067,T1995
L068,T1995
L069,T1995
L100,T1995
L013,T1995
L073,T1995
L092,T1995
L032,T1995
L115,T1995
L028,T1995
L006,T1995
L101,T1995
L102,T1995
L116,T1995
L107,T1995
L071,T1995
L072,T1995
L033,T1995
L108,T1995
L105,T1995
L117,T1995
L001,T1995
L002,T1995
L089,T1995
L081,T1995
L074,T1995
L051,T1995
L052,T1995
L053,T1995
L082,T1995
L084,T1995
L034,T1995
L110,T1995
L014,T1995
L015,T1995
L118,T1995
L035,T1995
L036,T1995
L037,T1995
L016,T1995
L103,T1995
L003,T1995
L111,T1995
L007,T1995
L022,T1995
L004,T1995
L008,T1995
L009,T1995
L087,T1995
L088,T1995
L112,T1995
L113,T1995
L024,T1995
L096,T1995
L040,T1995
L104,T1996
L068,T1997
L019,T1997
L029,T1998
L077,T1998
L098,T1998
L102,T1998
L108,T1998
L001,T1998
L080,T1998
L089,T1998
L081,T1998
L074,T1998
L075,T1998
L110,T1998
L003,T1998
L111,T1998
L007,T1998
L004,T1998
L009,T1998
L112,T1998
L045,T1998
L047,T1998
L075,T1999
L016,T2000
L118,T2001
L021,T2002
L118,T2003
L106,T2004
L058,T2004
L097,T2004
L077,T2004
L049,T2004
L098,T2004
L070,T2004
L114,T2004
L099,T2004
L027,T2004
L063,T2004
L050,T2004
L056,T2004
L060,T2004
L061,T2004
L057,T2004
L064,T2004
L062,T2004
L066,T2004
L067,T2004
L068,T2004
L069,T2004
L100,T2004
L079,T2004
L013,T2004
L073,T2004
L101,T2004
L102,T2004
L116,T2004
L107,T2004
L071,T2004
L072,T2004
L108,T2004
L105,T2004
L117,T2004
L089,T2004
L090,T2004
L081,T2004
L074,T2004
L075,T2004
L076,T2004
L051,T2004
L109,T2004
L052,T2004
L065,T2004
L053,T2004
L083,T2004
L084,T2004
L110,T2004
L014,T2004
L118,T2004
L091,T2004
L036,T2004
L016,T2004
L103,T2004
L021,T2004
L104,T2004
L087,T2004
L088,T2004
L112,T2004
L113,T2004
L093,T2004
L094,T2004
L095,T2004
L096,T2004
L039,T2004
L040,T2004
L041,T2004
L042,T2004
L048,T2004
L055,T2005
L055,T2006
L025,T2007
L054,T2008
L055,T2008
L056,T2008
L001,T2008
L118,T2008
L021,T2008
L118,T2009
L089,T2010
L090,T2010
L094,T2010
L038,T2010
L077,T2011
L010,T2011
L012,T2011
L030,T2011
L017,T2011
L026,T2011
L078,T2011
L005,T2011
L018,T2011
L066,T2011
L079,T2011
L013,T2011
L033,T2011
L019,T2011
L080,T2011
L081,T2011
L082,T2011
L084,T2011
L034,T2011
L085,T2011
L086,T2011
L015,T2011
L035,T2011
L037,T2011
L016,T2011
L020,T2011
L022,T2011
L004,T2011
L023,T2011
L024,T2011
L043,T2011
L044,T2011
L045,T2011
L046,T2011
L047,T2011
L048,T2011
L023,T2012
L058,T2013
L049,T2013
L055,T2013
L062,T2013
L069,T2013
L052,T2013
L060,T2014
L101,T2015
L090,T2016
L090,T2017
L093,T2018
L095,T2018
L026,T2019
L078,T2020
L079,T2020
L080,T2020
L098,T2021
L102,T2021
L011,T2022
L030,T2022
L036,T2022
L037,T2022
L048,T2022
L068,T2023
L061,T2024
L033,T2025
L033,T2026
L118,T2027
L089,T2028
L089,T2029
L089,T2030
L089,T2031
L089,T2032
L097,T2033
L071,T2034
L090,T2035
L051,T2036
L077,T2037
L049,T2037
L098,T2037
L010,T2037
L011,T2037
L012,T2037
L030,T2037
L099,T2037
L017,T2037
L025,T2037
L026,T2037
L027,T2037
L005,T2037
L050,T2037
L059,T2037
L018,T2037
L060,T2037
L066,T2037
L068,T2037
L069,T2037
L013,T2037
L092,T2037
L032,T2037
L028,T2037
L006,T2037
L102,T2037
L117,T2037
L019,T2037
L081,T2037
L074,T2037
L051,T2037
L052,T2037
L082,T2037
L083,T2037
L084,T2037
L085,T2037
L110,T2037
L014,T2037
L015,T2037
L037,T2037
L016,T2037
L103,T2037
L007,T2037
L020,T2037
L021,T2037
L022,T2037
L004,T2037
L008,T2037
L023,T2037
L009,T2037
L104,T2037
L087,T2037
L088,T2037
L112,T2037
L024,T2037
L049,T2038
L053,T2039
L035,T2040
L045,T2040
L070,T2041
L011,T2042
L003,T2042
L007,T2042
L004,T2042
L009,T2042
L093,T2043
L095,T2043
L113,T2044
L092,T2045
L093,T2045
L095,T2045
L051,T2046
L030,T2047
L047,T2047
L026,T2048
L078,T2048
L018,T2048
L079,T2048
L082,T2048
L084,T2048
L034,T2048
L085,T2048
L086,T2048
L036,T2048
L022,T2048
L087,T2048
L088,T2048
L066,T2049
L003,T2050
L031,T2051
L011,T2052
L012,T2052
L099,T2052
L005,T2052
L013,T2052
L014,T2052
L015,T2052
L016,T2052
L103,T2052
L007,T2052
L023,T2052
L012,T2053
L013,T2053
L014,T2053
L022,T2053
L008,T2053
L023,T2053
L018,T2054
L020,T2054
L019,T2055
L105,T2056
L086,T2057
L115,T2058
L028,T2058
L079,T2059
L078,T2060
L100,T2061
L016,T2062
L100,T2063
L058,T2064
L055,T2064
L060,T2064
L064,T2064
L062,T2064
L069,T2064
L052,T2064
L027,T2065
L108,T2065
L111,T2065
L112,T2065
L058,T2066
L029,T2066
L077,T2066
L049,T2066
L098,T2066
L070,T2066
L114,T2066
L054,T2066
L055,T2066
L010,T2066
L012,T2066
L030,T2066
L099,T2066
L017,T2066
L025,T2066
L026,T2066
L078,T2066
L027,T2066
L063,T2066
L005,T2066
L050,T2066
L031,T2066
L056,T2066
L018,T2066
L060,T2066
L061,T2066
L057,T2066
L064,T2066
L066,T2066
L068,T2066
L069,T2066
L100,T2066
L079,T2066
L013,T2066
L073,T2066
L092,T2066
L032,T2066
L115,T2066
L028,T2066
L102,T2066
L116,T2066
L071,T2066
L072,T2066
L033,T2066
L117,T2066
L001,T2066
L019,T2066
L089,T2066
L090,T2066
L081,T2066
L074,T2066
L075,T2066
L076,T2066
L051,T2066
L052,T2066
L065,T2066
L053,T2066
L082,T2066
L083,T2066
L084,T2066
L034,T2066
L085,T2066
L014,T2066
L015,T2066
L118,T2066
L035,T2066
L036,T2066
L037,T2066
L016,T2066
L103,T2066
L003,T2066
L007,T2066
L020,T2066
L021,T2066
L022,T2066
L004,T2066
L008,T2066
L023,T2066
L009,T2066
L104,T2066
L087,T2066
L088,T2066
L112,T2066
L113,T2066
L093,T2066
L094,T2066
L095,T2066
L024,T2066
L038,T2066
L039,T2066
L040,T2066
L041,T2066
L042,T2066
L043,T2066
L044,T2066
L045,T2066
L046,T2066
L047,T2066
L048,T2066
L058,T2067
L077,T2067
L049,T2067
L070,T2067
L054,T2067
L055,T2067
L063,T2067
L050,T2067
L056,T2067
L059,T2067
L060,T2067
L061,T2067
L057,T2067
L064,T2067
L062,T2067
L066,T2067
L067,T2067
L068,T2067
L069,T2067
L071,T2067
L072,T2067
L081,T2067
L075,T2067
L076,T2067
L051,T2067
L052,T2067
L065,T2067
L053,T2067
L111,T2067
L094,T2067
L065,T2068
L065,T2069
L109,T2070
L053,T2071
L005,T2072
L032,T2072
L008,T2072
L104,T2072
L071,T2073
L071,T2074
L063,T2075
L057,T2076
L054,T2077
L055,T2077
L056,T2077
L062,T2077
L001,T2077
L002,T2077
L089,T2077
L054,T2078
L055,T2078
L032,T2079
L115,T2079
L028,T2079
L083,T2080
L084,T2080
L088,T2080
L014,T2081
L100,T2082
L111,T2083
L094,T2084
L113,T2085
L094,T2085
L011,T2086
L030,T2086
L035,T2086
L037,T2086
L022,T2086
L008,T2086
L038,T2086
L039,T2086
L041,T2086
L045,T2086
L094,T2087
L063,T2088
L031,T2089
L007,T2090
L027,T2091
L115,T2091
L028,T2091
L062,T2092
L068,T2092
L025,T2093
L053,T2094
L114,T2095
L070,T2096
L054,T2096
L055,T2096
L063,T2096
L056,T2096
L057,T2096
L064,T2096
L072,T2096
L087,T2096
L113,T2096
L094,T2096
L097,T2097
L058,T2098
L029,T2098
L077,T2098
L098,T2098
L011,T2098
L012,T2098
L099,T2098
L017,T2098
L064,T2098
L066,T2098
L068,T2098
L069,T2098
L013,T2098
L102,T2098
L108,T2098
L117,T2098
L019,T2098
L081,T2098
L052,T2098
L110,T2098
L014,T2098
L015,T2098
L016,T2098
L103,T2098
L111,T2098
L007,T2098
L022,T2098
L004,T2098
L008,T2098
L009,T2098
L112,T2098
L086,T2099
L032,T2100
L046,T2100
L033,T2101
L082,T2101
L084,T2101
L034,T2101
L085,T2101
L086,T2101
L101,T2102
L095,T2102
L049,T2103
L051,T2103
L053,T2103
L053,T2104
L026,T2105
L078,T2105
L005,T2105
L018,T2105
L020,T2105
L090,T2106
L090,T2107
L091,T2107
L026,T2108
L078,T2108
L003,T2109
L009,T2109
L088,T2110
L012,T2111
L013,T2111
L014,T2111
L015,T2111
L016,T2111
L008,T2111
L112,T2112
L037,T2113
L030,T2114
L035,T2115
L038,T2115
L045,T2115
L053,T2116
L026,T2117
L005,T2117
L032,T2117
L028,T2117
L117,T2117
L071,T2118
L071,T2119
L032,T2120
L049,T2121
L063,T2121
L052,T2121
L065,T2121
L049,T2122
L052,T2122
L053,T2122
L065,T2123
L061,T2124
L033,T2124
L051,T2125
L051,T2126
L051,T2127
L017,T2128
L022,T2128
L049,T2129
L098,T2129
L059,T2129
L066,T2129
L067,T2129
L069,T2129
L101,T2129
L102,T2129
L074,T2129
L052,T2129
L118,T2129
L036,T2129
L007,T2129
L113,T2129
L093,T2129
L094,T2129
L095,T2129
L024,T2129
L096,T2129
L109,T2130
L097,T2131
L105,T2131
L100,T2132
L101,T2133
L106,T2134
L101,T2134
L075,T2135
L108,T2136
L111,T2136
L009,T2136
L105,T2137
L097,T2138
L105,T2138
L061,T2139
L073,T2139
L005,T2140
L022,T2140
L008,T2140
L023,T2141
L072,T2142
L077,T2143
L049,T2143
L098,T2143
L114,T2143
L010,T2143
L011,T2143
L012,T2143
L099,T2143
L005,T2143
L060,T2143
L066,T2143
L067,T2143
L068,T2143
L100,T2143
L013,T2143
L102,T2143
L116,T2143
L108,T2143
L117,T2143
L081,T2143
L052,T2143
L053,T2143
L110,T2143
L014,T2143
L015,T2143
L016,T2143
L103,T2143
L007,T2143
L004,T2143
L008,T2143
L009,T2143
L104,T2143
L112,T2143
L024,T2143
L075,T2144
L060,T2145
L101,T2146
L101,T2147
L017,T2148
L027,T2149
L107,T2149
L111,T2149
L065,T2150
L101,T2151
L114,T2152
L078,T2153
L079,T2153
L080,T2153
L085,T2153
L071,T2154
L086,T2155
L116,T2156
L107,T2156
L013,T2157
L015,T2157
L066,T2158
L019,T2158
L008,T2158
L112,T2159
L003,T2160
L063,T2161
L065,T2161
L094,T2162
L090,T2163
L113,T2164
L094,T2164
L101,T2165
L095,T2165
L096,T2166
L029,T2167
L011,T2167
L006,T2167
L001,T2167
L002,T2167
L003,T2167
L007,T2167
L009,T2167
L097,T2168
L077,T2168
L049,T2168
L098,T2168
L114,T2168
L099,T2168
L056,T2168
L059,T2168
L067,T2168
L068,T2168
L069,T2168
L100,T2168
L073,T2168
L101,T2168
L102,T2168
L116,T2168
L072,T2168
L033,T2168
L108,T2168
L105,T2168
L117,T2168
L089,T2168
L081,T2168
L074,T2168
L075,T2168
L051,T2168
L052,T2168
L053,T2168
L083,T2168
L084,T2168
L110,T2168
L118,T2168
L103,T2168
L111,T2168
L087,T2168
L088,T2168
L112,T2168
L024,T2168
L096,T2168
L044,T2168
L108,T2169
L111,T2169
L112,T2169
L083,T2170
L084,T2170
L073,T2171
L091,T2172
L097,T2173
L091,T2174
L088,T2175
L088,T2176
L116,T2177
L087,T2178
L088,T2178
L072,T2179
L025,T2180
L005,T2180
L032,T2180
L115,T2180
L028,T2180
L117,T2180
L104,T2180
L076,T2181
L090,T2182
L039,T2182
L086,T2183
L065,T2184
L053,T2185
L092,T2186
L116,T2186
L050,T2187
L027,T2188
L115,T2188
L028,T2188
L112,T2188
L118,T2189
L104,T2190
L020,T2191
L097,T2192
L027,T2193
L050,T2194
L050,T2195
L070,T2196
L086,T2197
L082,T2198
L084,T2198
L088,T2198
L085,T2199
L118,T2200
L092,T2201
L019,T2202
L031,T2203
L084,T2204
L070,T2205
L056,T2205
L064,T2205
L072,T2205
L094,T2205
L109,T2206
L019,T2207
L008,T2208
L115,T2209
L028,T2209
L088,T2210
L010,T2211
L019,T2211
L008,T2211
L098,T2212
L102,T2212
L051,T2213
L017,T2214
L023,T2214
L098,T2215
L114,T2215
L063,T2215
L005,T2215
L031,T2215
L100,T2215
L115,T2215
L028,T2215
L116,T2215
L103,T2215
L104,T2215
L097,T2216
L097,T2217
L105,T2218
L031,T2219
L052,T2220
L036,T2221
L038,T2221
L106,T2222
L091,T2223
L071,T2224
L049,T2225
L063,T2225
L064,T2225
L052,T2225
L053,T2225
L052,T2226
L063,T2227
L033,T2228
L035,T2228
L036,T2228
L037,T2228
L039,T2228
L042,T2228
L027,T2229
L032,T2229
L058,T2230
L097,T2230
L077,T2230
L049,T2230
L070,T2230
L114,T2230
L054,T2230
L055,T2230
L011,T2230
L012,T2230
L030,T2230
L099,T2230
L063,T2230
L050,T2230
L056,T2230
L060,T2230
L061,T2230
L064,T2230
L062,T2230
L069,T2230
L013,T2230
L006,T2230
L102,T2230
L116,T2230
L071,T2230
L033,T2230
L105,T2230
L001,T2230
L002,T2230
L089,T2230
L090,T2230
L081,T2230
L074,T2230
L075,T2230
L051,T2230
L052,T2230
L065,T2230
L053,T2230
L110,T2230
L014,T2230
L015,T2230
L118,T2230
L091,T2230
L036,T2230
L016,T2230
L111,T2230
L007,T2230
L009,T2230
L104,T2230
L087,T2230
L088,T2230
L112,T2230
L041,T2230
L057,T2231
L074,T2232
L076,T2232
L072,T2233
L117,T2234
L080,T2235
L076,T2236
L012,T2237
L013,T2237
L014,T2237
L022,T2237
L008,T2237
L023,T2237
L070,T2238
L050,T2238
L036,T2239
L008,T2239
L033,T2240
L070,T2241
L026,T2242
L005,T2242
L018,T2242
L019,T2242
L020,T2242
L008,T2242
L104,T2243
L096,T2244
L058,T2245
L097,T2245
L077,T2245
L049,T2245
L070,T2245
L114,T2245
L055,T2245
L030,T2245
L099,T2245
L063,T2245
L050,T2245
L056,T2245
L060,T2245
L061,T2245
L062,T2245
L101,T2245
L102,T2245
L116,T2245
L107,T2245
L071,T2245
L072,T2245
L033,T2245
L105,T2245
L081,T2245
L074,T2245
L075,T2245
L076,T2245
L051,T2245
L052,T2245
L065,T2245
L053,T2245
L110,T2245
L118,T2245
L091,T2245
L036,T2245
L111,T2245
L009,T2245
L104,T2245
L087,T2245
L088,T2245
L112,T2245
L006,T2246
L054,T2247
L055,T2247
L001,T2247
L062,T2248
L118,T2249
L069,T2250
L108,T2250
L009,T2250
L117,T2251
L006,T2252
L059,T2253
L061,T2253
L057,T2253
L090,T2254
L054,T2255
L011,T2255
L012,T2255
L069,T2255
L013,T2255
L006,T2255
L001,T2255
L002,T2255
L090,T2255
L014,T2255
L015,T2255
L016,T2255
L007,T2255
L076,T2256
L021,T2257
L056,T2258
L064,T2258
L072,T2258
L082,T2259
L083,T2259
L034,T2259
L036,T2259
L101,T2260
L095,T2260
L096,T2260
L029,T2261
L025,T2262
L026,T2262
L071,T2263
L111,T2264
L112,T2264
L033,T2265
L087,T2266
L088,T2266
L029,T2267
L032,T2267
L015,T2267
L029,T2268
L060,T2269
L007,T2269
L110,T2270
L078,T2271
L078,T2272
L079,T2272
L080,T2272
L085,T2272
L025,T2273
L063,T2274
L050,T2275
L049,T2276
L070,T2276
L063,T2276
L064,T2276
L052,T2276
L053,T2276
L033,T2277
L063,T2278
L064,T2278
L065,T2278
L076,T2279
L030,T2280
L047,T2280
L106,T2281
L106,T2282
L113,T2282
L094,T2282
L076,T2283
L089,T2284
L090,T2284
L091,T2284
L111,T2284
L104,T2285
L091,T2286
L083,T2287
L084,T2287
L034,T2287
L085,T2287
L008,T2287
L088,T2287
L109,T2288
L083,T2289
L084,T2289
L088,T2289
L088,T2290
L070,T2291
L064,T2291
L010,T2292
L011,T2292
L012,T2292
L029,T2293
L106,T2294
L034,T2295
L032,T2296
L115,T2296
L028,T2296
L117,T2296
L031,T2297
L105,T2297
L031,T2298
L029,T2299
L086,T2300
L036,T2301
L030,T2303
L074,T2304
L101,T2305
L089,T2305
L050,T2306
L050,T2307
L052,T2308
L106,T2309
L101,T2309
L107,T2309
L108,T2309
L109,T2309
L118,T2309
L111,T2309
L112,T2309
L051,T2310
L029,T2311
L037,T2311
L030,T2312
L053,T2313
L053,T2314
L011,T2315
L014,T2315
L071,T2316
L079,T2317
L035,T2317
L037,T2317
L043,T2317
L045,T2317
L077,T2318
L100,T2318
L101,T2318
L102,T2318
L116,T2318
L107,T2318
L110,T2318
L015,T2318
L016,T2318
L096,T2319
L024,T2320
L098,T2321
L068,T2321
L102,T2321
L099,T2322
L007,T2322
L026,T2323
L094,T2324
L015,T2325
L103,T2325
L106,T2326
L058,T2326
L029,T2326
L077,T2326
L049,T2326
L070,T2326
L054,T2326
L010,T2326
L011,T2326
L012,T2326
L030,T2326
L017,T2326
L026,T2326
L078,T2326
L027,T2326
L063,T2326
L056,T2326
L018,T2326
L060,T2326
L061,T2326
L057,T2326
L064,T2326
L066,T2326
L069,T2326
L079,T2326
L013,T2326
L073,T2326
L032,T2326
L006,T2326
L072,T2326
L033,T2326
L108,T2326
L001,T2326
L002,T2326
L019,T2326
L080,T2326
L089,T2326
L090,T2326
L081,T2326
L074,T2326
L052,T2326
L065,T2326
L082,T2326
L084,T2326
L034,T2326
L085,T2326
L086,T2326
L014,T2326
L015,T2326
L118,T2326
L035,T2326
L036,T2326
L037,T2326
L016,T2326
L007,T2326
L020,T2326
L021,T2326
L022,T2326
L004,T2326
L008,T2326
L009,T2326
L087,T2326
L048,T2326
L091,T2327
L023,T2328
L017,T2329
L026,T2329
L018,T2329
L079,T2329
L080,T2329
L083,T2329
L085,T2329
L086,T2329
L021,T2329
L023,T2329
L074,T2330
L075,T2331
L076,T2332
L006,T2333
L014,T2333
L015,T2333
L087,T2334
L088,T2334
L070,T2335
L082,T2336
L084,T2336
L034,T2336
L086,T2337
L017,T2338
L009,T2338
L024,T2338
L031,T2339
L031,T2340
L051,T2341
L071,T2342
L071,T2343
L001,T2344
L090,T2344
L118,T2344
L022,T2344
L039,T2344
L041,T2344
L042,T2344
L073,T2345
L064,T2346
L095,T2347
L024,T2347
L096,T2347
L032,T2348
L031,T2349
L034,T2349
L035,T2349
L036,T2349
L037,T2349
L043,T2349
L045,T2349
L025,T2351
L054,T2352
L025,T2353
L001,T2354
L029,T2355
L015,T2355
L027,T2356
L050,T2357
L025,T2358
L033,T2359
L070,T2360
L063,T2360
L087,T2361
L088,T2361
L006,T2362
L087,T2363
L088,T2363
L106,T2364
L090,T2365
L093,T2366
L095,T2366
L096,T2366
L051,T2367
L077,T2368
L074,T2368
L087,T2368
L079,T2369
L001,T2369
L080,T2369
L089,T2369
L090,T2369
L074,T2369
L076,T2369
L091,T2369
L112,T2369
L091,T2370
L016,T2371
L076,T2372
L114,T2373
L074,T2374
L016,T2374
L070,T2375
L063,T2375
L065,T2375
L114,T2376
L072,T2377
L109,T2378
L006,T2379
L002,T2379
L090,T2379
L091,T2379
L017,T2380
L005,T2380
L018,T2380
L020,T2380
L075,T2381
L070,T2382
L019,T2383
L008,T2383
L005,T2384
L018,T2384
L082,T2384
L083,T2384
L084,T2384
L020,T2384
L072,T2385
L034,T2386
L037,T2386
L043,T2386
L045,T2386
L058,T2387
L049,T2387
L054,T2387
L055,T2387
L011,T2387
L012,T2387
L050,T2387
L056,T2387
L059,T2387
L060,T2387
L061,T2387
L057,T2387
L064,T2387
L062,T2387
L067,T2387
L069,T2387
L013,T2387
L006,T2387
L072,T2387
L001,T2387
L002,T2387
L089,T2387
L090,T2387
L074,T2387
L083,T2387
L014,T2387
L016,T2387
L103,T2387
L007,T2387
L021,T2387
L008,T2387
L040,T2387
L071,T2388
L061,T2389
L052,T2390
L062,T2391
L070,T2392
L097,T2393
L029,T2393
L098,T2393
L114,T2393
L012,T2393
L030,T2393
L027,T2393
L068,T2393
L100,T2393
L013,T2393
L102,T2393
L105,T2393
L014,T2393
L015,T2393
L035,T2393
L036,T2393
L037,T2393
L103,T2393
L112,T2393
L047,T2393
L048,T2393
L103,T2394
L007,T2394
L077,T2395
L098,T2395
L069,T2395
L006,T2395
L108,T2395
L001,T2395
L002,T2395
L003,T2395
L007,T2395
L009,T2395
L029,T2396
L077,T2396
L108,T2396
L110,T2396
L111,T2396
L007,T2396
L004,T2396
L009,T2396
L112,T2396
L037,T2397
L043,T2397
L045,T2397
L029,T2398
L011,T2398
L030,T2398
L006,T2398
L002,T2398
L036,T2398
L038,T2398
L039,T2398
L041,T2398
L042,T2398
L025,T2399
L104,T2400
L058,T2401
L060,T2401
L061,T2401
L057,T2401
L103,T2402
L021,T2403
L111,T2404
L009,T2405
L114,T2406
L005,T2407
L008,T2407
L026,T2408
L078,T2408
L018,T2408
L079,T2408
L082,T2408
L084,T2408
L034,T2408
L085,T2408
L086,T2408
L022,T2408
L087,T2408
L088,T2408
L026,T2409
L114,T2410
L025,T2411
L073,T2412
L097,T2413
L029,T2413
L098,T2413
L012,T2413
L027,T2413
L068,T2413
L100,T2413
L013,T2413
L102,T2413
L105,T2413
L014,T2413
L015,T2413
L035,T2413
L036,T2413
L037,T2413
L103,T2413
L003,T2413
L112,T2413
L047,T2413
L048,T2413
L082,T2414
L034,T2414
L085,T2414
L034,T2415
L064,T2416
L051,T2416
L065,T2416
L053,T2416
L051,T2417
L011,T2418
L059,T2418
L067,T2418
L006,T2418
L002,T2418
L036,T2418
L103,T2418
L003,T2418
L071,T2419
L029,T2420
L032,T2420
L015,T2420
L108,T2421
L003,T2421
L112,T2421
L088,T2422
L027,T2423
L053,T2424
L075,T2425
L003,T2425
L025,T2426
L026,T2426
L027,T2426
L032,T2426
L115,T2426
L028,T2426
L104,T2426
L025,T2427
L115,T2427
L028,T2427
L014,T2428
L092,T2429
L083,T2430
L013,T2431
L014,T2431
L015,T2431
L014,T2432
L015,T2433
L029,T2434
L077,T2434
L010,T2434
L012,T2434
L030,T2434
L017,T2434
L005,T2434
L018,T2434
L066,T2434
L069,T2434
L013,T2434
L033,T2434
L108,T2434
L019,T2434
L081,T2434
L074,T2434
L082,T2434
L083,T2434
L084,T2434
L034,T2434
L085,T2434
L086,T2434
L110,T2434
L015,T2434
L118,T2434
L035,T2434
L036,T2434
L037,T2434
L016,T2434
L103,T2434
L111,T2434
L020,T2434
L021,T2434
L022,T2434
L004,T2434
L008,T2434
L023,T2434
L009,T2434
L087,T2434
L088,T2434
L024,T2434
L038,T2434
L039,T2434
L040,T2434
L041,T2434
L042,T2434
L043,T2434
L044,T2434
L045,T2434
L047,T2434
L048,T2434
L097,T2435
L098,T2435
L030,T2435
L099,T2435
L102,T2435
L117,T2435
L103,T2435
L007,T2435
L009,T2435
L024,T2435
L108,T2436
L098,T2437
L091,T2438
L091,T2439
L056,T2440
L064,T2440
L113,T2440
L094,T2440
L106,T2441
L058,T2441
L029,T2441
L077,T2441
L049,T2441
L098,T2441
L070,T2441
L054,T2441
L055,T2441
L078,T2441
L027,T2441
L056,T2441
L059,T2441
L060,T2441
L061,T2441
L057,T2441
L064,T2441
L062,T2441
L066,T2441
L067,T2441
L068,T2441
L069,T2441
L100,T2441
L079,T2441
L073,T2441
L102,T2441
L071,T2441
L072,T2441
L108,T2441
L001,T2441
L080,T2441
L089,T2441
L090,T2441
L081,T2441
L074,T2441
L075,T2441
L076,T2441
L051,T2441
L109,T2441
L052,T2441
L110,T2441
L118,T2441
L091,T2441
L103,T2441
L003,T2441
L111,T2441
L007,T2441
L021,T2441
L004,T2441
L009,T2441
L087,T2441
L112,T2441
L113,T2441
L093,T2441
L094,T2441
L095,T2441
L038,T2441
L039,T2441
L040,T2441
L041,T2441
L042,T2441
L043,T2441
L044,T2441
L045,T2441
L046,T2441
L048,T2441
L098,T2442
L054,T2442
L055,T2442
L010,T2442
L011,T2442
L012,T2442
L017,T2442
L056,T2442
L059,T2442
L060,T2442
L057,T2442
L062,T2442
L013,T2442
L102,T2442
L110,T2442
L015,T2442
L118,T2442
L016,T2442
L111,T2442
L022,T2442
L087,T2442
L024,T2442
L066,T2443
L066,T2444
L019,T2444
L062,T2445
L066,T2446
L062,T2447
L062,T2448
L066,T2448
L071,T2449
L098,T2450
L068,T2450
L100,T2450
L097,T2451
L068,T2451
L100,T2451
L105,T2451
L058,T2452
L096,T2453
L100,T2454
L055,T2455
L062,T2455
L078,T2456
L083,T2457
L017,T2458
L005,T2458
L082,T2458
L085,T2458
L086,T2458
L022,T2458
L024,T2458
L055,T2459
L060,T2459
L062,T2459
L069,T2459
L118,T2459
L004,T2459
L009,T2459
L024,T2460
L082,T2461
L034,T2461
L066,T2462
L068,T2462
L004,T2462
L033,T2463
L074,T2463
L055,T2464
L062,T2464
L065,T2465
L050,T2466
L090,T2467
L070,T2468
L058,T2469
L055,T2469
L062,T2469
L051,T2470
L056,T2471
L064,T2471
L056,T2472
L070,T2473
L063,T2473
L064,T2473
L065,T2473
L064,T2474
L107,T2475
L092,T2476
L116,T2476
L058,T2477
L060,T2477
L069,T2477
L032,T2478
L115,T2478
L028,T2478
L117,T2478
L115,T2479
L028,T2479
L075,T2480
L003,T2480
L009,T2480
L026,T2481
L062,T2482
L068,T2482
L105,T2483
L091,T2484
L106,T2485
L101,T2485
L093,T2485
L095,T2485
L076,T2486
L084,T2487
L005,T2488
L016,T2488
L104,T2488
L095,T2489
L024,T2489
L096,T2489
L064,T2490
L110,T2491
L029,T2492
L036,T2492
L088,T2493
L101,T2494
L095,T2494
L116,T2495
L092,T2496
L114,T2497
L024,T2498
L053,T2499
L101,T2500
L102,T2500
L058,T2501
L055,T2501
L050,T2502
L034,T2503
L037,T2503
L043,T2503
L045,T2503
L113,T2504
L094,T2504
L094,T2505
L005,T2506
L022,T2506
L023,T2507
L101,T2508
L007,T2508
L101,T2509
L102,T2509
L089,T2510
L009,T2511
L075,T2512
L003,T2512
L009,T2512
L105,T2513
L105,T2514
L105,T2515
L105,T2516
L100,T2517
L086,T2518
L082,T2519
L084,T2519
L088,T2519
L085,T2520
L032,T2521
L035,T2522
L098,T2523
L025,T2524
L025,T2525
L005,T2526
L043,T2526
L083,T2527
L084,T2527
L003,T2528
L104,T2529
L111,T2530
L017,T2531
L104,T2531
L104,T2532
L025,T2533
L027,T2533
L062,T2534
L066,T2534
L068,T2534
L053,T2535
L058,T2536
L097,T2536
L077,T2536
L049,T2536
L098,T2536
L070,T2536
L054,T2536
L055,T2536
L099,T2536
L027,T2536
L063,T2536
L050,T2536
L056,T2536
L060,T2536
L057,T2536
L064,T2536
L062,T2536
L066,T2536
L067,T2536
L068,T2536
L069,T2536
L100,T2536
L013,T2536
L073,T2536
L102,T2536
L071,T2536
L072,T2536
L108,T2536
L117,T2536
L001,T2536
L002,T2536
L089,T2536
L090,T2536
L081,T2536
L074,T2536
L075,T2536
L076,T2536
L051,T2536
L052,T2536
L065,T2536
L053,T2536
L083,T2536
L110,T2536
L014,T2536
L091,T2536
L036,T2536
L016,T2536
L103,T2536
L021,T2536
L104,T2536
L087,T2536
L088,T2536
L112,T2536
L113,T2536
L093,T2536
L094,T2536
L039,T2536
L042,T2536
L048,T2536
L055,T2537
L055,T2538
L055,T2539
L033,T2540
L082,T2540
L084,T2540
L034,T2540
L085,T2540
L101,T2541
L093,T2541
L095,T2541
L096,T2541
L059,T2542
L060,T2542
L062,T2542
L069,T2542
L004,T2542
L009,T2542
L061,T2543
L057,T2544
L076,T2545
L106,T2546
L079,T2547
L035,T2547
L101,T2548
L014,T2549
L091,T2550
L113,T2551
L017,T2552
L100,T2553
L110,T2554
L073,T2555
L051,T2556
L017,T2557
L026,T2557
L078,T2557
L005,T2557
L018,T2557
L079,T2557
L116,T2557
L080,T2557
L081,T2557
L082,T2557
L083,T2557
L084,T2557
L034,T2557
L085,T2557
L086,T2557
L037,T2557
L016,T2557
L022,T2557
L008,T2557
L104,T2557
L088,T2557
L045,T2557
L010,T2559
L005,T2559
L084,T2559
L034,T2559
L085,T2559
L110,T2559
L016,T2559
L004,T2559
L043,T2559
L107,T2560
L012,T2561
L013,T2561
L014,T2561
L015,T2561
L118,T2562
L078,T2563
L079,T2563
L080,T2563
L074,T2564
L076,T2565
L075,T2566
L052,T2567
L013,T2568
L014,T2568
L015,T2568
L087,T2569
L087,T2570
L088,T2570
L087,T2571
L117,T2572
L016,T2572
L087,T2573
L013,T2574
L014,T2574
L016,T2574
L011,T2575
L039,T2575
L030,T2576
L114,T2577
L114,T2578
L058,T2579
L077,T2579
L049,T2579
L070,T2579
L054,T2579
L055,T2579
L063,T2579
L050,T2579
L056,T2579
L059,T2579
L060,T2579
L061,T2579
L057,T2579
L064,T2579
L062,T2579
L066,T2579
L067,T2579
L068,T2579
L069,T2579
L071,T2579
L072,T2579
L108,T2579
L081,T2579
L075,T2579
L076,T2579
L051,T2579
L052,T2579
L065,T2579
L053,T2579
L111,T2579
L094,T2579
L050,T2580
L115,T2580
L028,T2580
L117,T2580
L049,T2581
L063,T2581
L050,T2581
L052,T2581
L065,T2581
L058,T2582
L097,T2582
L029,T2582
L077,T2582
L049,T2582
L098,T2582
L070,T2582
L114,T2582
L054,T2582
L055,T2582
L010,T2582
L011,T2582
L012,T2582
L030,T2582
L099,T2582
L017,T2582
L026,T2582
L078,T2582
L063,T2582
L005,T2582
L031,T2582
L056,T2582
L059,T2582
L018,T2582
L060,T2582
L061,T2582
L057,T2582
L064,T2582
L062,T2582
L066,T2582
L067,T2582
L068,T2582
L069,T2582
L100,T2582
L013,T2582
L073,T2582
L092,T2582
L032,T2582
L115,T2582
L028,T2582
L006,T2582
L101,T2582
L102,T2582
L116,T2582
L107,T2582
L071,T2582
L072,T2582
L033,T2582
L108,T2582
L105,T2582
L117,T2582
L002,T2582
L019,T2582
L080,T2582
L089,T2582
L090,T2582
L081,T2582
L074,T2582
L075,T2582
L076,T2582
L051,T2582
L109,T2582
L052,T2582
L065,T2582
L053,T2582
L082,T2582
L083,T2582
L084,T2582
L034,T2582
L085,T2582
L086,T2582
L110,T2582
L014,T2582
L015,T2582
L118,T2582
L091,T2582
L035,T2582
L036,T2582
L037,T2582
L016,T2582
L103,T2582
L111,T2582
L007,T2582
L020,T2582
L021,T2582
L022,T2582
L004,T2582
L008,T2582
L023,T2582
L009,T2582
L087,T2582
L088,T2582
L112,T2582
L113,T2582
L093,T2582
L095,T2582
L024,T2582
L096,T2582
L043,T2582
L047,T2582
L048,T2582
L011,T2583
L099,T2583
L084,T2583
L014,T2583
L015,T2583
L016,T2583
L023,T2583
L014,T2584
L023,T2584
L014,T2585
L023,T2585
L030,T2586
L013,T2586
L050,T2587
L073,T2587
L118,T2587
L108,T2588
L112,T2588
L106,T2589
L027,T2589
L107,T2589
L111,T2589
L027,T2590
L111,T2590
L107,T2591
L112,T2591
L098,T2592
L101,T2592
L102,T2592
L111,T2593
L108,T2594
L112,T2594
L027,T2595
L107,T2595
L108,T2595
L109,T2595
L003,T2595
L111,T2595
L112,T2595
L053,T2596
L029,T2597
L011,T2597
L012,T2597
L030,T2597
L013,T2597
L014,T2597
L036,T2597
L037,T2597
L023,T2597
L031,T2598
L016,T2599
L114,T2600
L063,T2601
L025,T2602
L027,T2603
L117,T2604
L054,T2605
L104,T2606
L032,T2607
L115,T2607
L028,T2608
L037,T2609
L044,T2609
L029,T2610
L036,T2610
L096,T2611
L009,T2612
L051,T2613
L092,T2614
L064,T2615
L117,T2616
L100,T2617
L063,T2618
L029,T2619
L005,T2619
L031,T2619
L032,T2619
L033,T2619
L117,T2619
L034,T2619
L036,T2619
L037,T2619
L104,T2619
L024,T2619
L035,T2620
L109,T2621
L004,T2622
L011,T2623
L012,T2623
L059,T2623
L060,T2623
L064,T2623
L067,T2623
L068,T2623
L013,T2623
L006,T2623
L002,T2623
L081,T2623
L052,T2623
L083,T2623
L084,T2623
L014,T2623
L015,T2623
L036,T2623
L016,T2623
L103,T2623
L038,T2623
L053,T2624
L040,T2624
L077,T2625
L081,T2625
L022,T2625
L024,T2625
L051,T2626
L074,T2627
L025,T2628
L031,T2628
L032,T2628
L115,T2628
L028,T2628
L117,T2628
L065,T2629
L085,T2630
L109,T2631
L012,T2632
L013,T2632
L014,T2632
L007,T2632
L008,T2632
L024,T2632
L065,T2633
L109,T2634
L109,T2635
L013,T2636
L015,T2636
L107,T2637
L035,T2638
L092,T2639
L107,T2639
L001,T2639
L089,T2639
L090,T2639
L091,T2639
L096,T2639
L112,T2640
L068,T2641
L060,T2642
L065,T2643
L029,T2644
L098,T2644
L012,T2644
L030,T2644
L013,T2644
L014,T2644
L015,T2644
L036,T2644
L037,T2644
L114,T2645
L053,T2646
L025,T2647
L031,T2647
L032,T2647
L115,T2647
L028,T2647
L088,T2648
L087,T2649
L088,T2649
L089,T2650
L092,T2651
L007,T2652
L009,T2652
L113,T2653
L094,T2653
L102,T2654
L029,T2655
L049,T2655
L098,T2655
L114,T2655
L099,T2655
L100,T2655
L101,T2655
L102,T2655
L117,T2655
L103,T2655
L007,T2655
L112,T2655
L095,T2655
L096,T2655
L101,T2656
L095,T2657
L025,T2658
L032,T2658
L115,T2658
L028,T2658
L025,T2659
L026,T2659
L027,T2659
L032,T2659
L115,T2659
L028,T2659
L104,T2659
L071,T2660
L082,T2661
L085,T2661
L086,T2661
L005,T2662
L022,T2662
L008,T2662
L070,T2663
L005,T2664
L116,T2664
L025,T2665
L026,T2665
L078,T2665
L005,T2665
L018,T2665
L104,T2665
L112,T2666
L095,T2667
L116,T2668
L105,T2669
L073,T2670
L118,T2670
L118,T2671
L118,T2672
L118,T2673
L118,T2674
L118,T2675
L118,T2676
L050,T2677
L006,T2678
L001,T2678
L002,T2678
L103,T2678
L003,T2678
L004,T2678
L109,T2679
L109,T2680
L087,T2681
L088,T2681
L070,T2682
L114,T2683
L106,T2684
L098,T2684
L114,T2684
L099,T2684
L100,T2684
L092,T2684
L102,T2684
L116,T2684
L107,T2684
L108,T2684
L117,T2684
L109,T2684
L110,T2684
L118,T2684
L103,T2684
L111,T2684
L112,T2684
L092,T2685
L116,T2685
L092,T2686
L107,T2686
L116,T2687
L059,T2688
L057,T2688
L116,T2689
L116,T2690
L092,T2691
L116,T2691
L092,T2692
L116,T2692
L116,T2693
L115,T2694
L028,T2694
L116,T2695
L107,T2695
L092,T2696
L089,T2697
L015,T2697
L116,T2698
L107,T2698
L092,T2699
L116,T2699
L092,T2700
L116,T2700
L098,T2701
L092,T2701
L102,T2701
L116,T2701
L107,T2701
L108,T2701
L109,T2701
L103,T2701
L112,T2701
L092,T2702
L092,T2703
L107,T2704
L018,T2705
L086,T2705
L021,T2705
L024,T2706
L105,T2707
L113,T2708
L093,T2708
L094,T2708
L025,T2709
L026,T2709
L078,T2709
L115,T2709
L028,T2709
L104,T2709
L027,T2710
L093,T2711
L093,T2712
L113,T2713
L094,T2713
L094,T2714
L094,T2715
L089,T2716
L091,T2716
L094,T2718
L089,T2719
L113,T2719
L093,T2719
L094,T2719
L113,T2720
L094,T2720
L109,T2721
L109,T2722
L100,T2723
L093,T2724
L094,T2725
L093,T2726
L012,T2727
L005,T2727
L013,T2727
L014,T2727
L015,T2727
L023,T2727
L005,T2728
L104,T2728
L006,T2729
L012,T2730
L014,T2730
L001,T2731
L118,T2731
L070,T2732
L071,T2733
L051,T2734
L053,T2734
L049,T2735
L010,T2736
L017,T2736
L026,T2736
L078,T2736
L005,T2736
L018,T2736
L066,T2736
L019,T2736
L081,T2736
L036,T2736
L020,T2736
L022,T2736
L008,T2736
L110,T2737
L019,T2738
L091,T2739
L090,T2740
L029,T2741
L101,T2742
L102,T2742
L096,T2742
L109,T2743
L025,T2744
L027,T2744
L005,T2744
L032,T2744
L115,T2744
L028,T2744
L019,T2745
L083,T2746
L091,T2747
L049,T2748
L063,T2748
L050,T2748
L064,T2748
L052,T2748
L065,T2748
L053,T2748
L025,T2749
L027,T2749
L005,T2749
L032,T2749
L115,T2749
L028,T2749
L027,T2750
L016,T2751
L097,T2752
L068,T2753
L076,T2754
L005,T2755
L104,T2756
L090,T2757
L083,T2757
L087,T2757
L038,T2757
L105,T2758
L050,T2759
L095,T2760
L006,T2761
L003,T2761
L100,T2762
L092,T2762
L116,T2762
L100,T2763
L092,T2763
L115,T2763
L028,T2763
L116,T2763
L075,T2763
L050,T2764
L101,T2765
L101,T2766
L102,T2766
L025,T2767
L027,T2767
L115,T2767
L028,T2767
L005,T2768
L082,T2768
L083,T2768
L084,T2768
L034,T2768
L085,T2768
L086,T2768
L008,T2768
L088,T2768
L049,T2769
L065,T2769
L078,T2770
L079,T2770
L036,T2770
L021,T2771
L010,T2772
L011,T2772
L012,T2772
L006,T2772
L014,T2772
L008,T2772
L079,T2773
L080,T2773
L081,T2773
L085,T2773
L018,T2774
L083,T2774
L084,T2774
L008,T2774
L083,T2775
L019,T2776
L020,T2777
L010,T2778
L017,T2778
L026,T2778
L005,T2778
L018,T2778
L019,T2778
L081,T2778
L020,T2778
L021,T2778
L022,T2778
L008,T2778
L023,T2778
L106,T2779
L083,T2780
L087,T2780
L088,T2780
L037,T2781
L043,T2781
L046,T2781
L030,T2782
L010,T2783
L005,T2783
L079,T2783
L080,T2783
L081,T2783
L082,T2783
L083,T2783
L084,T2783
L034,T2783
L085,T2783
L086,T2783
L035,T2783
L037,T2783
L008,T2783
L088,T2783
L116,T2784
L084,T2785
L100,T2786
L098,T2787
L101,T2787
L102,T2787
L007,T2787
L095,T2787
L024,T2787
L096,T2787
L035,T2788
L037,T2788
L038,T2788
L048,T2788
L083,T2789
L084,T2789
L008,T2789
L032,T2790
L115,T2790
L028,T2790
L114,T2791
L029,T2792
L035,T2792
L036,T2792
L037,T2792
L066,T2793
L114,T2794
L104,T2795
L090,T2796
L106,T2797
L106,T2798
L101,T2798
L089,T2798
L113,T2798
L093,T2798
L094,T2798
L095,T2798
L096,T2798
L106,T2799
L106,T2800
L070,T2801
L049,T2802
L051,T2802
L053,T2802
L106,T2803
L024,T2804
L031,T2805
L101,T2806
L114,T2807
L104,T2808
L031,T2809
L033,T2809
L112,T2810
L095,T2811
L096,T2811
L096,T2812
L096,T2813
L110,T2814
L077,T2815
L024,T2815
L009,T2816
L101,T2817
L051,T2818
L083,T2819
L088,T2819
L110,T2820
L097,T2821
L116,T2821
L105,T2821
L024,T2822
L100,T2823
L049,T2824
L050,T2824
L064,T2824
L052,T2824
L065,T2824
L053,T2824
L071,T2825
L053,T2826
L052,T2827
L025,T2828
L078,T2828
L079,T2828
L032,T2828
L115,T2828
L028,T2828
L117,T2828
L080,T2828
L082,T2828
L085,T2828
L086,T2828
L083,T2829
L026,T2830
L100,T2830
L107,T2830
L109,T2830
L085,T2830
L086,T2830
L078,T2831
L079,T2831
L080,T2831
L081,T2831
L022,T2831
L079,T2832
L078,T2833
L079,T2833
L099,T2834
L077,T2835
L010,T2835
L017,T2835
L026,T2835
L078,T2835
L005,T2835
L018,T2835
L066,T2835
L019,T2835
L081,T2835
L082,T2835
L035,T2835
L037,T2835
L020,T2835
L022,T2835
L004,T2835
L008,T2835
L023,T2835
L024,T2835
L039,T2835
L041,T2835
L042,T2835
L043,T2835
L046,T2835
L048,T2835
L100,T2836
L100,T2837
L093,T2838
L084,T2839
L108,T2840
L112,T2840
L010,T2841
L078,T2841
L027,T2841
L005,T2841
L031,T2841
L079,T2841
L032,T2841
L107,T2841
L081,T2841
L082,T2841
L084,T2841
L034,T2841
L085,T2841
L086,T2841
L110,T2841
L037,T2841
L016,T2841
L004,T2841
L009,T2841
L087,T2841
L088,T2841
L038,T2841
L043,T2841
L045,T2841
L046,T2841
L047,T2841
L048,T2841
L096,T2842
L100,T2843
L011,T2844
L030,T2844
L036,T2844
L037,T2844
L048,T2844
L071,T2845
L071,T2846
L063,T2847
L031,T2848
L096,T2849
L024,T2850
L104,T2851
L095,T2851
L024,T2851
L096,T2851
L002,T2852
L118,T2852
L077,T2853
L012,T2853
L013,T2853
L006,T2853
L033,T2853
L001,T2853
L002,T2853
L118,T2853
L036,T2853
L016,T2853
L007,T2853
L009,T2853
L041,T2853
L118,T2854
L118,T2855
L097,T2856
L026,T2857
L100,T2858
L090,T2859
L110,T2860
L009,T2861
L009,T2862
L092,T2863
L116,T2863
L100,T2864
L031,T2865
L032,T2865
L033,T2865
L117,T2865
L072,T2866
L025,T2867
L005,T2867
L104,T2867
L097,T2868
L105,T2868
L076,T2869
L109,T2870
L107,T2871
L116,T2872
L100,T2873
L105,T2873
L109,T2873
L106,T2874
L107,T2875
L105,T2875
L105,T2876
L112,T2877
L049,T2878
L064,T2878
L052,T2878
L025,T2879
L109,T2880
L029,T2881
L077,T2881
L011,T2881
L067,T2881
L069,T2881
L073,T2881
L108,T2881
L001,T2881
L081,T2881
L075,T2881
L051,T2881
L109,T2881
L118,T2881
L003,T2881
L007,T2881
L004,T2881
L009,T2881
L087,T2881
L097,T2882
L003,T2883
L009,T2883
L009,T2884
L003,T2885
L111,T2885
L004,T2886
L009,T2886
L109,T2887
L011,T2888
L013,T2888
L001,T2888
L075,T2888
L051,T2888
L109,T2888
L014,T2888
L015,T2888
L003,T2888
L007,T2888
L004,T2888
L023,T2888
L083,T2889
L084,T2889
L088,T2889
L015,T2890
L092,T2891
L032,T2892
L115,T2892
L028,T2892
L117,T2892
L050,T2893
L032,T2894
L115,T2894
L028,T2894
L117,T2894
L063,T2895
L010,T2896
L017,T2896
L026,T2896
L005,T2896
L018,T2896
L066,T2896
L082,T2896
L084,T2896
L034,T2896
L085,T2896
L016,T2896
L020,T2896
L021,T2896
L022,T2896
L008,T2896
L088,T2896
L006,T2897
L073,T2898
L002,T2898
L118,T2898
L092,T2899
L034,T2900
L037,T2900
L043,T2900
L045,T2900
L080,T2901
L074,T2901
L025,T2902
L032,T2902
L115,T2902
L028,T2902
L117,T2902
L003,T2902
L111,T2902
L095,T2903
L083,T2904
L036,T2904
L038,T2904
L031,T2905
L093,T2906
L095,T2906
L019,T2907
L020,T2908
L104,T2909
L032,T2910
L115,T2910
L028,T2910
L117,T2910
L013,T2911
L110,T2911
L016,T2911
L080,T2912
L079,T2913
L080,T2913
L090,T2913
L076,T2913
L087,T2914
L088,T2914
L082,T2915
L083,T2915
L034,T2915
L035,T2915
L036,T2915
L037,T2915
L101,T2916
L042,T4469
L038,T5823
L047,T5823
L048,T5823
L047,T5896
L045,T6208
L048,T6419
L048,T7004
L047,T7793
L041,T7851
L045,T8405
L048,T8557
L042,T8896
L043,T9268
L044,T9268
L046,T9268
L038,T9327
L038,T9328
L038,T9329
L038,T9330
L038,T9331
L038,T9332
L039,T9332
L038,T9333
L039,T9333
L038,T9334
L039,T9334
L041,T9334
L038,T9335
L038,T9336
L038,T9337
L039,T9337
L042,T9337
L038,T9338
L039,T9338
L040,T9338
L041,T9338
L042,T9338
L038,T9339
L039,T9339
L041,T9339
L042,T9339
L038,T9340
L039,T9340
L040,T9340
L038,T9341
L039,T9341
L038,T9342
L039,T9342
L041,T9342
L042,T9342
L038,T9343
L038,T9344
L038,T9345
L038,T9346
L039,T9347
L039,T9348
L039,T9349
L039,T9350
L039,T9351
L041,T9351
L039,T9352
L042,T9352
L039,T9353
L039,T9354
L039,T9355
L039,T9356
L039,T9357
L039,T9358
L040,T9358
L039,T9359
L042,T9359
L039,T9360
L039,T9361
L039,T9362
L040,T9363
L040,T9364
L040,T9365
L040,T9366
L040,T9367
L040,T9368
L040,T9369
L040,T9370
L040,T9371
L040,T9372
L040,T9373
L040,T9374
L040,T9375
L040,T9376
L040,T9377
L040,T9378
L040,T9379
L040,T9380
L040,T9381
L040,T9382
L040,T9383
L040,T9384
L040,T9385
L040,T9386
L040,T9387
L040,T9388
L040,T9389
L041,T9390
L041,T9391
L041,T9392
L041,T9393
L041,T9394
L041,T9395
L042,T9395
L041,T9396
L041,T9397
L041,T9398
L041,T9399
L041,T9400
L041,T9401
L041,T9402
L041,T9403
L041,T9404
L041,T9405
L041,T9406
L041,T9407
L041,T9408
L041,T9409
L041,T9410
L041,T9411
L041,T9412
L041,T9413
L041,T9414
L041,T9415
L041,T9416
L041,T9417
L042,T9418
L042,T9419
L042,T9420
L042,T9421
L042,T9422
L042,T9423
L042,T9424
L042,T9425
L042,T9426
L042,T9427
L042,T9428
L042,T9429
L042,T9430
L043,T9431
L043,T9432
L043,T9433
L043,T9434
L043,T9435
L043,T9436
L046,T9436
L043,T9437
L043,T9438
L043,T9439
L046,T9439
L043,T9440
L046,T9440
L043,T9441
L046,T9441
L043,T9442
L043,T9443
L043,T9444
L046,T9444
L043,T9445
L046,T9445
L043,T9446
L046,T9446
L043,T9447
L046,T9447
L043,T9448
L043,T9449
L046,T9449
L043,T9450
L043,T9451
L043,T9452
L044,T9452
L045,T9452
L043,T9453
L044,T9453
L045,T9453
L043,T9454
L044,T9454
L045,T9454
L043,T9455
L043,T9456
L045,T9456
L043,T9457
L045,T9457
L043,T9458
L043,T9459
L043,T9460
L044,T9460
L043,T9461
L043,T9462
L043,T9463
L043,T9464
L043,T9465
L043,T9466
L043,T9467
L046,T9467
L043,T9468
L044,T9469
L044,T9470
L044,T9471
L044,T9472
L044,T9473
L044,T9474
L045,T9474
L044,T9475
L044,T9476
L044,T9477
L044,T9478
L044,T9479
L044,T9480
L044,T9481
L045,T9481
L048,T9481
L044,T9482
L044,T9483
L044,T9484
L044,T9485
L044,T9486
L044,T9487
L044,T9488
L044,T9489
L044,T9490
L044,T9491
L048,T9491
L044,T9492
L044,T9493
L044,T9494
L044,T9495
L044,T9496
L044,T9497
L044,T9498
L044,T9499
L044,T9500
L044,T9501
L044,T9502
L044,T9503
L044,T9504
L044,T9505
L044,T9506
L044,T9507
L044,T9508
L045,T9508
L044,T9509
L044,T9510
L044,T9511
L044,T9512
L045,T9513
L045,T9514
L045,T9515
L045,T9516
L045,T9517
L045,T9518
L045,T9519
L045,T9520
L045,T9521
L045,T9522
L045,T9523
L045,T9524
L045,T9525
L045,T9526
L045,T9527
L045,T9528
L045,T9529
L045,T9530
L045,T9531
L045,T9532
L045,T9533
L045,T9534
L048,T9534
L045,T9535
L046,T9536
L046,T9537
L046,T9538
L046,T9539
L046,T9540
L046,T9541
L046,T9542
L046,T9543
L046,T9544
L046,T9545
L046,T9546
L046,T9547
L046,T9548
L046,T9549
L046,T9550
L046,T9551
L046,T9552
L046,T9553
L046,T9554
L046,T9555
L046,T9556
L046,T9557
L046,T9558
L046,T9559
L046,T9560
L046,T9561
L046,T9562
L046,T9563
L046,T9564
L046,T9565
L046,T9566
L046,T9567
L046,T9568
L046,T9569
L046,T9570
L046,T9571
L046,T9572
L046,T9573
L046,T9574
L046,T9575
L046,T9576
L046,T9577
L046,T9578
L046,T9579
L046,T9580
L046,T9581
L046,T9582
L046,T9583
L046,T9584
L046,T9585
L047,T9586
L047,T9587
L047,T9588
L047,T9589
L047,T9590
L047,T9591
L047,T9592
L047,T9593
L047,T9594
L047,T9595
L047,T9596
L047,T9597
L047,T9598
L047,T9599
L047,T9600
L047,T9601
L047,T9602
L047,T9603
L047,T9604
L047,T9605
L047,T9606
L047,T9607
L047,T9608
L047,T9609
L047,T9610
L047,T9611
L047,T9612
L047,T9613
L047,T9614
L047,T9615
L047,T9616
L048,T9616
L047,T9617
L047,T9618
L047,T9619
L047,T9620
L047,T9621
L047,T9622
L047,T9623
L047,T9624
L047,T9625
L047,T9626
L047,T9627
L047,T9628
L047,T9629
L047,T9630
L047,T9631
L047,T9632
L047,T9633
L047,T9634
L047,T9635
L047,T9636
L047,T9637
L048,T9638
L048,T9639
L048,T9640
L048,T9641
L048,T9642
L048,T9643
L048,T9644
L048,T9645
L048,T9646
L048,T9647
L048,T9648
L048,T9649
L048,T9650
L048,T9651
L048,T9652
L048,T9653
L048,T9654
L048,T9655
L048,T9656
L048,T9657
L048,T9658
L048,T9659
L048,T9660
L048,T9661
L048,T9662
L048,T9663
L048,T9664
