title_id,original_row_number,title,old_parent_id,old_family_id,old_resolution_status,resolved_leaf_ids,resolved_leaf_labels,resolved_parent_ids,resolved_family_ids,confidence,operational_eligible,manual_review_note
TITLE:1,1,.NET Developer,SOFTWARE_DEVELOPMENT,SOFTWARE,parent_only_proposal,APPLICATION_DEVELOPER | WEB_DEVELOPER,Application Developer | Web Developer,SOFTWARE_DEVELOPMENT,SOFTWARE,medium,1,.NET application/web development title.
TITLE:2,2,.NET Programmer,SOFTWARE_DEVELOPMENT,SOFTWARE,parent_only_proposal,COMPUTER_PROGRAMMER | APPLICATION_DEVELOPER,Computer Programmer | Application Developer,SOFTWARE_DEVELOPMENT,SOFTWARE,medium,1,Manually curated semantic mapping from the title to the closest canonical leaf or plausible alternative leaves; repeated title patterns were applied consistently.
TITLE:28,28,3D Developer,SOFTWARE_DEVELOPMENT,SOFTWARE,non_it_source_collision,APPLICATION_DEVELOPER | GAME_DEVELOPER,Software Developer / Engineer (General) | Game Developer,SOFTWARE_DEVELOPMENT | SPECIALIZED_DEVELOPMENT,SOFTWARE,low,1,3D developer is domain-ambiguous; software/game development are the plausible IT interpretations.
TITLE:83,83,ADP Planner (automatic Data Processing Planner),DATABASE_ENGINEERING,DATA_AI,parent_only_proposal,SYSTEMS_ANALYST | DATA_ENGINEER,Systems Analyst | Data Engineer,SYSTEMS_ANALYSIS | DATA_ENGINEERING,ARCHITECTURE_ANALYSIS | DATA_AI,medium,1,Manually curated semantic mapping from the title to the closest canonical leaf or plausible alternative leaves; repeated title patterns were applied consistently.
TITLE:118,118,ASP.NET Developer,SOFTWARE_DEVELOPMENT,SOFTWARE,parent_only_proposal,APPLICATION_DEVELOPER | WEB_DEVELOPER,Application Developer | Web Developer,SOFTWARE_DEVELOPMENT,SOFTWARE,medium,1,.NET application/web development title.
TITLE:230,230,Accessibility Designer,DIGITAL_EXPERIENCE,DIGITAL_DESIGN,parent_only_proposal,UX_DESIGNER | UI_DESIGNER,User Experience Designer | User Interface Designer,DIGITAL_EXPERIENCE,DIGITAL_DESIGN,medium,1,Manually curated semantic mapping from the title to the closest canonical leaf or plausible alternative leaves; repeated title patterns were applied consistently.
TITLE:1281,1281,Air Traffic Safety Software Specialist,SOFTWARE_DEVELOPMENT,SOFTWARE,non_it_source_collision,APPLICATION_DEVELOPER,Software Developer / Engineer (General),SOFTWARE_DEVELOPMENT,SOFTWARE,medium,1,Safety-domain software role; mapped to general software development without inventing a narrower platform.
TITLE:1689,1689,Algorithm Developer,SOFTWARE_DEVELOPMENT,SOFTWARE,non_it_source_collision,APPLICATION_DEVELOPER | ML_ENGINEER,Software Developer / Engineer (General) | Machine Learning Engineer,SOFTWARE_DEVELOPMENT | AI_ENGINEERING,SOFTWARE | DATA_AI,medium,1,Algorithm role can be general software or ML depending duties.
TITLE:1690,1690,Algorithm Engineer,,,non_it_source_collision,APPLICATION_DEVELOPER | ML_ENGINEER,Software Developer / Engineer (General) | Machine Learning Engineer,SOFTWARE_DEVELOPMENT | AI_ENGINEERING,SOFTWARE | DATA_AI,medium,1,Algorithm role can be general software or ML depending duties.
TITLE:1880,1880,Analyst Programmer,SOFTWARE_DEVELOPMENT,SOFTWARE,parent_only_proposal,COMPUTER_PROGRAMMER | SYSTEMS_ANALYST,Computer Programmer | Systems Analyst,SOFTWARE_DEVELOPMENT | SYSTEMS_ANALYSIS,SOFTWARE | ARCHITECTURE_ANALYSIS,medium,1,Hybrid programmer/analyst title; both programming and systems-analysis paths are plausible.
TITLE:2305,2305,App Coder,SOFTWARE_DEVELOPMENT,SOFTWARE,parent_only_proposal,APPLICATION_DEVELOPER | COMPUTER_PROGRAMMER,Application Developer | Computer Programmer,SOFTWARE_DEVELOPMENT,SOFTWARE,high,1,Application coding title.
TITLE:2307,2307,App Developer,SOFTWARE_DEVELOPMENT,SOFTWARE,parent_only_proposal,APPLICATION_DEVELOPER,Application Developer,SOFTWARE_DEVELOPMENT,SOFTWARE,high,1,Application developer title.
TITLE:2308,2308,App Programmer,SOFTWARE_DEVELOPMENT,SOFTWARE,parent_only_proposal,APPLICATION_DEVELOPER | COMPUTER_PROGRAMMER,Application Developer | Computer Programmer,SOFTWARE_DEVELOPMENT,SOFTWARE,high,1,Application programming title.
TITLE:2373,2373,Application Coordinator,,,needs_it_duties,APPLICATION_SUPPORT | IT_PROJECT_MANAGER,Application Support Specialist | IT Project Manager,USER_APPLICATION_SUPPORT | PROJECT_PRODUCT,SUPPORT | IT_DELIVERY,low,1,Manually curated semantic mapping from the title to the closest canonical leaf or plausible alternative leaves; repeated title patterns were applied consistently.
TITLE:2375,2375,Application Designer,SOFTWARE_DEVELOPMENT,SOFTWARE,parent_only_proposal,APPLICATION_DEVELOPER | SOFTWARE_ARCHITECT,Application Developer | Software Architect,SOFTWARE_DEVELOPMENT,SOFTWARE,medium,1,Application design can denote implementation or application architecture.
TITLE:2385,2385,Application Lifecycle Manager,SERVICE_GOVERNANCE,IT_DELIVERY,parent_only_proposal,CHANGE_CONFIG_MANAGER | SERVICE_DELIVERY_MANAGER,IT Change and Configuration Manager | IT Service Delivery Manager,SERVICE_GOVERNANCE,IT_DELIVERY,medium,1,Manually curated semantic mapping from the title to the closest canonical leaf or plausible alternative leaves; repeated title patterns were applied consistently.
TITLE:2387,2387,Application Programmer,SOFTWARE_DEVELOPMENT,SOFTWARE,parent_only_proposal,APPLICATION_DEVELOPER | COMPUTER_PROGRAMMER,Application Developer | Computer Programmer,SOFTWARE_DEVELOPMENT,SOFTWARE,high,1,Application programming title.
TITLE:2388,2388,Application Programmer Analyst,SOFTWARE_DEVELOPMENT,SOFTWARE,parent_only_proposal,APPLICATION_DEVELOPER | SYSTEMS_ANALYST | COMPUTER_PROGRAMMER,Application Developer | Systems Analyst | Computer Programmer,SOFTWARE_DEVELOPMENT | SYSTEMS_ANALYSIS,SOFTWARE | ARCHITECTURE_ANALYSIS,high,1,Explicit application-programmer/analyst hybrid.
TITLE:2394,2394,Application Software Configurator,SYSTEMS_OPERATIONS,PLATFORM_INFRASTRUCTURE,parent_only_proposal,SYSTEM_CONFIG | APPLICATION_SUPPORT,Systems Configuration Specialist | Application Support Specialist,SYSTEMS_OPERATIONS | USER_APPLICATION_SUPPORT,PLATFORM_INFRASTRUCTURE | SUPPORT,medium,1,Manually curated semantic mapping from the title to the closest canonical leaf or plausible alternative leaves; repeated title patterns were applied consistently.
TITLE:2395,2395,Application Software Developers,SOFTWARE_DEVELOPMENT,SOFTWARE,parent_only_proposal,APPLICATION_DEVELOPER,Application Developer,SOFTWARE_DEVELOPMENT,SOFTWARE,high,1,Canonical application software development role.
TITLE:2396,2396,Application Software Engineer,SOFTWARE_DEVELOPMENT,SOFTWARE,parent_only_proposal,APPLICATION_DEVELOPER | APPLICATION_DEVELOPER,Application Developer | Software Developer / Engineer (General),SOFTWARE_DEVELOPMENT,SOFTWARE,high,1,Application software engineering role.
TITLE:2404,2404,Application Technology Engineer,,,non_it_source_collision,OUTSIDE_IT_SCOPE,Outside IT Scope,OUTSIDE_SCOPE,EXCLUSIONS,high,0,"Official source is general application engineering, not necessarily software/IT."
TITLE:2405,2405,Application Technology Engineering Adviser,,,non_it_source_collision,OUTSIDE_IT_SCOPE,Outside IT Scope,OUTSIDE_SCOPE,EXCLUSIONS,high,0,"Official source is general application engineering, not necessarily software/IT."
TITLE:2406,2406,Application Technology Engineering Expert,,,non_it_source_collision,OUTSIDE_IT_SCOPE,Outside IT Scope,OUTSIDE_SCOPE,EXCLUSIONS,high,0,"Official source is general application engineering, not necessarily software/IT."
TITLE:2408,2408,Applications Developer,SOFTWARE_DEVELOPMENT,SOFTWARE,unresolved,APPLICATION_DEVELOPER,Application Developer,SOFTWARE_DEVELOPMENT,SOFTWARE,high,1,Canonical applications development role.
TITLE:2412,2412,Applications Software Engineering Information Technology Specialist (applications Software Engineering IT Specialist),SOFTWARE_DEVELOPMENT,SOFTWARE,parent_only_proposal,APPLICATION_DEVELOPER | APPLICATION_DEVELOPER,Application Developer | Software Developer / Engineer (General),SOFTWARE_DEVELOPMENT,SOFTWARE,high,1,Applications software engineering specialist.
TITLE:3783,3783,Automatic Data Processing Customer Liaison (ADP Customer Liaison),USER_APPLICATION_SUPPORT,SUPPORT,parent_only_proposal,SUPPORT_ENGINEER | TECHNICAL_ACCOUNT,IT Support Engineer | IT Technical Account Specialist,USER_APPLICATION_SUPPORT | TECHNICAL_ENABLEMENT,SUPPORT | IT_ENABLEMENT,medium,1,Customer-facing ADP/IT support liaison.
TITLE:3784,3784,Automatic Data Processing Systems Security Specialist (ADP Systems Security),SECURITY_OPERATIONS,SECURITY,parent_only_proposal,SECURITY_SPECIALIST_GENERAL | SECURITY_ADMIN,Cybersecurity Specialist (General) | Security Administrator,SECURITY_OPERATIONS | SECURITY_ENGINEERING,SECURITY,high,1,ADP/computer systems security specialist.
TITLE:4077,4077,Aviation Data Communications Consultant,,,needs_it_duties,TELECOM_ANALYST | TELECOM_ENGINEER,Telecommunications Analyst | Telecommunications Engineer,TELECOM_ENGINEERING,NETWORKS,medium,1,Manually curated semantic mapping from the title to the closest canonical leaf or plausible alternative leaves; repeated title patterns were applied consistently.
TITLE:4078,4078,Aviation Data Communications Contractor,,,needs_it_duties,TELECOM_ANALYST | TELECOM_ENGINEER,Telecommunications Analyst | Telecommunications Engineer,TELECOM_ENGINEERING,NETWORKS,medium,1,Manually curated semantic mapping from the title to the closest canonical leaf or plausible alternative leaves; repeated title patterns were applied consistently.
TITLE:4080,4080,Aviation Data Communications Specialist,,,needs_it_duties,TELECOM_ANALYST | TELECOM_ENGINEER,Telecommunications Analyst | Telecommunications Engineer,TELECOM_ENGINEERING,NETWORKS,medium,1,Manually curated semantic mapping from the title to the closest canonical leaf or plausible alternative leaves; repeated title patterns were applied consistently.
TITLE:5365,5365,Betting Quality Assurance Engineer,SOFTWARE_TESTING,SOFTWARE,non_it_source_collision,SOFTWARE_TESTER | TEST_AUTOMATION,Software Test Engineer | Test Automation Engineer,SOFTWARE_TESTING,SOFTWARE,high,1,Software QA engineering in betting/gaming domain.
TITLE:5433,5433,Big Data Archive Librarian,,,needs_it_duties,DATA_GOVERNANCE_SPECIALIST | DATA_WAREHOUSE,Data Governance and Stewardship Specialist | Data Warehouse Developer,DATA_ENGINEERING,DATA_AI,medium,1,Manually curated semantic mapping from the title to the closest canonical leaf or plausible alternative leaves; repeated title patterns were applied consistently.
TITLE:5731,5731,Biomedical Systems Developer,SOFTWARE_DEVELOPMENT,SOFTWARE,non_it_source_collision,HEALTH_INFORMATICS | APPLICATION_DEVELOPER,Health Informatics Specialist | Software Developer / Engineer (General),DOMAIN_INFORMATICS | SOFTWARE_DEVELOPMENT,SPECIALIZED_IT | SOFTWARE,medium,1,Biomedical computing/software role; health informatics and software development are both plausible.
TITLE:5988,5988,Blockchain Analyst,SPECIALIZED_DEVELOPMENT,SOFTWARE,parent_only_proposal,BLOCKCHAIN_DEVELOPER | SYSTEMS_ANALYST,Blockchain Developer | Systems Analyst,SPECIALIZED_DEVELOPMENT | SYSTEMS_ANALYSIS,SOFTWARE | ARCHITECTURE_ANALYSIS,medium,1,Manually curated semantic mapping from the title to the closest canonical leaf or plausible alternative leaves; repeated title patterns were applied consistently.
TITLE:5993,5993,Blockchain Manager,PROJECT_PRODUCT,IT_DELIVERY,parent_only_proposal,IT_PRODUCT_MANAGER | IT_PROJECT_MANAGER,IT Product Manager | IT Project Manager,PROJECT_PRODUCT,IT_DELIVERY,medium,1,Manually curated semantic mapping from the title to the closest canonical leaf or plausible alternative leaves; repeated title patterns were applied consistently.
TITLE:5996,5996,Blockchain Technology Specialist,SPECIALIZED_DEVELOPMENT,SOFTWARE,parent_only_proposal,BLOCKCHAIN_DEVELOPER,Blockchain Developer,SPECIALIZED_DEVELOPMENT,SOFTWARE,medium,1,Manually curated semantic mapping from the title to the closest canonical leaf or plausible alternative leaves; repeated title patterns were applied consistently.
TITLE:7107,7107,Broadband Cable Installer,TELECOM_ENGINEERING,NETWORKS,needs_it_duties,TELECOM_INSTALLER_REPAIRER | TELECOM_TECHNICIAN,Telecommunications Equipment Installer and Repairer | Telecommunications Technician,TELECOM_ENGINEERING,NETWORKS,medium,1,Manually curated semantic mapping from the title to the closest canonical leaf or plausible alternative leaves; repeated title patterns were applied consistently.
TITLE:7108,7108,Broadband Cable Specialist,TELECOM_ENGINEERING,NETWORKS,needs_it_duties,TELECOM_INSTALLER_REPAIRER | TELECOM_TECHNICIAN,Telecommunications Equipment Installer and Repairer | Telecommunications Technician,TELECOM_ENGINEERING,NETWORKS,medium,1,Manually curated semantic mapping from the title to the closest canonical leaf or plausible alternative leaves; repeated title patterns were applied consistently.
TITLE:7109,7109,Broadband Installer,TELECOM_ENGINEERING,NETWORKS,needs_it_duties,TELECOM_INSTALLER_REPAIRER | TELECOM_TECHNICIAN,Telecommunications Equipment Installer and Repairer | Telecommunications Technician,TELECOM_ENGINEERING,NETWORKS,medium,1,Manually curated semantic mapping from the title to the closest canonical leaf or plausible alternative leaves; repeated title patterns were applied consistently.
TITLE:7110,7110,Broadband Specialist,TELECOM_ENGINEERING,NETWORKS,needs_it_duties,TELECOM_INSTALLER_REPAIRER | TELECOM_TECHNICIAN,Telecommunications Equipment Installer and Repairer | Telecommunications Technician,TELECOM_ENGINEERING,NETWORKS,medium,1,Manually curated semantic mapping from the title to the closest canonical leaf or plausible alternative leaves; repeated title patterns were applied consistently.
TITLE:7696,7696,Business Application Developer,SOFTWARE_DEVELOPMENT,SOFTWARE,parent_only_proposal,APPLICATION_DEVELOPER,Application Developer,SOFTWARE_DEVELOPMENT,SOFTWARE,high,1,Business application development role.
TITLE:7720,7720,Business Database Analyst,DATA_ANALYSIS,DATA_AI,parent_only_proposal,DATA_ANALYST | DATABASE_ADMIN,Data Analyst | Database Administrator,DATA_ANALYSIS | DATABASE_ENGINEERING,DATA_AI,medium,1,Manually curated semantic mapping from the title to the closest canonical leaf or plausible alternative leaves; repeated title patterns were applied consistently.
TITLE:7799,7799,Business Programmer,SOFTWARE_DEVELOPMENT,SOFTWARE,parent_only_proposal,COMPUTER_PROGRAMMER,Computer Programmer,SOFTWARE_DEVELOPMENT,SOFTWARE,medium,1,Legacy business-programming title.
TITLE:7819,7819,Business Systems Consultant,DATA_ANALYSIS,DATA_AI,parent_only_proposal,IT_CONSULTANT | BUSINESS_ANALYST,IT Consultant | IT Business Analyst,SYSTEMS_ANALYSIS,ARCHITECTURE_ANALYSIS,medium,1,Manually curated semantic mapping from the title to the closest canonical leaf or plausible alternative leaves; repeated title patterns were applied consistently.
TITLE:7970,7970,C Developer,SOFTWARE_DEVELOPMENT,SOFTWARE,parent_only_proposal,APPLICATION_DEVELOPER,Software Developer / Engineer (General),SOFTWARE_DEVELOPMENT,SOFTWARE,medium,1,Manually curated semantic mapping from the title to the closest canonical leaf or plausible alternative leaves; repeated title patterns were applied consistently.
TITLE:7974,7974,C++ Developer,SOFTWARE_DEVELOPMENT,SOFTWARE,parent_only_proposal,APPLICATION_DEVELOPER,Software Developer / Engineer (General),SOFTWARE_DEVELOPMENT,SOFTWARE,medium,1,Manually curated semantic mapping from the title to the closest canonical leaf or plausible alternative leaves; repeated title patterns were applied consistently.
TITLE:7978,7978,C-V2X Specialist,,,non_it_source_collision,IOT_DEVELOPER | EMBEDDED_DESIGNER,IoT Developer | Embedded System Designer,SPECIALIZED_DEVELOPMENT | HARDWARE_ENGINEERING,SOFTWARE | COMPUTER_HARDWARE,medium,1,Manually curated semantic mapping from the title to the closest canonical leaf or plausible alternative leaves; repeated title patterns were applied consistently.
TITLE:7980,7980,C4 Planner,,,non_it_source_collision,OUTSIDE_IT_SCOPE,Outside IT Scope,OUTSIDE_SCOPE,EXCLUSIONS,high,0,Military/intelligence occupation; excluded from civilian IT recommender taxonomy.
TITLE:8127,8127,COBOL Programmer (common Business Oriented Language Programmer),SOFTWARE_DEVELOPMENT,SOFTWARE,parent_only_proposal,COMPUTER_PROGRAMMER,Computer Programmer,SOFTWARE_DEVELOPMENT,SOFTWARE,high,1,COBOL programmer.
TITLE:8227,8227,Cable Systems Maintainer,,,non_it_source_collision,OUTSIDE_IT_SCOPE,Outside IT Scope,OUTSIDE_SCOPE,EXCLUSIONS,high,0,Manually curated semantic mapping from the title to the closest canonical leaf or plausible alternative leaves; repeated title patterns were applied consistently.
TITLE:9559,9559,Cell Tower Technician (cell Tower Tech),,,needs_it_duties,TELECOM_INSTALLER_REPAIRER | TELECOM_TECHNICIAN,Telecommunications Equipment Installer and Repairer | Telecommunications Technician,TELECOM_ENGINEERING,NETWORKS,medium,1,Manually curated semantic mapping from the title to the closest canonical leaf or plausible alternative leaves; repeated title patterns were applied consistently.
TITLE:9578,9578,Cellular Equipment Installer (cell Equipment Installer),,,non_it_source_collision,TELECOM_INSTALLER_REPAIRER | TELECOM_TECHNICIAN,Telecommunications Equipment Installer and Repairer | Telecommunications Technician,TELECOM_ENGINEERING,NETWORKS,medium,1,Manually curated semantic mapping from the title to the closest canonical leaf or plausible alternative leaves; repeated title patterns were applied consistently.
TITLE:9579,9579,Cellular Equipment Repairer (cell Equipment Repairer),,,non_it_source_collision,TELECOM_INSTALLER_REPAIRER | TELECOM_TECHNICIAN,Telecommunications Equipment Installer and Repairer | Telecommunications Technician,TELECOM_ENGINEERING,NETWORKS,medium,1,Manually curated semantic mapping from the title to the closest canonical leaf or plausible alternative leaves; repeated title patterns were applied consistently.
TITLE:9581,9581,Cellular Tower Climber (cell Tower Climber),,,needs_it_duties,TELECOM_INSTALLER_REPAIRER | TELECOM_TECHNICIAN,Telecommunications Equipment Installer and Repairer | Telecommunications Technician,TELECOM_ENGINEERING,NETWORKS,medium,1,Manually curated semantic mapping from the title to the closest canonical leaf or plausible alternative leaves; repeated title patterns were applied consistently.
TITLE:9647,9647,Central Communications Specialist,,,non_it_source_collision,TELECOM_OPERATOR,Telecommunications Operator,TELECOM_ENGINEERING,NETWORKS,low,1,Manually curated semantic mapping from the title to the closest canonical leaf or plausible alternative leaves; repeated title patterns were applied consistently.
TITLE:9652,9652,Central Office Equipment Engineer,,,non_it_source_collision,TELECOM_ENGINEER,Telecommunications Engineer,TELECOM_ENGINEERING,NETWORKS,medium,1,Manually curated semantic mapping from the title to the closest canonical leaf or plausible alternative leaves; repeated title patterns were applied consistently.
TITLE:9653,9653,Central Office Equipment Installer,,,unresolved,TELECOM_INSTALLER_REPAIRER | TELECOM_TECHNICIAN,Telecommunications Equipment Installer and Repairer | Telecommunications Technician,TELECOM_ENGINEERING,NETWORKS,medium,1,Manually curated semantic mapping from the title to the closest canonical leaf or plausible alternative leaves; repeated title patterns were applied consistently.
TITLE:9654,9654,Central Office Facilities Planning Engineer,,,non_it_source_collision,TELECOM_ENGINEER,Telecommunications Engineer,TELECOM_ENGINEERING,NETWORKS,medium,1,Manually curated semantic mapping from the title to the closest canonical leaf or plausible alternative leaves; repeated title patterns were applied consistently.
TITLE:9656,9656,Central Office Installer,,,unresolved,TELECOM_INSTALLER_REPAIRER | TELECOM_TECHNICIAN,Telecommunications Equipment Installer and Repairer | Telecommunications Technician,TELECOM_ENGINEERING,NETWORKS,medium,1,Manually curated semantic mapping from the title to the closest canonical leaf or plausible alternative leaves; repeated title patterns were applied consistently.
TITLE:9660,9660,Central Office Repairer,,,unresolved,TELECOM_INSTALLER_REPAIRER | TELECOM_TECHNICIAN,Telecommunications Equipment Installer and Repairer | Telecommunications Technician,TELECOM_ENGINEERING,NETWORKS,medium,1,Manually curated semantic mapping from the title to the closest canonical leaf or plausible alternative leaves; repeated title patterns were applied consistently.
TITLE:9662,9662,Central Office Technician,,,unresolved,TELECOM_INSTALLER_REPAIRER | TELECOM_TECHNICIAN,Telecommunications Equipment Installer and Repairer | Telecommunications Technician,TELECOM_ENGINEERING,NETWORKS,medium,1,Manually curated semantic mapping from the title to the closest canonical leaf or plausible alternative leaves; repeated title patterns were applied consistently.
TITLE:9664,9664,Central Office Trouble Shooter,,,needs_it_duties,TELECOM_INSTALLER_REPAIRER | TELECOM_TECHNICIAN,Telecommunications Equipment Installer and Repairer | Telecommunications Technician,TELECOM_ENGINEERING,NETWORKS,medium,1,Manually curated semantic mapping from the title to the closest canonical leaf or plausible alternative leaves; repeated title patterns were applied consistently.
TITLE:9769,9769,Certified Document Imaging Architect,,,needs_it_duties,DOCUMENT_MANAGEMENT_SPECIALIST | SOLUTION_ARCHITECT,Digital Document Management Specialist | Solution Architect,TECHNICAL_ENABLEMENT | SYSTEMS_ARCHITECTURE,IT_ENABLEMENT | ARCHITECTURE_ANALYSIS,medium,1,Manually curated semantic mapping from the title to the closest canonical leaf or plausible alternative leaves; repeated title patterns were applied consistently.
TITLE:9792,9792,Certified Hacker,,,unresolved,PENETRATION_TESTER,Penetration Tester,OFFENSIVE_SECURITY,SECURITY,medium,1,Manually curated semantic mapping from the title to the closest canonical leaf or plausible alternative leaves; repeated title patterns were applied consistently.
TITLE:9801,9801,Certified Information Systems Security Professional (CISSP),,,credential_not_occupation,CREDENTIAL_LABEL | SECURITY_GRC | SECURITY_CONSULTANT | SECURITY_ANALYST,Credential / Certification Label | Cybersecurity GRC Specialist | Cybersecurity Consultant | Cybersecurity Analyst,NON_OCCUPATIONAL_LABEL | SECURITY_GOVERNANCE | SECURITY_OPERATIONS,EXCLUSIONS | SECURITY,high,0,"Credential label, not an occupation; role alternatives retained where defensible."
TITLE:9831,9831,Certified Novell Engineer (CNE),,,credential_not_occupation,CREDENTIAL_LABEL | NETWORK_ENGINEER | NETWORK_ADMIN,Credential / Certification Label | Network Engineer | Network Administrator,NON_OCCUPATIONAL_LABEL | NETWORK_ENGINEERING,EXCLUSIONS | NETWORKS,high,0,"Credential label, not an occupation; role alternatives retained where defensible."
TITLE:10407,10407,Chief Digital Officer,IT_MANAGEMENT,IT_DELIVERY,parent_only_proposal,DIGITAL_TRANSFORMATION_MANAGER | CTO,Digital Transformation Manager | Chief Technology Officer,IT_MANAGEMENT,IT_DELIVERY,medium,1,Manually curated semantic mapping from the title to the closest canonical leaf or plausible alternative leaves; repeated title patterns were applied consistently.
TITLE:10426,10426,Chief ICT System Developer,SOFTWARE_DEVELOPMENT,SOFTWARE,parent_only_proposal,APPLICATION_DEVELOPER | ENGINEERING_MANAGER,Software Developer / Engineer (General) | Software Engineering Manager,SOFTWARE_DEVELOPMENT | IT_MANAGEMENT,SOFTWARE | IT_DELIVERY,medium,1,Manually curated semantic mapping from the title to the closest canonical leaf or plausible alternative leaves; repeated title patterns were applied consistently.
TITLE:10977,10977,Cisco Certified Internetwork Expert (CCIE),,,credential_not_occupation,CREDENTIAL_LABEL | NETWORK_ARCHITECT | NETWORK_ENGINEER,Credential / Certification Label | Network Architect | Network Engineer,NON_OCCUPATIONAL_LABEL | NETWORK_ENGINEERING,EXCLUSIONS | NETWORKS,high,0,"Credential label, not an occupation; role alternatives retained where defensible."
TITLE:10978,10978,Cisco Certified Network Professional (CCNP),,,credential_not_occupation,CREDENTIAL_LABEL | NETWORK_ENGINEER | NETWORK_ADMIN,Credential / Certification Label | Network Engineer | Network Administrator,NON_OCCUPATIONAL_LABEL | NETWORK_ENGINEERING,EXCLUSIONS | NETWORKS,high,0,"Credential label, not an occupation; role alternatives retained where defensible."
TITLE:11354,11354,Client Server Programmer,SOFTWARE_DEVELOPMENT,SOFTWARE,parent_only_proposal,COMPUTER_PROGRAMMER | APPLICATION_DEVELOPER,Computer Programmer | Application Developer,SOFTWARE_DEVELOPMENT,SOFTWARE,medium,1,Manually curated semantic mapping from the title to the closest canonical leaf or plausible alternative leaves; repeated title patterns were applied consistently.
TITLE:12281,12281,"Command, Control, Communications, Computers and Intelligence (C4I) Officer",,,non_it_source_collision,OUTSIDE_IT_SCOPE,Outside IT Scope,OUTSIDE_SCOPE,EXCLUSIONS,high,0,Military/intelligence occupation; excluded from civilian IT recommender taxonomy.
TITLE:12502,12502,Communication Electronics Engineering Technician,,,non_it_source_collision,HARDWARE_ENG_TECHNICIAN | TELECOM_TECHNICIAN,Computer Hardware Engineering Technician | Telecommunications Technician,HARDWARE_ENGINEERING | TELECOM_ENGINEERING,COMPUTER_HARDWARE | NETWORKS,medium,1,Manually curated semantic mapping from the title to the closest canonical leaf or plausible alternative leaves; repeated title patterns were applied consistently.
TITLE:12503,12503,Communication Equipment Maintainer,,,needs_it_duties,TELECOM_INSTALLER_REPAIRER | TELECOM_TECHNICIAN,Telecommunications Equipment Installer and Repairer | Telecommunications Technician,TELECOM_ENGINEERING,NETWORKS,medium,1,Manually curated semantic mapping from the title to the closest canonical leaf or plausible alternative leaves; repeated title patterns were applied consistently.
TITLE:12504,12504,Communication Equipment Mechanic,,,needs_it_duties,TELECOM_INSTALLER_REPAIRER | TELECOM_TECHNICIAN,Telecommunications Equipment Installer and Repairer | Telecommunications Technician,TELECOM_ENGINEERING,NETWORKS,medium,1,Manually curated semantic mapping from the title to the closest canonical leaf or plausible alternative leaves; repeated title patterns were applied consistently.
TITLE:12505,12505,Communication Equipment Repairer,,,needs_it_duties,TELECOM_INSTALLER_REPAIRER | TELECOM_TECHNICIAN,Telecommunications Equipment Installer and Repairer | Telecommunications Technician,TELECOM_ENGINEERING,NETWORKS,medium,1,Manually curated semantic mapping from the title to the closest canonical leaf or plausible alternative leaves; repeated title patterns were applied consistently.
TITLE:12507,12507,Communication Hardware Maintainer,,,needs_it_duties,TELECOM_INSTALLER_REPAIRER | TELECOM_TECHNICIAN,Telecommunications Equipment Installer and Repairer | Telecommunications Technician,TELECOM_ENGINEERING,NETWORKS,medium,1,Manually curated semantic mapping from the title to the closest canonical leaf or plausible alternative leaves; repeated title patterns were applied consistently.
TITLE:12508,12508,Communication Information Systems Sailor (navy),,,non_it_source_collision,TELECOM_OPERATOR | SYSTEM_ADMIN,Telecommunications Operator | Systems Administrator,TELECOM_ENGINEERING | SYSTEMS_OPERATIONS,NETWORKS | PLATFORM_INFRASTRUCTURE,low,1,Manually curated semantic mapping from the title to the closest canonical leaf or plausible alternative leaves; repeated title patterns were applied consistently.
TITLE:12509,12509,Communication Infrastructure Maintainer,,,needs_it_duties,TELECOM_INSTALLER_REPAIRER | TELECOM_TECHNICIAN,Telecommunications Equipment Installer and Repairer | Telecommunications Technician,TELECOM_ENGINEERING,NETWORKS,medium,1,Manually curated semantic mapping from the title to the closest canonical leaf or plausible alternative leaves; repeated title patterns were applied consistently.
TITLE:12512,12512,Communication Line Technician,,,needs_it_duties,TELECOM_INSTALLER_REPAIRER | TELECOM_TECHNICIAN,Telecommunications Equipment Installer and Repairer | Telecommunications Technician,TELECOM_ENGINEERING,NETWORKS,medium,1,Manually curated semantic mapping from the title to the closest canonical leaf or plausible alternative leaves; repeated title patterns were applied consistently.
TITLE:12519,12519,Communication Signals Intelligence,,,non_it_source_collision,OUTSIDE_IT_SCOPE,Outside IT Scope,OUTSIDE_SCOPE,EXCLUSIONS,high,0,Military/intelligence occupation; excluded from civilian IT recommender taxonomy.
TITLE:12520,12520,Communication Signals Intelligence Superintendent,,,non_it_source_collision,OUTSIDE_IT_SCOPE,Outside IT Scope,OUTSIDE_SCOPE,EXCLUSIONS,high,0,Military/intelligence occupation; excluded from civilian IT recommender taxonomy.
TITLE:12526,12526,Communication Technician,,,needs_it_duties,TELECOM_TECHNICIAN | HARDWARE_ENG_TECHNICIAN,Telecommunications Technician | Computer Hardware Engineering Technician,TELECOM_ENGINEERING | HARDWARE_ENGINEERING,NETWORKS | COMPUTER_HARDWARE,medium,1,Manually curated semantic mapping from the title to the closest canonical leaf or plausible alternative leaves; repeated title patterns were applied consistently.
TITLE:12532,12532,Communications Controller,,,non_it_source_collision,TELECOM_OPERATOR,Telecommunications Operator,TELECOM_ENGINEERING,NETWORKS,low,1,Manually curated semantic mapping from the title to the closest canonical leaf or plausible alternative leaves; repeated title patterns were applied consistently.
TITLE:12539,12539,Communications Electrician Supervisor,,,non_it_source_collision,TELECOM_INSTALLER_REPAIRER,Telecommunications Equipment Installer and Repairer,TELECOM_ENGINEERING,NETWORKS,low,1,Manually curated semantic mapping from the title to the closest canonical leaf or plausible alternative leaves; repeated title patterns were applied consistently.
TITLE:12540,12540,Communications Electronic Technician (air Force),,,non_it_source_collision,TELECOM_TECHNICIAN | HARDWARE_ENG_TECHNICIAN,Telecommunications Technician | Computer Hardware Engineering Technician,TELECOM_ENGINEERING | HARDWARE_ENGINEERING,NETWORKS | COMPUTER_HARDWARE,medium,1,Manually curated semantic mapping from the title to the closest canonical leaf or plausible alternative leaves; repeated title patterns were applied consistently.
TITLE:12542,12542,Communications Equipment Installer,,,needs_it_duties,TELECOM_INSTALLER_REPAIRER,Telecommunications Equipment Installer and Repairer,TELECOM_ENGINEERING,NETWORKS,high,1,Telecommunications/communications equipment installation role.
TITLE:12543,12543,Communications Equipment Operating Technician,,,non_it_source_collision,TELECOM_TECHNICIAN | TELECOM_OPERATOR,Telecommunications Technician | Telecommunications Operator,TELECOM_ENGINEERING,NETWORKS,medium,1,Communications equipment technical operation role.
TITLE:12544,12544,Communications Equipment Operator,,,non_it_source_collision,TELECOM_OPERATOR,Telecommunications Operator,TELECOM_ENGINEERING,NETWORKS,medium,1,Communications equipment operator.
TITLE:12545,12545,Communications Equipment Repair Technician,,,unresolved,TELECOM_INSTALLER_REPAIRER | TELECOM_TECHNICIAN,Telecommunications Equipment Installer and Repairer | Telecommunications Technician,TELECOM_ENGINEERING,NETWORKS,high,1,Communications equipment repair role.
TITLE:12547,12547,Communications Intelligence Intercept Operator,,,non_it_source_collision,OUTSIDE_IT_SCOPE,Outside IT Scope,OUTSIDE_SCOPE,EXCLUSIONS,high,0,Military/intelligence occupation; excluded from civilian IT recommender taxonomy.
TITLE:12548,12548,Communications Interceptor,,,non_it_source_collision,OUTSIDE_IT_SCOPE,Outside IT Scope,OUTSIDE_SCOPE,EXCLUSIONS,high,0,Military/intelligence occupation; excluded from civilian IT recommender taxonomy.
TITLE:12549,12549,Communications Interceptor/locator Technician,,,non_it_source_collision,OUTSIDE_IT_SCOPE,Outside IT Scope,OUTSIDE_SCOPE,EXCLUSIONS,high,0,Military/intelligence occupation; excluded from civilian IT recommender taxonomy.
TITLE:12551,12551,Communications Locator,,,non_it_source_collision,OUTSIDE_IT_SCOPE,Outside IT Scope,OUTSIDE_SCOPE,EXCLUSIONS,high,0,Military/intelligence occupation; excluded from civilian IT recommender taxonomy.
TITLE:12552,12552,Communications Maintainer,,,non_it_source_collision,TELECOM_INSTALLER_REPAIRER,Telecommunications Equipment Installer and Repairer,TELECOM_ENGINEERING,NETWORKS,low,1,Manually curated semantic mapping from the title to the closest canonical leaf or plausible alternative leaves; repeated title patterns were applied consistently.
TITLE:12556,12556,Communications Operator,,,needs_it_duties,TELECOM_OPERATOR,Telecommunications Operator,TELECOM_ENGINEERING,NETWORKS,low,1,Manually curated semantic mapping from the title to the closest canonical leaf or plausible alternative leaves; repeated title patterns were applied consistently.
TITLE:12557,12557,Communications Security Manager (COMSEC Manager),SECURITY_ENGINEERING,SECURITY,parent_only_proposal,SECURITY_MANAGER | CRYPTOGRAPHER,Cybersecurity Manager | Cryptography Specialist,SECURITY_GOVERNANCE | SECURITY_ENGINEERING,SECURITY,medium,1,COMSEC management combines security governance with communications/cryptographic controls.
TITLE:12558,12558,Communications Security Repairer,,,non_it_source_collision,TELECOM_INSTALLER_REPAIRER,Telecommunications Equipment Installer and Repairer,TELECOM_ENGINEERING,NETWORKS,low,1,Manually curated semantic mapping from the title to the closest canonical leaf or plausible alternative leaves; repeated title patterns were applied consistently.
TITLE:12559,12559,Communications Station Manager,,,non_it_source_collision,TELECOM_MANAGER,Telecommunications Manager,TELECOM_ENGINEERING,NETWORKS,medium,1,Manually curated semantic mapping from the title to the closest canonical leaf or plausible alternative leaves; repeated title patterns were applied consistently.
TITLE:12560,12560,Communications Superintendent,,,non_it_source_collision,TELECOM_MANAGER,Telecommunications Manager,TELECOM_ENGINEERING,NETWORKS,medium,1,Manually curated semantic mapping from the title to the closest canonical leaf or plausible alternative leaves; repeated title patterns were applied consistently.
TITLE:12561,12561,Communications Systems Engineer,SYSTEMS_ARCHITECTURE,ARCHITECTURE_ANALYSIS,parent_only_proposal,TELECOM_ENGINEER | SYSTEMS_ENGINEER,Telecommunications Engineer | Computer Systems Engineer,TELECOM_ENGINEERING | SYSTEMS_ARCHITECTURE,NETWORKS | ARCHITECTURE_ANALYSIS,high,1,Communications systems engineering spans telecom and computer systems.
TITLE:12564,12564,Communications Technologist,,,needs_it_duties,TELECOM_TECHNICIAN | HARDWARE_ENG_TECHNICIAN,Telecommunications Technician | Computer Hardware Engineering Technician,TELECOM_ENGINEERING | HARDWARE_ENGINEERING,NETWORKS | COMPUTER_HARDWARE,medium,1,Manually curated semantic mapping from the title to the closest canonical leaf or plausible alternative leaves; repeated title patterns were applied consistently.
TITLE:12565,12565,Communications Tower Climber,,,non_it_source_collision,TELECOM_INSTALLER_REPAIRER | TELECOM_TECHNICIAN,Telecommunications Equipment Installer and Repairer | Telecommunications Technician,TELECOM_ENGINEERING,NETWORKS,medium,1,Manually curated semantic mapping from the title to the closest canonical leaf or plausible alternative leaves; repeated title patterns were applied consistently.
TITLE:12566,12566,Communications and Information Systems Controller (air Force),,,non_it_source_collision,TELECOM_OPERATOR | SYSTEM_ADMIN,Telecommunications Operator | Systems Administrator,TELECOM_ENGINEERING | SYSTEMS_OPERATIONS,NETWORKS | PLATFORM_INFRASTRUCTURE,low,1,Manually curated semantic mapping from the title to the closest canonical leaf or plausible alternative leaves; repeated title patterns were applied consistently.
TITLE:12568,12568,Communications and Signals Supervisor,,,non_it_source_collision,TELECOM_MANAGER,Telecommunications Manager,TELECOM_ENGINEERING,NETWORKS,low,1,Manually curated semantic mapping from the title to the closest canonical leaf or plausible alternative leaves; repeated title patterns were applied consistently.
TITLE:12574,12574,Community Antenna Television Line Technician,,,unresolved,TELECOM_INSTALLER_REPAIRER | TELECOM_TECHNICIAN,Telecommunications Equipment Installer and Repairer | Telecommunications Technician,TELECOM_ENGINEERING,NETWORKS,medium,1,Manually curated semantic mapping from the title to the closest canonical leaf or plausible alternative leaves; repeated title patterns were applied consistently.
TITLE:12911,12911,Computational Engineer,,,non_it_source_collision,APPLICATION_DEVELOPER | COMPUTER_SCIENTIST,Software Developer / Engineer (General) | Computer Research Scientist,SOFTWARE_DEVELOPMENT | DATA_SCIENCE_RESEARCH,SOFTWARE | DATA_AI,medium,1,Manually curated semantic mapping from the title to the closest canonical leaf or plausible alternative leaves; repeated title patterns were applied consistently.
TITLE:12921,12921,Computer Aide,,,non_it_source_collision,OUTSIDE_IT_SCOPE,Outside IT Scope,OUTSIDE_SCOPE,EXCLUSIONS,high,0,Manually classified as outside the operational IT occupation scope.
TITLE:12931,12931,Computer Applications Developer,SOFTWARE_DEVELOPMENT,SOFTWARE,unresolved,APPLICATION_DEVELOPER,Application Developer,SOFTWARE_DEVELOPMENT,SOFTWARE,high,1,Computer applications developer.
TITLE:12932,12932,Computer Applications Engineer,,,unresolved,APPLICATION_DEVELOPER | SYSTEMS_ENGINEER,Application Developer | Computer Systems Engineer,SOFTWARE_DEVELOPMENT | SYSTEMS_ARCHITECTURE,SOFTWARE | ARCHITECTURE_ANALYSIS,medium,1,Manually curated semantic mapping from the title to the closest canonical leaf or plausible alternative leaves; repeated title patterns were applied consistently.
TITLE:12946,12946,Computer Designer,HARDWARE_ENGINEERING,COMPUTER_HARDWARE,parent_only_proposal,HARDWARE_ENGINEER | SYSTEMS_ARCHITECT,Computer Hardware Engineer | Systems Architect,HARDWARE_ENGINEERING | SYSTEMS_ARCHITECTURE,COMPUTER_HARDWARE | ARCHITECTURE_ANALYSIS,medium,1,Computer design may refer to hardware or system-level design.
TITLE:12949,12949,Computer Engineer,,,source_supported_proposal,HARDWARE_ENGINEER | SYSTEMS_ENGINEER,Computer Hardware Engineer | Computer Systems Engineer,HARDWARE_ENGINEERING | SYSTEMS_ARCHITECTURE,COMPUTER_HARDWARE | ARCHITECTURE_ANALYSIS,medium,1,Manually curated semantic mapping from the title to the closest canonical leaf or plausible alternative leaves; repeated title patterns were applied consistently.
TITLE:12951,12951,Computer Equipment Analyst,SYSTEMS_ANALYSIS,ARCHITECTURE_ANALYSIS,parent_only_proposal,SYSTEMS_ANALYST | HARDWARE_ENGINEER,Systems Analyst | Computer Hardware Engineer,SYSTEMS_ANALYSIS | HARDWARE_ENGINEERING,ARCHITECTURE_ANALYSIS | COMPUTER_HARDWARE,medium,1,Computer equipment analysis can be systems or hardware focused.
TITLE:12954,12954,Computer Expert,HARDWARE_SUPPORT,SUPPORT,unresolved,IT_GENERALIST | SYSTEMS_SPECIALIST_GENERAL,IT Generalist | Systems Specialist (General),USER_APPLICATION_SUPPORT | SYSTEMS_ANALYSIS,SUPPORT | ARCHITECTURE_ANALYSIS,medium,1,Manually curated semantic mapping from the title to the closest canonical leaf or plausible alternative leaves; repeated title patterns were applied consistently.
TITLE:12985,12985,Computer Installation Engineer,HARDWARE_ENGINEERING,COMPUTER_HARDWARE,parent_only_proposal,COMPUTER_TECHNICIAN | HARDWARE_ENGINEER,Computer Hardware Technician | Computer Hardware Engineer,HARDWARE_SUPPORT | HARDWARE_ENGINEERING,SUPPORT | COMPUTER_HARDWARE,high,1,Computer hardware installation role.
TITLE:12989,12989,Computer Lab Assistant (computer Laboratory Assistant),USER_APPLICATION_SUPPORT,SUPPORT,parent_only_proposal,HELPDESK | COMPUTER_TECHNICIAN,IT Help Desk Specialist | Computer Hardware Technician,USER_APPLICATION_SUPPORT | HARDWARE_SUPPORT,SUPPORT,medium,1,Computer-lab support role.
TITLE:12991,12991,Computer Language Coder,SOFTWARE_DEVELOPMENT,SOFTWARE,parent_only_proposal,COMPUTER_PROGRAMMER,Computer Programmer,SOFTWARE_DEVELOPMENT,SOFTWARE,high,1,Programming/coding title.
TITLE:12996,12996,Computer Methods Analyst,SYSTEMS_ANALYSIS,ARCHITECTURE_ANALYSIS,parent_only_proposal,SYSTEMS_ANALYST,Systems Analyst,SYSTEMS_ANALYSIS,ARCHITECTURE_ANALYSIS,high,1,Legacy computer methods/systems analysis role.
TITLE:13003,13003,Computer Network Technologist,NETWORK_ENGINEERING,NETWORKS,parent_only_proposal,NETWORK_ENGINEER | NETWORK_TECHNICIAN,Network Engineer | Network Technician,NETWORK_ENGINEERING,NETWORKS,high,1,Computer-network engineering/technologist role.
TITLE:13004,13004,Computer Networker,NETWORK_ENGINEERING,NETWORKS,parent_only_proposal,NETWORK_TECHNICIAN | NETWORK_ADMIN,Network Technician | Network Administrator,NETWORK_ENGINEERING,NETWORKS,medium,1,Legacy network practitioner title.
TITLE:13026,13026,"Computer Occupations, All Other",,,preferred_source_supported_proposal,IT_GENERALIST | SYSTEMS_SPECIALIST_GENERAL,IT Generalist | Systems Specialist (General),USER_APPLICATION_SUPPORT | SYSTEMS_ANALYSIS,SUPPORT | ARCHITECTURE_ANALYSIS,medium,1,Manually curated semantic mapping from the title to the closest canonical leaf or plausible alternative leaves; repeated title patterns were applied consistently.
TITLE:13032,13032,Computer Peripheral Equipment Operator,,,source_supported_proposal,COMPUTER_OPERATOR,Computer and Systems Operator,SYSTEMS_OPERATIONS,PLATFORM_INFRASTRUCTURE,medium,1,Manually curated semantic mapping from the title to the closest canonical leaf or plausible alternative leaves; repeated title patterns were applied consistently.
TITLE:13033,13033,Computer Processing Scheduler,,,non_it_source_collision,OUTSIDE_IT_SCOPE,Outside IT Scope,OUTSIDE_SCOPE,EXCLUSIONS,high,0,Manually classified as outside the operational IT occupation scope.
TITLE:13034,13034,Computer Programmer,SOFTWARE_DEVELOPMENT,SOFTWARE,parent_only_proposal,COMPUTER_PROGRAMMER,Computer Programmer,SOFTWARE_DEVELOPMENT,SOFTWARE,high,1,Canonical computer programmer.
TITLE:13035,13035,Computer Programming Manager,IT_MANAGEMENT,IT_DELIVERY,parent_only_proposal,ENGINEERING_MANAGER | IT_MANAGER,Software Engineering Manager | IT Manager,IT_MANAGEMENT,IT_DELIVERY,high,1,Manager of programming/software engineering work.
TITLE:13058,13058,Computer Security Information Specialist,SECURITY_OPERATIONS,SECURITY,parent_only_proposal,SECURITY_SPECIALIST_GENERAL | SECURITY_ANALYST,Cybersecurity Specialist (General) | Cybersecurity Analyst,SECURITY_OPERATIONS,SECURITY,high,1,Computer information-security specialist.
TITLE:13060,13060,Computer Security Specialist,SECURITY_OPERATIONS,SECURITY,parent_only_proposal,SECURITY_SPECIALIST_GENERAL,Cybersecurity Specialist (General),SECURITY_OPERATIONS,SECURITY,high,1,Generic computer security specialist.
TITLE:13061,13061,Computer Service Agent,HARDWARE_SUPPORT,SUPPORT,parent_only_proposal,COMPUTER_TECHNICIAN | HELPDESK,Computer Hardware Technician | IT Help Desk Specialist,HARDWARE_SUPPORT | USER_APPLICATION_SUPPORT,SUPPORT,high,1,Computer service/support role.
TITLE:13065,13065,Computer Software Engineer,SOFTWARE_DEVELOPMENT,SOFTWARE,parent_only_proposal,APPLICATION_DEVELOPER,Software Developer / Engineer (General),SOFTWARE_DEVELOPMENT,SOFTWARE,high,1,General computer software engineering role.
TITLE:13074,13074,Computer Specialist,,,source_supported_proposal,IT_GENERALIST | SYSTEMS_SPECIALIST_GENERAL,IT Generalist | Systems Specialist (General),USER_APPLICATION_SUPPORT | SYSTEMS_ANALYSIS,SUPPORT | ARCHITECTURE_ANALYSIS,medium,1,Manually curated semantic mapping from the title to the closest canonical leaf or plausible alternative leaves; repeated title patterns were applied consistently.
TITLE:13083,13083,Computer Systems Consultant,SYSTEMS_ANALYSIS,ARCHITECTURE_ANALYSIS,parent_only_proposal,IT_CONSULTANT | SYSTEMS_ANALYST,IT Consultant | Systems Analyst,SYSTEMS_ANALYSIS,ARCHITECTURE_ANALYSIS,medium,1,Manually curated semantic mapping from the title to the closest canonical leaf or plausible alternative leaves; repeated title patterns were applied consistently.
TITLE:13084,13084,Computer Systems Design Analyst,SYSTEMS_ARCHITECTURE,ARCHITECTURE_ANALYSIS,parent_only_proposal,SYSTEMS_ANALYST | SYSTEMS_ARCHITECT,Systems Analyst | Systems Architect,SYSTEMS_ANALYSIS | SYSTEMS_ARCHITECTURE,ARCHITECTURE_ANALYSIS,high,1,Systems design analysis role.
TITLE:13085,13085,Computer Systems Designer,SYSTEMS_ARCHITECTURE,ARCHITECTURE_ANALYSIS,parent_only_proposal,SYSTEMS_ARCHITECT | SYSTEMS_ENGINEER,Systems Architect | Computer Systems Engineer,SYSTEMS_ARCHITECTURE,ARCHITECTURE_ANALYSIS,high,1,Computer systems design/architecture role.
TITLE:13087,13087,Computer Systems Hardware Analyst,,,source_supported_proposal,HARDWARE_ENGINEER | SYSTEMS_ANALYST,Computer Hardware Engineer | Systems Analyst,HARDWARE_ENGINEERING | SYSTEMS_ANALYSIS,COMPUTER_HARDWARE | ARCHITECTURE_ANALYSIS,medium,1,Manually curated semantic mapping from the title to the closest canonical leaf or plausible alternative leaves; repeated title patterns were applied consistently.
TITLE:13088,13088,Computer Systems Information Director,IT_MANAGEMENT,IT_DELIVERY,parent_only_proposal,IT_MANAGER | IT_OPERATIONS_MANAGER,IT Manager | IT Operations Manager,IT_MANAGEMENT,IT_DELIVERY,high,1,Director-level computer/information systems management.
TITLE:13090,13090,Computer Systems Specialist,,,source_supported_proposal,SYSTEMS_SPECIALIST_GENERAL | SYSTEM_ADMIN,Systems Specialist (General) | Systems Administrator,SYSTEMS_ANALYSIS | SYSTEMS_OPERATIONS,ARCHITECTURE_ANALYSIS | PLATFORM_INFRASTRUCTURE,medium,1,Manually curated semantic mapping from the title to the closest canonical leaf or plausible alternative leaves; repeated title patterns were applied consistently.
TITLE:13091,13091,Computer Tape Librarian,,,needs_it_duties,COMPUTER_OPERATOR,Computer and Systems Operator,SYSTEMS_OPERATIONS,PLATFORM_INFRASTRUCTURE,medium,1,Manually curated semantic mapping from the title to the closest canonical leaf or plausible alternative leaves; repeated title patterns were applied consistently.
TITLE:13094,13094,Computer Technical Specialist,USER_APPLICATION_SUPPORT,SUPPORT,parent_only_proposal,SUPPORT_ENGINEER | IT_GENERALIST,IT Support Engineer | IT Generalist,USER_APPLICATION_SUPPORT,SUPPORT,medium,1,Generic computer technical-support specialist.
TITLE:13096,13096,Computer Technologist,USER_APPLICATION_SUPPORT,SUPPORT,parent_only_proposal,IT_GENERALIST | SYSTEMS_SPECIALIST_GENERAL,IT Generalist | Systems Specialist (General),USER_APPLICATION_SUPPORT | SYSTEMS_ANALYSIS,SUPPORT | ARCHITECTURE_ANALYSIS,low,1,Broad legacy computing technologist title.
TITLE:13100,13100,Computer Tester,HARDWARE_ENGINEERING,COMPUTER_HARDWARE,parent_only_proposal,HARDWARE_TEST,Computer Hardware Test Technician,HARDWARE_ENGINEERING,COMPUTER_HARDWARE,high,1,Computer hardware testing title.
TITLE:13118,13118,"Computer, Automated Teller, and Office Machine Repairers",HARDWARE_SUPPORT,SUPPORT,needs_it_duties,COMPUTER_REPAIR,Computer Repair Technician,HARDWARE_SUPPORT,SUPPORT,medium,1,Repair occupation includes computer equipment; retained as computer repair for IT use.
TITLE:13128,13128,Computer-aided Translation Engineer,AI_ENGINEERING,DATA_AI,parent_only_proposal,NLP_ENGINEER,Natural Language Processing Engineer,AI_ENGINEERING,DATA_AI,high,1,Computer-aided translation is an NLP/language-technology role.
TITLE:13144,13144,Computing Systems Mechanic,,,needs_it_duties,COMPUTER_REPAIR | COMPUTER_TECHNICIAN,Computer Repair Technician | Computer Hardware Technician,HARDWARE_SUPPORT,SUPPORT,medium,1,Manually curated semantic mapping from the title to the closest canonical leaf or plausible alternative leaves; repeated title patterns were applied consistently.
TITLE:13353,13353,Configuration Analyst,SYSTEMS_ANALYSIS,ARCHITECTURE_ANALYSIS,parent_only_proposal,SYSTEM_CONFIG | SYSTEMS_ANALYST,Systems Configuration Specialist | Systems Analyst,SYSTEMS_OPERATIONS | SYSTEMS_ANALYSIS,PLATFORM_INFRASTRUCTURE | ARCHITECTURE_ANALYSIS,high,1,Configuration-management/systems-analysis role.
TITLE:15123,15123,Cryptologic Support Specialist,USER_APPLICATION_SUPPORT,SUPPORT,non_it_source_collision,CRYPTOGRAPHER | SECURITY_ANALYST,Cryptography Specialist | Cybersecurity Analyst,SECURITY_ENGINEERING | SECURITY_OPERATIONS,SECURITY,low,1,Manually curated semantic mapping from the title to the closest canonical leaf or plausible alternative leaves; repeated title patterns were applied consistently.
TITLE:15124,15124,Cryptologic Technician,,,non_it_source_collision,CRYPTOGRAPHER | THREAT_INTELLIGENCE,Cryptography Specialist | Cyber Threat Intelligence Analyst,SECURITY_ENGINEERING | SECURITY_OPERATIONS,SECURITY,low,1,Manually curated semantic mapping from the title to the closest canonical leaf or plausible alternative leaves; repeated title patterns were applied consistently.
TITLE:15125,15125,Cryptologic Technician Operator/analyst,,,non_it_source_collision,CRYPTOGRAPHER | THREAT_INTELLIGENCE,Cryptography Specialist | Cyber Threat Intelligence Analyst,SECURITY_ENGINEERING | SECURITY_OPERATIONS,SECURITY,low,1,Manually curated semantic mapping from the title to the closest canonical leaf or plausible alternative leaves; repeated title patterns were applied consistently.
TITLE:15126,15126,Cryptologist,,,unresolved,CRYPTOGRAPHER,Cryptography Specialist,SECURITY_ENGINEERING,SECURITY,medium,1,Manually curated semantic mapping from the title to the closest canonical leaf or plausible alternative leaves; repeated title patterns were applied consistently.
TITLE:15612,15612,Cyber Crisis Expert,SECURITY_OPERATIONS,SECURITY,parent_only_proposal,INCIDENT_RESPONDER,Cyber Incident Responder,SECURITY_OPERATIONS,SECURITY,medium,1,Manually curated semantic mapping from the title to the closest canonical leaf or plausible alternative leaves; repeated title patterns were applied consistently.
TITLE:15621,15621,Cyber Fighter,SECURITY_OPERATIONS,SECURITY,parent_only_proposal,SECURITY_ANALYST,Cybersecurity Analyst,SECURITY_OPERATIONS,SECURITY,medium,1,Manually curated semantic mapping from the title to the closest canonical leaf or plausible alternative leaves; repeated title patterns were applied consistently.
TITLE:15634,15634,Cyber Investigator,SECURITY_OPERATIONS,SECURITY,non_it_source_collision,DIGITAL_FORENSICS,Digital Forensics Analyst,SECURITY_OPERATIONS,SECURITY,medium,1,Manually curated semantic mapping from the title to the closest canonical leaf or plausible alternative leaves; repeated title patterns were applied consistently.
TITLE:15637,15637,Cyber Operations Planner (cyber Ops Planner),SECURITY_OPERATIONS,SECURITY,parent_only_proposal,SECURITY_ANALYST | SECURITY_MANAGER,Cybersecurity Analyst | Cybersecurity Manager,SECURITY_OPERATIONS | SECURITY_GOVERNANCE,SECURITY,medium,1,Manually curated semantic mapping from the title to the closest canonical leaf or plausible alternative leaves; repeated title patterns were applied consistently.
TITLE:15638,15638,Cyber Operations Specialist,SECURITY_OPERATIONS,SECURITY,parent_only_proposal,SECURITY_ANALYST,Cybersecurity Analyst,SECURITY_OPERATIONS,SECURITY,medium,1,Manually curated semantic mapping from the title to the closest canonical leaf or plausible alternative leaves; repeated title patterns were applied consistently.
TITLE:15639,15639,Cyber Operator,SECURITY_OPERATIONS,SECURITY,parent_only_proposal,SECURITY_ANALYST,Cybersecurity Analyst,SECURITY_OPERATIONS,SECURITY,medium,1,Manually curated semantic mapping from the title to the closest canonical leaf or plausible alternative leaves; repeated title patterns were applied consistently.
TITLE:15640,15640,Cyber Ops Specialist (cybersecurity Operations Specialist),SECURITY_OPERATIONS,SECURITY,non_it_source_collision,SECURITY_ANALYST,Cybersecurity Analyst,SECURITY_OPERATIONS,SECURITY,medium,1,Manually curated semantic mapping from the title to the closest canonical leaf or plausible alternative leaves; repeated title patterns were applied consistently.
TITLE:15645,15645,Cyber Security Adviser,SECURITY_OPERATIONS,SECURITY,parent_only_proposal,SECURITY_CONSULTANT,Cybersecurity Consultant,SECURITY_GOVERNANCE,SECURITY,medium,1,Manually curated semantic mapping from the title to the closest canonical leaf or plausible alternative leaves; repeated title patterns were applied consistently.
TITLE:15651,15651,Cyber Security Operations Coordinator,SECURITY_OPERATIONS,SECURITY,parent_only_proposal,SECURITY_ANALYST | SECURITY_MANAGER,Cybersecurity Analyst | Cybersecurity Manager,SECURITY_OPERATIONS | SECURITY_GOVERNANCE,SECURITY,medium,1,Manually curated semantic mapping from the title to the closest canonical leaf or plausible alternative leaves; repeated title patterns were applied consistently.
TITLE:15658,15658,Cyber Special Agent,SECURITY_OPERATIONS,SECURITY,non_it_source_collision,DIGITAL_FORENSICS,Digital Forensics Analyst,SECURITY_OPERATIONS,SECURITY,medium,1,Manually curated semantic mapping from the title to the closest canonical leaf or plausible alternative leaves; repeated title patterns were applied consistently.
TITLE:15669,15669,Cybersecurity All-source Collection Manager,SECURITY_OPERATIONS,SECURITY,parent_only_proposal,THREAT_INTELLIGENCE,Cyber Threat Intelligence Analyst,SECURITY_OPERATIONS,SECURITY,medium,1,Manually curated semantic mapping from the title to the closest canonical leaf or plausible alternative leaves; repeated title patterns were applied consistently.
TITLE:15670,15670,Cybersecurity All-source Collection Requirements Manager,SECURITY_OPERATIONS,SECURITY,parent_only_proposal,THREAT_INTELLIGENCE,Cyber Threat Intelligence Analyst,SECURITY_OPERATIONS,SECURITY,medium,1,Manually curated semantic mapping from the title to the closest canonical leaf or plausible alternative leaves; repeated title patterns were applied consistently.
TITLE:15680,15680,Cybersecurity Implementer,SECURITY_OPERATIONS,SECURITY,parent_only_proposal,SECURITY_ENGINEER,Security Engineer,SECURITY_ENGINEERING,SECURITY,medium,1,Manually curated semantic mapping from the title to the closest canonical leaf or plausible alternative leaves; repeated title patterns were applied consistently.
TITLE:15686,15686,Cybersecurity Partner Integration Planner,SECURITY_OPERATIONS,SECURITY,parent_only_proposal,SECURITY_CONSULTANT | SECURITY_MANAGER,Cybersecurity Consultant | Cybersecurity Manager,SECURITY_GOVERNANCE,SECURITY,medium,1,Manually curated semantic mapping from the title to the closest canonical leaf or plausible alternative leaves; repeated title patterns were applied consistently.
TITLE:15687,15687,Cybersecurity Programme Director,SECURITY_OPERATIONS,SECURITY,parent_only_proposal,SECURITY_MANAGER,Cybersecurity Manager,SECURITY_GOVERNANCE,SECURITY,medium,1,Manually curated semantic mapping from the title to the closest canonical leaf or plausible alternative leaves; repeated title patterns were applied consistently.
TITLE:15689,15689,Cybersecurity Research Scientist (cyber Research Scientist),SECURITY_OPERATIONS,SECURITY,parent_only_proposal,THREAT_INTELLIGENCE | COMPUTER_SCIENTIST,Cyber Threat Intelligence Analyst | Computer Research Scientist,SECURITY_OPERATIONS | DATA_SCIENCE_RESEARCH,SECURITY | DATA_AI,medium,1,Manually curated semantic mapping from the title to the closest canonical leaf or plausible alternative leaves; repeated title patterns were applied consistently.
TITLE:15693,15693,Cybersecurity SIEM Manager,SECURITY_OPERATIONS,SECURITY,parent_only_proposal,SECURITY_ANALYST | SECURITY_MANAGER,Cybersecurity Analyst | Cybersecurity Manager,SECURITY_OPERATIONS | SECURITY_GOVERNANCE,SECURITY,medium,1,Manually curated semantic mapping from the title to the closest canonical leaf or plausible alternative leaves; repeated title patterns were applied consistently.
TITLE:15695,15695,Cybersecurity Solutions Expert,SECURITY_OPERATIONS,SECURITY,parent_only_proposal,SECURITY_CONSULTANT | SECURITY_ENGINEER,Cybersecurity Consultant | Security Engineer,SECURITY_GOVERNANCE | SECURITY_ENGINEERING,SECURITY,medium,1,Manually curated semantic mapping from the title to the closest canonical leaf or plausible alternative leaves; repeated title patterns were applied consistently.
TITLE:15696,15696,Cybersecurity Specialist,SECURITY_OPERATIONS,SECURITY,unresolved,SECURITY_SPECIALIST_GENERAL,Cybersecurity Specialist (General),SECURITY_OPERATIONS,SECURITY,medium,1,Manually curated semantic mapping from the title to the closest canonical leaf or plausible alternative leaves; repeated title patterns were applied consistently.
TITLE:15755,15755,DBMS Specialist (database Management System Specialist),DATABASE_ENGINEERING,DATA_AI,parent_only_proposal,DATABASE_ADMIN | DATABASE_ARCHITECT,Database Administrator | Database Architect,DATABASE_ENGINEERING,DATA_AI,high,1,Database management-system specialist.
TITLE:15768,15768,DLT Architect,SPECIALIZED_DEVELOPMENT,SOFTWARE,parent_only_proposal,BLOCKCHAIN_DEVELOPER,Blockchain Developer,SPECIALIZED_DEVELOPMENT,SOFTWARE,medium,1,Manually curated semantic mapping from the title to the closest canonical leaf or plausible alternative leaves; repeated title patterns were applied consistently.
TITLE:15769,15769,DLT Engineer,SPECIALIZED_DEVELOPMENT,SOFTWARE,parent_only_proposal,BLOCKCHAIN_DEVELOPER,Blockchain Developer,SPECIALIZED_DEVELOPMENT,SOFTWARE,medium,1,Manually curated semantic mapping from the title to the closest canonical leaf or plausible alternative leaves; repeated title patterns were applied consistently.
TITLE:15770,15770,DLT Specialist,SPECIALIZED_DEVELOPMENT,SOFTWARE,parent_only_proposal,BLOCKCHAIN_DEVELOPER,Blockchain Developer,SPECIALIZED_DEVELOPMENT,SOFTWARE,medium,1,Manually curated semantic mapping from the title to the closest canonical leaf or plausible alternative leaves; repeated title patterns were applied consistently.
TITLE:15938,15938,Data Communications Analyst,NETWORK_ENGINEERING,NETWORKS,parent_only_proposal,NETWORK_ENGINEER | TELECOM_ANALYST,Network Engineer | Telecommunications Analyst,NETWORK_ENGINEERING | TELECOM_ENGINEERING,NETWORKS,medium,1,Manually curated semantic mapping from the title to the closest canonical leaf or plausible alternative leaves; repeated title patterns were applied consistently.
TITLE:15939,15939,Data Communications Technician,,,unresolved,NETWORK_TECHNICIAN | TELECOM_TECHNICIAN,Network Technician | Telecommunications Technician,NETWORK_ENGINEERING | TELECOM_ENGINEERING,NETWORKS,medium,1,Manually curated semantic mapping from the title to the closest canonical leaf or plausible alternative leaves; repeated title patterns were applied consistently.
TITLE:15942,15942,Data Consultant,DATA_SCIENCE_RESEARCH,DATA_AI,parent_only_proposal,DATA_SPECIALIST_GENERAL | DATA_ANALYST,Data Specialist (General) | Data Analyst,DATA_ENGINEERING | DATA_ANALYSIS,DATA_AI,medium,1,Manually curated semantic mapping from the title to the closest canonical leaf or plausible alternative leaves; repeated title patterns were applied consistently.
TITLE:15946,15946,Data Curator,,,non_it_source_collision,DATA_GOVERNANCE_SPECIALIST,Data Governance and Stewardship Specialist,DATA_ENGINEERING,DATA_AI,medium,1,Manually curated semantic mapping from the title to the closest canonical leaf or plausible alternative leaves; repeated title patterns were applied consistently.
TITLE:15968,15968,Data Expert,DATA_SCIENCE_RESEARCH,DATA_AI,parent_only_proposal,DATA_SPECIALIST_GENERAL | DATA_ANALYST,Data Specialist (General) | Data Analyst,DATA_ENGINEERING | DATA_ANALYSIS,DATA_AI,medium,1,Manually curated semantic mapping from the title to the closest canonical leaf or plausible alternative leaves; repeated title patterns were applied consistently.
TITLE:15969,15969,Data Governance Analyst,DATABASE_ENGINEERING,DATA_AI,parent_only_proposal,DATA_GOVERNANCE_SPECIALIST | DATA_ANALYST,Data Governance and Stewardship Specialist | Data Analyst,DATA_ENGINEERING | DATA_ANALYSIS,DATA_AI,medium,1,Manually curated semantic mapping from the title to the closest canonical leaf or plausible alternative leaves; repeated title patterns were applied consistently.
TITLE:15971,15971,Data Integration Specialist,DATABASE_ENGINEERING,DATA_AI,parent_only_proposal,DATA_ENGINEER | DATABASE_INTEGRATOR,Data Engineer | Database Integrator,DATA_ENGINEERING | DATABASE_ENGINEERING,DATA_AI,medium,1,Manually curated semantic mapping from the title to the closest canonical leaf or plausible alternative leaves; repeated title patterns were applied consistently.
TITLE:15972,15972,Data Integrator,DATABASE_ENGINEERING,DATA_AI,parent_only_proposal,DATA_ENGINEER | DATABASE_INTEGRATOR,Data Engineer | Database Integrator,DATA_ENGINEERING | DATABASE_ENGINEERING,DATA_AI,medium,1,Manually curated semantic mapping from the title to the closest canonical leaf or plausible alternative leaves; repeated title patterns were applied consistently.
TITLE:15974,15974,Data Integrity Specialist,,,unresolved,DATA_QUALITY | DATA_GOVERNANCE_SPECIALIST,Data Quality Specialist | Data Governance and Stewardship Specialist,DATA_ANALYSIS | DATA_ENGINEERING,DATA_AI,medium,1,Manually curated semantic mapping from the title to the closest canonical leaf or plausible alternative leaves; repeated title patterns were applied consistently.
TITLE:15975,15975,Data Intel Analyst (data Intelligence Analyst),,,non_it_source_collision,DATA_ANALYST | BI_ANALYST,Data Analyst | Business Intelligence Analyst,DATA_ANALYSIS,DATA_AI,medium,1,Manually curated semantic mapping from the title to the closest canonical leaf or plausible alternative leaves; repeated title patterns were applied consistently.
TITLE:15979,15979,Data Management Engineer,DATA_ENGINEERING,DATA_AI,parent_only_proposal,DATA_ENGINEER | DATA_GOVERNANCE_SPECIALIST,Data Engineer | Data Governance and Stewardship Specialist,DATA_ENGINEERING,DATA_AI,medium,1,Manually curated semantic mapping from the title to the closest canonical leaf or plausible alternative leaves; repeated title patterns were applied consistently.
TITLE:15980,15980,Data Management IT Specialist (data Management Information Technology Specialist),DATABASE_ENGINEERING,DATA_AI,parent_only_proposal,DATABASE_ADMIN | DATA_GOVERNANCE_SPECIALIST,Database Administrator | Data Governance and Stewardship Specialist,DATABASE_ENGINEERING | DATA_ENGINEERING,DATA_AI,medium,1,Manually curated semantic mapping from the title to the closest canonical leaf or plausible alternative leaves; repeated title patterns were applied consistently.
TITLE:15981,15981,Data Management Scientist,DATA_SCIENCE_RESEARCH,DATA_AI,parent_only_proposal,DATA_SCIENTIST | DATA_GOVERNANCE_SPECIALIST,Data Scientist | Data Governance and Stewardship Specialist,DATA_SCIENCE_RESEARCH | DATA_ENGINEERING,DATA_AI,medium,1,Manually curated semantic mapping from the title to the closest canonical leaf or plausible alternative leaves; repeated title patterns were applied consistently.
TITLE:15982,15982,Data Management Specialist,DATA_ENGINEERING,DATA_AI,parent_only_proposal,DATA_ENGINEER | DATA_GOVERNANCE_SPECIALIST,Data Engineer | Data Governance and Stewardship Specialist,DATA_ENGINEERING,DATA_AI,medium,1,Manually curated semantic mapping from the title to the closest canonical leaf or plausible alternative leaves; repeated title patterns were applied consistently.
TITLE:15984,15984,Data Mapper,,,non_it_source_collision,DATA_ENGINEER | DATA_GOVERNANCE_SPECIALIST,Data Engineer | Data Governance and Stewardship Specialist,DATA_ENGINEERING,DATA_AI,low,1,Manually curated semantic mapping from the title to the closest canonical leaf or plausible alternative leaves; repeated title patterns were applied consistently.
TITLE:15985,15985,Data Migration Specialist,DATA_ENGINEERING,DATA_AI,parent_only_proposal,DATA_ENGINEER | DATABASE_INTEGRATOR,Data Engineer | Database Integrator,DATA_ENGINEERING | DATABASE_ENGINEERING,DATA_AI,medium,1,Manually curated semantic mapping from the title to the closest canonical leaf or plausible alternative leaves; repeated title patterns were applied consistently.
TITLE:15988,15988,Data Model Designer,DATABASE_ENGINEERING,DATA_AI,parent_only_proposal,DATA_ARCHITECT | DATABASE_ARCHITECT,Data Architect | Database Architect,DATA_ENGINEERING | DATABASE_ENGINEERING,DATA_AI,medium,1,Manually curated semantic mapping from the title to the closest canonical leaf or plausible alternative leaves; repeated title patterns were applied consistently.
TITLE:15989,15989,Data Modeler,,,unresolved,DATA_ARCHITECT | DATABASE_ARCHITECT,Data Architect | Database Architect,DATA_ENGINEERING | DATABASE_ENGINEERING,DATA_AI,medium,1,Manually curated semantic mapping from the title to the closest canonical leaf or plausible alternative leaves; repeated title patterns were applied consistently.
TITLE:15990,15990,Data Modeling Specialist,DATABASE_ENGINEERING,DATA_AI,parent_only_proposal,DATA_ARCHITECT | DATABASE_ARCHITECT,Data Architect | Database Architect,DATA_ENGINEERING | DATABASE_ENGINEERING,DATA_AI,medium,1,Manually curated semantic mapping from the title to the closest canonical leaf or plausible alternative leaves; repeated title patterns were applied consistently.
TITLE:15992,15992,Data Operations Director,IT_MANAGEMENT,IT_DELIVERY,parent_only_proposal,DATA_MANAGER,Data and Analytics Manager,IT_MANAGEMENT,IT_DELIVERY,medium,1,Manually curated semantic mapping from the title to the closest canonical leaf or plausible alternative leaves; repeated title patterns were applied consistently.
TITLE:15996,15996,Data Processing Consultant,SYSTEMS_ANALYSIS,ARCHITECTURE_ANALYSIS,parent_only_proposal,SYSTEMS_ANALYST | IT_PROJECT_MANAGER,Systems Analyst | IT Project Manager,SYSTEMS_ANALYSIS | PROJECT_PRODUCT,ARCHITECTURE_ANALYSIS | IT_DELIVERY,medium,1,Manually curated semantic mapping from the title to the closest canonical leaf or plausible alternative leaves; repeated title patterns were applied consistently.
TITLE:16002,16002,Data Processing Operator,,,non_it_source_collision,COMPUTER_OPERATOR,Computer and Systems Operator,SYSTEMS_OPERATIONS,PLATFORM_INFRASTRUCTURE,low,1,Manually curated semantic mapping from the title to the closest canonical leaf or plausible alternative leaves; repeated title patterns were applied consistently.
TITLE:16003,16003,Data Processing Supervisor,,,non_it_source_collision,COMPUTER_OPERATOR,Computer and Systems Operator,SYSTEMS_OPERATIONS,PLATFORM_INFRASTRUCTURE,low,1,Manually curated semantic mapping from the title to the closest canonical leaf or plausible alternative leaves; repeated title patterns were applied consistently.
TITLE:16005,16005,Data Processing Systems Project Planner,SYSTEMS_ANALYSIS,ARCHITECTURE_ANALYSIS,parent_only_proposal,SYSTEMS_ANALYST | IT_PROJECT_MANAGER,Systems Analyst | IT Project Manager,SYSTEMS_ANALYSIS | PROJECT_PRODUCT,ARCHITECTURE_ANALYSIS | IT_DELIVERY,medium,1,Manually curated semantic mapping from the title to the closest canonical leaf or plausible alternative leaves; repeated title patterns were applied consistently.
TITLE:16006,16006,Data Processor,,,non_it_source_collision,COMPUTER_OPERATOR,Computer and Systems Operator,SYSTEMS_OPERATIONS,PLATFORM_INFRASTRUCTURE,low,1,Manually curated semantic mapping from the title to the closest canonical leaf or plausible alternative leaves; repeated title patterns were applied consistently.
TITLE:16016,16016,Data Recovery Planner,DATABASE_ENGINEERING,DATA_AI,parent_only_proposal,DISASTER_RECOVERY | DATABASE_ADMIN,IT Disaster Recovery Specialist | Database Administrator,SYSTEMS_OPERATIONS | DATABASE_ENGINEERING,PLATFORM_INFRASTRUCTURE | DATA_AI,medium,1,Manually curated semantic mapping from the title to the closest canonical leaf or plausible alternative leaves; repeated title patterns were applied consistently.
TITLE:16019,16019,Data Science Engineer,DATA_SCIENCE_RESEARCH,DATA_AI,parent_only_proposal,DATA_SCIENTIST,Data Scientist,DATA_SCIENCE_RESEARCH,DATA_AI,medium,1,Manually curated semantic mapping from the title to the closest canonical leaf or plausible alternative leaves; repeated title patterns were applied consistently.
TITLE:16020,16020,Data Science Intern,DATA_SCIENCE_RESEARCH,DATA_AI,parent_only_proposal,DATA_SCIENTIST,Data Scientist,DATA_SCIENCE_RESEARCH,DATA_AI,medium,1,Manually curated semantic mapping from the title to the closest canonical leaf or plausible alternative leaves; repeated title patterns were applied consistently.
TITLE:16022,16022,Data Security Administrator,DATABASE_ENGINEERING,DATA_AI,parent_only_proposal,SECURITY_ADMIN | DATABASE_ADMIN,Security Administrator | Database Administrator,SECURITY_ENGINEERING | DATABASE_ENGINEERING,SECURITY | DATA_AI,medium,1,Manually curated semantic mapping from the title to the closest canonical leaf or plausible alternative leaves; repeated title patterns were applied consistently.
TITLE:16023,16023,Data Security Analyst,SECURITY_OPERATIONS,SECURITY,parent_only_proposal,SECURITY_ANALYST,Cybersecurity Analyst,SECURITY_OPERATIONS,SECURITY,medium,1,Manually curated semantic mapping from the title to the closest canonical leaf or plausible alternative leaves; repeated title patterns were applied consistently.
TITLE:16024,16024,Data Specialist,,,unresolved,DATA_SPECIALIST_GENERAL | DATA_ANALYST,Data Specialist (General) | Data Analyst,DATA_ENGINEERING | DATA_ANALYSIS,DATA_AI,medium,1,Manually curated semantic mapping from the title to the closest canonical leaf or plausible alternative leaves; repeated title patterns were applied consistently.
TITLE:16025,16025,Data Steward,,,non_it_source_collision,DATA_GOVERNANCE_SPECIALIST,Data Governance and Stewardship Specialist,DATA_ENGINEERING,DATA_AI,medium,1,Manually curated semantic mapping from the title to the closest canonical leaf or plausible alternative leaves; repeated title patterns were applied consistently.
TITLE:16026,16026,Data Storage Analyst,DATA_ANALYSIS,DATA_AI,parent_only_proposal,STORAGE_ENGINEER | DATA_ENGINEER,Storage Engineer | Data Engineer,SYSTEMS_OPERATIONS | DATA_ENGINEERING,PLATFORM_INFRASTRUCTURE | DATA_AI,medium,1,Manually curated semantic mapping from the title to the closest canonical leaf or plausible alternative leaves; repeated title patterns were applied consistently.
TITLE:16027,16027,Data Storage Specialist,,,source_supported_proposal,STORAGE_ENGINEER | DATA_ENGINEER,Storage Engineer | Data Engineer,SYSTEMS_OPERATIONS | DATA_ENGINEERING,PLATFORM_INFRASTRUCTURE | DATA_AI,medium,1,Manually curated semantic mapping from the title to the closest canonical leaf or plausible alternative leaves; repeated title patterns were applied consistently.
TITLE:16028,16028,Data Support Specialist,USER_APPLICATION_SUPPORT,SUPPORT,non_it_source_collision,APPLICATION_SUPPORT | SUPPORT_ENGINEER,Application Support Specialist | IT Support Engineer,USER_APPLICATION_SUPPORT,SUPPORT,medium,1,Manually curated semantic mapping from the title to the closest canonical leaf or plausible alternative leaves; repeated title patterns were applied consistently.
TITLE:16030,16030,Data Technician,,,unresolved,DATA_SPECIALIST_GENERAL | DATA_ENGINEER,Data Specialist (General) | Data Engineer,DATA_ENGINEERING,DATA_AI,medium,1,Manually curated semantic mapping from the title to the closest canonical leaf or plausible alternative leaves; repeated title patterns were applied consistently.
TITLE:16050,16050,Database Analyst,,,unresolved,DATABASE_ADMIN | DATA_ANALYST,Database Administrator | Data Analyst,DATABASE_ENGINEERING | DATA_ANALYSIS,DATA_AI,medium,1,Manually curated semantic mapping from the title to the closest canonical leaf or plausible alternative leaves; repeated title patterns were applied consistently.
TITLE:16052,16052,Database Coder,DATABASE_ENGINEERING,DATA_AI,parent_only_proposal,DATABASE_DEVELOPER | COMPUTER_PROGRAMMER,Database Developer | Computer Programmer,DATABASE_ENGINEERING | SOFTWARE_DEVELOPMENT,DATA_AI | SOFTWARE,medium,1,Manually curated semantic mapping from the title to the closest canonical leaf or plausible alternative leaves; repeated title patterns were applied consistently.
TITLE:16054,16054,Database Configurator,DATABASE_ENGINEERING,DATA_AI,parent_only_proposal,DATABASE_ADMIN | SYSTEM_CONFIG,Database Administrator | Systems Configuration Specialist,DATABASE_ENGINEERING | SYSTEMS_OPERATIONS,DATA_AI | PLATFORM_INFRASTRUCTURE,medium,1,Manually curated semantic mapping from the title to the closest canonical leaf or plausible alternative leaves; repeated title patterns were applied consistently.
TITLE:16055,16055,Database Consultant,DATABASE_ENGINEERING,DATA_AI,parent_only_proposal,DATABASE_ADMIN | DATABASE_ARCHITECT,Database Administrator | Database Architect,DATABASE_ENGINEERING,DATA_AI,medium,1,Manually curated semantic mapping from the title to the closest canonical leaf or plausible alternative leaves; repeated title patterns were applied consistently.
TITLE:16056,16056,Database Coordinator,DATABASE_ENGINEERING,DATA_AI,parent_only_proposal,DATABASE_ADMIN,Database Administrator,DATABASE_ENGINEERING,DATA_AI,medium,1,Manually curated semantic mapping from the title to the closest canonical leaf or plausible alternative leaves; repeated title patterns were applied consistently.
TITLE:16057,16057,Database Design Analyst,,,source_supported_proposal,DATABASE_ARCHITECT | DATABASE_DEVELOPER,Database Architect | Database Developer,DATABASE_ENGINEERING,DATA_AI,medium,1,Manually curated semantic mapping from the title to the closest canonical leaf or plausible alternative leaves; repeated title patterns were applied consistently.
TITLE:16058,16058,Database Design Engineer,DATABASE_ENGINEERING,DATA_AI,parent_only_proposal,DATABASE_ARCHITECT | DATABASE_DEVELOPER,Database Architect | Database Developer,DATABASE_ENGINEERING,DATA_AI,medium,1,Manually curated semantic mapping from the title to the closest canonical leaf or plausible alternative leaves; repeated title patterns were applied consistently.
TITLE:16059,16059,Database Design Specialist,DATABASE_ENGINEERING,DATA_AI,parent_only_proposal,DATABASE_ARCHITECT | DATABASE_DEVELOPER,Database Architect | Database Developer,DATABASE_ENGINEERING,DATA_AI,medium,1,Manually curated semantic mapping from the title to the closest canonical leaf or plausible alternative leaves; repeated title patterns were applied consistently.
TITLE:16065,16065,Database Engineer,DATABASE_ENGINEERING,DATA_AI,parent_only_proposal,DATABASE_ARCHITECT | DATABASE_DEVELOPER,Database Architect | Database Developer,DATABASE_ENGINEERING,DATA_AI,medium,1,Manually curated semantic mapping from the title to the closest canonical leaf or plausible alternative leaves; repeated title patterns were applied consistently.
TITLE:16068,16068,Database Modeler,DATABASE_ENGINEERING,DATA_AI,parent_only_proposal,DATABASE_ARCHITECT | DATABASE_DEVELOPER,Database Architect | Database Developer,DATABASE_ENGINEERING,DATA_AI,medium,1,Manually curated semantic mapping from the title to the closest canonical leaf or plausible alternative leaves; repeated title patterns were applied consistently.
TITLE:16069,16069,Database Programmer,SOFTWARE_DEVELOPMENT,SOFTWARE,parent_only_proposal,DATABASE_DEVELOPER | COMPUTER_PROGRAMMER,Database Developer | Computer Programmer,DATABASE_ENGINEERING | SOFTWARE_DEVELOPMENT,DATA_AI | SOFTWARE,medium,1,Manually curated semantic mapping from the title to the closest canonical leaf or plausible alternative leaves; repeated title patterns were applied consistently.
TITLE:16070,16070,Database Security Administrator,DATABASE_ENGINEERING,DATA_AI,parent_only_proposal,DATABASE_ADMIN | SECURITY_ADMIN,Database Administrator | Security Administrator,DATABASE_ENGINEERING | SECURITY_ENGINEERING,DATA_AI | SECURITY,medium,1,Manually curated semantic mapping from the title to the closest canonical leaf or plausible alternative leaves; repeated title patterns were applied consistently.
TITLE:16071,16071,Database Security Expert,SECURITY_OPERATIONS,SECURITY,parent_only_proposal,SECURITY_ENGINEER | DATABASE_ADMIN,Security Engineer | Database Administrator,SECURITY_ENGINEERING | DATABASE_ENGINEERING,SECURITY | DATA_AI,medium,1,Manually curated semantic mapping from the title to the closest canonical leaf or plausible alternative leaves; repeated title patterns were applied consistently.
TITLE:16072,16072,Database Software Consultant,DATABASE_ENGINEERING,DATA_AI,parent_only_proposal,DATABASE_ADMIN | DATABASE_ARCHITECT,Database Administrator | Database Architect,DATABASE_ENGINEERING,DATA_AI,medium,1,Manually curated semantic mapping from the title to the closest canonical leaf or plausible alternative leaves; repeated title patterns were applied consistently.
TITLE:16073,16073,Database Software Tech (database Software Technician),DATABASE_ENGINEERING,DATA_AI,parent_only_proposal,DATABASE_ADMIN | DATABASE_DEVELOPER,Database Administrator | Database Developer,DATABASE_ENGINEERING,DATA_AI,medium,1,Manually curated semantic mapping from the title to the closest canonical leaf or plausible alternative leaves; repeated title patterns were applied consistently.
TITLE:16074,16074,Database Specialist,,,source_supported_proposal,DATABASE_ADMIN | DATABASE_ARCHITECT,Database Administrator | Database Architect,DATABASE_ENGINEERING,DATA_AI,medium,1,Manually curated semantic mapping from the title to the closest canonical leaf or plausible alternative leaves; repeated title patterns were applied consistently.
TITLE:16075,16075,Database Technician (database Tech),DATABASE_ENGINEERING,DATA_AI,parent_only_proposal,DATABASE_ADMIN | DATABASE_DEVELOPER,Database Administrator | Database Developer,DATABASE_ENGINEERING,DATA_AI,medium,1,Manually curated semantic mapping from the title to the closest canonical leaf or plausible alternative leaves; repeated title patterns were applied consistently.
TITLE:16076,16076,Database Tester,DATABASE_ENGINEERING,DATA_AI,parent_only_proposal,SOFTWARE_TESTER | DATABASE_DEVELOPER,Software Test Engineer | Database Developer,SOFTWARE_TESTING | DATABASE_ENGINEERING,SOFTWARE | DATA_AI,medium,1,Manually curated semantic mapping from the title to the closest canonical leaf or plausible alternative leaves; repeated title patterns were applied consistently.
TITLE:16179,16179,Decentralized Ledger Technology Specialist,SPECIALIZED_DEVELOPMENT,SOFTWARE,parent_only_proposal,BLOCKCHAIN_DEVELOPER,Blockchain Developer,SPECIALIZED_DEVELOPMENT,SOFTWARE,medium,1,Manually curated semantic mapping from the title to the closest canonical leaf or plausible alternative leaves; repeated title patterns were applied consistently.
TITLE:16181,16181,Decision Support Analyst,,,non_it_source_collision,BI_ANALYST | DATA_ANALYST,Business Intelligence Analyst | Data Analyst,DATA_ANALYSIS,DATA_AI,medium,1,Manually curated semantic mapping from the title to the closest canonical leaf or plausible alternative leaves; repeated title patterns were applied consistently.
TITLE:16643,16643,Desktop Analyst,USER_APPLICATION_SUPPORT,SUPPORT,parent_only_proposal,DESKTOP_SUPPORT,Desktop Support Specialist,USER_APPLICATION_SUPPORT,SUPPORT,high,1,Desktop support/analysis role.
TITLE:16657,16657,Desktop Technician (desktop Tech),USER_APPLICATION_SUPPORT,SUPPORT,parent_only_proposal,DESKTOP_SUPPORT | COMPUTER_TECHNICIAN,Desktop Support Specialist | Computer Hardware Technician,USER_APPLICATION_SUPPORT | HARDWARE_SUPPORT,SUPPORT,high,1,Desktop support technician.
TITLE:16705,16705,Developer,SOFTWARE_DEVELOPMENT,SOFTWARE,unresolved,APPLICATION_DEVELOPER,Software Developer / Engineer (General),SOFTWARE_DEVELOPMENT,SOFTWARE,medium,1,Manually curated semantic mapping from the title to the closest canonical leaf or plausible alternative leaves; repeated title patterns were applied consistently.
TITLE:16706,16706,Developer Advocate,SOFTWARE_DEVELOPMENT,SOFTWARE,non_it_source_collision,TECHNICAL_WRITER | IT_TRAINER | APPLICATION_DEVELOPER,IT Technical Writer | IT Trainer | Software Developer / Engineer (General),TECHNICAL_ENABLEMENT | SOFTWARE_DEVELOPMENT,IT_ENABLEMENT | SOFTWARE,medium,1,Manually curated semantic mapping from the title to the closest canonical leaf or plausible alternative leaves; repeated title patterns were applied consistently.
TITLE:16707,16707,Developer Programmer,SOFTWARE_DEVELOPMENT,SOFTWARE,parent_only_proposal,COMPUTER_PROGRAMMER | APPLICATION_DEVELOPER,Computer Programmer | Software Developer / Engineer (General),SOFTWARE_DEVELOPMENT,SOFTWARE,high,1,Developer/programmer synonymic hybrid.
TITLE:16728,16728,Development and Operations Security Engineer,SOFTWARE_DEVELOPMENT,SOFTWARE,parent_only_proposal,APPSEC_ENGINEER | DEVOPS_ENGINEER,Application Security Engineer | DevOps Engineer,SECURITY_ENGINEERING | DEVOPS_PLATFORM,SECURITY | PLATFORM_INFRASTRUCTURE,medium,1,Manually curated semantic mapping from the title to the closest canonical leaf or plausible alternative leaves; repeated title patterns were applied consistently.
TITLE:16753,16753,Devsecops Engineer,SECURITY_ENGINEERING,SECURITY,parent_only_proposal,APPSEC_ENGINEER | DEVOPS_ENGINEER,Application Security Engineer | DevOps Engineer,SECURITY_ENGINEERING | DEVOPS_PLATFORM,SECURITY | PLATFORM_INFRASTRUCTURE,medium,1,Manually curated semantic mapping from the title to the closest canonical leaf or plausible alternative leaves; repeated title patterns were applied consistently.
TITLE:17051,17051,Digital Experience Designer,,,non_it_source_collision,UX_DESIGNER | UI_DESIGNER,User Experience Designer | User Interface Designer,DIGITAL_EXPERIENCE,DIGITAL_DESIGN,medium,1,Manually curated semantic mapping from the title to the closest canonical leaf or plausible alternative leaves; repeated title patterns were applied consistently.
TITLE:17063,17063,Digital Investigator,SECURITY_OPERATIONS,SECURITY,parent_only_proposal,DIGITAL_FORENSICS,Digital Forensics Analyst,SECURITY_OPERATIONS,SECURITY,medium,1,Manually curated semantic mapping from the title to the closest canonical leaf or plausible alternative leaves; repeated title patterns were applied consistently.
TITLE:17082,17082,Digital Media Developer,SOFTWARE_DEVELOPMENT,SOFTWARE,non_it_source_collision,WEB_DEVELOPER | FRONTEND_DEVELOPER,Web Developer | Frontend Developer,SOFTWARE_DEVELOPMENT,SOFTWARE,medium,1,Manually curated semantic mapping from the title to the closest canonical leaf or plausible alternative leaves; repeated title patterns were applied consistently.
TITLE:17084,17084,Digital Media Engineer,,,non_it_source_collision,APPLICATION_DEVELOPER | SYSTEMS_ENGINEER,Software Developer / Engineer (General) | Computer Systems Engineer,SOFTWARE_DEVELOPMENT | SYSTEMS_ARCHITECTURE,SOFTWARE | ARCHITECTURE_ANALYSIS,low,1,Manually curated semantic mapping from the title to the closest canonical leaf or plausible alternative leaves; repeated title patterns were applied consistently.
TITLE:17128,17128,Digital Solutions Manager,DATA_SCIENCE_RESEARCH,DATA_AI,parent_only_proposal,SOLUTION_ARCHITECT | IT_MANAGER,Solution Architect | IT Manager,SYSTEMS_ARCHITECTURE | IT_MANAGEMENT,ARCHITECTURE_ANALYSIS | IT_DELIVERY,medium,1,Manually curated semantic mapping from the title to the closest canonical leaf or plausible alternative leaves; repeated title patterns were applied consistently.
TITLE:17132,17132,Digital Transformation Director,IT_MANAGEMENT,IT_DELIVERY,parent_only_proposal,DIGITAL_TRANSFORMATION_MANAGER,Digital Transformation Manager,IT_MANAGEMENT,IT_DELIVERY,medium,1,Manually curated semantic mapping from the title to the closest canonical leaf or plausible alternative leaves; repeated title patterns were applied consistently.
TITLE:17134,17134,Digital Transformation Officer,IT_MANAGEMENT,IT_DELIVERY,parent_only_proposal,DIGITAL_TRANSFORMATION_MANAGER,Digital Transformation Manager,IT_MANAGEMENT,IT_DELIVERY,medium,1,Manually curated semantic mapping from the title to the closest canonical leaf or plausible alternative leaves; repeated title patterns were applied consistently.
TITLE:17326,17326,Disaster Recovery Analyst,,,non_it_source_collision,DISASTER_RECOVERY,IT Disaster Recovery Specialist,SYSTEMS_OPERATIONS,PLATFORM_INFRASTRUCTURE,medium,1,Manually curated semantic mapping from the title to the closest canonical leaf or plausible alternative leaves; repeated title patterns were applied consistently.
TITLE:17327,17327,Disaster Recovery Manager,SECURITY_GOVERNANCE,SECURITY,parent_only_proposal,DISASTER_RECOVERY,IT Disaster Recovery Specialist,SYSTEMS_OPERATIONS,PLATFORM_INFRASTRUCTURE,medium,1,Manually curated semantic mapping from the title to the closest canonical leaf or plausible alternative leaves; repeated title patterns were applied consistently.
TITLE:17329,17329,Disaster Recovery Specialist,,,non_it_source_collision,DISASTER_RECOVERY,IT Disaster Recovery Specialist,SYSTEMS_OPERATIONS,PLATFORM_INFRASTRUCTURE,medium,1,Manually curated semantic mapping from the title to the closest canonical leaf or plausible alternative leaves; repeated title patterns were applied consistently.
TITLE:18619,18619,E-commerce Developer,SOFTWARE_DEVELOPMENT,SOFTWARE,non_it_source_collision,WEB_DEVELOPER,Web Developer,SOFTWARE_DEVELOPMENT,SOFTWARE,medium,1,Manually curated semantic mapping from the title to the closest canonical leaf or plausible alternative leaves; repeated title patterns were applied consistently.
TITLE:18635,18635,E-commerce Programmer (electronic Commerce Programmer),SOFTWARE_DEVELOPMENT,SOFTWARE,parent_only_proposal,WEB_DEVELOPER,Web Developer,SOFTWARE_DEVELOPMENT,SOFTWARE,medium,1,Manually curated semantic mapping from the title to the closest canonical leaf or plausible alternative leaves; repeated title patterns were applied consistently.
TITLE:18672,18672,EDI Analyst (electronic Data Interchange Analyst),DATA_ANALYSIS,DATA_AI,parent_only_proposal,SYSTEMS_ANALYST | DATA_ANALYST,Systems Analyst | Data Analyst,SYSTEMS_ANALYSIS | DATA_ANALYSIS,ARCHITECTURE_ANALYSIS | DATA_AI,medium,1,Manually curated semantic mapping from the title to the closest canonical leaf or plausible alternative leaves; repeated title patterns were applied consistently.
TITLE:18673,18673,EDP System Engineer (electronic Data Processing System Engineer),SYSTEMS_ARCHITECTURE,ARCHITECTURE_ANALYSIS,parent_only_proposal,SYSTEMS_ENGINEER,Computer Systems Engineer,SYSTEMS_ARCHITECTURE,ARCHITECTURE_ANALYSIS,medium,1,Manually curated semantic mapping from the title to the closest canonical leaf or plausible alternative leaves; repeated title patterns were applied consistently.
TITLE:18702,18702,ERP Consultant (enterprise Resource Planning Consultant),SYSTEMS_ANALYSIS,ARCHITECTURE_ANALYSIS,parent_only_proposal,IT_CONSULTANT | SYSTEMS_ANALYST,IT Consultant | Systems Analyst,SYSTEMS_ANALYSIS,ARCHITECTURE_ANALYSIS,medium,1,Manually curated semantic mapping from the title to the closest canonical leaf or plausible alternative leaves; repeated title patterns were applied consistently.
TITLE:18703,18703,ERP Specialist (enterprise Resource Planning Specialist),SYSTEMS_ANALYSIS,ARCHITECTURE_ANALYSIS,parent_only_proposal,IT_CONSULTANT | SYSTEMS_ANALYST,IT Consultant | Systems Analyst,SYSTEMS_ANALYSIS,ARCHITECTURE_ANALYSIS,medium,1,Manually curated semantic mapping from the title to the closest canonical leaf or plausible alternative leaves; repeated title patterns were applied consistently.
TITLE:18710,18710,ETL Tester (extract-transform-load Tester),DATA_ENGINEERING,DATA_AI,parent_only_proposal,SOFTWARE_TESTER | DATA_ENGINEER,Software Test Engineer | Data Engineer,SOFTWARE_TESTING | DATA_ENGINEERING,SOFTWARE | DATA_AI,medium,1,Manually curated semantic mapping from the title to the closest canonical leaf or plausible alternative leaves; repeated title patterns were applied consistently.
TITLE:19645,19645,Electronic Health Records Specialist (EHR Specialist),,,unresolved,HEALTH_INFORMATICS | APPLICATION_SUPPORT,Health Informatics Specialist | Application Support Specialist,DOMAIN_INFORMATICS | USER_APPLICATION_SUPPORT,SPECIALIZED_IT | SUPPORT,medium,1,Manually curated semantic mapping from the title to the closest canonical leaf or plausible alternative leaves; repeated title patterns were applied consistently.
TITLE:19707,19707,Electronic Transactions Implementer,SYSTEMS_ANALYSIS,ARCHITECTURE_ANALYSIS,parent_only_proposal,SYSTEMS_ANALYST | INTEGRATION_ENGINEER,Systems Analyst | Systems Integration Engineer,SYSTEMS_ANALYSIS | SYSTEMS_ARCHITECTURE,ARCHITECTURE_ANALYSIS,medium,1,Manually curated semantic mapping from the title to the closest canonical leaf or plausible alternative leaves; repeated title patterns were applied consistently.
TITLE:19880,19880,Embedded Engineer,SOFTWARE_DEVELOPMENT,SOFTWARE,parent_only_proposal,EMBEDDED_DEVELOPER | EMBEDDED_DESIGNER,Embedded Software Developer | Embedded System Designer,SPECIALIZED_DEVELOPMENT | HARDWARE_ENGINEERING,SOFTWARE | COMPUTER_HARDWARE,medium,1,Manually curated semantic mapping from the title to the closest canonical leaf or plausible alternative leaves; repeated title patterns were applied consistently.
TITLE:19881,19881,Embedded Hardware Engineer,HARDWARE_ENGINEERING,COMPUTER_HARDWARE,parent_only_proposal,HARDWARE_ENGINEER | EMBEDDED_DESIGNER,Computer Hardware Engineer | Embedded System Designer,HARDWARE_ENGINEERING,COMPUTER_HARDWARE,medium,1,Manually curated semantic mapping from the title to the closest canonical leaf or plausible alternative leaves; repeated title patterns were applied consistently.
TITLE:19890,19890,Embedded Tester,OFFENSIVE_SECURITY,SECURITY,parent_only_proposal,SOFTWARE_TESTER | EMBEDDED_SECURITY,Software Test Engineer | Embedded and IoT Security Engineer,SOFTWARE_TESTING | SECURITY_ENGINEERING,SOFTWARE | SECURITY,medium,1,Manually curated semantic mapping from the title to the closest canonical leaf or plausible alternative leaves; repeated title patterns were applied consistently.
TITLE:20338,20338,Engineering Programmer,SOFTWARE_DEVELOPMENT,SOFTWARE,parent_only_proposal,COMPUTER_PROGRAMMER | APPLICATION_DEVELOPER,Computer Programmer | Software Developer / Engineer (General),SOFTWARE_DEVELOPMENT,SOFTWARE,medium,1,Manually curated semantic mapping from the title to the closest canonical leaf or plausible alternative leaves; repeated title patterns were applied consistently.
TITLE:20369,20369,Engineering and Scientific Programmer,SOFTWARE_DEVELOPMENT,SOFTWARE,parent_only_proposal,COMPUTER_PROGRAMMER | APPLICATION_DEVELOPER,Computer Programmer | Software Developer / Engineer (General),SOFTWARE_DEVELOPMENT,SOFTWARE,medium,1,Manually curated semantic mapping from the title to the closest canonical leaf or plausible alternative leaves; repeated title patterns were applied consistently.
TITLE:20467,20467,Enterprise Systems Engineer,SYSTEMS_ARCHITECTURE,ARCHITECTURE_ANALYSIS,parent_only_proposal,SYSTEMS_ENGINEER | SYSTEMS_ARCHITECT,Computer Systems Engineer | Systems Architect,SYSTEMS_ARCHITECTURE,ARCHITECTURE_ANALYSIS,medium,1,Manually curated semantic mapping from the title to the closest canonical leaf or plausible alternative leaves; repeated title patterns were applied consistently.
TITLE:22492,22492,Financial Systems Manager,,,non_it_source_collision,IT_MANAGER | SYSTEMS_ANALYST,IT Manager | Systems Analyst,IT_MANAGEMENT | SYSTEMS_ANALYSIS,IT_DELIVERY | ARCHITECTURE_ANALYSIS,medium,1,Manually curated semantic mapping from the title to the closest canonical leaf or plausible alternative leaves; repeated title patterns were applied consistently.
TITLE:25650,25650,General Information Technology Specialist,,,source_supported_proposal,IT_GENERALIST | SYSTEMS_SPECIALIST_GENERAL,IT Generalist | Systems Specialist (General),USER_APPLICATION_SUPPORT | SYSTEMS_ANALYSIS,SUPPORT | ARCHITECTURE_ANALYSIS,medium,1,Manually curated semantic mapping from the title to the closest canonical leaf or plausible alternative leaves; repeated title patterns were applied consistently.
TITLE:26815,26815,Green IT Consultant,SERVICE_GOVERNANCE,IT_DELIVERY,parent_only_proposal,SUSTAINABLE_IT | IT_CONSULTANT,Sustainable IT Specialist | IT Consultant,SERVICE_GOVERNANCE | SYSTEMS_ANALYSIS,IT_DELIVERY | ARCHITECTURE_ANALYSIS,medium,1,Manually curated semantic mapping from the title to the closest canonical leaf or plausible alternative leaves; repeated title patterns were applied consistently.
TITLE:27284,27284,HTML Developer (hypertext Markup Language Developer),SOFTWARE_DEVELOPMENT,SOFTWARE,unresolved,FRONTEND_DEVELOPER | WEB_DEVELOPER,Frontend Developer | Web Developer,SOFTWARE_DEVELOPMENT,SOFTWARE,medium,1,Manually curated semantic mapping from the title to the closest canonical leaf or plausible alternative leaves; repeated title patterns were applied consistently.
TITLE:27671,27671,Handheld Programmer,SOFTWARE_DEVELOPMENT,SOFTWARE,parent_only_proposal,MOBILE_DEVELOPER,Mobile Application Developer,SOFTWARE_DEVELOPMENT,SOFTWARE,medium,1,Manually curated semantic mapping from the title to the closest canonical leaf or plausible alternative leaves; repeated title patterns were applied consistently.
TITLE:27672,27672,Handheld Software Developer,SOFTWARE_DEVELOPMENT,SOFTWARE,parent_only_proposal,MOBILE_DEVELOPER,Mobile Application Developer,SOFTWARE_DEVELOPMENT,SOFTWARE,medium,1,Manually curated semantic mapping from the title to the closest canonical leaf or plausible alternative leaves; repeated title patterns were applied consistently.
TITLE:27753,27753,Hardware Systems Engineer,SYSTEMS_ARCHITECTURE,ARCHITECTURE_ANALYSIS,parent_only_proposal,SYSTEMS_ENGINEER | SYSTEMS_ARCHITECT,Computer Systems Engineer | Systems Architect,SYSTEMS_ARCHITECTURE,ARCHITECTURE_ANALYSIS,medium,1,Manually curated semantic mapping from the title to the closest canonical leaf or plausible alternative leaves; repeated title patterns were applied consistently.
TITLE:27937,27937,Head IT Security Officer,SECURITY_GOVERNANCE,SECURITY,parent_only_proposal,SECURITY_MANAGER | CISO,Cybersecurity Manager | Chief Information Security Officer,SECURITY_GOVERNANCE,SECURITY,medium,1,Manually curated semantic mapping from the title to the closest canonical leaf or plausible alternative leaves; repeated title patterns were applied consistently.
TITLE:27978,27978,Head of IT Security,SECURITY_GOVERNANCE,SECURITY,parent_only_proposal,SECURITY_MANAGER | CISO,Cybersecurity Manager | Chief Information Security Officer,SECURITY_GOVERNANCE,SECURITY,medium,1,Manually curated semantic mapping from the title to the closest canonical leaf or plausible alternative leaves; repeated title patterns were applied consistently.
TITLE:27979,27979,Head of Information Security,SECURITY_GOVERNANCE,SECURITY,parent_only_proposal,SECURITY_MANAGER | CISO,Cybersecurity Manager | Chief Information Security Officer,SECURITY_GOVERNANCE,SECURITY,medium,1,Manually curated semantic mapping from the title to the closest canonical leaf or plausible alternative leaves; repeated title patterns were applied consistently.
TITLE:28106,28106,Health Information Systems Technician (health Information Systems Tech),,,unresolved,HEALTH_INFORMATICS | APPLICATION_SUPPORT,Health Informatics Specialist | Application Support Specialist,DOMAIN_INFORMATICS | USER_APPLICATION_SUPPORT,SPECIALIZED_IT | SUPPORT,medium,1,Manually curated semantic mapping from the title to the closest canonical leaf or plausible alternative leaves; repeated title patterns were applied consistently.
TITLE:28109,28109,Health Information Technology Specialist,USER_APPLICATION_SUPPORT,SUPPORT,unresolved,HEALTH_INFORMATICS | APPLICATION_SUPPORT,Health Informatics Specialist | Application Support Specialist,DOMAIN_INFORMATICS | USER_APPLICATION_SUPPORT,SPECIALIZED_IT | SUPPORT,medium,1,Manually curated semantic mapping from the title to the closest canonical leaf or plausible alternative leaves; repeated title patterns were applied consistently.
TITLE:29966,29966,ICT Advisor,SYSTEMS_ANALYSIS,ARCHITECTURE_ANALYSIS,parent_only_proposal,BUSINESS_ANALYST | IT_CONSULTANT,IT Business Analyst | IT Consultant,SYSTEMS_ANALYSIS,ARCHITECTURE_ANALYSIS,medium,1,Manually curated semantic mapping from the title to the closest canonical leaf or plausible alternative leaves; repeated title patterns were applied consistently.
TITLE:29968,29968,ICT Application Developer,SOFTWARE_DEVELOPMENT,SOFTWARE,parent_only_proposal,APPLICATION_DEVELOPER | APPLICATION_DEVELOPER,Application Developer | Software Developer / Engineer (General),SOFTWARE_DEVELOPMENT,SOFTWARE,medium,1,Manually curated semantic mapping from the title to the closest canonical leaf or plausible alternative leaves; repeated title patterns were applied consistently.
TITLE:29969,29969,ICT Applications Manager,IT_MANAGEMENT,IT_DELIVERY,parent_only_proposal,SERVICE_DELIVERY_MANAGER | IT_MANAGER,IT Service Delivery Manager | IT Manager,SERVICE_GOVERNANCE | IT_MANAGEMENT,IT_DELIVERY,medium,1,Manually curated semantic mapping from the title to the closest canonical leaf or plausible alternative leaves; repeated title patterns were applied consistently.
TITLE:29970,29970,ICT Architecture Manager,IT_MANAGEMENT,IT_DELIVERY,parent_only_proposal,ENTERPRISE_ARCHITECT | IT_MANAGER,Enterprise Architect | IT Manager,SYSTEMS_ARCHITECTURE | IT_MANAGEMENT,ARCHITECTURE_ANALYSIS | IT_DELIVERY,medium,1,Manually curated semantic mapping from the title to the closest canonical leaf or plausible alternative leaves; repeated title patterns were applied consistently.
TITLE:29973,29973,ICT BA,SYSTEMS_ANALYSIS,ARCHITECTURE_ANALYSIS,parent_only_proposal,BUSINESS_ANALYST | IT_CONSULTANT,IT Business Analyst | IT Consultant,SYSTEMS_ANALYSIS,ARCHITECTURE_ANALYSIS,medium,1,Manually curated semantic mapping from the title to the closest canonical leaf or plausible alternative leaves; repeated title patterns were applied consistently.
TITLE:29976,29976,ICT Business Consultant,SYSTEMS_ANALYSIS,ARCHITECTURE_ANALYSIS,parent_only_proposal,BUSINESS_ANALYST | IT_CONSULTANT,IT Business Analyst | IT Consultant,SYSTEMS_ANALYSIS,ARCHITECTURE_ANALYSIS,medium,1,Manually curated semantic mapping from the title to the closest canonical leaf or plausible alternative leaves; repeated title patterns were applied consistently.
TITLE:29981,29981,ICT Capability Manager,SYSTEMS_OPERATIONS,PLATFORM_INFRASTRUCTURE,parent_only_proposal,IT_OPERATIONS_MANAGER | SYSTEM_ADMIN,IT Operations Manager | Systems Administrator,IT_MANAGEMENT | SYSTEMS_OPERATIONS,IT_DELIVERY | PLATFORM_INFRASTRUCTURE,medium,1,Manually curated semantic mapping from the title to the closest canonical leaf or plausible alternative leaves; repeated title patterns were applied consistently.
TITLE:29982,29982,ICT Capacity Planner,SYSTEMS_OPERATIONS,PLATFORM_INFRASTRUCTURE,parent_only_proposal,IT_OPERATIONS_MANAGER | SYSTEM_ADMIN,IT Operations Manager | Systems Administrator,IT_MANAGEMENT | SYSTEMS_OPERATIONS,IT_DELIVERY | PLATFORM_INFRASTRUCTURE,medium,1,Manually curated semantic mapping from the title to the closest canonical leaf or plausible alternative leaves; repeated title patterns were applied consistently.
TITLE:29987,29987,ICT Compliance Manager,,,needs_it_duties,IT_COMPLIANCE_SPECIALIST | SECURITY_GRC,IT Compliance Specialist | Cybersecurity GRC Specialist,SECURITY_GOVERNANCE,SECURITY,medium,1,Manually curated semantic mapping from the title to the closest canonical leaf or plausible alternative leaves; repeated title patterns were applied consistently.
TITLE:29991,29991,ICT Database Analyst,DATABASE_ENGINEERING,DATA_AI,parent_only_proposal,DATABASE_ADMIN | DATA_ANALYST,Database Administrator | Data Analyst,DATABASE_ENGINEERING | DATA_ANALYSIS,DATA_AI,medium,1,Manually curated semantic mapping from the title to the closest canonical leaf or plausible alternative leaves; repeated title patterns were applied consistently.
TITLE:29995,29995,ICT ERP Consultant,SYSTEMS_ANALYSIS,ARCHITECTURE_ANALYSIS,parent_only_proposal,IT_CONSULTANT | SYSTEMS_ANALYST,IT Consultant | Systems Analyst,SYSTEMS_ANALYSIS,ARCHITECTURE_ANALYSIS,medium,1,Manually curated semantic mapping from the title to the closest canonical leaf or plausible alternative leaves; repeated title patterns were applied consistently.
TITLE:29996,29996,ICT Engineer,HARDWARE_SUPPORT,SUPPORT,parent_only_proposal,SYSTEMS_ENGINEER | SUPPORT_ENGINEER,Computer Systems Engineer | IT Support Engineer,SYSTEMS_ARCHITECTURE | USER_APPLICATION_SUPPORT,ARCHITECTURE_ANALYSIS | SUPPORT,medium,1,Manually curated semantic mapping from the title to the closest canonical leaf or plausible alternative leaves; repeated title patterns were applied consistently.
TITLE:29997,29997,ICT Environment Manager,SERVICE_GOVERNANCE,IT_DELIVERY,parent_only_proposal,SUSTAINABLE_IT | IT_OPERATIONS_MANAGER,Sustainable IT Specialist | IT Operations Manager,SERVICE_GOVERNANCE | IT_MANAGEMENT,IT_DELIVERY,medium,1,Manually curated semantic mapping from the title to the closest canonical leaf or plausible alternative leaves; repeated title patterns were applied consistently.
TITLE:30000,30000,ICT Forensics Expert,SECURITY_OPERATIONS,SECURITY,parent_only_proposal,DIGITAL_FORENSICS,Digital Forensics Analyst,SECURITY_OPERATIONS,SECURITY,medium,1,Manually curated semantic mapping from the title to the closest canonical leaf or plausible alternative leaves; repeated title patterns were applied consistently.
TITLE:30008,30008,ICT Information Manager,SERVICE_GOVERNANCE,IT_DELIVERY,parent_only_proposal,IT_KNOWLEDGE_MANAGER | DATA_GOVERNANCE_SPECIALIST,IT Knowledge Manager | Data Governance and Stewardship Specialist,SERVICE_GOVERNANCE | DATA_ENGINEERING,IT_DELIVERY | DATA_AI,medium,1,Manually curated semantic mapping from the title to the closest canonical leaf or plausible alternative leaves; repeated title patterns were applied consistently.
TITLE:30009,30009,ICT Infrastructure Engineer,NETWORK_ENGINEERING,NETWORKS,parent_only_proposal,NETWORK_ENGINEER | SYSTEMS_ENGINEER,Network Engineer | Computer Systems Engineer,NETWORK_ENGINEERING | SYSTEMS_ARCHITECTURE,NETWORKS | ARCHITECTURE_ANALYSIS,medium,1,Manually curated semantic mapping from the title to the closest canonical leaf or plausible alternative leaves; repeated title patterns were applied consistently.
TITLE:30010,30010,ICT Innovation Manager,IT_MANAGEMENT,IT_DELIVERY,parent_only_proposal,IT_MANAGER | IT_PRODUCT_MANAGER,IT Manager | IT Product Manager,IT_MANAGEMENT | PROJECT_PRODUCT,IT_DELIVERY,medium,1,Manually curated semantic mapping from the title to the closest canonical leaf or plausible alternative leaves; repeated title patterns were applied consistently.
TITLE:30024,30024,ICT Performance Manager,SYSTEMS_OPERATIONS,PLATFORM_INFRASTRUCTURE,parent_only_proposal,IT_OPERATIONS_MANAGER | SYSTEM_ADMIN,IT Operations Manager | Systems Administrator,IT_MANAGEMENT | SYSTEMS_OPERATIONS,IT_DELIVERY | PLATFORM_INFRASTRUCTURE,medium,1,Manually curated semantic mapping from the title to the closest canonical leaf or plausible alternative leaves; repeated title patterns were applied consistently.
TITLE:30032,30032,ICT Program Manager,PROJECT_PRODUCT,IT_DELIVERY,parent_only_proposal,IT_PROJECT_MANAGER,IT Project Manager,PROJECT_PRODUCT,IT_DELIVERY,medium,1,Manually curated semantic mapping from the title to the closest canonical leaf or plausible alternative leaves; repeated title patterns were applied consistently.
TITLE:30037,30037,ICT Quality Manager,SERVICE_GOVERNANCE,IT_DELIVERY,parent_only_proposal,IT_QA_MANAGER,IT Quality Assurance Manager,SERVICE_GOVERNANCE,IT_DELIVERY,medium,1,Manually curated semantic mapping from the title to the closest canonical leaf or plausible alternative leaves; repeated title patterns were applied consistently.
TITLE:30038,30038,ICT Research Advisor,DATA_SCIENCE_RESEARCH,DATA_AI,parent_only_proposal,IT_CONSULTANT | COMPUTER_SCIENTIST,IT Consultant | Computer Research Scientist,SYSTEMS_ANALYSIS | DATA_SCIENCE_RESEARCH,ARCHITECTURE_ANALYSIS | DATA_AI,medium,1,Manually curated semantic mapping from the title to the closest canonical leaf or plausible alternative leaves; repeated title patterns were applied consistently.
TITLE:30039,30039,ICT Research Consultant,DATA_SCIENCE_RESEARCH,DATA_AI,parent_only_proposal,IT_CONSULTANT | COMPUTER_SCIENTIST,IT Consultant | Computer Research Scientist,SYSTEMS_ANALYSIS | DATA_SCIENCE_RESEARCH,ARCHITECTURE_ANALYSIS | DATA_AI,medium,1,Manually curated semantic mapping from the title to the closest canonical leaf or plausible alternative leaves; repeated title patterns were applied consistently.
TITLE:30041,30041,ICT Researcher,DATA_SCIENCE_RESEARCH,DATA_AI,parent_only_proposal,COMPUTER_SCIENTIST,Computer Research Scientist,DATA_SCIENCE_RESEARCH,DATA_AI,medium,1,Manually curated semantic mapping from the title to the closest canonical leaf or plausible alternative leaves; repeated title patterns were applied consistently.
TITLE:30043,30043,ICT Resilience Manager,SECURITY_GOVERNANCE,SECURITY,parent_only_proposal,DISASTER_RECOVERY | SECURITY_MANAGER,IT Disaster Recovery Specialist | Cybersecurity Manager,SYSTEMS_OPERATIONS | SECURITY_GOVERNANCE,PLATFORM_INFRASTRUCTURE | SECURITY,medium,1,Manually curated semantic mapping from the title to the closest canonical leaf or plausible alternative leaves; repeated title patterns were applied consistently.
TITLE:30047,30047,ICT Scientist,DATA_SCIENCE_RESEARCH,DATA_AI,parent_only_proposal,COMPUTER_SCIENTIST,Computer Research Scientist,DATA_SCIENCE_RESEARCH,DATA_AI,medium,1,Manually curated semantic mapping from the title to the closest canonical leaf or plausible alternative leaves; repeated title patterns were applied consistently.
TITLE:30049,30049,ICT Security Adviser,SECURITY_OPERATIONS,SECURITY,parent_only_proposal,SECURITY_CONSULTANT,Cybersecurity Consultant,SECURITY_GOVERNANCE,SECURITY,medium,1,Manually curated semantic mapping from the title to the closest canonical leaf or plausible alternative leaves; repeated title patterns were applied consistently.
TITLE:30052,30052,ICT Security Chief,SECURITY_OPERATIONS,SECURITY,parent_only_proposal,CISO | SECURITY_MANAGER,Chief Information Security Officer | Cybersecurity Manager,SECURITY_GOVERNANCE,SECURITY,medium,1,Manually curated semantic mapping from the title to the closest canonical leaf or plausible alternative leaves; repeated title patterns were applied consistently.
TITLE:30054,30054,ICT Security Officer,SECURITY_OPERATIONS,SECURITY,parent_only_proposal,SECURITY_GRC | SECURITY_ANALYST,Cybersecurity GRC Specialist | Cybersecurity Analyst,SECURITY_GOVERNANCE | SECURITY_OPERATIONS,SECURITY,medium,1,Manually curated semantic mapping from the title to the closest canonical leaf or plausible alternative leaves; repeated title patterns were applied consistently.
TITLE:30056,30056,ICT Security Technician,SECURITY_ENGINEERING,SECURITY,parent_only_proposal,SECURITY_ENGINEER | SECURITY_ADMIN,Security Engineer | Security Administrator,SECURITY_ENGINEERING,SECURITY,medium,1,Manually curated semantic mapping from the title to the closest canonical leaf or plausible alternative leaves; repeated title patterns were applied consistently.
TITLE:30062,30062,ICT Service Manager,SERVICE_GOVERNANCE,IT_DELIVERY,parent_only_proposal,SERVICE_DELIVERY_MANAGER,IT Service Delivery Manager,SERVICE_GOVERNANCE,IT_DELIVERY,medium,1,Manually curated semantic mapping from the title to the closest canonical leaf or plausible alternative leaves; repeated title patterns were applied consistently.
TITLE:30063,30063,ICT Service Owner,SERVICE_GOVERNANCE,IT_DELIVERY,parent_only_proposal,SERVICE_DELIVERY_MANAGER,IT Service Delivery Manager,SERVICE_GOVERNANCE,IT_DELIVERY,medium,1,Manually curated semantic mapping from the title to the closest canonical leaf or plausible alternative leaves; repeated title patterns were applied consistently.
TITLE:30070,30070,ICT Sustainability Systems Consultant,SERVICE_GOVERNANCE,IT_DELIVERY,parent_only_proposal,SUSTAINABLE_IT,Sustainable IT Specialist,SERVICE_GOVERNANCE,IT_DELIVERY,medium,1,Manually curated semantic mapping from the title to the closest canonical leaf or plausible alternative leaves; repeated title patterns were applied consistently.
TITLE:30071,30071,ICT Sysadmin,SYSTEMS_OPERATIONS,PLATFORM_INFRASTRUCTURE,parent_only_proposal,SYSTEM_ADMIN,Systems Administrator,SYSTEMS_OPERATIONS,PLATFORM_INFRASTRUCTURE,medium,1,Manually curated semantic mapping from the title to the closest canonical leaf or plausible alternative leaves; repeated title patterns were applied consistently.
TITLE:30076,30076,ICT System Developer,SOFTWARE_DEVELOPMENT,SOFTWARE,parent_only_proposal,APPLICATION_DEVELOPER | APPLICATION_DEVELOPER,Application Developer | Software Developer / Engineer (General),SOFTWARE_DEVELOPMENT,SOFTWARE,medium,1,Manually curated semantic mapping from the title to the closest canonical leaf or plausible alternative leaves; repeated title patterns were applied consistently.
TITLE:30080,30080,ICT Systems Manager,SYSTEMS_OPERATIONS,PLATFORM_INFRASTRUCTURE,parent_only_proposal,IT_OPERATIONS_MANAGER | SYSTEM_ADMIN,IT Operations Manager | Systems Administrator,IT_MANAGEMENT | SYSTEMS_OPERATIONS,IT_DELIVERY | PLATFORM_INFRASTRUCTURE,medium,1,Manually curated semantic mapping from the title to the closest canonical leaf or plausible alternative leaves; repeated title patterns were applied consistently.
TITLE:30083,30083,ICT Technical Security Expert,SECURITY_GOVERNANCE,SECURITY,parent_only_proposal,SECURITY_ENGINEER | SECURITY_CONSULTANT,Security Engineer | Cybersecurity Consultant,SECURITY_ENGINEERING | SECURITY_GOVERNANCE,SECURITY,medium,1,Manually curated semantic mapping from the title to the closest canonical leaf or plausible alternative leaves; repeated title patterns were applied consistently.
TITLE:30090,30090,ICT and Telecommunications Technicians Nec,HARDWARE_SUPPORT,SUPPORT,needs_it_duties,TELECOM_TECHNICIAN | COMPUTER_TECHNICIAN,Telecommunications Technician | Computer Hardware Technician,TELECOM_ENGINEERING | HARDWARE_SUPPORT,NETWORKS | SUPPORT,medium,1,Manually curated semantic mapping from the title to the closest canonical leaf or plausible alternative leaves; repeated title patterns were applied consistently.
TITLE:30108,30108,IT Administrator (information Technology Administrator),,,source_supported_proposal,SYSTEM_ADMIN | IT_GENERALIST,Systems Administrator | IT Generalist,SYSTEMS_OPERATIONS | USER_APPLICATION_SUPPORT,PLATFORM_INFRASTRUCTURE | SUPPORT,medium,1,Manually curated semantic mapping from the title to the closest canonical leaf or plausible alternative leaves; repeated title patterns were applied consistently.
TITLE:30109,30109,IT Advisor,SYSTEMS_ANALYSIS,ARCHITECTURE_ANALYSIS,parent_only_proposal,IT_GENERALIST,IT Generalist,USER_APPLICATION_SUPPORT,SUPPORT,medium,1,Manually curated semantic mapping from the title to the closest canonical leaf or plausible alternative leaves; repeated title patterns were applied consistently.
TITLE:30110,30110,IT Analyst (information Technology Analyst),,,source_supported_proposal,SYSTEMS_ANALYST | BUSINESS_ANALYST,Systems Analyst | IT Business Analyst,SYSTEMS_ANALYSIS,ARCHITECTURE_ANALYSIS,medium,1,Manually curated semantic mapping from the title to the closest canonical leaf or plausible alternative leaves; repeated title patterns were applied consistently.
TITLE:30111,30111,IT Architect (information Technology Architect),,,source_supported_proposal,ENTERPRISE_ARCHITECT | SOLUTION_ARCHITECT,Enterprise Architect | Solution Architect,SYSTEMS_ARCHITECTURE,ARCHITECTURE_ANALYSIS,medium,1,Manually curated semantic mapping from the title to the closest canonical leaf or plausible alternative leaves; repeated title patterns were applied consistently.
TITLE:30112,30112,IT Assistant,HARDWARE_SUPPORT,SUPPORT,parent_only_proposal,IT_GENERALIST | SUPPORT_ENGINEER,IT Generalist | IT Support Engineer,USER_APPLICATION_SUPPORT,SUPPORT,medium,1,Manually curated semantic mapping from the title to the closest canonical leaf or plausible alternative leaves; repeated title patterns were applied consistently.
TITLE:30113,30113,IT Associate (information Technology Associate),USER_APPLICATION_SUPPORT,SUPPORT,parent_only_proposal,IT_GENERALIST | SUPPORT_ENGINEER,IT Generalist | IT Support Engineer,USER_APPLICATION_SUPPORT,SUPPORT,medium,1,Manually curated semantic mapping from the title to the closest canonical leaf or plausible alternative leaves; repeated title patterns were applied consistently.
TITLE:30116,30116,IT Business Analysis Director,IT_MANAGEMENT,IT_DELIVERY,parent_only_proposal,BUSINESS_ANALYSIS_MANAGER,IT Business Analysis Manager,IT_MANAGEMENT,IT_DELIVERY,medium,1,Manually curated semantic mapping from the title to the closest canonical leaf or plausible alternative leaves; repeated title patterns were applied consistently.
TITLE:30117,30117,IT Business Analysis Manager,IT_MANAGEMENT,IT_DELIVERY,parent_only_proposal,BUSINESS_ANALYSIS_MANAGER,IT Business Analysis Manager,IT_MANAGEMENT,IT_DELIVERY,medium,1,Manually curated semantic mapping from the title to the closest canonical leaf or plausible alternative leaves; repeated title patterns were applied consistently.
TITLE:30122,30122,IT Capability Planner,SYSTEMS_OPERATIONS,PLATFORM_INFRASTRUCTURE,parent_only_proposal,SYSTEM_ADMIN | SYSTEMS_ANALYST,Systems Administrator | Systems Analyst,SYSTEMS_OPERATIONS | SYSTEMS_ANALYSIS,PLATFORM_INFRASTRUCTURE | ARCHITECTURE_ANALYSIS,medium,1,Manually curated semantic mapping from the title to the closest canonical leaf or plausible alternative leaves; repeated title patterns were applied consistently.
TITLE:30123,30123,IT Capacity Planner,SYSTEMS_OPERATIONS,PLATFORM_INFRASTRUCTURE,parent_only_proposal,SYSTEM_ADMIN | SYSTEMS_ANALYST,Systems Administrator | Systems Analyst,SYSTEMS_OPERATIONS | SYSTEMS_ANALYSIS,PLATFORM_INFRASTRUCTURE | ARCHITECTURE_ANALYSIS,medium,1,Manually curated semantic mapping from the title to the closest canonical leaf or plausible alternative leaves; repeated title patterns were applied consistently.
TITLE:30126,30126,IT Compatibility Tester,SOFTWARE_TESTING,SOFTWARE,parent_only_proposal,SOFTWARE_TESTER,Software Test Engineer,SOFTWARE_TESTING,SOFTWARE,medium,1,Manually curated semantic mapping from the title to the closest canonical leaf or plausible alternative leaves; repeated title patterns were applied consistently.
TITLE:30127,30127,IT Compliance Analyst (information Technology Compliance Analyst),,,non_it_source_collision,IT_COMPLIANCE_SPECIALIST | IT_AUDITOR,IT Compliance Specialist | IT Auditor,SECURITY_GOVERNANCE,SECURITY,medium,1,Manually curated semantic mapping from the title to the closest canonical leaf or plausible alternative leaves; repeated title patterns were applied consistently.
TITLE:30128,30128,IT Compliance Consultant,SYSTEMS_ANALYSIS,ARCHITECTURE_ANALYSIS,parent_only_proposal,IT_COMPLIANCE_SPECIALIST | IT_AUDITOR,IT Compliance Specialist | IT Auditor,SECURITY_GOVERNANCE,SECURITY,medium,1,Manually curated semantic mapping from the title to the closest canonical leaf or plausible alternative leaves; repeated title patterns were applied consistently.
TITLE:30129,30129,IT Compliance Manager,,,needs_it_duties,IT_COMPLIANCE_SPECIALIST | IT_AUDITOR,IT Compliance Specialist | IT Auditor,SECURITY_GOVERNANCE,SECURITY,medium,1,Manually curated semantic mapping from the title to the closest canonical leaf or plausible alternative leaves; repeated title patterns were applied consistently.
TITLE:30135,30135,IT Disaster Recovery Analyst,SYSTEMS_OPERATIONS,PLATFORM_INFRASTRUCTURE,parent_only_proposal,DISASTER_RECOVERY,IT Disaster Recovery Specialist,SYSTEMS_OPERATIONS,PLATFORM_INFRASTRUCTURE,medium,1,Manually curated semantic mapping from the title to the closest canonical leaf or plausible alternative leaves; repeated title patterns were applied consistently.
TITLE:30136,30136,IT Documentation Manager,TECHNICAL_ENABLEMENT,IT_ENABLEMENT,parent_only_proposal,DOCUMENTATION_MANAGER,IT Documentation Manager,TECHNICAL_ENABLEMENT,IT_ENABLEMENT,medium,1,Manually curated semantic mapping from the title to the closest canonical leaf or plausible alternative leaves; repeated title patterns were applied consistently.
TITLE:30137,30137,IT Engineer (information Technology Engineer),SYSTEMS_ARCHITECTURE,ARCHITECTURE_ANALYSIS,parent_only_proposal,SYSTEMS_ENGINEER | SUPPORT_ENGINEER,Computer Systems Engineer | IT Support Engineer,SYSTEMS_ARCHITECTURE | USER_APPLICATION_SUPPORT,ARCHITECTURE_ANALYSIS | SUPPORT,medium,1,Manually curated semantic mapping from the title to the closest canonical leaf or plausible alternative leaves; repeated title patterns were applied consistently.
TITLE:30138,30138,IT Engineering Technician,HARDWARE_ENGINEERING,COMPUTER_HARDWARE,parent_only_proposal,SYSTEMS_ENGINEER | SUPPORT_ENGINEER,Computer Systems Engineer | IT Support Engineer,SYSTEMS_ARCHITECTURE | USER_APPLICATION_SUPPORT,ARCHITECTURE_ANALYSIS | SUPPORT,medium,1,Manually curated semantic mapping from the title to the closest canonical leaf or plausible alternative leaves; repeated title patterns were applied consistently.
TITLE:30142,30142,IT Generalist (information Technology Generalist),USER_APPLICATION_SUPPORT,SUPPORT,parent_only_proposal,IT_GENERALIST | SUPPORT_ENGINEER,IT Generalist | IT Support Engineer,USER_APPLICATION_SUPPORT,SUPPORT,medium,1,Manually curated semantic mapping from the title to the closest canonical leaf or plausible alternative leaves; repeated title patterns were applied consistently.
TITLE:30151,30151,IT Information Manager,SERVICE_GOVERNANCE,IT_DELIVERY,parent_only_proposal,IT_KNOWLEDGE_MANAGER,IT Knowledge Manager,SERVICE_GOVERNANCE,IT_DELIVERY,medium,1,Manually curated semantic mapping from the title to the closest canonical leaf or plausible alternative leaves; repeated title patterns were applied consistently.
TITLE:30152,30152,IT Infrastructure Director (information Technology Infrastructure Director),IT_MANAGEMENT,IT_DELIVERY,parent_only_proposal,IT_OPERATIONS_MANAGER | IT_MANAGER,IT Operations Manager | IT Manager,IT_MANAGEMENT,IT_DELIVERY,medium,1,Manually curated semantic mapping from the title to the closest canonical leaf or plausible alternative leaves; repeated title patterns were applied consistently.
TITLE:30153,30153,IT Innovation Manager,IT_MANAGEMENT,IT_DELIVERY,parent_only_proposal,IT_MANAGER,IT Manager,IT_MANAGEMENT,IT_DELIVERY,medium,1,Manually curated semantic mapping from the title to the closest canonical leaf or plausible alternative leaves; repeated title patterns were applied consistently.
TITLE:30156,30156,IT Knowledge Manager,SERVICE_GOVERNANCE,IT_DELIVERY,parent_only_proposal,IT_KNOWLEDGE_MANAGER,IT Knowledge Manager,SERVICE_GOVERNANCE,IT_DELIVERY,medium,1,Manually curated semantic mapping from the title to the closest canonical leaf or plausible alternative leaves; repeated title patterns were applied consistently.
TITLE:30157,30157,IT Lab Tech (information Technology Laboratory Technician),,,unresolved,COMPUTER_TECHNICIAN,Computer Hardware Technician,HARDWARE_SUPPORT,SUPPORT,medium,1,Manually curated semantic mapping from the title to the closest canonical leaf or plausible alternative leaves; repeated title patterns were applied consistently.
TITLE:30161,30161,IT Officer,HARDWARE_SUPPORT,SUPPORT,parent_only_proposal,IT_GENERALIST | SUPPORT_ENGINEER,IT Generalist | IT Support Engineer,USER_APPLICATION_SUPPORT,SUPPORT,medium,1,Manually curated semantic mapping from the title to the closest canonical leaf or plausible alternative leaves; repeated title patterns were applied consistently.
TITLE:30163,30163,IT Performance Analyst (information Technology Performance Analyst),,,source_supported_proposal,SYSTEMS_ANALYST | IT_QA_MANAGER,Systems Analyst | IT Quality Assurance Manager,SYSTEMS_ANALYSIS | SERVICE_GOVERNANCE,ARCHITECTURE_ANALYSIS | IT_DELIVERY,medium,1,Manually curated semantic mapping from the title to the closest canonical leaf or plausible alternative leaves; repeated title patterns were applied consistently.
TITLE:30164,30164,IT Portfolio Manager (information Technology Portfolio Manager),IT_MANAGEMENT,IT_DELIVERY,parent_only_proposal,IT_MANAGER,IT Manager,IT_MANAGEMENT,IT_DELIVERY,medium,1,Manually curated semantic mapping from the title to the closest canonical leaf or plausible alternative leaves; repeated title patterns were applied consistently.
TITLE:30165,30165,IT Practice Manager,,,non_it_source_collision,IT_MANAGER,IT Manager,IT_MANAGEMENT,IT_DELIVERY,medium,1,Manually curated semantic mapping from the title to the closest canonical leaf or plausible alternative leaves; repeated title patterns were applied consistently.
TITLE:30168,30168,IT Process Manager,IT_MANAGEMENT,IT_DELIVERY,parent_only_proposal,IT_MANAGER,IT Manager,IT_MANAGEMENT,IT_DELIVERY,medium,1,Manually curated semantic mapping from the title to the closest canonical leaf or plausible alternative leaves; repeated title patterns were applied consistently.
TITLE:30171,30171,IT Program Manager (information Technology Program Manager),PROJECT_PRODUCT,IT_DELIVERY,parent_only_proposal,IT_PROJECT_MANAGER,IT Project Manager,PROJECT_PRODUCT,IT_DELIVERY,medium,1,Manually curated semantic mapping from the title to the closest canonical leaf or plausible alternative leaves; repeated title patterns were applied consistently.
TITLE:30172,30172,IT Programmer (information Technology Programmer),SOFTWARE_DEVELOPMENT,SOFTWARE,parent_only_proposal,COMPUTER_PROGRAMMER,Computer Programmer,SOFTWARE_DEVELOPMENT,SOFTWARE,medium,1,Manually curated semantic mapping from the title to the closest canonical leaf or plausible alternative leaves; repeated title patterns were applied consistently.
TITLE:30174,30174,IT Quality Appraiser,SECURITY_GOVERNANCE,SECURITY,parent_only_proposal,SOFTWARE_TESTER | IT_QA_MANAGER,Software Test Engineer | IT Quality Assurance Manager,SOFTWARE_TESTING | SERVICE_GOVERNANCE,SOFTWARE | IT_DELIVERY,medium,1,Manually curated semantic mapping from the title to the closest canonical leaf or plausible alternative leaves; repeated title patterns were applied consistently.
TITLE:30175,30175,IT Quality Assurance Manager,SOFTWARE_TESTING,SOFTWARE,parent_only_proposal,IT_QA_MANAGER,IT Quality Assurance Manager,SERVICE_GOVERNANCE,IT_DELIVERY,medium,1,Manually curated semantic mapping from the title to the closest canonical leaf or plausible alternative leaves; repeated title patterns were applied consistently.
TITLE:30176,30176,IT Quality Control Analyst (information Technology Quality Control Analyst),,,non_it_source_collision,SOFTWARE_TESTER | IT_QA_MANAGER,Software Test Engineer | IT Quality Assurance Manager,SOFTWARE_TESTING | SERVICE_GOVERNANCE,SOFTWARE | IT_DELIVERY,medium,1,Manually curated semantic mapping from the title to the closest canonical leaf or plausible alternative leaves; repeated title patterns were applied consistently.
TITLE:30177,30177,IT Repair Inspector,,,non_it_source_collision,COMPUTER_REPAIR | HARDWARE_TEST,Computer Repair Technician | Computer Hardware Test Technician,HARDWARE_SUPPORT | HARDWARE_ENGINEERING,SUPPORT | COMPUTER_HARDWARE,medium,1,Manually curated semantic mapping from the title to the closest canonical leaf or plausible alternative leaves; repeated title patterns were applied consistently.
TITLE:30178,30178,IT Research Advisor,DATA_SCIENCE_RESEARCH,DATA_AI,parent_only_proposal,COMPUTER_SCIENTIST,Computer Research Scientist,DATA_SCIENCE_RESEARCH,DATA_AI,medium,1,Manually curated semantic mapping from the title to the closest canonical leaf or plausible alternative leaves; repeated title patterns were applied consistently.
TITLE:30179,30179,IT Research Consultant,DATA_SCIENCE_RESEARCH,DATA_AI,parent_only_proposal,COMPUTER_SCIENTIST,Computer Research Scientist,DATA_SCIENCE_RESEARCH,DATA_AI,medium,1,Manually curated semantic mapping from the title to the closest canonical leaf or plausible alternative leaves; repeated title patterns were applied consistently.
TITLE:30180,30180,IT Research Manager,IT_MANAGEMENT,IT_DELIVERY,parent_only_proposal,IT_RESEARCH_MANAGER,IT Research Manager,IT_MANAGEMENT,IT_DELIVERY,medium,1,Manually curated semantic mapping from the title to the closest canonical leaf or plausible alternative leaves; repeated title patterns were applied consistently.
TITLE:30181,30181,IT Research Scientist,DATA_SCIENCE_RESEARCH,DATA_AI,parent_only_proposal,COMPUTER_SCIENTIST,Computer Research Scientist,DATA_SCIENCE_RESEARCH,DATA_AI,medium,1,Manually curated semantic mapping from the title to the closest canonical leaf or plausible alternative leaves; repeated title patterns were applied consistently.
TITLE:30182,30182,IT Research Specialist,DATA_SCIENCE_RESEARCH,DATA_AI,parent_only_proposal,COMPUTER_SCIENTIST,Computer Research Scientist,DATA_SCIENCE_RESEARCH,DATA_AI,medium,1,Manually curated semantic mapping from the title to the closest canonical leaf or plausible alternative leaves; repeated title patterns were applied consistently.
TITLE:30183,30183,IT Researcher,DATA_SCIENCE_RESEARCH,DATA_AI,parent_only_proposal,COMPUTER_SCIENTIST,Computer Research Scientist,DATA_SCIENCE_RESEARCH,DATA_AI,medium,1,Manually curated semantic mapping from the title to the closest canonical leaf or plausible alternative leaves; repeated title patterns were applied consistently.
TITLE:30184,30184,IT Resilience Analyst,SYSTEMS_OPERATIONS,PLATFORM_INFRASTRUCTURE,parent_only_proposal,DISASTER_RECOVERY,IT Disaster Recovery Specialist,SYSTEMS_OPERATIONS,PLATFORM_INFRASTRUCTURE,medium,1,Manually curated semantic mapping from the title to the closest canonical leaf or plausible alternative leaves; repeated title patterns were applied consistently.
TITLE:30185,30185,IT Resilience Manager,SECURITY_GOVERNANCE,SECURITY,parent_only_proposal,IT_GENERALIST,IT Generalist,USER_APPLICATION_SUPPORT,SUPPORT,medium,1,Manually curated semantic mapping from the title to the closest canonical leaf or plausible alternative leaves; repeated title patterns were applied consistently.
TITLE:30186,30186,IT Risk Specialist (information Technology Risk Specialist),SECURITY_OPERATIONS,SECURITY,parent_only_proposal,SECURITY_GRC,Cybersecurity GRC Specialist,SECURITY_GOVERNANCE,SECURITY,medium,1,Manually curated semantic mapping from the title to the closest canonical leaf or plausible alternative leaves; repeated title patterns were applied consistently.
TITLE:30188,30188,IT Scientist,DATA_SCIENCE_RESEARCH,DATA_AI,parent_only_proposal,COMPUTER_SCIENTIST,Computer Research Scientist,DATA_SCIENCE_RESEARCH,DATA_AI,medium,1,Manually curated semantic mapping from the title to the closest canonical leaf or plausible alternative leaves; repeated title patterns were applied consistently.
TITLE:30189,30189,IT Security Administrator,SECURITY_ENGINEERING,SECURITY,parent_only_proposal,SECURITY_ADMIN,Security Administrator,SECURITY_ENGINEERING,SECURITY,medium,1,Manually curated semantic mapping from the title to the closest canonical leaf or plausible alternative leaves; repeated title patterns were applied consistently.
TITLE:30190,30190,IT Security Advisor,SECURITY_OPERATIONS,SECURITY,parent_only_proposal,SECURITY_CONSULTANT,Cybersecurity Consultant,SECURITY_GOVERNANCE,SECURITY,medium,1,Manually curated semantic mapping from the title to the closest canonical leaf or plausible alternative leaves; repeated title patterns were applied consistently.
TITLE:30191,30191,IT Security Analyst (information Technology Security Analyst),SECURITY_OPERATIONS,SECURITY,parent_only_proposal,SECURITY_ANALYST,Cybersecurity Analyst,SECURITY_OPERATIONS,SECURITY,medium,1,Manually curated semantic mapping from the title to the closest canonical leaf or plausible alternative leaves; repeated title patterns were applied consistently.
TITLE:30192,30192,IT Security Chief,SECURITY_GOVERNANCE,SECURITY,parent_only_proposal,SECURITY_MANAGER | CISO,Cybersecurity Manager | Chief Information Security Officer,SECURITY_GOVERNANCE,SECURITY,medium,1,Manually curated semantic mapping from the title to the closest canonical leaf or plausible alternative leaves; repeated title patterns were applied consistently.
TITLE:30193,30193,IT Security Consultant,SECURITY_OPERATIONS,SECURITY,parent_only_proposal,SECURITY_CONSULTANT,Cybersecurity Consultant,SECURITY_GOVERNANCE,SECURITY,medium,1,Manually curated semantic mapping from the title to the closest canonical leaf or plausible alternative leaves; repeated title patterns were applied consistently.
TITLE:30194,30194,IT Security Developer,SOFTWARE_DEVELOPMENT,SOFTWARE,parent_only_proposal,APPSEC_ENGINEER | APPLICATION_DEVELOPER,Application Security Engineer | Software Developer / Engineer (General),SECURITY_ENGINEERING | SOFTWARE_DEVELOPMENT,SECURITY | SOFTWARE,medium,1,Manually curated semantic mapping from the title to the closest canonical leaf or plausible alternative leaves; repeated title patterns were applied consistently.
TITLE:30196,30196,IT Security Expert,SECURITY_OPERATIONS,SECURITY,parent_only_proposal,SECURITY_CONSULTANT,Cybersecurity Consultant,SECURITY_GOVERNANCE,SECURITY,medium,1,Manually curated semantic mapping from the title to the closest canonical leaf or plausible alternative leaves; repeated title patterns were applied consistently.
TITLE:30197,30197,IT Security Manager,SECURITY_GOVERNANCE,SECURITY,parent_only_proposal,SECURITY_MANAGER | CISO,Cybersecurity Manager | Chief Information Security Officer,SECURITY_GOVERNANCE,SECURITY,medium,1,Manually curated semantic mapping from the title to the closest canonical leaf or plausible alternative leaves; repeated title patterns were applied consistently.
TITLE:30198,30198,IT Security Officer,,,source_supported_proposal,SECURITY_GRC | SECURITY_ANALYST,Cybersecurity GRC Specialist | Cybersecurity Analyst,SECURITY_GOVERNANCE | SECURITY_OPERATIONS,SECURITY,medium,1,Manually curated semantic mapping from the title to the closest canonical leaf or plausible alternative leaves; repeated title patterns were applied consistently.
TITLE:30202,30202,IT Specialist (information Technology Specialist),USER_APPLICATION_SUPPORT,SUPPORT,parent_only_proposal,IT_GENERALIST | SUPPORT_ENGINEER,IT Generalist | IT Support Engineer,USER_APPLICATION_SUPPORT,SUPPORT,medium,1,Manually curated semantic mapping from the title to the closest canonical leaf or plausible alternative leaves; repeated title patterns were applied consistently.
TITLE:30205,30205,IT Supervisor (information Technology Supervisor),PROJECT_PRODUCT,IT_DELIVERY,parent_only_proposal,IT_MANAGER | SERVICE_DELIVERY_MANAGER,IT Manager | IT Service Delivery Manager,IT_MANAGEMENT | SERVICE_GOVERNANCE,IT_DELIVERY,medium,1,Manually curated semantic mapping from the title to the closest canonical leaf or plausible alternative leaves; repeated title patterns were applied consistently.
TITLE:30214,30214,IT System Developer,SOFTWARE_DEVELOPMENT,SOFTWARE,parent_only_proposal,APPLICATION_DEVELOPER,Software Developer / Engineer (General),SOFTWARE_DEVELOPMENT,SOFTWARE,medium,1,Manually curated semantic mapping from the title to the closest canonical leaf or plausible alternative leaves; repeated title patterns were applied consistently.
TITLE:30219,30219,IT Technician,HARDWARE_SUPPORT,SUPPORT,parent_only_proposal,COMPUTER_TECHNICIAN,Computer Hardware Technician,HARDWARE_SUPPORT,SUPPORT,medium,1,Manually curated semantic mapping from the title to the closest canonical leaf or plausible alternative leaves; repeated title patterns were applied consistently.
TITLE:30220,30220,IT Test Analyst,SOFTWARE_TESTING,SOFTWARE,parent_only_proposal,SOFTWARE_TESTER,Software Test Engineer,SOFTWARE_TESTING,SOFTWARE,medium,1,Manually curated semantic mapping from the title to the closest canonical leaf or plausible alternative leaves; repeated title patterns were applied consistently.
TITLE:30675,30675,Industrial Mobile Devices Software Coder,SOFTWARE_DEVELOPMENT,SOFTWARE,parent_only_proposal,EMBEDDED_DEVELOPER | MOBILE_DEVELOPER,Embedded Software Developer | Mobile Application Developer,SPECIALIZED_DEVELOPMENT | SOFTWARE_DEVELOPMENT,SOFTWARE,medium,1,Software for industrial mobile/embedded devices.
TITLE:30838,30838,Information Architect,,,source_supported_proposal,ENTERPRISE_ARCHITECT | UX_DESIGNER | DATA_ARCHITECT,Enterprise Architect | User Experience Designer | Data Architect,SYSTEMS_ARCHITECTURE | DIGITAL_EXPERIENCE | DATA_ENGINEERING,ARCHITECTURE_ANALYSIS | DIGITAL_DESIGN | DATA_AI,medium,1,Manually curated semantic mapping from the title to the closest canonical leaf or plausible alternative leaves; repeated title patterns were applied consistently.
TITLE:30840,30840,Information Assurance Analyst,SECURITY_OPERATIONS,SECURITY,parent_only_proposal,SECURITY_GRC | SECURITY_ANALYST,Cybersecurity GRC Specialist | Cybersecurity Analyst,SECURITY_GOVERNANCE | SECURITY_OPERATIONS,SECURITY,medium,1,Manually curated semantic mapping from the title to the closest canonical leaf or plausible alternative leaves; repeated title patterns were applied consistently.
TITLE:30841,30841,Information Assurance Engineer,SECURITY_ENGINEERING,SECURITY,parent_only_proposal,SECURITY_ENGINEER | SECURITY_GRC,Security Engineer | Cybersecurity GRC Specialist,SECURITY_ENGINEERING | SECURITY_GOVERNANCE,SECURITY,medium,1,Manually curated semantic mapping from the title to the closest canonical leaf or plausible alternative leaves; repeated title patterns were applied consistently.
TITLE:30848,30848,Information Communications Technology Security Consultant,SECURITY_OPERATIONS,SECURITY,parent_only_proposal,SECURITY_CONSULTANT,Cybersecurity Consultant,SECURITY_GOVERNANCE,SECURITY,medium,1,Manually curated semantic mapping from the title to the closest canonical leaf or plausible alternative leaves; repeated title patterns were applied consistently.
TITLE:30851,30851,Information Engineer,,,source_supported_proposal,KNOWLEDGE_ENGINEER | DATA_ARCHITECT,Knowledge Engineer | Data Architect,AI_ENGINEERING | DATA_ENGINEERING,DATA_AI,medium,1,Manually curated semantic mapping from the title to the closest canonical leaf or plausible alternative leaves; repeated title patterns were applied consistently.
TITLE:30852,30852,Information Forensics Expert,SECURITY_OPERATIONS,SECURITY,parent_only_proposal,DIGITAL_FORENSICS,Digital Forensics Analyst,SECURITY_OPERATIONS,SECURITY,medium,1,Manually curated semantic mapping from the title to the closest canonical leaf or plausible alternative leaves; repeated title patterns were applied consistently.
TITLE:30866,30866,Information Security Consultant,SECURITY_ENGINEERING,SECURITY,unresolved,SECURITY_CONSULTANT,Cybersecurity Consultant,SECURITY_GOVERNANCE,SECURITY,medium,1,Manually curated semantic mapping from the title to the closest canonical leaf or plausible alternative leaves; repeated title patterns were applied consistently.
TITLE:30868,30868,Information Security Implement,SECURITY_ENGINEERING,SECURITY,parent_only_proposal,SECURITY_ENGINEER,Security Engineer,SECURITY_ENGINEERING,SECURITY,medium,1,Manually curated semantic mapping from the title to the closest canonical leaf or plausible alternative leaves; repeated title patterns were applied consistently.
TITLE:30871,30871,Information Security Officer,,,source_supported_proposal,SECURITY_GRC | SECURITY_MANAGER,Cybersecurity GRC Specialist | Cybersecurity Manager,SECURITY_GOVERNANCE,SECURITY,medium,1,Manually curated semantic mapping from the title to the closest canonical leaf or plausible alternative leaves; repeated title patterns were applied consistently.
TITLE:30873,30873,Information Security Specialist,SECURITY_OPERATIONS,SECURITY,parent_only_proposal,SECURITY_SPECIALIST_GENERAL | SECURITY_GRC,Cybersecurity Specialist (General) | Cybersecurity GRC Specialist,SECURITY_OPERATIONS | SECURITY_GOVERNANCE,SECURITY,medium,1,Manually curated semantic mapping from the title to the closest canonical leaf or plausible alternative leaves; repeated title patterns were applied consistently.
TITLE:30881,30881,Information Systems Auditor,,,non_it_source_collision,IT_AUDITOR,IT Auditor,SECURITY_GOVERNANCE,SECURITY,medium,1,Manually curated semantic mapping from the title to the closest canonical leaf or plausible alternative leaves; repeated title patterns were applied consistently.
TITLE:30882,30882,Information Systems Consultant (IS Consultant),SYSTEMS_ANALYSIS,ARCHITECTURE_ANALYSIS,parent_only_proposal,IT_CONSULTANT | SYSTEMS_ANALYST,IT Consultant | Systems Analyst,SYSTEMS_ANALYSIS,ARCHITECTURE_ANALYSIS,medium,1,Manually curated semantic mapping from the title to the closest canonical leaf or plausible alternative leaves; repeated title patterns were applied consistently.
TITLE:30883,30883,Information Systems Coordinator (IS Coordinator),,,unresolved,SYSTEM_ADMIN | IT_PROJECT_MANAGER,Systems Administrator | IT Project Manager,SYSTEMS_OPERATIONS | PROJECT_PRODUCT,PLATFORM_INFRASTRUCTURE | IT_DELIVERY,medium,1,Manually curated semantic mapping from the title to the closest canonical leaf or plausible alternative leaves; repeated title patterns were applied consistently.
TITLE:30885,30885,Information Systems Engineer,SYSTEMS_ARCHITECTURE,ARCHITECTURE_ANALYSIS,parent_only_proposal,SYSTEMS_ENGINEER,Computer Systems Engineer,SYSTEMS_ARCHITECTURE,ARCHITECTURE_ANALYSIS,medium,1,Manually curated semantic mapping from the title to the closest canonical leaf or plausible alternative leaves; repeated title patterns were applied consistently.
TITLE:30887,30887,Information Systems Operator,,,source_supported_proposal,COMPUTER_OPERATOR | SYSTEM_ADMIN,Computer and Systems Operator | Systems Administrator,SYSTEMS_OPERATIONS,PLATFORM_INFRASTRUCTURE,medium,1,Manually curated semantic mapping from the title to the closest canonical leaf or plausible alternative leaves; repeated title patterns were applied consistently.
TITLE:30888,30888,Information Systems Planner (IS Planner),,,source_supported_proposal,SYSTEMS_ANALYST | IT_PROJECT_MANAGER,Systems Analyst | IT Project Manager,SYSTEMS_ANALYSIS | PROJECT_PRODUCT,ARCHITECTURE_ANALYSIS | IT_DELIVERY,medium,1,Manually curated semantic mapping from the title to the closest canonical leaf or plausible alternative leaves; repeated title patterns were applied consistently.
TITLE:30890,30890,Information Systems Project Manager (IS Project Manager),PROJECT_PRODUCT,IT_DELIVERY,parent_only_proposal,IT_PROJECT_MANAGER,IT Project Manager,PROJECT_PRODUCT,IT_DELIVERY,high,1,Information-systems project management role.
TITLE:30892,30892,Information Systems Security Officer (ISSO),SECURITY_OPERATIONS,SECURITY,parent_only_proposal,SECURITY_GRC | SECURITY_MANAGER,Cybersecurity GRC Specialist | Cybersecurity Manager,SECURITY_GOVERNANCE,SECURITY,high,1,Information systems security officer is primarily governance/assurance.
TITLE:30893,30893,Information Systems Security Scientist,,,unresolved,SECURITY_ENGINEER | COMPUTER_SCIENTIST,Security Engineer | Computer Research Scientist,SECURITY_ENGINEERING | DATA_SCIENCE_RESEARCH,SECURITY | DATA_AI,medium,1,Manually curated semantic mapping from the title to the closest canonical leaf or plausible alternative leaves; repeated title patterns were applied consistently.
TITLE:30894,30894,Information Systems Specialist (IS Specialist),SYSTEMS_ANALYSIS,ARCHITECTURE_ANALYSIS,parent_only_proposal,SYSTEMS_SPECIALIST_GENERAL | SYSTEMS_ANALYST,Systems Specialist (General) | Systems Analyst,SYSTEMS_ANALYSIS,ARCHITECTURE_ANALYSIS,medium,1,Manually curated semantic mapping from the title to the closest canonical leaf or plausible alternative leaves; repeated title patterns were applied consistently.
TITLE:30895,30895,Information Systems Supervisor (IS Supervisor),IT_MANAGEMENT,IT_DELIVERY,parent_only_proposal,IT_MANAGER | IT_OPERATIONS_MANAGER,IT Manager | IT Operations Manager,IT_MANAGEMENT,IT_DELIVERY,medium,1,Manually curated semantic mapping from the title to the closest canonical leaf or plausible alternative leaves; repeated title patterns were applied consistently.
TITLE:30896,30896,Information Systems Technician,HARDWARE_SUPPORT,SUPPORT,parent_only_proposal,COMPUTER_TECHNICIAN | NETWORK_TECHNICIAN,Computer Hardware Technician | Network Technician,HARDWARE_SUPPORT | NETWORK_ENGINEERING,SUPPORT | NETWORKS,medium,1,Manually curated semantic mapping from the title to the closest canonical leaf or plausible alternative leaves; repeated title patterns were applied consistently.
TITLE:30899,30899,Information Technology Audit Manager,SECURITY_GOVERNANCE,SECURITY,parent_only_proposal,IT_AUDITOR,IT Auditor,SECURITY_GOVERNANCE,SECURITY,medium,1,Manually curated semantic mapping from the title to the closest canonical leaf or plausible alternative leaves; repeated title patterns were applied consistently.
TITLE:30900,30900,Information Technology Auditor,SECURITY_GOVERNANCE,SECURITY,parent_only_proposal,IT_AUDITOR,IT Auditor,SECURITY_GOVERNANCE,SECURITY,medium,1,Manually curated semantic mapping from the title to the closest canonical leaf or plausible alternative leaves; repeated title patterns were applied consistently.
TITLE:30902,30902,Information Technology Coordinator (IT Coordinator),IT_MANAGEMENT,IT_DELIVERY,parent_only_proposal,IT_MANAGER | IT_PROJECT_MANAGER,IT Manager | IT Project Manager,IT_MANAGEMENT | PROJECT_PRODUCT,IT_DELIVERY,medium,1,Manually curated semantic mapping from the title to the closest canonical leaf or plausible alternative leaves; repeated title patterns were applied consistently.
TITLE:30904,30904,Information Technology Expert,,,non_it_source_collision,IT_GENERALIST | SYSTEMS_SPECIALIST_GENERAL,IT Generalist | Systems Specialist (General),USER_APPLICATION_SUPPORT | SYSTEMS_ANALYSIS,SUPPORT | ARCHITECTURE_ANALYSIS,medium,1,Manually curated semantic mapping from the title to the closest canonical leaf or plausible alternative leaves; repeated title patterns were applied consistently.
TITLE:30908,30908,Information Technology Operations Analyst (IT Operations Analyst),NETWORK_ENGINEERING,NETWORKS,parent_only_proposal,SYSTEM_ADMIN | NETWORK_ADMIN,Systems Administrator | Network Administrator,SYSTEMS_OPERATIONS | NETWORK_ENGINEERING,PLATFORM_INFRASTRUCTURE | NETWORKS,medium,1,Manually curated semantic mapping from the title to the closest canonical leaf or plausible alternative leaves; repeated title patterns were applied consistently.
TITLE:30912,30912,Information Technology Security Specialist (IT Security Specialist),,,unresolved,SECURITY_SPECIALIST_GENERAL | SECURITY_GRC,Cybersecurity Specialist (General) | Cybersecurity GRC Specialist,SECURITY_OPERATIONS | SECURITY_GOVERNANCE,SECURITY,medium,1,Manually curated semantic mapping from the title to the closest canonical leaf or plausible alternative leaves; repeated title patterns were applied consistently.
TITLE:30914,30914,Information Transport Systems Technician,,,unresolved,COMPUTER_TECHNICIAN | NETWORK_TECHNICIAN,Computer Hardware Technician | Network Technician,HARDWARE_SUPPORT | NETWORK_ENGINEERING,SUPPORT | NETWORKS,medium,1,Manually curated semantic mapping from the title to the closest canonical leaf or plausible alternative leaves; repeated title patterns were applied consistently.
TITLE:31365,31365,Integrated Circuit Design Engineer (IC Design Engineer),,,non_it_source_collision,HARDWARE_ENGINEER | EMBEDDED_DESIGNER,Computer Hardware Engineer | Embedded System Designer,HARDWARE_ENGINEERING,COMPUTER_HARDWARE,medium,1,Manually curated semantic mapping from the title to the closest canonical leaf or plausible alternative leaves; repeated title patterns were applied consistently.
TITLE:31366,31366,Integrated Circuit Designer,,,non_it_source_collision,HARDWARE_ENGINEER | EMBEDDED_DESIGNER,Computer Hardware Engineer | Embedded System Designer,HARDWARE_ENGINEERING,COMPUTER_HARDWARE,medium,1,Manually curated semantic mapping from the title to the closest canonical leaf or plausible alternative leaves; repeated title patterns were applied consistently.
TITLE:31367,31367,Integrated Circuit Engineer,,,non_it_source_collision,HARDWARE_ENGINEER | EMBEDDED_DESIGNER,Computer Hardware Engineer | Embedded System Designer,HARDWARE_ENGINEERING,COMPUTER_HARDWARE,medium,1,Manually curated semantic mapping from the title to the closest canonical leaf or plausible alternative leaves; repeated title patterns were applied consistently.
TITLE:31431,31431,Interactive Digital Media Specialist,,,non_it_source_collision,UX_DESIGNER | UI_DESIGNER | WEB_DESIGNER,User Experience Designer | User Interface Designer | Web Designer,DIGITAL_EXPERIENCE,DIGITAL_DESIGN,medium,1,Manually curated semantic mapping from the title to the closest canonical leaf or plausible alternative leaves; repeated title patterns were applied consistently.
TITLE:31694,31694,Internet Analyst,SYSTEMS_ANALYSIS,ARCHITECTURE_ANALYSIS,unresolved,SYSTEMS_ANALYST | WEB_ADMIN,Systems Analyst | Web Administrator,SYSTEMS_ANALYSIS | SYSTEMS_OPERATIONS,ARCHITECTURE_ANALYSIS | PLATFORM_INFRASTRUCTURE,medium,1,Manually curated semantic mapping from the title to the closest canonical leaf or plausible alternative leaves; repeated title patterns were applied consistently.
TITLE:31699,31699,Internet Consultant,SOFTWARE_DEVELOPMENT,SOFTWARE,parent_only_proposal,IT_CONSULTANT | WEB_DEVELOPER,IT Consultant | Web Developer,SYSTEMS_ANALYSIS | SOFTWARE_DEVELOPMENT,ARCHITECTURE_ANALYSIS | SOFTWARE,medium,1,Manually curated semantic mapping from the title to the closest canonical leaf or plausible alternative leaves; repeated title patterns were applied consistently.
TITLE:31700,31700,Internet Database Specialist,DATABASE_ENGINEERING,DATA_AI,parent_only_proposal,DATABASE_ADMIN | DATABASE_ARCHITECT,Database Administrator | Database Architect,DATABASE_ENGINEERING,DATA_AI,medium,1,Manually curated semantic mapping from the title to the closest canonical leaf or plausible alternative leaves; repeated title patterns were applied consistently.
TITLE:31702,31702,Internet E-commerce Specialist (internet Electronic Commerce Specialist),,,non_it_source_collision,OUTSIDE_IT_SCOPE,Outside IT Scope,OUTSIDE_SCOPE,EXCLUSIONS,high,0,Manually curated semantic mapping from the title to the closest canonical leaf or plausible alternative leaves; repeated title patterns were applied consistently.
TITLE:31711,31711,Internet Programmer,SOFTWARE_DEVELOPMENT,SOFTWARE,parent_only_proposal,WEB_DEVELOPER | COMPUTER_PROGRAMMER,Web Developer | Computer Programmer,SOFTWARE_DEVELOPMENT,SOFTWARE,medium,1,Manually curated semantic mapping from the title to the closest canonical leaf or plausible alternative leaves; repeated title patterns were applied consistently.
TITLE:31714,31714,Internet Security Specialist,SECURITY_OPERATIONS,SECURITY,parent_only_proposal,SECURITY_SPECIALIST_GENERAL,Cybersecurity Specialist (General),SECURITY_OPERATIONS,SECURITY,medium,1,Manually curated semantic mapping from the title to the closest canonical leaf or plausible alternative leaves; repeated title patterns were applied consistently.
TITLE:31715,31715,Internet Site Designer,,,source_supported_proposal,WEB_DESIGNER,Web Designer,DIGITAL_EXPERIENCE,DIGITAL_DESIGN,medium,1,Manually curated semantic mapping from the title to the closest canonical leaf or plausible alternative leaves; repeated title patterns were applied consistently.
TITLE:31716,31716,Internet Specialist,,,source_supported_proposal,WEB_DEVELOPER | NETWORK_SUPPORT | WEB_ADMIN,Web Developer | Network Support Specialist | Web Administrator,SOFTWARE_DEVELOPMENT | NETWORK_ENGINEERING | SYSTEMS_OPERATIONS,SOFTWARE | NETWORKS | PLATFORM_INFRASTRUCTURE,medium,1,Manually curated semantic mapping from the title to the closest canonical leaf or plausible alternative leaves; repeated title patterns were applied consistently.
TITLE:31718,31718,Internet Technology Manager,IT_MANAGEMENT,IT_DELIVERY,parent_only_proposal,IT_MANAGER | IT_OPERATIONS_MANAGER,IT Manager | IT Operations Manager,IT_MANAGEMENT,IT_DELIVERY,medium,1,Manually curated semantic mapping from the title to the closest canonical leaf or plausible alternative leaves; repeated title patterns were applied consistently.
TITLE:31990,31990,Java Developer,SOFTWARE_DEVELOPMENT,SOFTWARE,parent_only_proposal,APPLICATION_DEVELOPER | BACKEND_DEVELOPER,Software Developer / Engineer (General) | Backend Developer,SOFTWARE_DEVELOPMENT,SOFTWARE,medium,1,Manually curated semantic mapping from the title to the closest canonical leaf or plausible alternative leaves; repeated title patterns were applied consistently.
TITLE:31991,31991,Java Programmer,SOFTWARE_DEVELOPMENT,SOFTWARE,parent_only_proposal,COMPUTER_PROGRAMMER | BACKEND_DEVELOPER,Computer Programmer | Backend Developer,SOFTWARE_DEVELOPMENT,SOFTWARE,medium,1,Manually curated semantic mapping from the title to the closest canonical leaf or plausible alternative leaves; repeated title patterns were applied consistently.
TITLE:31993,31993,Java Software Engineer,SOFTWARE_DEVELOPMENT,SOFTWARE,parent_only_proposal,APPLICATION_DEVELOPER | BACKEND_DEVELOPER,Software Developer / Engineer (General) | Backend Developer,SOFTWARE_DEVELOPMENT,SOFTWARE,medium,1,Manually curated semantic mapping from the title to the closest canonical leaf or plausible alternative leaves; repeated title patterns were applied consistently.
TITLE:31994,31994,Javascript Developer,SOFTWARE_DEVELOPMENT,SOFTWARE,parent_only_proposal,FRONTEND_DEVELOPER | WEB_DEVELOPER,Frontend Developer | Web Developer,SOFTWARE_DEVELOPMENT,SOFTWARE,medium,1,Manually curated semantic mapping from the title to the closest canonical leaf or plausible alternative leaves; repeated title patterns were applied consistently.
TITLE:32274,32274,Jquery Developer,SOFTWARE_DEVELOPMENT,SOFTWARE,parent_only_proposal,FRONTEND_DEVELOPER | WEB_DEVELOPER,Frontend Developer | Web Developer,SOFTWARE_DEVELOPMENT,SOFTWARE,medium,1,Manually curated semantic mapping from the title to the closest canonical leaf or plausible alternative leaves; repeated title patterns were applied consistently.
TITLE:32653,32653,Knowledge Management Application Developer,SOFTWARE_DEVELOPMENT,SOFTWARE,parent_only_proposal,APPLICATION_DEVELOPER | APPLICATION_DEVELOPER,Application Developer | Software Developer / Engineer (General),SOFTWARE_DEVELOPMENT,SOFTWARE,medium,1,Manually curated semantic mapping from the title to the closest canonical leaf or plausible alternative leaves; repeated title patterns were applied consistently.
TITLE:33767,33767,Legal Digital Analyst,SECURITY_OPERATIONS,SECURITY,parent_only_proposal,DIGITAL_FORENSICS | DATA_ANALYST,Digital Forensics Analyst | Data Analyst,SECURITY_OPERATIONS | DATA_ANALYSIS,SECURITY | DATA_AI,low,1,Manually curated semantic mapping from the title to the closest canonical leaf or plausible alternative leaves; repeated title patterns were applied consistently.
TITLE:35132,35132,Lotus Notes Developer,SOFTWARE_DEVELOPMENT,SOFTWARE,unresolved,APPLICATION_DEVELOPER,Application Developer,SOFTWARE_DEVELOPMENT,SOFTWARE,medium,1,Manually curated semantic mapping from the title to the closest canonical leaf or plausible alternative leaves; repeated title patterns were applied consistently.
TITLE:36193,36193,Marine Electronic Networks Electrician,NETWORK_ENGINEERING,NETWORKS,non_it_source_collision,NETWORK_TECHNICIAN | TELECOM_TECHNICIAN,Network Technician | Telecommunications Technician,NETWORK_ENGINEERING | TELECOM_ENGINEERING,NETWORKS,low,1,Manually curated semantic mapping from the title to the closest canonical leaf or plausible alternative leaves; repeated title patterns were applied consistently.
TITLE:36425,36425,Marketing Database Analyst,DATA_ANALYSIS,DATA_AI,parent_only_proposal,DATA_ANALYST | DATABASE_ADMIN,Data Analyst | Database Administrator,DATA_ANALYSIS | DATABASE_ENGINEERING,DATA_AI,medium,1,Manually curated semantic mapping from the title to the closest canonical leaf or plausible alternative leaves; repeated title patterns were applied consistently.
TITLE:37938,37938,Micro Computer Data Processor,,,non_it_source_collision,OUTSIDE_IT_SCOPE,Outside IT Scope,OUTSIDE_SCOPE,EXCLUSIONS,high,0,Manually classified as outside the operational IT occupation scope.
TITLE:37939,37939,Micro Computer Specialist,USER_APPLICATION_SUPPORT,SUPPORT,parent_only_proposal,IT_GENERALIST | DESKTOP_SUPPORT,IT Generalist | Desktop Support Specialist,USER_APPLICATION_SUPPORT,SUPPORT,medium,1,Manually curated semantic mapping from the title to the closest canonical leaf or plausible alternative leaves; repeated title patterns were applied consistently.
TITLE:38544,38544,Mobile App Specialist,SOFTWARE_DEVELOPMENT,SOFTWARE,parent_only_proposal,MOBILE_DEVELOPER,Mobile Application Developer,SOFTWARE_DEVELOPMENT,SOFTWARE,medium,1,Manually curated semantic mapping from the title to the closest canonical leaf or plausible alternative leaves; repeated title patterns were applied consistently.
TITLE:38553,38553,Mobile Device Developer,SOFTWARE_DEVELOPMENT,SOFTWARE,parent_only_proposal,MOBILE_DEVELOPER,Mobile Application Developer,SOFTWARE_DEVELOPMENT,SOFTWARE,medium,1,Manually curated semantic mapping from the title to the closest canonical leaf or plausible alternative leaves; repeated title patterns were applied consistently.
TITLE:38554,38554,Mobile Device Engineer,,,non_it_source_collision,HARDWARE_ENGINEER | EMBEDDED_DESIGNER,Computer Hardware Engineer | Embedded System Designer,HARDWARE_ENGINEERING,COMPUTER_HARDWARE,medium,1,Manually curated semantic mapping from the title to the closest canonical leaf or plausible alternative leaves; repeated title patterns were applied consistently.
TITLE:39357,39357,Multimedia Developer,SOFTWARE_DEVELOPMENT,SOFTWARE,unresolved,WEB_DEVELOPER | FRONTEND_DEVELOPER,Web Developer | Frontend Developer,SOFTWARE_DEVELOPMENT,SOFTWARE,medium,1,Manually curated semantic mapping from the title to the closest canonical leaf or plausible alternative leaves; repeated title patterns were applied consistently.
TITLE:39785,39785,Naval Tactical Data System--combat Information Center Officer,,,non_it_source_collision,OUTSIDE_IT_SCOPE,Outside IT Scope,OUTSIDE_SCOPE,EXCLUSIONS,high,0,Military/intelligence occupation; excluded from civilian IT recommender taxonomy.
TITLE:39786,39786,"Naval Tactical Data System--combat Information Center Watch Officer, Carrier Controlled Approach Controller",,,non_it_source_collision,OUTSIDE_IT_SCOPE,Outside IT Scope,OUTSIDE_SCOPE,EXCLUSIONS,high,0,Military/intelligence occupation; excluded from civilian IT recommender taxonomy.
TITLE:39797,39797,Navy Command and Control System (NCCS) Ashore System/operator,,,non_it_source_collision,OUTSIDE_IT_SCOPE,Outside IT Scope,OUTSIDE_SCOPE,EXCLUSIONS,high,0,Military/intelligence occupation; excluded from civilian IT recommender taxonomy.
TITLE:39899,39899,Network Applications Specialist,NETWORK_ENGINEERING,NETWORKS,parent_only_proposal,NETWORK_SUPPORT | APPLICATION_SUPPORT,Network Support Specialist | Application Support Specialist,NETWORK_ENGINEERING | USER_APPLICATION_SUPPORT,NETWORKS | SUPPORT,medium,1,Manually curated semantic mapping from the title to the closest canonical leaf or plausible alternative leaves; repeated title patterns were applied consistently.
TITLE:39901,39901,Network Cable Installer,NETWORK_ENGINEERING,NETWORKS,needs_it_duties,NETWORK_TECHNICIAN | TELECOM_INSTALLER_REPAIRER,Network Technician | Telecommunications Equipment Installer and Repairer,NETWORK_ENGINEERING | TELECOM_ENGINEERING,NETWORKS,medium,1,Manually curated semantic mapping from the title to the closest canonical leaf or plausible alternative leaves; repeated title patterns were applied consistently.
TITLE:39902,39902,Network Cable Jointer,NETWORK_ENGINEERING,NETWORKS,non_it_source_collision,NETWORK_TECHNICIAN | TELECOM_INSTALLER_REPAIRER,Network Technician | Telecommunications Equipment Installer and Repairer,NETWORK_ENGINEERING | TELECOM_ENGINEERING,NETWORKS,medium,1,Manually curated semantic mapping from the title to the closest canonical leaf or plausible alternative leaves; repeated title patterns were applied consistently.
TITLE:39903,39903,Network Cabler,NETWORK_ENGINEERING,NETWORKS,needs_it_duties,NETWORK_TECHNICIAN | TELECOM_INSTALLER_REPAIRER,Network Technician | Telecommunications Equipment Installer and Repairer,NETWORK_ENGINEERING | TELECOM_ENGINEERING,NETWORKS,medium,1,Manually curated semantic mapping from the title to the closest canonical leaf or plausible alternative leaves; repeated title patterns were applied consistently.
TITLE:39906,39906,Network Consultant,NETWORK_ENGINEERING,NETWORKS,parent_only_proposal,NETWORK_ENGINEER | IT_CONSULTANT,Network Engineer | IT Consultant,NETWORK_ENGINEERING | SYSTEMS_ANALYSIS,NETWORKS | ARCHITECTURE_ANALYSIS,medium,1,Manually curated semantic mapping from the title to the closest canonical leaf or plausible alternative leaves; repeated title patterns were applied consistently.
TITLE:39907,39907,Network Contractor,NETWORK_ENGINEERING,NETWORKS,non_it_source_collision,NETWORK_ENGINEER | IT_CONSULTANT,Network Engineer | IT Consultant,NETWORK_ENGINEERING | SYSTEMS_ANALYSIS,NETWORKS | ARCHITECTURE_ANALYSIS,medium,1,Manually curated semantic mapping from the title to the closest canonical leaf or plausible alternative leaves; repeated title patterns were applied consistently.
TITLE:39908,39908,Network Control Analyst,NETWORK_ENGINEERING,NETWORKS,parent_only_proposal,NETWORK_ENGINEER | NETWORK_ADMIN,Network Engineer | Network Administrator,NETWORK_ENGINEERING,NETWORKS,medium,1,Manually curated semantic mapping from the title to the closest canonical leaf or plausible alternative leaves; repeated title patterns were applied consistently.
TITLE:39909,39909,Network Control Analyst Assistant,NETWORK_ENGINEERING,NETWORKS,parent_only_proposal,NETWORK_ENGINEER | NETWORK_ADMIN,Network Engineer | Network Administrator,NETWORK_ENGINEERING,NETWORKS,medium,1,Manually curated semantic mapping from the title to the closest canonical leaf or plausible alternative leaves; repeated title patterns were applied consistently.
TITLE:39910,39910,Network Coordinator,NETWORK_ENGINEERING,NETWORKS,parent_only_proposal,NETWORK_ADMIN | NETWORK_ENGINEER,Network Administrator | Network Engineer,NETWORK_ENGINEERING,NETWORKS,medium,1,Manually curated semantic mapping from the title to the closest canonical leaf or plausible alternative leaves; repeated title patterns were applied consistently.
TITLE:39911,39911,Network Data Specialist,NETWORK_ENGINEERING,NETWORKS,parent_only_proposal,NETWORK_ENGINEER | NETWORK_ADMIN,Network Engineer | Network Administrator,NETWORK_ENGINEERING,NETWORKS,medium,1,Manually curated semantic mapping from the title to the closest canonical leaf or plausible alternative leaves; repeated title patterns were applied consistently.
TITLE:39914,39914,Network Developer,SOFTWARE_DEVELOPMENT,SOFTWARE,parent_only_proposal,APPLICATION_DEVELOPER | NETWORK_ENGINEER,Software Developer / Engineer (General) | Network Engineer,SOFTWARE_DEVELOPMENT | NETWORK_ENGINEERING,SOFTWARE | NETWORKS,medium,1,Manually curated semantic mapping from the title to the closest canonical leaf or plausible alternative leaves; repeated title patterns were applied consistently.
TITLE:39916,39916,Network Director,NETWORK_ENGINEERING,NETWORKS,parent_only_proposal,NETWORK_ADMIN | IT_MANAGER,Network Administrator | IT Manager,NETWORK_ENGINEERING | IT_MANAGEMENT,NETWORKS | IT_DELIVERY,medium,1,Manually curated semantic mapping from the title to the closest canonical leaf or plausible alternative leaves; repeated title patterns were applied consistently.
TITLE:39920,39920,Network Intelligence Analyst,NETWORK_ENGINEERING,NETWORKS,non_it_source_collision,THREAT_INTELLIGENCE | NETWORK_ENGINEER,Cyber Threat Intelligence Analyst | Network Engineer,SECURITY_OPERATIONS | NETWORK_ENGINEERING,SECURITY | NETWORKS,low,1,Manually curated semantic mapping from the title to the closest canonical leaf or plausible alternative leaves; repeated title patterns were applied consistently.
TITLE:39921,39921,Network Intelligence Analyst Superintendent,NETWORK_ENGINEERING,NETWORKS,non_it_source_collision,THREAT_INTELLIGENCE | NETWORK_ENGINEER,Cyber Threat Intelligence Analyst | Network Engineer,SECURITY_OPERATIONS | NETWORK_ENGINEERING,SECURITY | NETWORKS,low,1,Manually curated semantic mapping from the title to the closest canonical leaf or plausible alternative leaves; repeated title patterns were applied consistently.
TITLE:39922,39922,Network Maintenance Professional,NETWORK_ENGINEERING,NETWORKS,parent_only_proposal,NETWORK_TECHNICIAN | NETWORK_SUPPORT,Network Technician | Network Support Specialist,NETWORK_ENGINEERING,NETWORKS,medium,1,Manually curated semantic mapping from the title to the closest canonical leaf or plausible alternative leaves; repeated title patterns were applied consistently.
TITLE:39923,39923,Network Management Specialist,NETWORK_ENGINEERING,NETWORKS,parent_only_proposal,NETWORK_ADMIN | IT_MANAGER,Network Administrator | IT Manager,NETWORK_ENGINEERING | IT_MANAGEMENT,NETWORKS | IT_DELIVERY,medium,1,Manually curated semantic mapping from the title to the closest canonical leaf or plausible alternative leaves; repeated title patterns were applied consistently.
TITLE:39924,39924,Network Manager,NETWORK_ENGINEERING,NETWORKS,parent_only_proposal,NETWORK_ADMIN | IT_MANAGER,Network Administrator | IT Manager,NETWORK_ENGINEERING | IT_MANAGEMENT,NETWORKS | IT_DELIVERY,medium,1,Manually curated semantic mapping from the title to the closest canonical leaf or plausible alternative leaves; repeated title patterns were applied consistently.
TITLE:39932,39932,Network Planner,NETWORK_ENGINEERING,NETWORKS,parent_only_proposal,NETWORK_ARCHITECT | NETWORK_ENGINEER,Network Architect | Network Engineer,NETWORK_ENGINEERING,NETWORKS,medium,1,Manually curated semantic mapping from the title to the closest canonical leaf or plausible alternative leaves; repeated title patterns were applied consistently.
TITLE:39933,39933,Network Professional (CCNP),NETWORK_ENGINEERING,NETWORKS,parent_only_proposal,NETWORK_ARCHITECT | NETWORK_ENGINEER,Network Architect | Network Engineer,NETWORK_ENGINEERING,NETWORKS,medium,1,Manually curated semantic mapping from the title to the closest canonical leaf or plausible alternative leaves; repeated title patterns were applied consistently.
TITLE:39938,39938,Network Security Officer,NETWORK_ENGINEERING,NETWORKS,parent_only_proposal,NETWORK_SECURITY | SECURITY_GRC,Network Security Engineer | Cybersecurity GRC Specialist,SECURITY_ENGINEERING | SECURITY_GOVERNANCE,SECURITY,medium,1,Manually curated semantic mapping from the title to the closest canonical leaf or plausible alternative leaves; repeated title patterns were applied consistently.
TITLE:39941,39941,Network Services Specialist,NETWORK_ENGINEERING,NETWORKS,parent_only_proposal,NETWORK_SUPPORT | NETWORK_ADMIN,Network Support Specialist | Network Administrator,NETWORK_ENGINEERING,NETWORKS,medium,1,Manually curated semantic mapping from the title to the closest canonical leaf or plausible alternative leaves; repeated title patterns were applied consistently.
TITLE:39950,39950,Network Systems Consultant,NETWORK_ENGINEERING,NETWORKS,parent_only_proposal,NETWORK_ENGINEER | IT_CONSULTANT,Network Engineer | IT Consultant,NETWORK_ENGINEERING | SYSTEMS_ANALYSIS,NETWORKS | ARCHITECTURE_ANALYSIS,medium,1,Manually curated semantic mapping from the title to the closest canonical leaf or plausible alternative leaves; repeated title patterns were applied consistently.
TITLE:39951,39951,Network Systems Coordinator,NETWORK_ENGINEERING,NETWORKS,parent_only_proposal,NETWORK_ADMIN | NETWORK_ENGINEER,Network Administrator | Network Engineer,NETWORK_ENGINEERING,NETWORKS,medium,1,Manually curated semantic mapping from the title to the closest canonical leaf or plausible alternative leaves; repeated title patterns were applied consistently.
TITLE:39954,39954,Network Technical Analyst,NETWORK_ENGINEERING,NETWORKS,parent_only_proposal,NETWORK_ENGINEER | NETWORK_ADMIN,Network Engineer | Network Administrator,NETWORK_ENGINEERING,NETWORKS,medium,1,Manually curated semantic mapping from the title to the closest canonical leaf or plausible alternative leaves; repeated title patterns were applied consistently.
TITLE:39957,39957,Network Transport Administrator,NETWORK_ENGINEERING,NETWORKS,parent_only_proposal,NETWORK_ADMIN,Network Administrator,NETWORK_ENGINEERING,NETWORKS,medium,1,Manually curated semantic mapping from the title to the closest canonical leaf or plausible alternative leaves; repeated title patterns were applied consistently.
TITLE:39958,39958,Network Workstation Technical Specialist,NETWORK_ENGINEERING,NETWORKS,parent_only_proposal,NETWORK_SUPPORT | NETWORK_ADMIN,Network Support Specialist | Network Administrator,NETWORK_ENGINEERING,NETWORKS,medium,1,Manually curated semantic mapping from the title to the closest canonical leaf or plausible alternative leaves; repeated title patterns were applied consistently.
TITLE:39959,39959,Network and Computer Systems Administrators,SYSTEMS_OPERATIONS,PLATFORM_INFRASTRUCTURE,parent_only_proposal,NETWORK_ADMIN | SYSTEM_ADMIN,Network Administrator | Systems Administrator,NETWORK_ENGINEERING | SYSTEMS_OPERATIONS,NETWORKS | PLATFORM_INFRASTRUCTURE,medium,1,Manually curated semantic mapping from the title to the closest canonical leaf or plausible alternative leaves; repeated title patterns were applied consistently.
TITLE:40162,40162,Node.js Developer,SOFTWARE_DEVELOPMENT,SOFTWARE,parent_only_proposal,BACKEND_DEVELOPER | WEB_DEVELOPER,Backend Developer | Web Developer,SOFTWARE_DEVELOPMENT,SOFTWARE,medium,1,Manually curated semantic mapping from the title to the closest canonical leaf or plausible alternative leaves; repeated title patterns were applied consistently.
TITLE:40543,40543,Object-oriented Programmer,SOFTWARE_DEVELOPMENT,SOFTWARE,parent_only_proposal,COMPUTER_PROGRAMMER | APPLICATION_DEVELOPER,Computer Programmer | Software Developer / Engineer (General),SOFTWARE_DEVELOPMENT,SOFTWARE,medium,1,Manually curated semantic mapping from the title to the closest canonical leaf or plausible alternative leaves; repeated title patterns were applied consistently.
TITLE:40678,40678,Office Developer,SOFTWARE_DEVELOPMENT,SOFTWARE,non_it_source_collision,APPLICATION_DEVELOPER,Application Developer,SOFTWARE_DEVELOPMENT,SOFTWARE,medium,1,Manually curated semantic mapping from the title to the closest canonical leaf or plausible alternative leaves; repeated title patterns were applied consistently.
TITLE:41076,41076,Operating Systems Specialist (OS Specialist),SYSTEMS_OPERATIONS,PLATFORM_INFRASTRUCTURE,parent_only_proposal,SYSTEM_ADMIN | SYSTEMS_PROGRAMMER,Systems Administrator | Systems Programmer,SYSTEMS_OPERATIONS | SOFTWARE_DEVELOPMENT,PLATFORM_INFRASTRUCTURE | SOFTWARE,medium,1,Manually curated semantic mapping from the title to the closest canonical leaf or plausible alternative leaves; repeated title patterns were applied consistently.
TITLE:41116,41116,"Operations Officer, Afloat (naval Tactical Data Systems)",,,non_it_source_collision,OUTSIDE_IT_SCOPE,Outside IT Scope,OUTSIDE_SCOPE,EXCLUSIONS,high,0,Military/intelligence occupation; excluded from civilian IT recommender taxonomy.
TITLE:41835,41835,PC Installation Engineer (personal Computer Installation Engineer),USER_APPLICATION_SUPPORT,SUPPORT,parent_only_proposal,DESKTOP_SUPPORT | COMPUTER_TECHNICIAN,Desktop Support Specialist | Computer Hardware Technician,USER_APPLICATION_SUPPORT | HARDWARE_SUPPORT,SUPPORT,medium,1,Manually curated semantic mapping from the title to the closest canonical leaf or plausible alternative leaves; repeated title patterns were applied consistently.
TITLE:41838,41838,PC Specialist (personal Computer Specialist),USER_APPLICATION_SUPPORT,SUPPORT,parent_only_proposal,DESKTOP_SUPPORT | COMPUTER_TECHNICIAN,Desktop Support Specialist | Computer Hardware Technician,USER_APPLICATION_SUPPORT | HARDWARE_SUPPORT,SUPPORT,medium,1,Manually curated semantic mapping from the title to the closest canonical leaf or plausible alternative leaves; repeated title patterns were applied consistently.
TITLE:41840,41840,PC Systems Coordinator (personal Computer Systems Coordinator),USER_APPLICATION_SUPPORT,SUPPORT,parent_only_proposal,DESKTOP_SUPPORT | COMPUTER_TECHNICIAN,Desktop Support Specialist | Computer Hardware Technician,USER_APPLICATION_SUPPORT | HARDWARE_SUPPORT,SUPPORT,medium,1,Manually curated semantic mapping from the title to the closest canonical leaf or plausible alternative leaves; repeated title patterns were applied consistently.
TITLE:43545,43545,Phone Systems Technician,,,needs_it_duties,TELECOM_TECHNICIAN | TELECOM_INSTALLER_REPAIRER,Telecommunications Technician | Telecommunications Equipment Installer and Repairer,TELECOM_ENGINEERING,NETWORKS,medium,1,Manually curated semantic mapping from the title to the closest canonical leaf or plausible alternative leaves; repeated title patterns were applied consistently.
TITLE:44131,44131,Pipeline Network Technician,,,outside_it_scope,OUTSIDE_IT_SCOPE,Outside IT Scope,OUTSIDE_SCOPE,EXCLUSIONS,high,0,Manually classified as outside the operational IT occupation scope.
TITLE:44255,44255,Planning Management IT Specialist (planning Management Information Technology Specialist),PROJECT_PRODUCT,IT_DELIVERY,parent_only_proposal,IT_PROJECT_MANAGER | SYSTEMS_ANALYST,IT Project Manager | Systems Analyst,PROJECT_PRODUCT | SYSTEMS_ANALYSIS,IT_DELIVERY | ARCHITECTURE_ANALYSIS,medium,1,Manually curated semantic mapping from the title to the closest canonical leaf or plausible alternative leaves; repeated title patterns were applied consistently.
TITLE:46181,46181,Process Control Programmer,SOFTWARE_DEVELOPMENT,SOFTWARE,non_it_source_collision,SCADA_OT_ENGINEER | COMPUTER_PROGRAMMER,SCADA / Operational Technology Engineer | Computer Programmer,OPERATIONAL_TECHNOLOGY | SOFTWARE_DEVELOPMENT,SPECIALIZED_IT | SOFTWARE,medium,1,Manually curated semantic mapping from the title to the closest canonical leaf or plausible alternative leaves; repeated title patterns were applied consistently.
TITLE:46703,46703,Programmer,SOFTWARE_DEVELOPMENT,SOFTWARE,unresolved,COMPUTER_PROGRAMMER,Computer Programmer,SOFTWARE_DEVELOPMENT,SOFTWARE,medium,1,Manually curated semantic mapping from the title to the closest canonical leaf or plausible alternative leaves; repeated title patterns were applied consistently.
TITLE:47526,47526,Python Developer,SOFTWARE_DEVELOPMENT,SOFTWARE,parent_only_proposal,APPLICATION_DEVELOPER | BACKEND_DEVELOPER,Software Developer / Engineer (General) | Backend Developer,SOFTWARE_DEVELOPMENT,SOFTWARE,medium,1,Manually curated semantic mapping from the title to the closest canonical leaf or plausible alternative leaves; repeated title patterns were applied consistently.
TITLE:47530,47530,QA Engineer,SOFTWARE_TESTING,SOFTWARE,unresolved,SOFTWARE_TESTER | TEST_AUTOMATION,Software Test Engineer | Test Automation Engineer,SOFTWARE_TESTING,SOFTWARE,medium,1,Manually curated semantic mapping from the title to the closest canonical leaf or plausible alternative leaves; repeated title patterns were applied consistently.
TITLE:47536,47536,QA Testing Analyst (quality Assurance Testing Analyst),SOFTWARE_TESTING,SOFTWARE,non_it_source_collision,SOFTWARE_TESTER | TEST_AUTOMATION,Software Test Engineer | Test Automation Engineer,SOFTWARE_TESTING,SOFTWARE,medium,1,Manually curated semantic mapping from the title to the closest canonical leaf or plausible alternative leaves; repeated title patterns were applied consistently.
TITLE:47546,47546,QC Tester (quality Control Tester),,,non_it_source_collision,OUTSIDE_IT_SCOPE,Outside IT Scope,OUTSIDE_SCOPE,EXCLUSIONS,high,0,Manually classified as outside the operational IT occupation scope.
TITLE:47562,47562,Quality Analyst (ICT),SOFTWARE_TESTING,SOFTWARE,parent_only_proposal,SOFTWARE_TESTER | TEST_AUTOMATION,Software Test Engineer | Test Automation Engineer,SOFTWARE_TESTING,SOFTWARE,medium,1,Manually curated semantic mapping from the title to the closest canonical leaf or plausible alternative leaves; repeated title patterns were applied consistently.
TITLE:47579,47579,Quality Assurance Tester (QA Tester),SOFTWARE_TESTING,SOFTWARE,unresolved,SOFTWARE_TESTER | TEST_AUTOMATION,Software Test Engineer | Test Automation Engineer,SOFTWARE_TESTING,SOFTWARE,medium,1,Manually curated semantic mapping from the title to the closest canonical leaf or plausible alternative leaves; repeated title patterns were applied consistently.
TITLE:47747,47747,RFID Developer (radio Frequency Identification Device Developer),SOFTWARE_DEVELOPMENT,SOFTWARE,non_it_source_collision,IOT_DEVELOPER | EMBEDDED_DEVELOPER,IoT Developer | Embedded Software Developer,SPECIALIZED_DEVELOPMENT,SOFTWARE,medium,1,Manually curated semantic mapping from the title to the closest canonical leaf or plausible alternative leaves; repeated title patterns were applied consistently.
TITLE:47748,47748,RFID Engineer (radio Frequency Identification Device Engineer),,,non_it_source_collision,EMBEDDED_DESIGNER | IOT_DEVELOPER,Embedded System Designer | IoT Developer,HARDWARE_ENGINEERING | SPECIALIZED_DEVELOPMENT,COMPUTER_HARDWARE | SOFTWARE,medium,1,Manually curated semantic mapping from the title to the closest canonical leaf or plausible alternative leaves; repeated title patterns were applied consistently.
TITLE:47750,47750,RFID Strategist (radio Frequency Identification Device Strategist),,,non_it_source_collision,SOLUTION_ARCHITECT | IOT_DEVELOPER,Solution Architect | IoT Developer,SYSTEMS_ARCHITECTURE | SPECIALIZED_DEVELOPMENT,ARCHITECTURE_ANALYSIS | SOFTWARE,medium,1,Manually curated semantic mapping from the title to the closest canonical leaf or plausible alternative leaves; repeated title patterns were applied consistently.
TITLE:47919,47919,Radio Service Programmer,SOFTWARE_DEVELOPMENT,SOFTWARE,non_it_source_collision,COMPUTER_PROGRAMMER | EMBEDDED_DEVELOPER,Computer Programmer | Embedded Software Developer,SOFTWARE_DEVELOPMENT | SPECIALIZED_DEVELOPMENT,SOFTWARE,low,1,Manually curated semantic mapping from the title to the closest canonical leaf or plausible alternative leaves; repeated title patterns were applied consistently.
TITLE:48796,48796,Reference Data Expert,,,unresolved,DATA_GOVERNANCE_SPECIALIST | DATA_QUALITY,Data Governance and Stewardship Specialist | Data Quality Specialist,DATA_ENGINEERING | DATA_ANALYSIS,DATA_AI,medium,1,Manually curated semantic mapping from the title to the closest canonical leaf or plausible alternative leaves; repeated title patterns were applied consistently.
TITLE:48957,48957,Registered Communications Distribution Designer (RCDD),,,credential_not_occupation,CREDENTIAL_LABEL | NETWORK_ARCHITECT | TELECOM_ENGINEER,Credential / Certification Label | Network Architect | Telecommunications Engineer,NON_OCCUPATIONAL_LABEL | NETWORK_ENGINEERING | TELECOM_ENGINEERING,EXCLUSIONS | NETWORKS,high,0,"Credential label, not an occupation; role alternatives retained where defensible."
TITLE:50429,50429,Robot Programmer,SOFTWARE_DEVELOPMENT,SOFTWARE,non_it_source_collision,SCADA_OT_ENGINEER | EMBEDDED_DEVELOPER,SCADA / Operational Technology Engineer | Embedded Software Developer,OPERATIONAL_TECHNOLOGY | SPECIALIZED_DEVELOPMENT,SPECIALIZED_IT | SOFTWARE,medium,1,Manually curated semantic mapping from the title to the closest canonical leaf or plausible alternative leaves; repeated title patterns were applied consistently.
TITLE:50432,50432,Robot Welder Programmer,,,outside_it_scope,OUTSIDE_IT_SCOPE,Outside IT Scope,OUTSIDE_SCOPE,EXCLUSIONS,high,0,Manually classified as outside the operational IT occupation scope.
TITLE:51114,51114,SCADA Engineer (supervisory Control and Data Acquisition),,,non_it_source_collision,SCADA_OT_ENGINEER,SCADA / Operational Technology Engineer,OPERATIONAL_TECHNOLOGY,SPECIALIZED_IT,medium,1,Manually curated semantic mapping from the title to the closest canonical leaf or plausible alternative leaves; repeated title patterns were applied consistently.
TITLE:51115,51115,SCADA Operator (supervisory Control and Data Acquisition Operator),,,non_it_source_collision,OT_TECHNICIAN,Operational Technology Technician,OPERATIONAL_TECHNOLOGY,SPECIALIZED_IT,medium,1,Manually curated semantic mapping from the title to the closest canonical leaf or plausible alternative leaves; repeated title patterns were applied consistently.
TITLE:51116,51116,SCADA Technician (supervisory Control and Data Acquisition Technician),,,non_it_source_collision,OT_TECHNICIAN,Operational Technology Technician,OPERATIONAL_TECHNOLOGY,SPECIALIZED_IT,medium,1,Manually curated semantic mapping from the title to the closest canonical leaf or plausible alternative leaves; repeated title patterns were applied consistently.
TITLE:51872,51872,Scientific Programmer,SOFTWARE_DEVELOPMENT,SOFTWARE,parent_only_proposal,COMPUTER_PROGRAMMER | APPLICATION_DEVELOPER,Computer Programmer | Software Developer / Engineer (General),SOFTWARE_DEVELOPMENT,SOFTWARE,medium,1,Manually curated semantic mapping from the title to the closest canonical leaf or plausible alternative leaves; repeated title patterns were applied consistently.
TITLE:52256,52256,Security Analyst,SECURITY_OPERATIONS,SECURITY,unresolved,SECURITY_ANALYST,Cybersecurity Analyst,SECURITY_OPERATIONS,SECURITY,medium,1,Manually curated semantic mapping from the title to the closest canonical leaf or plausible alternative leaves; repeated title patterns were applied consistently.
TITLE:52276,52276,Security Engineer,SECURITY_ENGINEERING,SECURITY,unresolved,SECURITY_ENGINEER,Security Engineer,SECURITY_ENGINEERING,SECURITY,medium,1,Manually curated semantic mapping from the title to the closest canonical leaf or plausible alternative leaves; repeated title patterns were applied consistently.
TITLE:53119,53119,Sewerage Network Manager,,,outside_it_scope,OUTSIDE_IT_SCOPE,Outside IT Scope,OUTSIDE_SCOPE,EXCLUSIONS,high,0,Manually classified as outside the operational IT occupation scope.
TITLE:53300,53300,Sheet Metal Computer Numerically Controlled Programmer,,,outside_it_scope,OUTSIDE_IT_SCOPE,Outside IT Scope,OUTSIDE_SCOPE,EXCLUSIONS,high,0,Manually classified as outside the operational IT occupation scope.
TITLE:54872,54872,Software Computer Specialist,SOFTWARE_DEVELOPMENT,SOFTWARE,parent_only_proposal,APPLICATION_DEVELOPER,Software Developer / Engineer (General),SOFTWARE_DEVELOPMENT,SOFTWARE,medium,1,Manually curated semantic mapping from the title to the closest canonical leaf or plausible alternative leaves; repeated title patterns were applied consistently.
TITLE:54873,54873,Software Consultant,SYSTEMS_ANALYSIS,ARCHITECTURE_ANALYSIS,parent_only_proposal,IT_CONSULTANT | APPLICATION_DEVELOPER,IT Consultant | Software Developer / Engineer (General),SYSTEMS_ANALYSIS | SOFTWARE_DEVELOPMENT,ARCHITECTURE_ANALYSIS | SOFTWARE,medium,1,Manually curated semantic mapping from the title to the closest canonical leaf or plausible alternative leaves; repeated title patterns were applied consistently.
TITLE:54875,54875,Software Designer,SOFTWARE_DEVELOPMENT,SOFTWARE,parent_only_proposal,APPLICATION_DEVELOPER,Software Developer / Engineer (General),SOFTWARE_DEVELOPMENT,SOFTWARE,medium,1,Manually curated semantic mapping from the title to the closest canonical leaf or plausible alternative leaves; repeated title patterns were applied consistently.
TITLE:54876,54876,Software Developer,SOFTWARE_DEVELOPMENT,SOFTWARE,parent_only_proposal,APPLICATION_DEVELOPER,Software Developer / Engineer (General),SOFTWARE_DEVELOPMENT,SOFTWARE,medium,1,Manually curated semantic mapping from the title to the closest canonical leaf or plausible alternative leaves; repeated title patterns were applied consistently.
TITLE:54878,54878,Software Development Engineer,SOFTWARE_DEVELOPMENT,SOFTWARE,parent_only_proposal,APPLICATION_DEVELOPER,Software Developer / Engineer (General),SOFTWARE_DEVELOPMENT,SOFTWARE,medium,1,Manually curated semantic mapping from the title to the closest canonical leaf or plausible alternative leaves; repeated title patterns were applied consistently.
TITLE:54879,54879,Software Engineer,SOFTWARE_DEVELOPMENT,SOFTWARE,parent_only_proposal,APPLICATION_DEVELOPER,Software Developer / Engineer (General),SOFTWARE_DEVELOPMENT,SOFTWARE,medium,1,Manually curated semantic mapping from the title to the closest canonical leaf or plausible alternative leaves; repeated title patterns were applied consistently.
TITLE:54882,54882,Software Engineering Systems Information Technology Specialist (software Engineering Systems IT Specialist),SOFTWARE_DEVELOPMENT,SOFTWARE,unresolved,APPLICATION_DEVELOPER | SYSTEMS_ENGINEER,Software Developer / Engineer (General) | Computer Systems Engineer,SOFTWARE_DEVELOPMENT | SYSTEMS_ARCHITECTURE,SOFTWARE | ARCHITECTURE_ANALYSIS,medium,1,Manually curated semantic mapping from the title to the closest canonical leaf or plausible alternative leaves; repeated title patterns were applied consistently.
TITLE:54883,54883,Software Installer,,,source_supported_proposal,APPLICATION_SUPPORT | DESKTOP_SUPPORT,Application Support Specialist | Desktop Support Specialist,USER_APPLICATION_SUPPORT,SUPPORT,medium,1,Manually curated semantic mapping from the title to the closest canonical leaf or plausible alternative leaves; repeated title patterns were applied consistently.
TITLE:54887,54887,Software Programmer,SOFTWARE_DEVELOPMENT,SOFTWARE,parent_only_proposal,COMPUTER_PROGRAMMER,Computer Programmer,SOFTWARE_DEVELOPMENT,SOFTWARE,medium,1,Manually curated semantic mapping from the title to the closest canonical leaf or plausible alternative leaves; repeated title patterns were applied consistently.
TITLE:54891,54891,Software Quality Assurance Analysts and Testers,SOFTWARE_TESTING,SOFTWARE,parent_only_proposal,SOFTWARE_TESTER | TEST_AUTOMATION,Software Test Engineer | Test Automation Engineer,SOFTWARE_TESTING,SOFTWARE,medium,1,Manually curated semantic mapping from the title to the closest canonical leaf or plausible alternative leaves; repeated title patterns were applied consistently.
TITLE:54904,54904,Software Specialist,SOFTWARE_DEVELOPMENT,SOFTWARE,parent_only_proposal,APPLICATION_DEVELOPER,Software Developer / Engineer (General),SOFTWARE_DEVELOPMENT,SOFTWARE,medium,1,Manually curated semantic mapping from the title to the closest canonical leaf or plausible alternative leaves; repeated title patterns were applied consistently.
TITLE:54906,54906,Software Systems Developer,SOFTWARE_DEVELOPMENT,SOFTWARE,parent_only_proposal,APPLICATION_DEVELOPER,Software Developer / Engineer (General),SOFTWARE_DEVELOPMENT,SOFTWARE,medium,1,Manually curated semantic mapping from the title to the closest canonical leaf or plausible alternative leaves; repeated title patterns were applied consistently.
TITLE:55132,55132,Solutions Developer,SOFTWARE_DEVELOPMENT,SOFTWARE,parent_only_proposal,APPLICATION_DEVELOPER | APPLICATION_DEVELOPER,Software Developer / Engineer (General) | Application Developer,SOFTWARE_DEVELOPMENT,SOFTWARE,medium,1,Manually curated semantic mapping from the title to the closest canonical leaf or plausible alternative leaves; repeated title patterns were applied consistently.
TITLE:55133,55133,Solutions Engineer,,,source_supported_proposal,SOLUTION_ARCHITECT | SYSTEMS_ENGINEER,Solution Architect | Computer Systems Engineer,SYSTEMS_ARCHITECTURE,ARCHITECTURE_ANALYSIS,medium,1,Manually curated semantic mapping from the title to the closest canonical leaf or plausible alternative leaves; repeated title patterns were applied consistently.
TITLE:56265,56265,Statistical Programmer,SOFTWARE_DEVELOPMENT,SOFTWARE,unresolved,COMPUTER_PROGRAMMER | DATA_SCIENTIST,Computer Programmer | Data Scientist,SOFTWARE_DEVELOPMENT | DATA_SCIENCE_RESEARCH,SOFTWARE | DATA_AI,medium,1,Manually curated semantic mapping from the title to the closest canonical leaf or plausible alternative leaves; repeated title patterns were applied consistently.
TITLE:57473,57473,Support Specialist,USER_APPLICATION_SUPPORT,SUPPORT,parent_only_proposal,SUPPORT_ENGINEER | APPLICATION_SUPPORT,IT Support Engineer | Application Support Specialist,USER_APPLICATION_SUPPORT,SUPPORT,medium,1,Manually curated semantic mapping from the title to the closest canonical leaf or plausible alternative leaves; repeated title patterns were applied consistently.
TITLE:57846,57846,System Developer,SOFTWARE_DEVELOPMENT,SOFTWARE,parent_only_proposal,APPLICATION_DEVELOPER | SYSTEMS_PROGRAMMER,Software Developer / Engineer (General) | Systems Programmer,SOFTWARE_DEVELOPMENT,SOFTWARE,medium,1,Manually curated semantic mapping from the title to the closest canonical leaf or plausible alternative leaves; repeated title patterns were applied consistently.
TITLE:57847,57847,System Development Engineer,SOFTWARE_DEVELOPMENT,SOFTWARE,non_it_source_collision,APPLICATION_DEVELOPER | SYSTEMS_PROGRAMMER,Software Developer / Engineer (General) | Systems Programmer,SOFTWARE_DEVELOPMENT,SOFTWARE,medium,1,Manually curated semantic mapping from the title to the closest canonical leaf or plausible alternative leaves; repeated title patterns were applied consistently.
TITLE:57849,57849,System Dispatcher,,,non_it_source_collision,OUTSIDE_IT_SCOPE,Outside IT Scope,OUTSIDE_SCOPE,EXCLUSIONS,high,0,Manually curated semantic mapping from the title to the closest canonical leaf or plausible alternative leaves; repeated title patterns were applied consistently.
TITLE:57850,57850,System Engineer,SYSTEMS_ARCHITECTURE,ARCHITECTURE_ANALYSIS,unresolved,SYSTEMS_ENGINEER,Computer Systems Engineer,SYSTEMS_ARCHITECTURE,ARCHITECTURE_ANALYSIS,medium,1,Manually curated semantic mapping from the title to the closest canonical leaf or plausible alternative leaves; repeated title patterns were applied consistently.
TITLE:57853,57853,System Operation Superintendent,,,non_it_source_collision,OUTSIDE_IT_SCOPE,Outside IT Scope,OUTSIDE_SCOPE,EXCLUSIONS,high,0,Manually curated semantic mapping from the title to the closest canonical leaf or plausible alternative leaves; repeated title patterns were applied consistently.
TITLE:57855,57855,System Safety Engineer,,,non_it_source_collision,OUTSIDE_IT_SCOPE,Outside IT Scope,OUTSIDE_SCOPE,EXCLUSIONS,high,0,Manually classified as outside the operational IT occupation scope.
TITLE:57856,57856,System Security Analyst,SECURITY_OPERATIONS,SECURITY,parent_only_proposal,SECURITY_ANALYST | SECURITY_ENGINEER,Cybersecurity Analyst | Security Engineer,SECURITY_OPERATIONS | SECURITY_ENGINEERING,SECURITY,medium,1,Manually curated semantic mapping from the title to the closest canonical leaf or plausible alternative leaves; repeated title patterns were applied consistently.
TITLE:57859,57859,System Technologist,,,needs_it_duties,SYSTEMS_ENGINEER | HARDWARE_ENG_TECHNICIAN,Computer Systems Engineer | Computer Hardware Engineering Technician,SYSTEMS_ARCHITECTURE | HARDWARE_ENGINEERING,ARCHITECTURE_ANALYSIS | COMPUTER_HARDWARE,medium,1,Manually curated semantic mapping from the title to the closest canonical leaf or plausible alternative leaves; repeated title patterns were applied consistently.
TITLE:57862,57862,System Validation Engineer,,,non_it_source_collision,OUTSIDE_IT_SCOPE,Outside IT Scope,OUTSIDE_SCOPE,EXCLUSIONS,high,0,Manually classified as outside the operational IT occupation scope.
TITLE:57869,57869,Systems Application Engineer,SYSTEMS_ARCHITECTURE,ARCHITECTURE_ANALYSIS,parent_only_proposal,SYSTEMS_ENGINEER | APPLICATION_DEVELOPER,Computer Systems Engineer | Application Developer,SYSTEMS_ARCHITECTURE | SOFTWARE_DEVELOPMENT,ARCHITECTURE_ANALYSIS | SOFTWARE,medium,1,Manually curated semantic mapping from the title to the closest canonical leaf or plausible alternative leaves; repeated title patterns were applied consistently.
TITLE:57872,57872,Systems Consultant,SYSTEMS_ARCHITECTURE,ARCHITECTURE_ANALYSIS,unresolved,IT_CONSULTANT | SYSTEMS_ANALYST,IT Consultant | Systems Analyst,SYSTEMS_ANALYSIS,ARCHITECTURE_ANALYSIS,medium,1,Manually curated semantic mapping from the title to the closest canonical leaf or plausible alternative leaves; repeated title patterns were applied consistently.
TITLE:57873,57873,Systems Coordinator,,,source_supported_proposal,SYSTEM_ADMIN | IT_PROJECT_MANAGER,Systems Administrator | IT Project Manager,SYSTEMS_OPERATIONS | PROJECT_PRODUCT,PLATFORM_INFRASTRUCTURE | IT_DELIVERY,medium,1,Manually curated semantic mapping from the title to the closest canonical leaf or plausible alternative leaves; repeated title patterns were applied consistently.
TITLE:57874,57874,Systems Design Engineer,SYSTEMS_ARCHITECTURE,ARCHITECTURE_ANALYSIS,non_it_source_collision,SYSTEMS_ENGINEER | SYSTEMS_ARCHITECT,Computer Systems Engineer | Systems Architect,SYSTEMS_ARCHITECTURE,ARCHITECTURE_ANALYSIS,medium,1,Manually curated semantic mapping from the title to the closest canonical leaf or plausible alternative leaves; repeated title patterns were applied consistently.
TITLE:57876,57876,Systems Engineering Manager,SYSTEMS_ARCHITECTURE,ARCHITECTURE_ANALYSIS,parent_only_proposal,ENGINEERING_MANAGER | IT_MANAGER,Software Engineering Manager | IT Manager,IT_MANAGEMENT,IT_DELIVERY,medium,1,Manually curated semantic mapping from the title to the closest canonical leaf or plausible alternative leaves; repeated title patterns were applied consistently.
TITLE:57878,57878,Systems Librarian,,,non_it_source_collision,OUTSIDE_IT_SCOPE,Outside IT Scope,OUTSIDE_SCOPE,EXCLUSIONS,high,0,Manually classified as outside the operational IT occupation scope.
TITLE:57880,57880,Systems Operator,SYSTEMS_OPERATIONS,PLATFORM_INFRASTRUCTURE,unresolved,COMPUTER_OPERATOR | SYSTEM_ADMIN,Computer and Systems Operator | Systems Administrator,SYSTEMS_OPERATIONS,PLATFORM_INFRASTRUCTURE,medium,1,Manually curated semantic mapping from the title to the closest canonical leaf or plausible alternative leaves; repeated title patterns were applied consistently.
TITLE:57881,57881,Systems Protection Technician,,,non_it_source_collision,OUTSIDE_IT_SCOPE,Outside IT Scope,OUTSIDE_SCOPE,EXCLUSIONS,high,0,Manually classified as outside the operational IT occupation scope.
TITLE:57882,57882,Systems Reliability Engineer,,,non_it_source_collision,SRE,Site Reliability Engineer,DEVOPS_PLATFORM,PLATFORM_INFRASTRUCTURE,low,1,Manually curated semantic mapping from the title to the closest canonical leaf or plausible alternative leaves; repeated title patterns were applied consistently.
TITLE:57885,57885,Systems Software Designer,SOFTWARE_DEVELOPMENT,SOFTWARE,parent_only_proposal,SYSTEMS_PROGRAMMER | APPLICATION_DEVELOPER,Systems Programmer | Software Developer / Engineer (General),SOFTWARE_DEVELOPMENT,SOFTWARE,medium,1,Manually curated semantic mapping from the title to the closest canonical leaf or plausible alternative leaves; repeated title patterns were applied consistently.
TITLE:57887,57887,Systems Software Specialist,SOFTWARE_DEVELOPMENT,SOFTWARE,parent_only_proposal,SYSTEMS_PROGRAMMER | APPLICATION_DEVELOPER,Systems Programmer | Software Developer / Engineer (General),SOFTWARE_DEVELOPMENT,SOFTWARE,medium,1,Manually curated semantic mapping from the title to the closest canonical leaf or plausible alternative leaves; repeated title patterns were applied consistently.
TITLE:57888,57888,Systems Specialist,,,source_supported_proposal,SYSTEMS_SPECIALIST_GENERAL | SYSTEM_ADMIN,Systems Specialist (General) | Systems Administrator,SYSTEMS_ANALYSIS | SYSTEMS_OPERATIONS,ARCHITECTURE_ANALYSIS | PLATFORM_INFRASTRUCTURE,medium,1,Manually curated semantic mapping from the title to the closest canonical leaf or plausible alternative leaves; repeated title patterns were applied consistently.
TITLE:57892,57892,Systems Technician,,,non_it_source_collision,COMPUTER_TECHNICIAN | SYSTEM_ADMIN,Computer Hardware Technician | Systems Administrator,HARDWARE_SUPPORT | SYSTEMS_OPERATIONS,SUPPORT | PLATFORM_INFRASTRUCTURE,low,1,Manually curated semantic mapping from the title to the closest canonical leaf or plausible alternative leaves; repeated title patterns were applied consistently.
TITLE:57897,57897,Systems and Networks Manager,NETWORK_ENGINEERING,NETWORKS,parent_only_proposal,NETWORK_ADMIN | IT_OPERATIONS_MANAGER,Network Administrator | IT Operations Manager,NETWORK_ENGINEERING | IT_MANAGEMENT,NETWORKS | IT_DELIVERY,medium,1,Manually curated semantic mapping from the title to the closest canonical leaf or plausible alternative leaves; repeated title patterns were applied consistently.
TITLE:57907,57907,TELECOM Op (telecommunications Operator),TELECOM_ENGINEERING,NETWORKS,needs_it_duties,TELECOM_OPERATOR,Telecommunications Operator,TELECOM_ENGINEERING,NETWORKS,medium,1,Manually curated semantic mapping from the title to the closest canonical leaf or plausible alternative leaves; repeated title patterns were applied consistently.
TITLE:58494,58494,Technical Security Specialist,,,non_it_source_collision,OUTSIDE_IT_SCOPE,Outside IT Scope,OUTSIDE_SCOPE,EXCLUSIONS,high,0,Manually classified as outside the operational IT occupation scope.
TITLE:58501,58501,Technical Solutions Director,IT_MANAGEMENT,IT_DELIVERY,parent_only_proposal,IT_MANAGER | SOLUTION_ARCHITECT,IT Manager | Solution Architect,IT_MANAGEMENT | SYSTEMS_ARCHITECTURE,IT_DELIVERY | ARCHITECTURE_ANALYSIS,medium,1,Technical-solutions leadership role.
TITLE:58585,58585,Telecom Equipment Maintainer,TELECOM_ENGINEERING,NETWORKS,needs_it_duties,TELECOM_INSTALLER_REPAIRER | TELECOM_TECHNICIAN,Telecommunications Equipment Installer and Repairer | Telecommunications Technician,TELECOM_ENGINEERING,NETWORKS,medium,1,Manually curated semantic mapping from the title to the closest canonical leaf or plausible alternative leaves; repeated title patterns were applied consistently.
TITLE:58588,58588,Telecommunication Administrator,TELECOM_ENGINEERING,NETWORKS,non_it_source_collision,TELECOM_TECHNICIAN | TELECOM_MANAGER,Telecommunications Technician | Telecommunications Manager,TELECOM_ENGINEERING,NETWORKS,medium,1,Manually curated semantic mapping from the title to the closest canonical leaf or plausible alternative leaves; repeated title patterns were applied consistently.
TITLE:58591,58591,Telecommunication Electronic Inspector,TELECOM_ENGINEERING,NETWORKS,non_it_source_collision,TELECOM_TECHNICIAN,Telecommunications Technician,TELECOM_ENGINEERING,NETWORKS,medium,1,Manually curated semantic mapping from the title to the closest canonical leaf or plausible alternative leaves; repeated title patterns were applied consistently.
TITLE:58594,58594,Telecommunication Equipment Shop Manager,,,outside_it_scope,OUTSIDE_IT_SCOPE,Outside IT Scope,OUTSIDE_SCOPE,EXCLUSIONS,high,0,Manually classified as outside the operational IT occupation scope.
TITLE:58599,58599,Telecommunications Antenna Foreman,TELECOM_ENGINEERING,NETWORKS,non_it_source_collision,TELECOM_INSTALLER_REPAIRER | TELECOM_TECHNICIAN,Telecommunications Equipment Installer and Repairer | Telecommunications Technician,TELECOM_ENGINEERING,NETWORKS,medium,1,Telecommunications antenna field-installation supervision.
TITLE:58602,58602,Telecommunications Commissioning Manager,TELECOM_ENGINEERING,NETWORKS,parent_only_proposal,TELECOM_MANAGER,Telecommunications Manager,TELECOM_ENGINEERING,NETWORKS,medium,1,Manually curated semantic mapping from the title to the closest canonical leaf or plausible alternative leaves; repeated title patterns were applied consistently.
TITLE:58603,58603,Telecommunications Consultant,TELECOM_ENGINEERING,NETWORKS,parent_only_proposal,TELECOM_ANALYST | TELECOM_ENGINEER,Telecommunications Analyst | Telecommunications Engineer,TELECOM_ENGINEERING,NETWORKS,medium,1,Manually curated semantic mapping from the title to the closest canonical leaf or plausible alternative leaves; repeated title patterns were applied consistently.
TITLE:58605,58605,Telecommunications Development Manager,SOFTWARE_DEVELOPMENT,SOFTWARE,parent_only_proposal,TELECOM_MANAGER | IT_PROJECT_MANAGER,Telecommunications Manager | IT Project Manager,TELECOM_ENGINEERING | PROJECT_PRODUCT,NETWORKS | IT_DELIVERY,medium,1,Manually curated semantic mapping from the title to the closest canonical leaf or plausible alternative leaves; repeated title patterns were applied consistently.
TITLE:58607,58607,Telecommunications Equipment Manager,TELECOM_ENGINEERING,NETWORKS,parent_only_proposal,TELECOM_MANAGER,Telecommunications Manager,TELECOM_ENGINEERING,NETWORKS,medium,1,Manually curated semantic mapping from the title to the closest canonical leaf or plausible alternative leaves; repeated title patterns were applied consistently.
TITLE:58611,58611,Telecommunications Facility Examiner,TELECOM_ENGINEERING,NETWORKS,unresolved,TELECOM_TECHNICIAN,Telecommunications Technician,TELECOM_ENGINEERING,NETWORKS,medium,1,Manually curated semantic mapping from the title to the closest canonical leaf or plausible alternative leaves; repeated title patterns were applied consistently.
TITLE:58613,58613,Telecommunications Hardware Professional,TELECOM_ENGINEERING,NETWORKS,needs_it_duties,TELECOM_INSTALLER_REPAIRER | TELECOM_TECHNICIAN,Telecommunications Equipment Installer and Repairer | Telecommunications Technician,TELECOM_ENGINEERING,NETWORKS,medium,1,Manually curated semantic mapping from the title to the closest canonical leaf or plausible alternative leaves; repeated title patterns were applied consistently.
TITLE:58617,58617,Telecommunications Line Foreman,TELECOM_ENGINEERING,NETWORKS,needs_it_duties,TELECOM_INSTALLER_REPAIRER | TELECOM_TECHNICIAN,Telecommunications Equipment Installer and Repairer | Telecommunications Technician,TELECOM_ENGINEERING,NETWORKS,medium,1,Manually curated semantic mapping from the title to the closest canonical leaf or plausible alternative leaves; repeated title patterns were applied consistently.
TITLE:58620,58620,Telecommunications Line Maintainer,TELECOM_ENGINEERING,NETWORKS,needs_it_duties,TELECOM_INSTALLER_REPAIRER | TELECOM_TECHNICIAN,Telecommunications Equipment Installer and Repairer | Telecommunications Technician,TELECOM_ENGINEERING,NETWORKS,medium,1,Manually curated semantic mapping from the title to the closest canonical leaf or plausible alternative leaves; repeated title patterns were applied consistently.
TITLE:58621,58621,Telecommunications Linesworker,TELECOM_ENGINEERING,NETWORKS,needs_it_duties,TELECOM_INSTALLER_REPAIRER | TELECOM_TECHNICIAN,Telecommunications Equipment Installer and Repairer | Telecommunications Technician,TELECOM_ENGINEERING,NETWORKS,medium,1,Manually curated semantic mapping from the title to the closest canonical leaf or plausible alternative leaves; repeated title patterns were applied consistently.
TITLE:58623,58623,Telecommunications Management Specialist (telecom Management Specialist),TELECOM_ENGINEERING,NETWORKS,parent_only_proposal,TELECOM_MANAGER,Telecommunications Manager,TELECOM_ENGINEERING,NETWORKS,medium,1,Manually curated semantic mapping from the title to the closest canonical leaf or plausible alternative leaves; repeated title patterns were applied consistently.
TITLE:58627,58627,Telecommunications Network Planner,NETWORK_ENGINEERING,NETWORKS,needs_it_duties,NETWORK_ARCHITECT | TELECOM_ENGINEER,Network Architect | Telecommunications Engineer,NETWORK_ENGINEERING | TELECOM_ENGINEERING,NETWORKS,medium,1,Manually curated semantic mapping from the title to the closest canonical leaf or plausible alternative leaves; repeated title patterns were applied consistently.
TITLE:58629,58629,Telecommunications Officer,TELECOM_ENGINEERING,NETWORKS,non_it_source_collision,TELECOM_SPECIALIST_GENERAL | TELECOM_MANAGER,Telecommunications Specialist (General) | Telecommunications Manager,TELECOM_ENGINEERING,NETWORKS,medium,1,Manually curated semantic mapping from the title to the closest canonical leaf or plausible alternative leaves; repeated title patterns were applied consistently.
TITLE:58630,58630,Telecommunications Operator,TELECOM_ENGINEERING,NETWORKS,needs_it_duties,TELECOM_OPERATOR,Telecommunications Operator,TELECOM_ENGINEERING,NETWORKS,medium,1,Manually curated semantic mapping from the title to the closest canonical leaf or plausible alternative leaves; repeated title patterns were applied consistently.
TITLE:58633,58633,Telecommunications Rigger,TELECOM_ENGINEERING,NETWORKS,needs_it_duties,TELECOM_INSTALLER_REPAIRER | TELECOM_TECHNICIAN,Telecommunications Equipment Installer and Repairer | Telecommunications Technician,TELECOM_ENGINEERING,NETWORKS,medium,1,Manually curated semantic mapping from the title to the closest canonical leaf or plausible alternative leaves; repeated title patterns were applied consistently.
TITLE:58634,58634,Telecommunications Service Manager,TELECOM_ENGINEERING,NETWORKS,parent_only_proposal,TELECOM_MANAGER,Telecommunications Manager,TELECOM_ENGINEERING,NETWORKS,medium,1,Manually curated semantic mapping from the title to the closest canonical leaf or plausible alternative leaves; repeated title patterns were applied consistently.
TITLE:58636,58636,Telecommunications Specialist,TELECOM_ENGINEERING,NETWORKS,non_it_source_collision,TELECOM_SPECIALIST_GENERAL,Telecommunications Specialist (General),TELECOM_ENGINEERING,NETWORKS,medium,1,Manually curated semantic mapping from the title to the closest canonical leaf or plausible alternative leaves; repeated title patterns were applied consistently.
TITLE:58640,58640,Telecommunications Technologist,TELECOM_ENGINEERING,NETWORKS,parent_only_proposal,TELECOM_TECHNICIAN | TELECOM_ENGINEER,Telecommunications Technician | Telecommunications Engineer,TELECOM_ENGINEERING,NETWORKS,medium,1,Manually curated semantic mapping from the title to the closest canonical leaf or plausible alternative leaves; repeated title patterns were applied consistently.
TITLE:58641,58641,Telecommunications Tower Foreman,TELECOM_ENGINEERING,NETWORKS,non_it_source_collision,TELECOM_INSTALLER_REPAIRER | TELECOM_TECHNICIAN,Telecommunications Equipment Installer and Repairer | Telecommunications Technician,TELECOM_ENGINEERING,NETWORKS,medium,1,Manually curated semantic mapping from the title to the closest canonical leaf or plausible alternative leaves; repeated title patterns were applied consistently.
TITLE:58642,58642,Telecommunications Utilities Foreman,TELECOM_ENGINEERING,NETWORKS,non_it_source_collision,TELECOM_INSTALLER_REPAIRER | TELECOM_TECHNICIAN,Telecommunications Equipment Installer and Repairer | Telecommunications Technician,TELECOM_ENGINEERING,NETWORKS,medium,1,Manually curated semantic mapping from the title to the closest canonical leaf or plausible alternative leaves; repeated title patterns were applied consistently.
TITLE:62877,62877,Voice and Data Technician,,,unresolved,NETWORK_TECHNICIAN | TELECOM_TECHNICIAN,Network Technician | Telecommunications Technician,NETWORK_ENGINEERING | TELECOM_ENGINEERING,NETWORKS,medium,1,Manually curated semantic mapping from the title to the closest canonical leaf or plausible alternative leaves; repeated title patterns were applied consistently.
TITLE:63305,63305,Wastewater Network Manager,,,outside_it_scope,OUTSIDE_IT_SCOPE,Outside IT Scope,OUTSIDE_SCOPE,EXCLUSIONS,high,0,Manually classified as outside the operational IT occupation scope.
TITLE:63433,63433,Water Network Technician,,,outside_it_scope,OUTSIDE_IT_SCOPE,Outside IT Scope,OUTSIDE_SCOPE,EXCLUSIONS,high,0,Manually classified as outside the operational IT occupation scope.
TITLE:63698,63698,Web Analyst,,,non_it_source_collision,OUTSIDE_IT_SCOPE,Outside IT Scope,OUTSIDE_SCOPE,EXCLUSIONS,medium,0,Official source resolves primarily to search marketing; excluded from IT occupation matching.
TITLE:63701,63701,Web Architect,,,source_supported_proposal,WEB_DEVELOPER | SOLUTION_ARCHITECT | WEB_DESIGNER,Web Developer | Solution Architect | Web Designer,SOFTWARE_DEVELOPMENT | SYSTEMS_ARCHITECTURE | DIGITAL_EXPERIENCE,SOFTWARE | ARCHITECTURE_ANALYSIS | DIGITAL_DESIGN,medium,1,Manually curated semantic mapping from the title to the closest canonical leaf or plausible alternative leaves; repeated title patterns were applied consistently.
TITLE:63703,63703,Web Consultant,,,unresolved,WEB_DEVELOPER | IT_CONSULTANT,Web Developer | IT Consultant,SOFTWARE_DEVELOPMENT | SYSTEMS_ANALYSIS,SOFTWARE | ARCHITECTURE_ANALYSIS,medium,1,Manually curated semantic mapping from the title to the closest canonical leaf or plausible alternative leaves; repeated title patterns were applied consistently.
TITLE:63704,63704,Web Content Administrator (admin),SYSTEMS_OPERATIONS,PLATFORM_INFRASTRUCTURE,parent_only_proposal,WEB_ADMIN | SERVICE_DELIVERY_MANAGER,Web Administrator | IT Service Delivery Manager,SYSTEMS_OPERATIONS | SERVICE_GOVERNANCE,PLATFORM_INFRASTRUCTURE | IT_DELIVERY,medium,1,Manually curated semantic mapping from the title to the closest canonical leaf or plausible alternative leaves; repeated title patterns were applied consistently.
TITLE:63705,63705,Web Content Coordinator,SYSTEMS_OPERATIONS,PLATFORM_INFRASTRUCTURE,parent_only_proposal,WEB_ADMIN | SERVICE_DELIVERY_MANAGER,Web Administrator | IT Service Delivery Manager,SYSTEMS_OPERATIONS | SERVICE_GOVERNANCE,PLATFORM_INFRASTRUCTURE | IT_DELIVERY,medium,1,Manually curated semantic mapping from the title to the closest canonical leaf or plausible alternative leaves; repeated title patterns were applied consistently.
TITLE:63706,63706,Web Content Curatorspecialist,,,needs_it_duties,WEB_ADMIN | WEB_DESIGNER,Web Administrator | Web Designer,SYSTEMS_OPERATIONS | DIGITAL_EXPERIENCE,PLATFORM_INFRASTRUCTURE | DIGITAL_DESIGN,medium,1,Manually curated semantic mapping from the title to the closest canonical leaf or plausible alternative leaves; repeated title patterns were applied consistently.
TITLE:63708,63708,Web Content Manager,SYSTEMS_OPERATIONS,PLATFORM_INFRASTRUCTURE,parent_only_proposal,WEB_ADMIN | SERVICE_DELIVERY_MANAGER,Web Administrator | IT Service Delivery Manager,SYSTEMS_OPERATIONS | SERVICE_GOVERNANCE,PLATFORM_INFRASTRUCTURE | IT_DELIVERY,medium,1,Manually curated semantic mapping from the title to the closest canonical leaf or plausible alternative leaves; repeated title patterns were applied consistently.
TITLE:63709,63709,Web Content Specialist,DIGITAL_EXPERIENCE,DIGITAL_DESIGN,parent_only_proposal,WEB_ADMIN | WEB_DESIGNER,Web Administrator | Web Designer,SYSTEMS_OPERATIONS | DIGITAL_EXPERIENCE,PLATFORM_INFRASTRUCTURE | DIGITAL_DESIGN,medium,1,Manually curated semantic mapping from the title to the closest canonical leaf or plausible alternative leaves; repeated title patterns were applied consistently.
TITLE:63711,63711,Web Coordinator,SYSTEMS_OPERATIONS,PLATFORM_INFRASTRUCTURE,parent_only_proposal,WEB_ADMIN | SERVICE_DELIVERY_MANAGER,Web Administrator | IT Service Delivery Manager,SYSTEMS_OPERATIONS | SERVICE_GOVERNANCE,PLATFORM_INFRASTRUCTURE | IT_DELIVERY,medium,1,Manually curated semantic mapping from the title to the closest canonical leaf or plausible alternative leaves; repeated title patterns were applied consistently.
TITLE:63718,63718,Web Director,SYSTEMS_OPERATIONS,PLATFORM_INFRASTRUCTURE,parent_only_proposal,WEB_ADMIN | SERVICE_DELIVERY_MANAGER,Web Administrator | IT Service Delivery Manager,SYSTEMS_OPERATIONS | SERVICE_GOVERNANCE,PLATFORM_INFRASTRUCTURE | IT_DELIVERY,medium,1,Manually curated semantic mapping from the title to the closest canonical leaf or plausible alternative leaves; repeated title patterns were applied consistently.
TITLE:63724,63724,Web Manager,SYSTEMS_OPERATIONS,PLATFORM_INFRASTRUCTURE,parent_only_proposal,WEB_ADMIN | SERVICE_DELIVERY_MANAGER,Web Administrator | IT Service Delivery Manager,SYSTEMS_OPERATIONS | SERVICE_GOVERNANCE,PLATFORM_INFRASTRUCTURE | IT_DELIVERY,medium,1,Manually curated semantic mapping from the title to the closest canonical leaf or plausible alternative leaves; repeated title patterns were applied consistently.
TITLE:63745,63745,Web Site Specialist,SOFTWARE_DEVELOPMENT,SOFTWARE,parent_only_proposal,WEB_DEVELOPER | WEB_ADMIN | WEB_DESIGNER,Web Developer | Web Administrator | Web Designer,SOFTWARE_DEVELOPMENT | SYSTEMS_OPERATIONS | DIGITAL_EXPERIENCE,SOFTWARE | PLATFORM_INFRASTRUCTURE | DIGITAL_DESIGN,medium,1,Manually curated semantic mapping from the title to the closest canonical leaf or plausible alternative leaves; repeated title patterns were applied consistently.
TITLE:63747,63747,Web Specialist,,,source_supported_proposal,WEB_DEVELOPER | WEB_ADMIN | WEB_DESIGNER,Web Developer | Web Administrator | Web Designer,SOFTWARE_DEVELOPMENT | SYSTEMS_OPERATIONS | DIGITAL_EXPERIENCE,SOFTWARE | PLATFORM_INFRASTRUCTURE | DIGITAL_DESIGN,medium,1,Manually curated semantic mapping from the title to the closest canonical leaf or plausible alternative leaves; repeated title patterns were applied consistently.
TITLE:63748,63748,Web Technician,,,source_supported_proposal,DESKTOP_SUPPORT | WEB_ADMIN,Desktop Support Specialist | Web Administrator,USER_APPLICATION_SUPPORT | SYSTEMS_OPERATIONS,SUPPORT | PLATFORM_INFRASTRUCTURE,medium,1,Manually curated semantic mapping from the title to the closest canonical leaf or plausible alternative leaves; repeated title patterns were applied consistently.
TITLE:63753,63753,Web and Digital Interface Designers,DIGITAL_EXPERIENCE,DIGITAL_DESIGN,parent_only_proposal,UI_DESIGNER | UX_DESIGNER | WEB_DESIGNER,User Interface Designer | User Experience Designer | Web Designer,DIGITAL_EXPERIENCE,DIGITAL_DESIGN,medium,1,Manually curated semantic mapping from the title to the closest canonical leaf or plausible alternative leaves; repeated title patterns were applied consistently.
TITLE:63763,63763,Website Coordinator,SYSTEMS_OPERATIONS,PLATFORM_INFRASTRUCTURE,parent_only_proposal,WEB_ADMIN | SERVICE_DELIVERY_MANAGER,Web Administrator | IT Service Delivery Manager,SYSTEMS_OPERATIONS | SERVICE_GOVERNANCE,PLATFORM_INFRASTRUCTURE | IT_DELIVERY,medium,1,Manually curated semantic mapping from the title to the closest canonical leaf or plausible alternative leaves; repeated title patterns were applied consistently.
TITLE:63766,63766,Website Optimization Strategist,,,non_it_source_collision,OUTSIDE_IT_SCOPE,Outside IT Scope,OUTSIDE_SCOPE,EXCLUSIONS,high,0,Manually classified as outside the operational IT occupation scope.
TITLE:64364,64364,Windows Tech (windows Technician),,,non_it_source_collision,DESKTOP_SUPPORT | SYSTEM_ADMIN,Desktop Support Specialist | Systems Administrator,USER_APPLICATION_SUPPORT | SYSTEMS_OPERATIONS,SUPPORT | PLATFORM_INFRASTRUCTURE,medium,1,Manually curated semantic mapping from the title to the closest canonical leaf or plausible alternative leaves; repeated title patterns were applied consistently.
TITLE:64509,64509,Wireless Engineer,NETWORK_ENGINEERING,NETWORKS,unresolved,NETWORK_ENGINEER | TELECOM_ENGINEER,Network Engineer | Telecommunications Engineer,NETWORK_ENGINEERING | TELECOM_ENGINEERING,NETWORKS,medium,1,Manually curated semantic mapping from the title to the closest canonical leaf or plausible alternative leaves; repeated title patterns were applied consistently.
TITLE:64511,64511,Wireless Internet Installer,,,non_it_source_collision,TELECOM_INSTALLER_REPAIRER | NETWORK_TECHNICIAN,Telecommunications Equipment Installer and Repairer | Network Technician,TELECOM_ENGINEERING | NETWORK_ENGINEERING,NETWORKS,medium,1,Manually curated semantic mapping from the title to the closest canonical leaf or plausible alternative leaves; repeated title patterns were applied consistently.
TITLE:64513,64513,Wireless Operator,,,needs_it_duties,TELECOM_OPERATOR,Telecommunications Operator,TELECOM_ENGINEERING,NETWORKS,low,1,Manually curated semantic mapping from the title to the closest canonical leaf or plausible alternative leaves; repeated title patterns were applied consistently.
TITLE:64517,64517,Wireless Telegrapher,,,outside_it_scope,TELECOM_OPERATOR,Telecommunications Operator,TELECOM_ENGINEERING,NETWORKS,low,1,Manually curated semantic mapping from the title to the closest canonical leaf or plausible alternative leaves; repeated title patterns were applied consistently.
TITLE:64518,64518,Wireless Watcher,,,outside_it_scope,TELECOM_OPERATOR,Telecommunications Operator,TELECOM_ENGINEERING,NETWORKS,low,1,Manually curated semantic mapping from the title to the closest canonical leaf or plausible alternative leaves; repeated title patterns were applied consistently.
TITLE:64979,64979,XML Developer (extensible Markup Language Developer),SOFTWARE_DEVELOPMENT,SOFTWARE,parent_only_proposal,APPLICATION_DEVELOPER | WEB_DEVELOPER,Software Developer / Engineer (General) | Web Developer,SOFTWARE_DEVELOPMENT,SOFTWARE,medium,1,Manually curated semantic mapping from the title to the closest canonical leaf or plausible alternative leaves; repeated title patterns were applied consistently.
