title_id,original_row_number,title,original_scope,original_resolution_status,possible_leaf_rank,is_primary_leaf,leaf_id,leaf,parent_id,parent,family_id,family,mapping_confidence,mapping_method,operational_eligible,manual_review_note
TITLE:1,1,.NET Developer,core,parent_only_proposal,1,1,APPLICATION_DEVELOPER,Application Developer,SOFTWARE_DEVELOPMENT,Software Development,SOFTWARE,Software Engineering,medium,manual_title_by_title_resolution_v2,1,.NET application/web development title.
TITLE:1,1,.NET Developer,core,parent_only_proposal,2,0,WEB_DEVELOPER,Web Developer,SOFTWARE_DEVELOPMENT,Software Development,SOFTWARE,Software Engineering,medium,manual_title_by_title_resolution_v2,1,.NET application/web development title.
TITLE:2,2,.NET Programmer,core,parent_only_proposal,1,1,COMPUTER_PROGRAMMER,Computer Programmer,SOFTWARE_DEVELOPMENT,Software Development,SOFTWARE,Software Engineering,medium,manual_title_by_title_resolution_v2,1,
TITLE:2,2,.NET Programmer,core,parent_only_proposal,2,0,APPLICATION_DEVELOPER,Application Developer,SOFTWARE_DEVELOPMENT,Software Development,SOFTWARE,Software Engineering,medium,manual_title_by_title_resolution_v2,1,
TITLE:28,28,3D Developer,review,non_it_source_collision,1,1,APPLICATION_DEVELOPER,Software Developer / Engineer (General),SOFTWARE_DEVELOPMENT,Software Development,SOFTWARE,Software Engineering,low,manual_title_by_title_resolution_v2,1,3D developer is domain-ambiguous; software/game development are the plausible IT interpretations.
TITLE:28,28,3D Developer,review,non_it_source_collision,2,0,GAME_DEVELOPER,Game Developer,SPECIALIZED_DEVELOPMENT,Specialized Software Development,SOFTWARE,Software Engineering,low,manual_title_by_title_resolution_v2,1,3D developer is domain-ambiguous; software/game development are the plausible IT interpretations.
TITLE:83,83,ADP Planner (automatic Data Processing Planner),core,parent_only_proposal,1,1,SYSTEMS_ANALYST,Systems Analyst,SYSTEMS_ANALYSIS,Business and Systems Analysis,ARCHITECTURE_ANALYSIS,IT Architecture and Systems Analysis,medium,manual_title_by_title_resolution_v2,1,
TITLE:83,83,ADP Planner (automatic Data Processing Planner),core,parent_only_proposal,2,0,DATA_ENGINEER,Data Engineer,DATA_ENGINEERING,Data Engineering,DATA_AI,"Data, Analytics and Artificial Intelligence",medium,manual_title_by_title_resolution_v2,1,
TITLE:87,87,AI Consultant (artificial Intelligence Consultant),review,non_it_source_collision,1,1,AI_ENGINEER,Artificial Intelligence Engineer,AI_ENGINEERING,AI and Machine Learning Engineering,DATA_AI,"Data, Analytics and Artificial Intelligence",existing,existing_reviewed_mapping,1,Preserved existing leaf assignment.
TITLE:89,89,AI Security Specialist (artificial Intelligence Security Specialist),core,source_supported_proposal,1,1,AI_ENGINEER,Artificial Intelligence Engineer,AI_ENGINEERING,AI and Machine Learning Engineering,DATA_AI,"Data, Analytics and Artificial Intelligence",existing,existing_reviewed_mapping,1,Preserved existing leaf assignment.
TITLE:91,91,AI System Designer,core,source_supported_proposal,1,1,AI_ENGINEER,Artificial Intelligence Engineer,AI_ENGINEERING,AI and Machine Learning Engineering,DATA_AI,"Data, Analytics and Artificial Intelligence",existing,existing_reviewed_mapping,1,Preserved existing leaf assignment.
TITLE:92,92,AI Technician,review,non_it_source_collision,1,1,AI_ENGINEER,Artificial Intelligence Engineer,AI_ENGINEERING,AI and Machine Learning Engineering,DATA_AI,"Data, Analytics and Artificial Intelligence",existing,existing_reviewed_mapping,1,Preserved existing leaf assignment.
TITLE:113,113,API Writer,conditional,needs_it_duties,1,1,TECHNICAL_WRITER,IT Technical Writer,TECHNICAL_ENABLEMENT,Technical Documentation and Learning,IT_ENABLEMENT,"IT Documentation, Learning and Advisory",existing,existing_reviewed_mapping,1,Preserved existing leaf assignment.
TITLE:118,118,ASP.NET Developer,core,parent_only_proposal,1,1,APPLICATION_DEVELOPER,Application Developer,SOFTWARE_DEVELOPMENT,Software Development,SOFTWARE,Software Engineering,medium,manual_title_by_title_resolution_v2,1,.NET application/web development title.
TITLE:118,118,ASP.NET Developer,core,parent_only_proposal,2,0,WEB_DEVELOPER,Web Developer,SOFTWARE_DEVELOPMENT,Software Development,SOFTWARE,Software Engineering,medium,manual_title_by_title_resolution_v2,1,.NET application/web development title.
TITLE:230,230,Accessibility Designer,core,parent_only_proposal,1,1,UX_DESIGNER,User Experience Designer,DIGITAL_EXPERIENCE,Digital Interface and User Experience,DIGITAL_DESIGN,Digital Product Design,medium,manual_title_by_title_resolution_v2,1,
TITLE:230,230,Accessibility Designer,core,parent_only_proposal,2,0,UI_DESIGNER,User Interface Designer,DIGITAL_EXPERIENCE,Digital Interface and User Experience,DIGITAL_DESIGN,Digital Product Design,medium,manual_title_by_title_resolution_v2,1,
TITLE:232,232,Accessibility Testers,core,source_supported_proposal,1,1,ACCESSIBILITY_TESTER,Accessibility Tester,SOFTWARE_TESTING,Software Quality and Testing,SOFTWARE,Software Engineering,existing,existing_reviewed_mapping,1,Preserved existing leaf assignment.
TITLE:303,303,Accounting Systems Analyst,review,non_it_source_collision,1,1,SYSTEMS_ANALYST,Systems Analyst,SYSTEMS_ANALYSIS,Business and Systems Analysis,ARCHITECTURE_ANALYSIS,IT Architecture and Systems Analysis,existing,existing_reviewed_mapping,1,Preserved existing leaf assignment.
TITLE:670,670,Advanced Analytics Associate,review,non_it_source_collision,1,1,DATA_ANALYST,Data Analyst,DATA_ANALYSIS,Data Analysis and Business Intelligence,DATA_AI,"Data, Analytics and Artificial Intelligence",existing,existing_reviewed_mapping,1,Preserved existing leaf assignment.
TITLE:1281,1281,Air Traffic Safety Software Specialist,review,non_it_source_collision,1,1,APPLICATION_DEVELOPER,Software Developer / Engineer (General),SOFTWARE_DEVELOPMENT,Software Development,SOFTWARE,Software Engineering,medium,manual_title_by_title_resolution_v2,1,Safety-domain software role; mapped to general software development without inventing a narrower platform.
TITLE:1689,1689,Algorithm Developer,review,non_it_source_collision,1,1,APPLICATION_DEVELOPER,Software Developer / Engineer (General),SOFTWARE_DEVELOPMENT,Software Development,SOFTWARE,Software Engineering,medium,manual_title_by_title_resolution_v2,1,Algorithm role can be general software or ML depending duties.
TITLE:1689,1689,Algorithm Developer,review,non_it_source_collision,2,0,ML_ENGINEER,Machine Learning Engineer,AI_ENGINEERING,AI and Machine Learning Engineering,DATA_AI,"Data, Analytics and Artificial Intelligence",medium,manual_title_by_title_resolution_v2,1,Algorithm role can be general software or ML depending duties.
TITLE:1690,1690,Algorithm Engineer,review,non_it_source_collision,1,1,APPLICATION_DEVELOPER,Software Developer / Engineer (General),SOFTWARE_DEVELOPMENT,Software Development,SOFTWARE,Software Engineering,medium,manual_title_by_title_resolution_v2,1,Algorithm role can be general software or ML depending duties.
TITLE:1690,1690,Algorithm Engineer,review,non_it_source_collision,2,0,ML_ENGINEER,Machine Learning Engineer,AI_ENGINEERING,AI and Machine Learning Engineering,DATA_AI,"Data, Analytics and Artificial Intelligence",medium,manual_title_by_title_resolution_v2,1,Algorithm role can be general software or ML depending duties.
TITLE:1880,1880,Analyst Programmer,core,parent_only_proposal,1,1,COMPUTER_PROGRAMMER,Computer Programmer,SOFTWARE_DEVELOPMENT,Software Development,SOFTWARE,Software Engineering,medium,manual_title_by_title_resolution_v2,1,Hybrid programmer/analyst title; both programming and systems-analysis paths are plausible.
TITLE:1880,1880,Analyst Programmer,core,parent_only_proposal,2,0,SYSTEMS_ANALYST,Systems Analyst,SYSTEMS_ANALYSIS,Business and Systems Analysis,ARCHITECTURE_ANALYSIS,IT Architecture and Systems Analysis,medium,manual_title_by_title_resolution_v2,1,Hybrid programmer/analyst title; both programming and systems-analysis paths are plausible.
TITLE:1890,1890,Analytical Data Miner,core,source_supported_proposal,1,1,DATA_ANALYST,Data Analyst,DATA_ANALYSIS,Data Analysis and Business Intelligence,DATA_AI,"Data, Analytics and Artificial Intelligence",existing,existing_reviewed_mapping,1,Preserved existing leaf assignment.
TITLE:1899,1899,Analytics Consultant,review,source_scope_conflict,1,1,DATA_ANALYST,Data Analyst,DATA_ANALYSIS,Data Analysis and Business Intelligence,DATA_AI,"Data, Analytics and Artificial Intelligence",existing,existing_reviewed_mapping,1,Preserved existing leaf assignment.
TITLE:1900,1900,Analytics Manager,core,source_supported_proposal,1,1,DATA_MANAGER,Data and Analytics Manager,IT_MANAGEMENT,IT and Engineering Management,IT_DELIVERY,IT Leadership and Delivery,existing,existing_reviewed_mapping,1,Preserved existing leaf assignment.
TITLE:1920,1920,Android Developer,core,label_policy_proposal,1,1,ANDROID_DEVELOPER,Android Developer,SOFTWARE_DEVELOPMENT,Software Development,SOFTWARE,Software Engineering,existing,existing_reviewed_mapping,1,Preserved existing leaf assignment.
TITLE:1945,1945,Angularjs Developer,core,label_policy_proposal,1,1,FRONTEND_DEVELOPER,Frontend Developer,SOFTWARE_DEVELOPMENT,Software Development,SOFTWARE,Software Engineering,existing,existing_reviewed_mapping,1,Preserved existing leaf assignment.
TITLE:2288,2288,Apache Hadoop Developer,core,label_policy_proposal,1,1,DATA_ENGINEER,Data Engineer,DATA_ENGINEERING,Data Engineering,DATA_AI,"Data, Analytics and Artificial Intelligence",existing,existing_reviewed_mapping,1,Preserved existing leaf assignment.
TITLE:2305,2305,App Coder,core,parent_only_proposal,1,1,APPLICATION_DEVELOPER,Application Developer,SOFTWARE_DEVELOPMENT,Software Development,SOFTWARE,Software Engineering,high,manual_title_by_title_resolution_v2,1,Application coding title.
TITLE:2305,2305,App Coder,core,parent_only_proposal,2,0,COMPUTER_PROGRAMMER,Computer Programmer,SOFTWARE_DEVELOPMENT,Software Development,SOFTWARE,Software Engineering,high,manual_title_by_title_resolution_v2,1,Application coding title.
TITLE:2306,2306,App Configurator,core,source_supported_proposal,1,1,SYSTEM_CONFIG,Systems Configuration Specialist,SYSTEMS_OPERATIONS,Systems Administration and Operations,PLATFORM_INFRASTRUCTURE,"Cloud, Platforms and IT Operations",existing,existing_reviewed_mapping,1,Preserved existing leaf assignment.
TITLE:2307,2307,App Developer,core,parent_only_proposal,1,1,APPLICATION_DEVELOPER,Application Developer,SOFTWARE_DEVELOPMENT,Software Development,SOFTWARE,Software Engineering,high,manual_title_by_title_resolution_v2,1,Application developer title.
TITLE:2308,2308,App Programmer,core,parent_only_proposal,1,1,APPLICATION_DEVELOPER,Application Developer,SOFTWARE_DEVELOPMENT,Software Development,SOFTWARE,Software Engineering,high,manual_title_by_title_resolution_v2,1,Application programming title.
TITLE:2308,2308,App Programmer,core,parent_only_proposal,2,0,COMPUTER_PROGRAMMER,Computer Programmer,SOFTWARE_DEVELOPMENT,Software Development,SOFTWARE,Software Engineering,high,manual_title_by_title_resolution_v2,1,Application programming title.
TITLE:2370,2370,Application Analyst,core,source_supported_proposal,1,1,SYSTEMS_ANALYST,Systems Analyst,SYSTEMS_ANALYSIS,Business and Systems Analysis,ARCHITECTURE_ANALYSIS,IT Architecture and Systems Analysis,existing,existing_reviewed_mapping,1,Preserved existing leaf assignment.
TITLE:2371,2371,Application Architect,core,source_supported_proposal,1,1,SOFTWARE_ARCHITECT,Software Architect,SOFTWARE_DEVELOPMENT,Software Development,SOFTWARE,Software Engineering,existing,existing_reviewed_mapping,1,Preserved existing leaf assignment.
TITLE:2372,2372,Application Configurators,core,source_supported_proposal,1,1,SYSTEM_CONFIG,Systems Configuration Specialist,SYSTEMS_OPERATIONS,Systems Administration and Operations,PLATFORM_INFRASTRUCTURE,"Cloud, Platforms and IT Operations",existing,existing_reviewed_mapping,1,Preserved existing leaf assignment.
TITLE:2373,2373,Application Coordinator,conditional,needs_it_duties,1,1,APPLICATION_SUPPORT,Application Support Specialist,USER_APPLICATION_SUPPORT,User and Application Support,SUPPORT,IT Support,low,manual_title_by_title_resolution_v2,1,
TITLE:2373,2373,Application Coordinator,conditional,needs_it_duties,2,0,IT_PROJECT_MANAGER,IT Project Manager,PROJECT_PRODUCT,IT Project and Product Delivery,IT_DELIVERY,IT Leadership and Delivery,low,manual_title_by_title_resolution_v2,1,
TITLE:2374,2374,Application Customer Service Representative (application CSR),core,source_supported_proposal,1,1,APPLICATION_SUPPORT,Application Support Specialist,USER_APPLICATION_SUPPORT,User and Application Support,SUPPORT,IT Support,existing,existing_reviewed_mapping,1,Preserved existing leaf assignment.
TITLE:2375,2375,Application Designer,core,parent_only_proposal,1,1,APPLICATION_DEVELOPER,Application Developer,SOFTWARE_DEVELOPMENT,Software Development,SOFTWARE,Software Engineering,medium,manual_title_by_title_resolution_v2,1,Application design can denote implementation or application architecture.
TITLE:2375,2375,Application Designer,core,parent_only_proposal,2,0,SOFTWARE_ARCHITECT,Software Architect,SOFTWARE_DEVELOPMENT,Software Development,SOFTWARE,Software Engineering,medium,manual_title_by_title_resolution_v2,1,Application design can denote implementation or application architecture.
TITLE:2376,2376,Application Development Director,core,source_supported_proposal,1,1,ENGINEERING_MANAGER,Software Engineering Manager,IT_MANAGEMENT,IT and Engineering Management,IT_DELIVERY,IT Leadership and Delivery,existing,existing_reviewed_mapping,1,Preserved existing leaf assignment.
TITLE:2382,2382,Application Integration Consultant,core,source_supported_proposal,1,1,INTEGRATION_ENGINEER,Systems Integration Engineer,SYSTEMS_ARCHITECTURE,Enterprise and Systems Architecture,ARCHITECTURE_ANALYSIS,IT Architecture and Systems Analysis,existing,existing_reviewed_mapping,1,Preserved existing leaf assignment.
TITLE:2383,2383,Application Integration Engineer,core,source_supported_proposal,1,1,INTEGRATION_ENGINEER,Systems Integration Engineer,SYSTEMS_ARCHITECTURE,Enterprise and Systems Architecture,ARCHITECTURE_ANALYSIS,IT Architecture and Systems Analysis,existing,existing_reviewed_mapping,1,Preserved existing leaf assignment.
TITLE:2384,2384,Application Integrator,core,source_supported_proposal,1,1,INTEGRATION_ENGINEER,Systems Integration Engineer,SYSTEMS_ARCHITECTURE,Enterprise and Systems Architecture,ARCHITECTURE_ANALYSIS,IT Architecture and Systems Analysis,existing,existing_reviewed_mapping,1,Preserved existing leaf assignment.
TITLE:2385,2385,Application Lifecycle Manager,core,parent_only_proposal,1,1,CHANGE_CONFIG_MANAGER,IT Change and Configuration Manager,SERVICE_GOVERNANCE,IT Service Governance,IT_DELIVERY,IT Leadership and Delivery,medium,manual_title_by_title_resolution_v2,1,
TITLE:2385,2385,Application Lifecycle Manager,core,parent_only_proposal,2,0,SERVICE_DELIVERY_MANAGER,IT Service Delivery Manager,SERVICE_GOVERNANCE,IT Service Governance,IT_DELIVERY,IT Leadership and Delivery,medium,manual_title_by_title_resolution_v2,1,
TITLE:2386,2386,Application Manager,core,source_supported_proposal,1,1,ENGINEERING_MANAGER,Software Engineering Manager,IT_MANAGEMENT,IT and Engineering Management,IT_DELIVERY,IT Leadership and Delivery,existing,existing_reviewed_mapping,1,Preserved existing leaf assignment.
TITLE:2387,2387,Application Programmer,core,parent_only_proposal,1,1,APPLICATION_DEVELOPER,Application Developer,SOFTWARE_DEVELOPMENT,Software Development,SOFTWARE,Software Engineering,high,manual_title_by_title_resolution_v2,1,Application programming title.
TITLE:2387,2387,Application Programmer,core,parent_only_proposal,2,0,COMPUTER_PROGRAMMER,Computer Programmer,SOFTWARE_DEVELOPMENT,Software Development,SOFTWARE,Software Engineering,high,manual_title_by_title_resolution_v2,1,Application programming title.
TITLE:2388,2388,Application Programmer Analyst,core,parent_only_proposal,1,1,APPLICATION_DEVELOPER,Application Developer,SOFTWARE_DEVELOPMENT,Software Development,SOFTWARE,Software Engineering,high,manual_title_by_title_resolution_v2,1,Explicit application-programmer/analyst hybrid.
TITLE:2388,2388,Application Programmer Analyst,core,parent_only_proposal,2,0,SYSTEMS_ANALYST,Systems Analyst,SYSTEMS_ANALYSIS,Business and Systems Analysis,ARCHITECTURE_ANALYSIS,IT Architecture and Systems Analysis,high,manual_title_by_title_resolution_v2,1,Explicit application-programmer/analyst hybrid.
TITLE:2388,2388,Application Programmer Analyst,core,parent_only_proposal,3,0,COMPUTER_PROGRAMMER,Computer Programmer,SOFTWARE_DEVELOPMENT,Software Development,SOFTWARE,Software Engineering,high,manual_title_by_title_resolution_v2,1,Explicit application-programmer/analyst hybrid.
TITLE:2389,2389,Application Security Administrator,core,source_supported_proposal,1,1,APPSEC_ENGINEER,Application Security Engineer,SECURITY_ENGINEERING,Cybersecurity Engineering,SECURITY,Cybersecurity,existing,existing_reviewed_mapping,1,Preserved existing leaf assignment.
TITLE:2390,2390,Application Security Analyst,core,source_supported_proposal,1,1,APPSEC_ENGINEER,Application Security Engineer,SECURITY_ENGINEERING,Cybersecurity Engineering,SECURITY,Cybersecurity,existing,existing_reviewed_mapping,1,Preserved existing leaf assignment.
TITLE:2391,2391,Application Security Assessor,core,source_supported_proposal,1,1,VULNERABILITY_ANALYST,Vulnerability Assessment Specialist,OFFENSIVE_SECURITY,Offensive Security and Security Testing,SECURITY,Cybersecurity,existing,existing_reviewed_mapping,1,Preserved existing leaf assignment.
TITLE:2392,2392,Application Security Hacker,core,source_supported_proposal,1,1,PENETRATION_TESTER,Penetration Tester,OFFENSIVE_SECURITY,Offensive Security and Security Testing,SECURITY,Cybersecurity,existing,existing_reviewed_mapping,1,Preserved existing leaf assignment.
TITLE:2393,2393,Application Security Tester,core,source_supported_proposal,1,1,VULNERABILITY_ANALYST,Vulnerability Assessment Specialist,OFFENSIVE_SECURITY,Offensive Security and Security Testing,SECURITY,Cybersecurity,existing,existing_reviewed_mapping,1,Preserved existing leaf assignment.
TITLE:2394,2394,Application Software Configurator,core,parent_only_proposal,1,1,SYSTEM_CONFIG,Systems Configuration Specialist,SYSTEMS_OPERATIONS,Systems Administration and Operations,PLATFORM_INFRASTRUCTURE,"Cloud, Platforms and IT Operations",medium,manual_title_by_title_resolution_v2,1,
TITLE:2394,2394,Application Software Configurator,core,parent_only_proposal,2,0,APPLICATION_SUPPORT,Application Support Specialist,USER_APPLICATION_SUPPORT,User and Application Support,SUPPORT,IT Support,medium,manual_title_by_title_resolution_v2,1,
TITLE:2395,2395,Application Software Developers,core,parent_only_proposal,1,1,APPLICATION_DEVELOPER,Application Developer,SOFTWARE_DEVELOPMENT,Software Development,SOFTWARE,Software Engineering,high,manual_title_by_title_resolution_v2,1,Canonical application software development role.
TITLE:2396,2396,Application Software Engineer,core,parent_only_proposal,1,1,APPLICATION_DEVELOPER,Application Developer,SOFTWARE_DEVELOPMENT,Software Development,SOFTWARE,Software Engineering,high,manual_title_by_title_resolution_v2,1,Application software engineering role.
TITLE:2396,2396,Application Software Engineer,core,parent_only_proposal,2,0,APPLICATION_DEVELOPER,Software Developer / Engineer (General),SOFTWARE_DEVELOPMENT,Software Development,SOFTWARE,Software Engineering,high,manual_title_by_title_resolution_v2,1,Application software engineering role.
TITLE:2400,2400,Application Support Engineer,core,source_supported_proposal,1,1,APPLICATION_SUPPORT,Application Support Specialist,USER_APPLICATION_SUPPORT,User and Application Support,SUPPORT,IT Support,existing,existing_reviewed_mapping,1,Preserved existing leaf assignment.
TITLE:2401,2401,Application Support Manager,core,source_supported_proposal,1,1,SUPPORT_MANAGER,IT Support Manager,USER_APPLICATION_SUPPORT,User and Application Support,SUPPORT,IT Support,existing,existing_reviewed_mapping,1,Preserved existing leaf assignment.
TITLE:2402,2402,Application Systems Administrator,core,source_supported_proposal,1,1,SYSTEM_ADMIN,Systems Administrator,SYSTEMS_OPERATIONS,Systems Administration and Operations,PLATFORM_INFRASTRUCTURE,"Cloud, Platforms and IT Operations",existing,existing_reviewed_mapping,1,Preserved existing leaf assignment.
TITLE:2403,2403,Application Systems Architect,core,source_supported_proposal,1,1,SYSTEMS_ARCHITECT,Systems Architect,SYSTEMS_ARCHITECTURE,Enterprise and Systems Architecture,ARCHITECTURE_ANALYSIS,IT Architecture and Systems Analysis,existing,existing_reviewed_mapping,1,Preserved existing leaf assignment.
TITLE:2404,2404,Application Technology Engineer,review,non_it_source_collision,1,1,OUTSIDE_IT_SCOPE,Outside IT Scope,OUTSIDE_SCOPE,Outside IT Occupational Scope,EXCLUSIONS,Excluded / Non-operational Labels,high,manual_title_by_title_resolution_v2,0,"Official source is general application engineering, not necessarily software/IT."
TITLE:2405,2405,Application Technology Engineering Adviser,review,non_it_source_collision,1,1,OUTSIDE_IT_SCOPE,Outside IT Scope,OUTSIDE_SCOPE,Outside IT Occupational Scope,EXCLUSIONS,Excluded / Non-operational Labels,high,manual_title_by_title_resolution_v2,0,"Official source is general application engineering, not necessarily software/IT."
TITLE:2406,2406,Application Technology Engineering Expert,review,non_it_source_collision,1,1,OUTSIDE_IT_SCOPE,Outside IT Scope,OUTSIDE_SCOPE,Outside IT Occupational Scope,EXCLUSIONS,Excluded / Non-operational Labels,high,manual_title_by_title_resolution_v2,0,"Official source is general application engineering, not necessarily software/IT."
TITLE:2407,2407,Application Tester,core,source_supported_proposal,1,1,SOFTWARE_TESTER,Software Test Engineer,SOFTWARE_TESTING,Software Quality and Testing,SOFTWARE,Software Engineering,existing,existing_reviewed_mapping,1,Preserved existing leaf assignment.
TITLE:2408,2408,Applications Developer,review,unresolved,1,1,APPLICATION_DEVELOPER,Application Developer,SOFTWARE_DEVELOPMENT,Software Development,SOFTWARE,Software Engineering,high,manual_title_by_title_resolution_v2,1,Canonical applications development role.
TITLE:2409,2409,Applications Packager,conditional,needs_it_duties,1,1,SYSTEM_CONFIG,Systems Configuration Specialist,SYSTEMS_OPERATIONS,Systems Administration and Operations,PLATFORM_INFRASTRUCTURE,"Cloud, Platforms and IT Operations",existing,existing_reviewed_mapping,1,Preserved existing leaf assignment.
TITLE:2410,2410,Applications Quality Assurance Specialist (applications QA Specialist),core,source_supported_proposal,1,1,SOFTWARE_TESTER,Software Test Engineer,SOFTWARE_TESTING,Software Quality and Testing,SOFTWARE,Software Engineering,existing,existing_reviewed_mapping,1,Preserved existing leaf assignment.
TITLE:2412,2412,Applications Software Engineering Information Technology Specialist (applications Software Engineering IT Specialist),core,parent_only_proposal,1,1,APPLICATION_DEVELOPER,Application Developer,SOFTWARE_DEVELOPMENT,Software Development,SOFTWARE,Software Engineering,high,manual_title_by_title_resolution_v2,1,Applications software engineering specialist.
TITLE:2412,2412,Applications Software Engineering Information Technology Specialist (applications Software Engineering IT Specialist),core,parent_only_proposal,2,0,APPLICATION_DEVELOPER,Software Developer / Engineer (General),SOFTWARE_DEVELOPMENT,Software Development,SOFTWARE,Software Engineering,high,manual_title_by_title_resolution_v2,1,Applications software engineering specialist.
TITLE:2413,2413,Applications System Analyst,core,source_supported_proposal,1,1,SYSTEMS_ANALYST,Systems Analyst,SYSTEMS_ANALYSIS,Business and Systems Analysis,ARCHITECTURE_ANALYSIS,IT Architecture and Systems Analysis,existing,existing_reviewed_mapping,1,Preserved existing leaf assignment.
TITLE:2414,2414,Applications Trainer,conditional,needs_it_duties,1,1,IT_TRAINER,IT Trainer,TECHNICAL_ENABLEMENT,Technical Documentation and Learning,IT_ENABLEMENT,"IT Documentation, Learning and Advisory",existing,existing_reviewed_mapping,1,Preserved existing leaf assignment.
TITLE:2831,2831,Artificial Intelligence Designer,core,source_supported_proposal,1,1,AI_ENGINEER,Artificial Intelligence Engineer,AI_ENGINEERING,AI and Machine Learning Engineering,DATA_AI,"Data, Analytics and Artificial Intelligence",existing,existing_reviewed_mapping,1,Preserved existing leaf assignment.
TITLE:2832,2832,Artificial Intelligence Engineer,core,preferred_source_supported_proposal,1,1,AI_ENGINEER,Artificial Intelligence Engineer,AI_ENGINEERING,AI and Machine Learning Engineering,DATA_AI,"Data, Analytics and Artificial Intelligence",existing,existing_reviewed_mapping,1,Preserved existing leaf assignment.
TITLE:2833,2833,Artificial Intelligence Specialist,core,source_supported_proposal,1,1,AI_ENGINEER,Artificial Intelligence Engineer,AI_ENGINEERING,AI and Machine Learning Engineering,DATA_AI,"Data, Analytics and Artificial Intelligence",existing,existing_reviewed_mapping,1,Preserved existing leaf assignment.
TITLE:3120,3120,Assistant Data Analyst,review,non_it_source_collision,1,1,DATA_ANALYST,Data Analyst,DATA_ANALYSIS,Data Analysis and Business Intelligence,DATA_AI,"Data, Analytics and Artificial Intelligence",existing,existing_reviewed_mapping,1,Preserved existing leaf assignment.
TITLE:3286,3286,Assistant Network Administrator,core,source_supported_proposal,1,1,NETWORK_ADMIN,Network Administrator,NETWORK_ENGINEERING,Computer Network Engineering,NETWORKS,Networks and Telecommunications,existing,existing_reviewed_mapping,1,Preserved existing leaf assignment.
TITLE:3783,3783,Automatic Data Processing Customer Liaison (ADP Customer Liaison),core,parent_only_proposal,1,1,SUPPORT_ENGINEER,IT Support Engineer,USER_APPLICATION_SUPPORT,User and Application Support,SUPPORT,IT Support,medium,manual_title_by_title_resolution_v2,1,Customer-facing ADP/IT support liaison.
TITLE:3783,3783,Automatic Data Processing Customer Liaison (ADP Customer Liaison),core,parent_only_proposal,2,0,TECHNICAL_ACCOUNT,IT Technical Account Specialist,TECHNICAL_ENABLEMENT,Technical Documentation and Learning,IT_ENABLEMENT,"IT Documentation, Learning and Advisory",medium,manual_title_by_title_resolution_v2,1,Customer-facing ADP/IT support liaison.
TITLE:3784,3784,Automatic Data Processing Systems Security Specialist (ADP Systems Security),core,parent_only_proposal,1,1,SECURITY_SPECIALIST_GENERAL,Cybersecurity Specialist (General),SECURITY_OPERATIONS,Cybersecurity Operations,SECURITY,Cybersecurity,high,manual_title_by_title_resolution_v2,1,ADP/computer systems security specialist.
TITLE:3784,3784,Automatic Data Processing Systems Security Specialist (ADP Systems Security),core,parent_only_proposal,2,0,SECURITY_ADMIN,Security Administrator,SECURITY_ENGINEERING,Cybersecurity Engineering,SECURITY,Cybersecurity,high,manual_title_by_title_resolution_v2,1,ADP/computer systems security specialist.
TITLE:4023,4023,Automotive Security Engineer,core,source_supported_proposal,1,1,EMBEDDED_SECURITY,Embedded and IoT Security Engineer,SECURITY_ENGINEERING,Cybersecurity Engineering,SECURITY,Cybersecurity,existing,existing_reviewed_mapping,1,Preserved existing leaf assignment.
TITLE:4077,4077,Aviation Data Communications Consultant,conditional,needs_it_duties,1,1,TELECOM_ANALYST,Telecommunications Analyst,TELECOM_ENGINEERING,Telecommunications Engineering,NETWORKS,Networks and Telecommunications,medium,manual_title_by_title_resolution_v2,1,
TITLE:4077,4077,Aviation Data Communications Consultant,conditional,needs_it_duties,2,0,TELECOM_ENGINEER,Telecommunications Engineer,TELECOM_ENGINEERING,Telecommunications Engineering,NETWORKS,Networks and Telecommunications,medium,manual_title_by_title_resolution_v2,1,
TITLE:4078,4078,Aviation Data Communications Contractor,conditional,needs_it_duties,1,1,TELECOM_ANALYST,Telecommunications Analyst,TELECOM_ENGINEERING,Telecommunications Engineering,NETWORKS,Networks and Telecommunications,medium,manual_title_by_title_resolution_v2,1,
TITLE:4078,4078,Aviation Data Communications Contractor,conditional,needs_it_duties,2,0,TELECOM_ENGINEER,Telecommunications Engineer,TELECOM_ENGINEERING,Telecommunications Engineering,NETWORKS,Networks and Telecommunications,medium,manual_title_by_title_resolution_v2,1,
TITLE:4079,4079,Aviation Data Communications Manager,conditional,needs_it_duties,1,1,TELECOM_MANAGER,Telecommunications Manager,TELECOM_ENGINEERING,Telecommunications Engineering,NETWORKS,Networks and Telecommunications,existing,existing_reviewed_mapping,1,Preserved existing leaf assignment.
TITLE:4080,4080,Aviation Data Communications Specialist,conditional,needs_it_duties,1,1,TELECOM_ANALYST,Telecommunications Analyst,TELECOM_ENGINEERING,Telecommunications Engineering,NETWORKS,Networks and Telecommunications,medium,manual_title_by_title_resolution_v2,1,
TITLE:4080,4080,Aviation Data Communications Specialist,conditional,needs_it_duties,2,0,TELECOM_ENGINEER,Telecommunications Engineer,TELECOM_ENGINEERING,Telecommunications Engineering,NETWORKS,Networks and Telecommunications,medium,manual_title_by_title_resolution_v2,1,
TITLE:4172,4172,Aws Cloud Architect,core,source_supported_proposal,1,1,CLOUD_ARCHITECT,Cloud Architect,CLOUD_ENGINEERING,Cloud Engineering,PLATFORM_INFRASTRUCTURE,"Cloud, Platforms and IT Operations",existing,existing_reviewed_mapping,1,Preserved existing leaf assignment.
TITLE:4254,4254,Back End Developer,core,source_supported_proposal,1,1,BACKEND_DEVELOPER,Backend Developer,SOFTWARE_DEVELOPMENT,Software Development,SOFTWARE,Software Engineering,existing,existing_reviewed_mapping,1,Preserved existing leaf assignment.
TITLE:4255,4255,Back End Engineer,core,source_supported_proposal,1,1,BACKEND_DEVELOPER,Backend Developer,SOFTWARE_DEVELOPMENT,Software Development,SOFTWARE,Software Engineering,existing,existing_reviewed_mapping,1,Preserved existing leaf assignment.
TITLE:4256,4256,Back End Software Engineer,core,source_supported_proposal,1,1,BACKEND_DEVELOPER,Backend Developer,SOFTWARE_DEVELOPMENT,Software Development,SOFTWARE,Software Engineering,existing,existing_reviewed_mapping,1,Preserved existing leaf assignment.
TITLE:4285,4285,Back-end Web Developer,core,source_supported_proposal,1,1,BACKEND_DEVELOPER,Backend Developer,SOFTWARE_DEVELOPMENT,Software Development,SOFTWARE,Software Engineering,existing,existing_reviewed_mapping,1,Preserved existing leaf assignment.
TITLE:4968,4968,Battery Software Developer,core,source_supported_proposal,1,1,EMBEDDED_DEVELOPER,Embedded Software Developer,SPECIALIZED_DEVELOPMENT,Specialized Software Development,SOFTWARE,Software Engineering,existing,existing_reviewed_mapping,1,Preserved existing leaf assignment.
TITLE:5356,5356,Beta Tester,core,source_supported_proposal,1,1,SOFTWARE_TESTER,Software Test Engineer,SOFTWARE_TESTING,Software Quality and Testing,SOFTWARE,Software Engineering,existing,existing_reviewed_mapping,1,Preserved existing leaf assignment.
TITLE:5361,5361,Betting Game Designer,review,non_it_source_collision,1,1,GAME_DESIGNER,Digital Game Designer,DIGITAL_EXPERIENCE,Digital Interface and User Experience,DIGITAL_DESIGN,Digital Product Design,existing,existing_reviewed_mapping,1,Preserved existing leaf assignment.
TITLE:5362,5362,Betting Games Creator,review,non_it_source_collision,1,1,GAME_DEVELOPER,Game Developer,SPECIALIZED_DEVELOPMENT,Specialized Software Development,SOFTWARE,Software Engineering,existing,existing_reviewed_mapping,1,Preserved existing leaf assignment.
TITLE:5363,5363,Betting Games Developer,review,non_it_source_collision,1,1,GAME_DEVELOPER,Game Developer,SPECIALIZED_DEVELOPMENT,Specialized Software Development,SOFTWARE,Software Engineering,existing,existing_reviewed_mapping,1,Preserved existing leaf assignment.
TITLE:5365,5365,Betting Quality Assurance Engineer,review,non_it_source_collision,1,1,SOFTWARE_TESTER,Software Test Engineer,SOFTWARE_TESTING,Software Quality and Testing,SOFTWARE,Software Engineering,high,manual_title_by_title_resolution_v2,1,Software QA engineering in betting/gaming domain.
TITLE:5365,5365,Betting Quality Assurance Engineer,review,non_it_source_collision,2,0,TEST_AUTOMATION,Test Automation Engineer,SOFTWARE_TESTING,Software Quality and Testing,SOFTWARE,Software Engineering,high,manual_title_by_title_resolution_v2,1,Software QA engineering in betting/gaming domain.
TITLE:5432,5432,Big Data Architect,core,source_supported_proposal,1,1,DATA_ARCHITECT,Data Architect,DATA_ENGINEERING,Data Engineering,DATA_AI,"Data, Analytics and Artificial Intelligence",existing,existing_reviewed_mapping,1,Preserved existing leaf assignment.
TITLE:5433,5433,Big Data Archive Librarian,conditional,needs_it_duties,1,1,DATA_GOVERNANCE_SPECIALIST,Data Governance and Stewardship Specialist,DATA_ENGINEERING,Data Engineering,DATA_AI,"Data, Analytics and Artificial Intelligence",medium,manual_title_by_title_resolution_v2,1,
TITLE:5433,5433,Big Data Archive Librarian,conditional,needs_it_duties,2,0,DATA_WAREHOUSE,Data Warehouse Developer,DATA_ENGINEERING,Data Engineering,DATA_AI,"Data, Analytics and Artificial Intelligence",medium,manual_title_by_title_resolution_v2,1,
TITLE:5434,5434,Big Data Engineer,core,source_supported_proposal,1,1,DATA_ENGINEER,Data Engineer,DATA_ENGINEERING,Data Engineering,DATA_AI,"Data, Analytics and Artificial Intelligence",existing,existing_reviewed_mapping,1,Preserved existing leaf assignment.
TITLE:5641,5641,Biofuels Data Scientist,review,non_it_source_collision,1,1,DATA_SCIENTIST,Data Scientist,DATA_SCIENCE_RESEARCH,Data Science and Computing Research,DATA_AI,"Data, Analytics and Artificial Intelligence",existing,existing_reviewed_mapping,1,Preserved existing leaf assignment.
TITLE:5654,5654,Bioinformaticist,conditional,needs_it_duties,1,1,BIOINFORMATICS,Bioinformatics Specialist,DOMAIN_INFORMATICS,Domain-specific Informatics,SPECIALIZED_IT,Specialized Informatics,existing,existing_reviewed_mapping,1,Preserved existing leaf assignment.
TITLE:5655,5655,Bioinformatics Analyst,conditional,needs_it_duties,1,1,BIOINFORMATICS,Bioinformatics Specialist,DOMAIN_INFORMATICS,Domain-specific Informatics,SPECIALIZED_IT,Specialized Informatics,existing,existing_reviewed_mapping,1,Preserved existing leaf assignment.
TITLE:5656,5656,Bioinformatics Associate,conditional,needs_it_duties,1,1,BIOINFORMATICS,Bioinformatics Specialist,DOMAIN_INFORMATICS,Domain-specific Informatics,SPECIALIZED_IT,Specialized Informatics,existing,existing_reviewed_mapping,1,Preserved existing leaf assignment.
TITLE:5657,5657,Bioinformatics Consultant,conditional,needs_it_duties,1,1,BIOINFORMATICS,Bioinformatics Specialist,DOMAIN_INFORMATICS,Domain-specific Informatics,SPECIALIZED_IT,Specialized Informatics,existing,existing_reviewed_mapping,1,Preserved existing leaf assignment.
TITLE:5658,5658,Bioinformatics Developer,conditional,needs_it_duties,1,1,BIOINFORMATICS,Bioinformatics Specialist,DOMAIN_INFORMATICS,Domain-specific Informatics,SPECIALIZED_IT,Specialized Informatics,existing,existing_reviewed_mapping,1,Preserved existing leaf assignment.
TITLE:5659,5659,Bioinformatics Engineer,conditional,needs_it_duties,1,1,BIOINFORMATICS,Bioinformatics Specialist,DOMAIN_INFORMATICS,Domain-specific Informatics,SPECIALIZED_IT,Specialized Informatics,existing,existing_reviewed_mapping,1,Preserved existing leaf assignment.
TITLE:5660,5660,Bioinformatics Technician,conditional,needs_it_duties,1,1,BIOINFORMATICS,Bioinformatics Specialist,DOMAIN_INFORMATICS,Domain-specific Informatics,SPECIALIZED_IT,Specialized Informatics,existing,existing_reviewed_mapping,1,Preserved existing leaf assignment.
TITLE:5731,5731,Biomedical Systems Developer,review,non_it_source_collision,1,1,HEALTH_INFORMATICS,Health Informatics Specialist,DOMAIN_INFORMATICS,Domain-specific Informatics,SPECIALIZED_IT,Specialized Informatics,medium,manual_title_by_title_resolution_v2,1,Biomedical computing/software role; health informatics and software development are both plausible.
TITLE:5731,5731,Biomedical Systems Developer,review,non_it_source_collision,2,0,APPLICATION_DEVELOPER,Software Developer / Engineer (General),SOFTWARE_DEVELOPMENT,Software Development,SOFTWARE,Software Engineering,medium,manual_title_by_title_resolution_v2,1,Biomedical computing/software role; health informatics and software development are both plausible.
TITLE:5988,5988,Blockchain Analyst,core,parent_only_proposal,1,1,BLOCKCHAIN_DEVELOPER,Blockchain Developer,SPECIALIZED_DEVELOPMENT,Specialized Software Development,SOFTWARE,Software Engineering,medium,manual_title_by_title_resolution_v2,1,
TITLE:5988,5988,Blockchain Analyst,core,parent_only_proposal,2,0,SYSTEMS_ANALYST,Systems Analyst,SYSTEMS_ANALYSIS,Business and Systems Analysis,ARCHITECTURE_ANALYSIS,IT Architecture and Systems Analysis,medium,manual_title_by_title_resolution_v2,1,
TITLE:5989,5989,Blockchain Architect,core,preferred_source_supported_proposal,1,1,BLOCKCHAIN_DEVELOPER,Blockchain Developer,SPECIALIZED_DEVELOPMENT,Specialized Software Development,SOFTWARE,Software Engineering,existing,existing_reviewed_mapping,1,Preserved existing leaf assignment.
TITLE:5990,5990,Blockchain Developer,core,preferred_source_supported_proposal,1,1,BLOCKCHAIN_DEVELOPER,Blockchain Developer,SPECIALIZED_DEVELOPMENT,Specialized Software Development,SOFTWARE,Software Engineering,existing,existing_reviewed_mapping,1,Preserved existing leaf assignment.
TITLE:5991,5991,Blockchain Development Engineer,core,source_supported_proposal,1,1,BLOCKCHAIN_DEVELOPER,Blockchain Developer,SPECIALIZED_DEVELOPMENT,Specialized Software Development,SOFTWARE,Software Engineering,existing,existing_reviewed_mapping,1,Preserved existing leaf assignment.
TITLE:5992,5992,Blockchain Engineer,core,source_supported_proposal,1,1,BLOCKCHAIN_DEVELOPER,Blockchain Developer,SPECIALIZED_DEVELOPMENT,Specialized Software Development,SOFTWARE,Software Engineering,existing,existing_reviewed_mapping,1,Preserved existing leaf assignment.
TITLE:5993,5993,Blockchain Manager,core,parent_only_proposal,1,1,IT_PRODUCT_MANAGER,IT Product Manager,PROJECT_PRODUCT,IT Project and Product Delivery,IT_DELIVERY,IT Leadership and Delivery,medium,manual_title_by_title_resolution_v2,1,
TITLE:5993,5993,Blockchain Manager,core,parent_only_proposal,2,0,IT_PROJECT_MANAGER,IT Project Manager,PROJECT_PRODUCT,IT Project and Product Delivery,IT_DELIVERY,IT Leadership and Delivery,medium,manual_title_by_title_resolution_v2,1,
TITLE:5994,5994,Blockchain Penetration Tester,core,label_policy_proposal,1,1,PENETRATION_TESTER,Penetration Tester,OFFENSIVE_SECURITY,Offensive Security and Security Testing,SECURITY,Cybersecurity,existing,existing_reviewed_mapping,1,Preserved existing leaf assignment.
TITLE:5995,5995,Blockchain Software Engineer,core,source_supported_proposal,1,1,BLOCKCHAIN_DEVELOPER,Blockchain Developer,SPECIALIZED_DEVELOPMENT,Specialized Software Development,SOFTWARE,Software Engineering,existing,existing_reviewed_mapping,1,Preserved existing leaf assignment.
TITLE:5996,5996,Blockchain Technology Specialist,core,parent_only_proposal,1,1,BLOCKCHAIN_DEVELOPER,Blockchain Developer,SPECIALIZED_DEVELOPMENT,Specialized Software Development,SOFTWARE,Software Engineering,medium,manual_title_by_title_resolution_v2,1,
TITLE:5997,5997,Blockchain Threat Investigator,core,source_supported_proposal,1,1,THREAT_INTELLIGENCE,Cyber Threat Intelligence Analyst,SECURITY_OPERATIONS,Cybersecurity Operations,SECURITY,Cybersecurity,existing,existing_reviewed_mapping,1,Preserved existing leaf assignment.
TITLE:5998,5998,Blockchain Web Designer,core,source_supported_proposal,1,1,WEB_DESIGNER,Web Designer,DIGITAL_EXPERIENCE,Digital Interface and User Experience,DIGITAL_DESIGN,Digital Product Design,existing,existing_reviewed_mapping,1,Preserved existing leaf assignment.
TITLE:6054,6054,Blue Team Member,core,source_supported_proposal,1,1,SECURITY_ANALYST,Cybersecurity Analyst,SECURITY_OPERATIONS,Cybersecurity Operations,SECURITY,Cybersecurity,existing,existing_reviewed_mapping,1,Preserved existing leaf assignment.
TITLE:6894,6894,Break/fix Tech (break/fix Technician),core,label_policy_proposal,1,1,COMPUTER_REPAIR,Computer Repair Technician,HARDWARE_SUPPORT,Computer Hardware Support,SUPPORT,IT Support,existing,existing_reviewed_mapping,1,Preserved existing leaf assignment.
TITLE:7107,7107,Broadband Cable Installer,conditional,needs_it_duties,1,1,TELECOM_INSTALLER_REPAIRER,Telecommunications Equipment Installer and Repairer,TELECOM_ENGINEERING,Telecommunications Engineering,NETWORKS,Networks and Telecommunications,medium,manual_title_by_title_resolution_v2,1,
TITLE:7107,7107,Broadband Cable Installer,conditional,needs_it_duties,2,0,TELECOM_TECHNICIAN,Telecommunications Technician,TELECOM_ENGINEERING,Telecommunications Engineering,NETWORKS,Networks and Telecommunications,medium,manual_title_by_title_resolution_v2,1,
TITLE:7108,7108,Broadband Cable Specialist,conditional,needs_it_duties,1,1,TELECOM_INSTALLER_REPAIRER,Telecommunications Equipment Installer and Repairer,TELECOM_ENGINEERING,Telecommunications Engineering,NETWORKS,Networks and Telecommunications,medium,manual_title_by_title_resolution_v2,1,
TITLE:7108,7108,Broadband Cable Specialist,conditional,needs_it_duties,2,0,TELECOM_TECHNICIAN,Telecommunications Technician,TELECOM_ENGINEERING,Telecommunications Engineering,NETWORKS,Networks and Telecommunications,medium,manual_title_by_title_resolution_v2,1,
TITLE:7109,7109,Broadband Installer,conditional,needs_it_duties,1,1,TELECOM_INSTALLER_REPAIRER,Telecommunications Equipment Installer and Repairer,TELECOM_ENGINEERING,Telecommunications Engineering,NETWORKS,Networks and Telecommunications,medium,manual_title_by_title_resolution_v2,1,
TITLE:7109,7109,Broadband Installer,conditional,needs_it_duties,2,0,TELECOM_TECHNICIAN,Telecommunications Technician,TELECOM_ENGINEERING,Telecommunications Engineering,NETWORKS,Networks and Telecommunications,medium,manual_title_by_title_resolution_v2,1,
TITLE:7110,7110,Broadband Specialist,conditional,needs_it_duties,1,1,TELECOM_INSTALLER_REPAIRER,Telecommunications Equipment Installer and Repairer,TELECOM_ENGINEERING,Telecommunications Engineering,NETWORKS,Networks and Telecommunications,medium,manual_title_by_title_resolution_v2,1,
TITLE:7110,7110,Broadband Specialist,conditional,needs_it_duties,2,0,TELECOM_TECHNICIAN,Telecommunications Technician,TELECOM_ENGINEERING,Telecommunications Engineering,NETWORKS,Networks and Telecommunications,medium,manual_title_by_title_resolution_v2,1,
TITLE:7111,7111,Broadband Technician,conditional,needs_it_duties,1,1,TELECOM_TECHNICIAN,Telecommunications Technician,TELECOM_ENGINEERING,Telecommunications Engineering,NETWORKS,Networks and Telecommunications,existing,existing_reviewed_mapping,1,Preserved existing leaf assignment.
TITLE:7302,7302,Bug Bounty Hunter,core,source_supported_proposal,1,1,PENETRATION_TESTER,Penetration Tester,OFFENSIVE_SECURITY,Offensive Security and Security Testing,SECURITY,Cybersecurity,existing,existing_reviewed_mapping,1,Preserved existing leaf assignment.
TITLE:7696,7696,Business Application Developer,core,parent_only_proposal,1,1,APPLICATION_DEVELOPER,Application Developer,SOFTWARE_DEVELOPMENT,Software Development,SOFTWARE,Software Engineering,high,manual_title_by_title_resolution_v2,1,Business application development role.
TITLE:7719,7719,Business Data Analyst,core,source_supported_proposal,1,1,DATA_ANALYST,Data Analyst,DATA_ANALYSIS,Data Analysis and Business Intelligence,DATA_AI,"Data, Analytics and Artificial Intelligence",existing,existing_reviewed_mapping,1,Preserved existing leaf assignment.
TITLE:7720,7720,Business Database Analyst,core,parent_only_proposal,1,1,DATA_ANALYST,Data Analyst,DATA_ANALYSIS,Data Analysis and Business Intelligence,DATA_AI,"Data, Analytics and Artificial Intelligence",medium,manual_title_by_title_resolution_v2,1,
TITLE:7720,7720,Business Database Analyst,core,parent_only_proposal,2,0,DATABASE_ADMIN,Database Administrator,DATABASE_ENGINEERING,Database Engineering,DATA_AI,"Data, Analytics and Artificial Intelligence",medium,manual_title_by_title_resolution_v2,1,
TITLE:7748,7748,Business Information Analyst,core,source_supported_proposal,1,1,BUSINESS_ANALYST,IT Business Analyst,SYSTEMS_ANALYSIS,Business and Systems Analysis,ARCHITECTURE_ANALYSIS,IT Architecture and Systems Analysis,existing,existing_reviewed_mapping,1,Preserved existing leaf assignment.
TITLE:7752,7752,Business Intelligence Analyst,review,non_it_source_collision,1,1,BI_ANALYST,Business Intelligence Analyst,DATA_ANALYSIS,Data Analysis and Business Intelligence,DATA_AI,"Data, Analytics and Artificial Intelligence",existing,existing_reviewed_mapping,1,Preserved existing leaf assignment.
TITLE:7753,7753,Business Intelligence Consultant (BI Consultant),core,source_supported_proposal,1,1,BI_ANALYST,Business Intelligence Analyst,DATA_ANALYSIS,Data Analysis and Business Intelligence,DATA_AI,"Data, Analytics and Artificial Intelligence",existing,existing_reviewed_mapping,1,Preserved existing leaf assignment.
TITLE:7754,7754,Business Intelligence Coordinator (BI Coordinator),core,source_supported_proposal,1,1,BI_ANALYST,Business Intelligence Analyst,DATA_ANALYSIS,Data Analysis and Business Intelligence,DATA_AI,"Data, Analytics and Artificial Intelligence",existing,existing_reviewed_mapping,1,Preserved existing leaf assignment.
TITLE:7755,7755,Business Intelligence Engineer,review,source_scope_conflict,1,1,BI_DEVELOPER,Business Intelligence Developer,DATA_ANALYSIS,Data Analysis and Business Intelligence,DATA_AI,"Data, Analytics and Artificial Intelligence",existing,existing_reviewed_mapping,1,Preserved existing leaf assignment.
TITLE:7756,7756,Business Intelligence Manager,review,non_it_source_collision,1,1,DATA_MANAGER,Data and Analytics Manager,IT_MANAGEMENT,IT and Engineering Management,IT_DELIVERY,IT Leadership and Delivery,existing,existing_reviewed_mapping,1,Preserved existing leaf assignment.
TITLE:7757,7757,Business Intelligence Specialist (BI Specialist),core,source_supported_proposal,1,1,BI_ANALYST,Business Intelligence Analyst,DATA_ANALYSIS,Data Analysis and Business Intelligence,DATA_AI,"Data, Analytics and Artificial Intelligence",existing,existing_reviewed_mapping,1,Preserved existing leaf assignment.
TITLE:7799,7799,Business Programmer,core,parent_only_proposal,1,1,COMPUTER_PROGRAMMER,Computer Programmer,SOFTWARE_DEVELOPMENT,Software Development,SOFTWARE,Software Engineering,medium,manual_title_by_title_resolution_v2,1,Legacy business-programming title.
TITLE:7818,7818,Business Systems Analyst,review,source_scope_conflict,1,1,BUSINESS_ANALYST,IT Business Analyst,SYSTEMS_ANALYSIS,Business and Systems Analysis,ARCHITECTURE_ANALYSIS,IT Architecture and Systems Analysis,existing,existing_reviewed_mapping,1,Preserved existing leaf assignment.
TITLE:7819,7819,Business Systems Consultant,core,parent_only_proposal,1,1,IT_CONSULTANT,IT Consultant,SYSTEMS_ANALYSIS,Business and Systems Analysis,ARCHITECTURE_ANALYSIS,IT Architecture and Systems Analysis,medium,manual_title_by_title_resolution_v2,1,
TITLE:7819,7819,Business Systems Consultant,core,parent_only_proposal,2,0,BUSINESS_ANALYST,IT Business Analyst,SYSTEMS_ANALYSIS,Business and Systems Analysis,ARCHITECTURE_ANALYSIS,IT Architecture and Systems Analysis,medium,manual_title_by_title_resolution_v2,1,
TITLE:7822,7822,Business Technology Consultant,core,source_supported_proposal,1,1,IT_CONSULTANT,IT Consultant,SYSTEMS_ANALYSIS,Business and Systems Analysis,ARCHITECTURE_ANALYSIS,IT Architecture and Systems Analysis,existing,existing_reviewed_mapping,1,Preserved existing leaf assignment.
TITLE:7970,7970,C Developer,core,parent_only_proposal,1,1,APPLICATION_DEVELOPER,Software Developer / Engineer (General),SOFTWARE_DEVELOPMENT,Software Development,SOFTWARE,Software Engineering,medium,manual_title_by_title_resolution_v2,1,
TITLE:7974,7974,C++ Developer,core,parent_only_proposal,1,1,APPLICATION_DEVELOPER,Software Developer / Engineer (General),SOFTWARE_DEVELOPMENT,Software Development,SOFTWARE,Software Engineering,medium,manual_title_by_title_resolution_v2,1,
TITLE:7978,7978,C-V2X Specialist,review,non_it_source_collision,1,1,IOT_DEVELOPER,IoT Developer,SPECIALIZED_DEVELOPMENT,Specialized Software Development,SOFTWARE,Software Engineering,medium,manual_title_by_title_resolution_v2,1,
TITLE:7978,7978,C-V2X Specialist,review,non_it_source_collision,2,0,EMBEDDED_DESIGNER,Embedded System Designer,HARDWARE_ENGINEERING,Computing Hardware Engineering,COMPUTER_HARDWARE,Computer Hardware Engineering,medium,manual_title_by_title_resolution_v2,1,
TITLE:7980,7980,C4 Planner,review,non_it_source_collision,1,1,OUTSIDE_IT_SCOPE,Outside IT Scope,OUTSIDE_SCOPE,Outside IT Occupational Scope,EXCLUSIONS,Excluded / Non-operational Labels,high,manual_title_by_title_resolution_v2,0,Military/intelligence occupation; excluded from civilian IT recommender taxonomy.
TITLE:8028,8028,CDO,review,source_scope_conflict,1,1,CDO,Chief Data Officer,IT_MANAGEMENT,IT and Engineering Management,IT_DELIVERY,IT Leadership and Delivery,existing,existing_reviewed_mapping,1,Preserved existing leaf assignment.
TITLE:8037,8037,CIO,review,source_scope_conflict,1,1,CIO,Chief Information Officer,IT_MANAGEMENT,IT and Engineering Management,IT_DELIVERY,IT Leadership and Delivery,existing,existing_reviewed_mapping,1,Preserved existing leaf assignment.
TITLE:8127,8127,COBOL Programmer (common Business Oriented Language Programmer),core,parent_only_proposal,1,1,COMPUTER_PROGRAMMER,Computer Programmer,SOFTWARE_DEVELOPMENT,Software Development,SOFTWARE,Software Engineering,high,manual_title_by_title_resolution_v2,1,COBOL programmer.
TITLE:8134,8134,CRM Data Analyst,review,non_it_source_collision,1,1,DATA_ANALYST,Data Analyst,DATA_ANALYSIS,Data Analysis and Business Intelligence,DATA_AI,"Data, Analytics and Artificial Intelligence",existing,existing_reviewed_mapping,1,Preserved existing leaf assignment.
TITLE:8227,8227,Cable Systems Maintainer,review,non_it_source_collision,1,1,OUTSIDE_IT_SCOPE,Outside IT Scope,OUTSIDE_SCOPE,Outside IT Occupational Scope,EXCLUSIONS,Excluded / Non-operational Labels,high,manual_title_by_title_resolution_v2,0,
TITLE:8229,8229,Cable TV Tech (cable Television Technician),conditional,needs_it_duties,1,1,TELECOM_TECHNICIAN,Telecommunications Technician,TELECOM_ENGINEERING,Telecommunications Engineering,NETWORKS,Networks and Telecommunications,existing,existing_reviewed_mapping,1,Preserved existing leaf assignment.
TITLE:8230,8230,Cable Technician (cable Tech),conditional,needs_it_duties,1,1,TELECOM_TECHNICIAN,Telecommunications Technician,TELECOM_ENGINEERING,Telecommunications Engineering,NETWORKS,Networks and Telecommunications,existing,existing_reviewed_mapping,1,Preserved existing leaf assignment.
TITLE:8231,8231,Cable Television Line Technician (cable TV Line Technician),conditional,needs_it_duties,1,1,TELECOM_TECHNICIAN,Telecommunications Technician,TELECOM_ENGINEERING,Telecommunications Engineering,NETWORKS,Networks and Telecommunications,existing,existing_reviewed_mapping,1,Preserved existing leaf assignment.
TITLE:8242,8242,Cable and Fibre Network Technician,conditional,needs_it_duties,1,1,NETWORK_TECHNICIAN,Network Technician,NETWORK_ENGINEERING,Computer Network Engineering,NETWORKS,Networks and Telecommunications,existing,existing_reviewed_mapping,1,Preserved existing leaf assignment.
TITLE:8246,8246,Cabling Technician,conditional,needs_it_duties,1,1,TELECOM_TECHNICIAN,Telecommunications Technician,TELECOM_ENGINEERING,Telecommunications Engineering,NETWORKS,Networks and Telecommunications,existing,existing_reviewed_mapping,1,Preserved existing leaf assignment.
TITLE:9544,9544,Cell Phone App Developer,core,source_supported_proposal,1,1,MOBILE_DEVELOPER,Mobile Application Developer,SOFTWARE_DEVELOPMENT,Software Development,SOFTWARE,Software Engineering,existing,existing_reviewed_mapping,1,Preserved existing leaf assignment.
TITLE:9559,9559,Cell Tower Technician (cell Tower Tech),conditional,needs_it_duties,1,1,TELECOM_INSTALLER_REPAIRER,Telecommunications Equipment Installer and Repairer,TELECOM_ENGINEERING,Telecommunications Engineering,NETWORKS,Networks and Telecommunications,medium,manual_title_by_title_resolution_v2,1,
TITLE:9559,9559,Cell Tower Technician (cell Tower Tech),conditional,needs_it_duties,2,0,TELECOM_TECHNICIAN,Telecommunications Technician,TELECOM_ENGINEERING,Telecommunications Engineering,NETWORKS,Networks and Telecommunications,medium,manual_title_by_title_resolution_v2,1,
TITLE:9578,9578,Cellular Equipment Installer (cell Equipment Installer),review,non_it_source_collision,1,1,TELECOM_INSTALLER_REPAIRER,Telecommunications Equipment Installer and Repairer,TELECOM_ENGINEERING,Telecommunications Engineering,NETWORKS,Networks and Telecommunications,medium,manual_title_by_title_resolution_v2,1,
TITLE:9578,9578,Cellular Equipment Installer (cell Equipment Installer),review,non_it_source_collision,2,0,TELECOM_TECHNICIAN,Telecommunications Technician,TELECOM_ENGINEERING,Telecommunications Engineering,NETWORKS,Networks and Telecommunications,medium,manual_title_by_title_resolution_v2,1,
TITLE:9579,9579,Cellular Equipment Repairer (cell Equipment Repairer),review,non_it_source_collision,1,1,TELECOM_INSTALLER_REPAIRER,Telecommunications Equipment Installer and Repairer,TELECOM_ENGINEERING,Telecommunications Engineering,NETWORKS,Networks and Telecommunications,medium,manual_title_by_title_resolution_v2,1,
TITLE:9579,9579,Cellular Equipment Repairer (cell Equipment Repairer),review,non_it_source_collision,2,0,TELECOM_TECHNICIAN,Telecommunications Technician,TELECOM_ENGINEERING,Telecommunications Engineering,NETWORKS,Networks and Telecommunications,medium,manual_title_by_title_resolution_v2,1,
TITLE:9581,9581,Cellular Tower Climber (cell Tower Climber),conditional,needs_it_duties,1,1,TELECOM_INSTALLER_REPAIRER,Telecommunications Equipment Installer and Repairer,TELECOM_ENGINEERING,Telecommunications Engineering,NETWORKS,Networks and Telecommunications,medium,manual_title_by_title_resolution_v2,1,
TITLE:9581,9581,Cellular Tower Climber (cell Tower Climber),conditional,needs_it_duties,2,0,TELECOM_TECHNICIAN,Telecommunications Technician,TELECOM_ENGINEERING,Telecommunications Engineering,NETWORKS,Networks and Telecommunications,medium,manual_title_by_title_resolution_v2,1,
TITLE:9647,9647,Central Communications Specialist,review,non_it_source_collision,1,1,TELECOM_OPERATOR,Telecommunications Operator,TELECOM_ENGINEERING,Telecommunications Engineering,NETWORKS,Networks and Telecommunications,low,manual_title_by_title_resolution_v2,1,
TITLE:9652,9652,Central Office Equipment Engineer,review,non_it_source_collision,1,1,TELECOM_ENGINEER,Telecommunications Engineer,TELECOM_ENGINEERING,Telecommunications Engineering,NETWORKS,Networks and Telecommunications,medium,manual_title_by_title_resolution_v2,1,
TITLE:9653,9653,Central Office Equipment Installer,review,unresolved,1,1,TELECOM_INSTALLER_REPAIRER,Telecommunications Equipment Installer and Repairer,TELECOM_ENGINEERING,Telecommunications Engineering,NETWORKS,Networks and Telecommunications,medium,manual_title_by_title_resolution_v2,1,
TITLE:9653,9653,Central Office Equipment Installer,review,unresolved,2,0,TELECOM_TECHNICIAN,Telecommunications Technician,TELECOM_ENGINEERING,Telecommunications Engineering,NETWORKS,Networks and Telecommunications,medium,manual_title_by_title_resolution_v2,1,
TITLE:9654,9654,Central Office Facilities Planning Engineer,review,non_it_source_collision,1,1,TELECOM_ENGINEER,Telecommunications Engineer,TELECOM_ENGINEERING,Telecommunications Engineering,NETWORKS,Networks and Telecommunications,medium,manual_title_by_title_resolution_v2,1,
TITLE:9656,9656,Central Office Installer,review,unresolved,1,1,TELECOM_INSTALLER_REPAIRER,Telecommunications Equipment Installer and Repairer,TELECOM_ENGINEERING,Telecommunications Engineering,NETWORKS,Networks and Telecommunications,medium,manual_title_by_title_resolution_v2,1,
TITLE:9656,9656,Central Office Installer,review,unresolved,2,0,TELECOM_TECHNICIAN,Telecommunications Technician,TELECOM_ENGINEERING,Telecommunications Engineering,NETWORKS,Networks and Telecommunications,medium,manual_title_by_title_resolution_v2,1,
TITLE:9660,9660,Central Office Repairer,review,unresolved,1,1,TELECOM_INSTALLER_REPAIRER,Telecommunications Equipment Installer and Repairer,TELECOM_ENGINEERING,Telecommunications Engineering,NETWORKS,Networks and Telecommunications,medium,manual_title_by_title_resolution_v2,1,
TITLE:9660,9660,Central Office Repairer,review,unresolved,2,0,TELECOM_TECHNICIAN,Telecommunications Technician,TELECOM_ENGINEERING,Telecommunications Engineering,NETWORKS,Networks and Telecommunications,medium,manual_title_by_title_resolution_v2,1,
TITLE:9662,9662,Central Office Technician,review,unresolved,1,1,TELECOM_INSTALLER_REPAIRER,Telecommunications Equipment Installer and Repairer,TELECOM_ENGINEERING,Telecommunications Engineering,NETWORKS,Networks and Telecommunications,medium,manual_title_by_title_resolution_v2,1,
TITLE:9662,9662,Central Office Technician,review,unresolved,2,0,TELECOM_TECHNICIAN,Telecommunications Technician,TELECOM_ENGINEERING,Telecommunications Engineering,NETWORKS,Networks and Telecommunications,medium,manual_title_by_title_resolution_v2,1,
TITLE:9664,9664,Central Office Trouble Shooter,conditional,needs_it_duties,1,1,TELECOM_INSTALLER_REPAIRER,Telecommunications Equipment Installer and Repairer,TELECOM_ENGINEERING,Telecommunications Engineering,NETWORKS,Networks and Telecommunications,medium,manual_title_by_title_resolution_v2,1,
TITLE:9664,9664,Central Office Trouble Shooter,conditional,needs_it_duties,2,0,TELECOM_TECHNICIAN,Telecommunications Technician,TELECOM_ENGINEERING,Telecommunications Engineering,NETWORKS,Networks and Telecommunications,medium,manual_title_by_title_resolution_v2,1,
TITLE:9769,9769,Certified Document Imaging Architect,conditional,needs_it_duties,1,1,DOCUMENT_MANAGEMENT_SPECIALIST,Digital Document Management Specialist,TECHNICAL_ENABLEMENT,Technical Documentation and Learning,IT_ENABLEMENT,"IT Documentation, Learning and Advisory",medium,manual_title_by_title_resolution_v2,1,
TITLE:9769,9769,Certified Document Imaging Architect,conditional,needs_it_duties,2,0,SOLUTION_ARCHITECT,Solution Architect,SYSTEMS_ARCHITECTURE,Enterprise and Systems Architecture,ARCHITECTURE_ANALYSIS,IT Architecture and Systems Analysis,medium,manual_title_by_title_resolution_v2,1,
TITLE:9778,9778,Certified Ethical Hacker,core,source_supported_proposal,1,1,PENETRATION_TESTER,Penetration Tester,OFFENSIVE_SECURITY,Offensive Security and Security Testing,SECURITY,Cybersecurity,existing,existing_reviewed_mapping,1,Preserved existing leaf assignment.
TITLE:9792,9792,Certified Hacker,review,unresolved,1,1,PENETRATION_TESTER,Penetration Tester,OFFENSIVE_SECURITY,Offensive Security and Security Testing,SECURITY,Cybersecurity,medium,manual_title_by_title_resolution_v2,1,
TITLE:9801,9801,Certified Information Systems Security Professional (CISSP),review,credential_not_occupation,1,1,CREDENTIAL_LABEL,Credential / Certification Label,NON_OCCUPATIONAL_LABEL,Credential or Non-occupational Label,EXCLUSIONS,Excluded / Non-operational Labels,high,manual_title_by_title_resolution_v2,0,"Credential label, not an occupation; role alternatives retained where defensible."
TITLE:9801,9801,Certified Information Systems Security Professional (CISSP),review,credential_not_occupation,2,0,SECURITY_GRC,Cybersecurity GRC Specialist,SECURITY_GOVERNANCE,"Cybersecurity Governance, Risk and Compliance",SECURITY,Cybersecurity,high,manual_title_by_title_resolution_v2,0,"Credential label, not an occupation; role alternatives retained where defensible."
TITLE:9801,9801,Certified Information Systems Security Professional (CISSP),review,credential_not_occupation,3,0,SECURITY_CONSULTANT,Cybersecurity Consultant,SECURITY_GOVERNANCE,"Cybersecurity Governance, Risk and Compliance",SECURITY,Cybersecurity,high,manual_title_by_title_resolution_v2,0,"Credential label, not an occupation; role alternatives retained where defensible."
TITLE:9801,9801,Certified Information Systems Security Professional (CISSP),review,credential_not_occupation,4,0,SECURITY_ANALYST,Cybersecurity Analyst,SECURITY_OPERATIONS,Cybersecurity Operations,SECURITY,Cybersecurity,high,manual_title_by_title_resolution_v2,0,"Credential label, not an occupation; role alternatives retained where defensible."
TITLE:9831,9831,Certified Novell Engineer (CNE),review,credential_not_occupation,1,1,CREDENTIAL_LABEL,Credential / Certification Label,NON_OCCUPATIONAL_LABEL,Credential or Non-occupational Label,EXCLUSIONS,Excluded / Non-operational Labels,high,manual_title_by_title_resolution_v2,0,"Credential label, not an occupation; role alternatives retained where defensible."
TITLE:9831,9831,Certified Novell Engineer (CNE),review,credential_not_occupation,2,0,NETWORK_ENGINEER,Network Engineer,NETWORK_ENGINEERING,Computer Network Engineering,NETWORKS,Networks and Telecommunications,high,manual_title_by_title_resolution_v2,0,"Credential label, not an occupation; role alternatives retained where defensible."
TITLE:9831,9831,Certified Novell Engineer (CNE),review,credential_not_occupation,3,0,NETWORK_ADMIN,Network Administrator,NETWORK_ENGINEERING,Computer Network Engineering,NETWORKS,Networks and Telecommunications,high,manual_title_by_title_resolution_v2,0,"Credential label, not an occupation; role alternatives retained where defensible."
TITLE:10400,10400,Chief Data Officer,core,preferred_source_supported_proposal,1,1,CDO,Chief Data Officer,IT_MANAGEMENT,IT and Engineering Management,IT_DELIVERY,IT Leadership and Delivery,existing,existing_reviewed_mapping,1,Preserved existing leaf assignment.
TITLE:10407,10407,Chief Digital Officer,core,parent_only_proposal,1,1,DIGITAL_TRANSFORMATION_MANAGER,Digital Transformation Manager,IT_MANAGEMENT,IT and Engineering Management,IT_DELIVERY,IT Leadership and Delivery,medium,manual_title_by_title_resolution_v2,1,
TITLE:10407,10407,Chief Digital Officer,core,parent_only_proposal,2,0,CTO,Chief Technology Officer,IT_MANAGEMENT,IT and Engineering Management,IT_DELIVERY,IT Leadership and Delivery,medium,manual_title_by_title_resolution_v2,1,
TITLE:10426,10426,Chief ICT System Developer,core,parent_only_proposal,1,1,APPLICATION_DEVELOPER,Software Developer / Engineer (General),SOFTWARE_DEVELOPMENT,Software Development,SOFTWARE,Software Engineering,medium,manual_title_by_title_resolution_v2,1,
TITLE:10426,10426,Chief ICT System Developer,core,parent_only_proposal,2,0,ENGINEERING_MANAGER,Software Engineering Manager,IT_MANAGEMENT,IT and Engineering Management,IT_DELIVERY,IT Leadership and Delivery,medium,manual_title_by_title_resolution_v2,1,
TITLE:10428,10428,Chief Information Security Officer,core,preferred_source_supported_proposal,1,1,CISO,Chief Information Security Officer,SECURITY_GOVERNANCE,"Cybersecurity Governance, Risk and Compliance",SECURITY,Cybersecurity,existing,existing_reviewed_mapping,1,Preserved existing leaf assignment.
TITLE:10459,10459,Chief Technical Officer (CTO),review,non_it_source_collision,1,1,CTO,Chief Technology Officer,IT_MANAGEMENT,IT and Engineering Management,IT_DELIVERY,IT Leadership and Delivery,existing,existing_reviewed_mapping,1,Preserved existing leaf assignment.
TITLE:10460,10460,Chief Technology Officer (CTO),review,non_it_source_collision,1,1,CTO,Chief Technology Officer,IT_MANAGEMENT,IT and Engineering Management,IT_DELIVERY,IT Leadership and Delivery,existing,existing_reviewed_mapping,1,Preserved existing leaf assignment.
TITLE:10977,10977,Cisco Certified Internetwork Expert (CCIE),review,credential_not_occupation,1,1,CREDENTIAL_LABEL,Credential / Certification Label,NON_OCCUPATIONAL_LABEL,Credential or Non-occupational Label,EXCLUSIONS,Excluded / Non-operational Labels,high,manual_title_by_title_resolution_v2,0,"Credential label, not an occupation; role alternatives retained where defensible."
TITLE:10977,10977,Cisco Certified Internetwork Expert (CCIE),review,credential_not_occupation,2,0,NETWORK_ARCHITECT,Network Architect,NETWORK_ENGINEERING,Computer Network Engineering,NETWORKS,Networks and Telecommunications,high,manual_title_by_title_resolution_v2,0,"Credential label, not an occupation; role alternatives retained where defensible."
TITLE:10977,10977,Cisco Certified Internetwork Expert (CCIE),review,credential_not_occupation,3,0,NETWORK_ENGINEER,Network Engineer,NETWORK_ENGINEERING,Computer Network Engineering,NETWORKS,Networks and Telecommunications,high,manual_title_by_title_resolution_v2,0,"Credential label, not an occupation; role alternatives retained where defensible."
TITLE:10978,10978,Cisco Certified Network Professional (CCNP),review,credential_not_occupation,1,1,CREDENTIAL_LABEL,Credential / Certification Label,NON_OCCUPATIONAL_LABEL,Credential or Non-occupational Label,EXCLUSIONS,Excluded / Non-operational Labels,high,manual_title_by_title_resolution_v2,0,"Credential label, not an occupation; role alternatives retained where defensible."
TITLE:10978,10978,Cisco Certified Network Professional (CCNP),review,credential_not_occupation,2,0,NETWORK_ENGINEER,Network Engineer,NETWORK_ENGINEERING,Computer Network Engineering,NETWORKS,Networks and Telecommunications,high,manual_title_by_title_resolution_v2,0,"Credential label, not an occupation; role alternatives retained where defensible."
TITLE:10978,10978,Cisco Certified Network Professional (CCNP),review,credential_not_occupation,3,0,NETWORK_ADMIN,Network Administrator,NETWORK_ENGINEERING,Computer Network Engineering,NETWORKS,Networks and Telecommunications,high,manual_title_by_title_resolution_v2,0,"Credential label, not an occupation; role alternatives retained where defensible."
TITLE:11354,11354,Client Server Programmer,core,parent_only_proposal,1,1,COMPUTER_PROGRAMMER,Computer Programmer,SOFTWARE_DEVELOPMENT,Software Development,SOFTWARE,Software Engineering,medium,manual_title_by_title_resolution_v2,1,
TITLE:11354,11354,Client Server Programmer,core,parent_only_proposal,2,0,APPLICATION_DEVELOPER,Application Developer,SOFTWARE_DEVELOPMENT,Software Development,SOFTWARE,Software Engineering,medium,manual_title_by_title_resolution_v2,1,
TITLE:11426,11426,Clinical Data Analyst,conditional,needs_it_duties,1,1,DATA_ANALYST,Data Analyst,DATA_ANALYSIS,Data Analysis and Business Intelligence,DATA_AI,"Data, Analytics and Artificial Intelligence",existing,existing_reviewed_mapping,1,Preserved existing leaf assignment.
TITLE:11452,11452,Clinical Information Systems Manager,conditional,needs_it_duties,1,1,HEALTH_INFORMATICS,Health Informatics Specialist,DOMAIN_INFORMATICS,Domain-specific Informatics,SPECIALIZED_IT,Specialized Informatics,existing,existing_reviewed_mapping,1,Preserved existing leaf assignment.
TITLE:11453,11453,Clinical Information Systems Supervisor,conditional,needs_it_duties,1,1,HEALTH_INFORMATICS,Health Informatics Specialist,DOMAIN_INFORMATICS,Domain-specific Informatics,SPECIALIZED_IT,Specialized Informatics,existing,existing_reviewed_mapping,1,Preserved existing leaf assignment.
TITLE:11699,11699,Cloud Administrator,core,source_supported_proposal,1,1,CLOUD_ADMIN,Cloud Administrator,CLOUD_ENGINEERING,Cloud Engineering,PLATFORM_INFRASTRUCTURE,"Cloud, Platforms and IT Operations",existing,existing_reviewed_mapping,1,Preserved existing leaf assignment.
TITLE:11700,11700,Cloud Architect,core,preferred_source_supported_proposal,1,1,CLOUD_ARCHITECT,Cloud Architect,CLOUD_ENGINEERING,Cloud Engineering,PLATFORM_INFRASTRUCTURE,"Cloud, Platforms and IT Operations",existing,existing_reviewed_mapping,1,Preserved existing leaf assignment.
TITLE:11701,11701,Cloud Automation Engineer,core,source_supported_proposal,1,1,CLOUD_ENGINEER,Cloud Engineer,CLOUD_ENGINEERING,Cloud Engineering,PLATFORM_INFRASTRUCTURE,"Cloud, Platforms and IT Operations",existing,existing_reviewed_mapping,1,Preserved existing leaf assignment.
TITLE:11702,11702,Cloud Computing Engineer,core,source_supported_proposal,1,1,CLOUD_ENGINEER,Cloud Engineer,CLOUD_ENGINEERING,Cloud Engineering,PLATFORM_INFRASTRUCTURE,"Cloud, Platforms and IT Operations",existing,existing_reviewed_mapping,1,Preserved existing leaf assignment.
TITLE:11703,11703,Cloud Consultant,core,source_supported_proposal,1,1,CLOUD_ENGINEER,Cloud Engineer,CLOUD_ENGINEERING,Cloud Engineering,PLATFORM_INFRASTRUCTURE,"Cloud, Platforms and IT Operations",existing,existing_reviewed_mapping,1,Preserved existing leaf assignment.
TITLE:11704,11704,Cloud Deployment Specialist,core,source_supported_proposal,1,1,CLOUD_ENGINEER,Cloud Engineer,CLOUD_ENGINEERING,Cloud Engineering,PLATFORM_INFRASTRUCTURE,"Cloud, Platforms and IT Operations",existing,existing_reviewed_mapping,1,Preserved existing leaf assignment.
TITLE:11705,11705,Cloud Developer,core,source_supported_proposal,1,1,CLOUD_SOFTWARE_DEVELOPER,Cloud Software Developer,SOFTWARE_DEVELOPMENT,Software Development,SOFTWARE,Software Engineering,existing,existing_reviewed_mapping,1,Preserved existing leaf assignment.
TITLE:11706,11706,Cloud Devops,core,source_supported_proposal,1,1,DEVOPS_ENGINEER,DevOps Engineer,DEVOPS_PLATFORM,DevOps and Platform Engineering,PLATFORM_INFRASTRUCTURE,"Cloud, Platforms and IT Operations",existing,existing_reviewed_mapping,1,Preserved existing leaf assignment.
TITLE:11707,11707,Cloud Engineer,core,preferred_source_supported_proposal,1,1,CLOUD_ENGINEER,Cloud Engineer,CLOUD_ENGINEERING,Cloud Engineering,PLATFORM_INFRASTRUCTURE,"Cloud, Platforms and IT Operations",existing,existing_reviewed_mapping,1,Preserved existing leaf assignment.
TITLE:11708,11708,Cloud Identity Access Manager,core,source_supported_proposal,1,1,IAM_ENGINEER,Identity and Access Management Specialist,SECURITY_ENGINEERING,Cybersecurity Engineering,SECURITY,Cybersecurity,existing,existing_reviewed_mapping,1,Preserved existing leaf assignment.
TITLE:11709,11709,Cloud Identity Engineer,core,source_supported_proposal,1,1,IAM_ENGINEER,Identity and Access Management Specialist,SECURITY_ENGINEERING,Cybersecurity Engineering,SECURITY,Cybersecurity,existing,existing_reviewed_mapping,1,Preserved existing leaf assignment.
TITLE:11710,11710,Cloud Identity Manager,core,preferred_source_supported_proposal,1,1,IAM_ENGINEER,Identity and Access Management Specialist,SECURITY_ENGINEERING,Cybersecurity Engineering,SECURITY,Cybersecurity,existing,existing_reviewed_mapping,1,Preserved existing leaf assignment.
TITLE:11711,11711,Cloud Identity Risk Manager,core,source_supported_proposal,1,1,IAM_ENGINEER,Identity and Access Management Specialist,SECURITY_ENGINEERING,Cybersecurity Engineering,SECURITY,Cybersecurity,existing,existing_reviewed_mapping,1,Preserved existing leaf assignment.
TITLE:11712,11712,Cloud Infrastructure Architect,core,source_supported_proposal,1,1,CLOUD_ARCHITECT,Cloud Architect,CLOUD_ENGINEERING,Cloud Engineering,PLATFORM_INFRASTRUCTURE,"Cloud, Platforms and IT Operations",existing,existing_reviewed_mapping,1,Preserved existing leaf assignment.
TITLE:11713,11713,Cloud Infrastructure Devops Engineer,core,source_supported_proposal,1,1,DEVOPS_ENGINEER,DevOps Engineer,DEVOPS_PLATFORM,DevOps and Platform Engineering,PLATFORM_INFRASTRUCTURE,"Cloud, Platforms and IT Operations",existing,existing_reviewed_mapping,1,Preserved existing leaf assignment.
TITLE:11714,11714,Cloud Infrastructure Engineer,core,source_supported_proposal,1,1,CLOUD_ENGINEER,Cloud Engineer,CLOUD_ENGINEERING,Cloud Engineering,PLATFORM_INFRASTRUCTURE,"Cloud, Platforms and IT Operations",existing,existing_reviewed_mapping,1,Preserved existing leaf assignment.
TITLE:11715,11715,Cloud Infrastructure It Specialist,core,source_supported_proposal,1,1,CLOUD_ENGINEER,Cloud Engineer,CLOUD_ENGINEERING,Cloud Engineering,PLATFORM_INFRASTRUCTURE,"Cloud, Platforms and IT Operations",existing,existing_reviewed_mapping,1,Preserved existing leaf assignment.
TITLE:11716,11716,Cloud Network Engineer,core,source_supported_proposal,1,1,NETWORK_ENGINEER,Network Engineer,NETWORK_ENGINEERING,Computer Network Engineering,NETWORKS,Networks and Telecommunications,existing,existing_reviewed_mapping,1,Preserved existing leaf assignment.
TITLE:11717,11717,Cloud Operations Specialist,core,source_supported_proposal,1,1,CLOUD_ENGINEER,Cloud Engineer,CLOUD_ENGINEERING,Cloud Engineering,PLATFORM_INFRASTRUCTURE,"Cloud, Platforms and IT Operations",existing,existing_reviewed_mapping,1,Preserved existing leaf assignment.
TITLE:11719,11719,Cloud Product Director,core,source_supported_proposal,1,1,IT_PRODUCT_MANAGER,IT Product Manager,PROJECT_PRODUCT,IT Project and Product Delivery,IT_DELIVERY,IT Leadership and Delivery,existing,existing_reviewed_mapping,1,Preserved existing leaf assignment.
TITLE:11720,11720,Cloud Security Architect,core,source_supported_proposal,1,1,SECURITY_ARCHITECT,Security Architect,SECURITY_ENGINEERING,Cybersecurity Engineering,SECURITY,Cybersecurity,existing,existing_reviewed_mapping,1,Preserved existing leaf assignment.
TITLE:11721,11721,Cloud Security Engineer,core,source_supported_proposal,1,1,CLOUD_SECURITY,Cloud Security Engineer,SECURITY_ENGINEERING,Cybersecurity Engineering,SECURITY,Cybersecurity,existing,existing_reviewed_mapping,1,Preserved existing leaf assignment.
TITLE:11722,11722,Cloud Security Manager,review,non_it_source_collision,1,1,CLOUD_SECURITY,Cloud Security Engineer,SECURITY_ENGINEERING,Cybersecurity Engineering,SECURITY,Cybersecurity,existing,existing_reviewed_mapping,1,Preserved existing leaf assignment.
TITLE:11723,11723,Cloud Site Reliability Engineer,review,non_it_source_collision,1,1,SRE,Site Reliability Engineer,DEVOPS_PLATFORM,DevOps and Platform Engineering,PLATFORM_INFRASTRUCTURE,"Cloud, Platforms and IT Operations",existing,existing_reviewed_mapping,1,Preserved existing leaf assignment.
TITLE:11724,11724,Cloud Software Engineer,core,source_supported_proposal,1,1,CLOUD_SOFTWARE_DEVELOPER,Cloud Software Developer,SOFTWARE_DEVELOPMENT,Software Development,SOFTWARE,Software Engineering,existing,existing_reviewed_mapping,1,Preserved existing leaf assignment.
TITLE:11725,11725,Cloud Solution Architect,core,source_supported_proposal,1,1,CLOUD_ARCHITECT,Cloud Architect,CLOUD_ENGINEERING,Cloud Engineering,PLATFORM_INFRASTRUCTURE,"Cloud, Platforms and IT Operations",existing,existing_reviewed_mapping,1,Preserved existing leaf assignment.
TITLE:11726,11726,Cloud Solution Engineer,core,source_supported_proposal,1,1,CLOUD_ENGINEER,Cloud Engineer,CLOUD_ENGINEERING,Cloud Engineering,PLATFORM_INFRASTRUCTURE,"Cloud, Platforms and IT Operations",existing,existing_reviewed_mapping,1,Preserved existing leaf assignment.
TITLE:11727,11727,Cloud Solutions Consultant,core,source_supported_proposal,1,1,CLOUD_ENGINEER,Cloud Engineer,CLOUD_ENGINEERING,Cloud Engineering,PLATFORM_INFRASTRUCTURE,"Cloud, Platforms and IT Operations",existing,existing_reviewed_mapping,1,Preserved existing leaf assignment.
TITLE:11728,11728,Cloud Solutions Specialist,core,source_supported_proposal,1,1,CLOUD_ENGINEER,Cloud Engineer,CLOUD_ENGINEERING,Cloud Engineering,PLATFORM_INFRASTRUCTURE,"Cloud, Platforms and IT Operations",existing,existing_reviewed_mapping,1,Preserved existing leaf assignment.
TITLE:11729,11729,Cloud Support Specialist,core,source_supported_proposal,1,1,CLOUD_ENGINEER,Cloud Engineer,CLOUD_ENGINEERING,Cloud Engineering,PLATFORM_INFRASTRUCTURE,"Cloud, Platforms and IT Operations",existing,existing_reviewed_mapping,1,Preserved existing leaf assignment.
TITLE:11732,11732,Cloud Technical Specialist,core,source_supported_proposal,1,1,CLOUD_ENGINEER,Cloud Engineer,CLOUD_ENGINEERING,Cloud Engineering,PLATFORM_INFRASTRUCTURE,"Cloud, Platforms and IT Operations",existing,existing_reviewed_mapping,1,Preserved existing leaf assignment.
TITLE:11733,11733,Cloud and Infrastructure Specialist,core,source_supported_proposal,1,1,CLOUD_ENGINEER,Cloud Engineer,CLOUD_ENGINEERING,Cloud Engineering,PLATFORM_INFRASTRUCTURE,"Cloud, Platforms and IT Operations",existing,existing_reviewed_mapping,1,Preserved existing leaf assignment.
TITLE:11734,11734,Cloud-native Engineer,core,source_supported_proposal,1,1,CLOUD_ENGINEER,Cloud Engineer,CLOUD_ENGINEERING,Cloud Engineering,PLATFORM_INFRASTRUCTURE,"Cloud, Platforms and IT Operations",existing,existing_reviewed_mapping,1,Preserved existing leaf assignment.
TITLE:12281,12281,"Command, Control, Communications, Computers and Intelligence (C4I) Officer",review,non_it_source_collision,1,1,OUTSIDE_IT_SCOPE,Outside IT Scope,OUTSIDE_SCOPE,Outside IT Occupational Scope,EXCLUSIONS,Excluded / Non-operational Labels,high,manual_title_by_title_resolution_v2,0,Military/intelligence occupation; excluded from civilian IT recommender taxonomy.
TITLE:12350,12350,Commercial Drone Software Developer,core,source_supported_proposal,1,1,EMBEDDED_DEVELOPER,Embedded Software Developer,SPECIALIZED_DEVELOPMENT,Specialized Software Development,SOFTWARE,Software Engineering,existing,existing_reviewed_mapping,1,Preserved existing leaf assignment.
TITLE:12502,12502,Communication Electronics Engineering Technician,review,non_it_source_collision,1,1,HARDWARE_ENG_TECHNICIAN,Computer Hardware Engineering Technician,HARDWARE_ENGINEERING,Computing Hardware Engineering,COMPUTER_HARDWARE,Computer Hardware Engineering,medium,manual_title_by_title_resolution_v2,1,
TITLE:12502,12502,Communication Electronics Engineering Technician,review,non_it_source_collision,2,0,TELECOM_TECHNICIAN,Telecommunications Technician,TELECOM_ENGINEERING,Telecommunications Engineering,NETWORKS,Networks and Telecommunications,medium,manual_title_by_title_resolution_v2,1,
TITLE:12503,12503,Communication Equipment Maintainer,conditional,needs_it_duties,1,1,TELECOM_INSTALLER_REPAIRER,Telecommunications Equipment Installer and Repairer,TELECOM_ENGINEERING,Telecommunications Engineering,NETWORKS,Networks and Telecommunications,medium,manual_title_by_title_resolution_v2,1,
TITLE:12503,12503,Communication Equipment Maintainer,conditional,needs_it_duties,2,0,TELECOM_TECHNICIAN,Telecommunications Technician,TELECOM_ENGINEERING,Telecommunications Engineering,NETWORKS,Networks and Telecommunications,medium,manual_title_by_title_resolution_v2,1,
TITLE:12504,12504,Communication Equipment Mechanic,conditional,needs_it_duties,1,1,TELECOM_INSTALLER_REPAIRER,Telecommunications Equipment Installer and Repairer,TELECOM_ENGINEERING,Telecommunications Engineering,NETWORKS,Networks and Telecommunications,medium,manual_title_by_title_resolution_v2,1,
TITLE:12504,12504,Communication Equipment Mechanic,conditional,needs_it_duties,2,0,TELECOM_TECHNICIAN,Telecommunications Technician,TELECOM_ENGINEERING,Telecommunications Engineering,NETWORKS,Networks and Telecommunications,medium,manual_title_by_title_resolution_v2,1,
TITLE:12505,12505,Communication Equipment Repairer,conditional,needs_it_duties,1,1,TELECOM_INSTALLER_REPAIRER,Telecommunications Equipment Installer and Repairer,TELECOM_ENGINEERING,Telecommunications Engineering,NETWORKS,Networks and Telecommunications,medium,manual_title_by_title_resolution_v2,1,
TITLE:12505,12505,Communication Equipment Repairer,conditional,needs_it_duties,2,0,TELECOM_TECHNICIAN,Telecommunications Technician,TELECOM_ENGINEERING,Telecommunications Engineering,NETWORKS,Networks and Telecommunications,medium,manual_title_by_title_resolution_v2,1,
TITLE:12507,12507,Communication Hardware Maintainer,conditional,needs_it_duties,1,1,TELECOM_INSTALLER_REPAIRER,Telecommunications Equipment Installer and Repairer,TELECOM_ENGINEERING,Telecommunications Engineering,NETWORKS,Networks and Telecommunications,medium,manual_title_by_title_resolution_v2,1,
TITLE:12507,12507,Communication Hardware Maintainer,conditional,needs_it_duties,2,0,TELECOM_TECHNICIAN,Telecommunications Technician,TELECOM_ENGINEERING,Telecommunications Engineering,NETWORKS,Networks and Telecommunications,medium,manual_title_by_title_resolution_v2,1,
TITLE:12508,12508,Communication Information Systems Sailor (navy),review,non_it_source_collision,1,1,TELECOM_OPERATOR,Telecommunications Operator,TELECOM_ENGINEERING,Telecommunications Engineering,NETWORKS,Networks and Telecommunications,low,manual_title_by_title_resolution_v2,1,
TITLE:12508,12508,Communication Information Systems Sailor (navy),review,non_it_source_collision,2,0,SYSTEM_ADMIN,Systems Administrator,SYSTEMS_OPERATIONS,Systems Administration and Operations,PLATFORM_INFRASTRUCTURE,"Cloud, Platforms and IT Operations",low,manual_title_by_title_resolution_v2,1,
TITLE:12509,12509,Communication Infrastructure Maintainer,conditional,needs_it_duties,1,1,TELECOM_INSTALLER_REPAIRER,Telecommunications Equipment Installer and Repairer,TELECOM_ENGINEERING,Telecommunications Engineering,NETWORKS,Networks and Telecommunications,medium,manual_title_by_title_resolution_v2,1,
TITLE:12509,12509,Communication Infrastructure Maintainer,conditional,needs_it_duties,2,0,TELECOM_TECHNICIAN,Telecommunications Technician,TELECOM_ENGINEERING,Telecommunications Engineering,NETWORKS,Networks and Telecommunications,medium,manual_title_by_title_resolution_v2,1,
TITLE:12512,12512,Communication Line Technician,conditional,needs_it_duties,1,1,TELECOM_INSTALLER_REPAIRER,Telecommunications Equipment Installer and Repairer,TELECOM_ENGINEERING,Telecommunications Engineering,NETWORKS,Networks and Telecommunications,medium,manual_title_by_title_resolution_v2,1,
TITLE:12512,12512,Communication Line Technician,conditional,needs_it_duties,2,0,TELECOM_TECHNICIAN,Telecommunications Technician,TELECOM_ENGINEERING,Telecommunications Engineering,NETWORKS,Networks and Telecommunications,medium,manual_title_by_title_resolution_v2,1,
TITLE:12519,12519,Communication Signals Intelligence,review,non_it_source_collision,1,1,OUTSIDE_IT_SCOPE,Outside IT Scope,OUTSIDE_SCOPE,Outside IT Occupational Scope,EXCLUSIONS,Excluded / Non-operational Labels,high,manual_title_by_title_resolution_v2,0,Military/intelligence occupation; excluded from civilian IT recommender taxonomy.
TITLE:12520,12520,Communication Signals Intelligence Superintendent,review,non_it_source_collision,1,1,OUTSIDE_IT_SCOPE,Outside IT Scope,OUTSIDE_SCOPE,Outside IT Occupational Scope,EXCLUSIONS,Excluded / Non-operational Labels,high,manual_title_by_title_resolution_v2,0,Military/intelligence occupation; excluded from civilian IT recommender taxonomy.
TITLE:12526,12526,Communication Technician,conditional,needs_it_duties,1,1,TELECOM_TECHNICIAN,Telecommunications Technician,TELECOM_ENGINEERING,Telecommunications Engineering,NETWORKS,Networks and Telecommunications,medium,manual_title_by_title_resolution_v2,1,
TITLE:12526,12526,Communication Technician,conditional,needs_it_duties,2,0,HARDWARE_ENG_TECHNICIAN,Computer Hardware Engineering Technician,HARDWARE_ENGINEERING,Computing Hardware Engineering,COMPUTER_HARDWARE,Computer Hardware Engineering,medium,manual_title_by_title_resolution_v2,1,
TITLE:12532,12532,Communications Controller,review,non_it_source_collision,1,1,TELECOM_OPERATOR,Telecommunications Operator,TELECOM_ENGINEERING,Telecommunications Engineering,NETWORKS,Networks and Telecommunications,low,manual_title_by_title_resolution_v2,1,
TITLE:12539,12539,Communications Electrician Supervisor,review,non_it_source_collision,1,1,TELECOM_INSTALLER_REPAIRER,Telecommunications Equipment Installer and Repairer,TELECOM_ENGINEERING,Telecommunications Engineering,NETWORKS,Networks and Telecommunications,low,manual_title_by_title_resolution_v2,1,
TITLE:12540,12540,Communications Electronic Technician (air Force),review,non_it_source_collision,1,1,TELECOM_TECHNICIAN,Telecommunications Technician,TELECOM_ENGINEERING,Telecommunications Engineering,NETWORKS,Networks and Telecommunications,medium,manual_title_by_title_resolution_v2,1,
TITLE:12540,12540,Communications Electronic Technician (air Force),review,non_it_source_collision,2,0,HARDWARE_ENG_TECHNICIAN,Computer Hardware Engineering Technician,HARDWARE_ENGINEERING,Computing Hardware Engineering,COMPUTER_HARDWARE,Computer Hardware Engineering,medium,manual_title_by_title_resolution_v2,1,
TITLE:12541,12541,Communications Engineer,review,source_scope_conflict,1,1,TELECOM_ENGINEER,Telecommunications Engineer,TELECOM_ENGINEERING,Telecommunications Engineering,NETWORKS,Networks and Telecommunications,existing,existing_reviewed_mapping,1,Preserved existing leaf assignment.
TITLE:12542,12542,Communications Equipment Installer,conditional,needs_it_duties,1,1,TELECOM_INSTALLER_REPAIRER,Telecommunications Equipment Installer and Repairer,TELECOM_ENGINEERING,Telecommunications Engineering,NETWORKS,Networks and Telecommunications,high,manual_title_by_title_resolution_v2,1,Telecommunications/communications equipment installation role.
TITLE:12543,12543,Communications Equipment Operating Technician,review,non_it_source_collision,1,1,TELECOM_TECHNICIAN,Telecommunications Technician,TELECOM_ENGINEERING,Telecommunications Engineering,NETWORKS,Networks and Telecommunications,medium,manual_title_by_title_resolution_v2,1,Communications equipment technical operation role.
TITLE:12543,12543,Communications Equipment Operating Technician,review,non_it_source_collision,2,0,TELECOM_OPERATOR,Telecommunications Operator,TELECOM_ENGINEERING,Telecommunications Engineering,NETWORKS,Networks and Telecommunications,medium,manual_title_by_title_resolution_v2,1,Communications equipment technical operation role.
TITLE:12544,12544,Communications Equipment Operator,review,non_it_source_collision,1,1,TELECOM_OPERATOR,Telecommunications Operator,TELECOM_ENGINEERING,Telecommunications Engineering,NETWORKS,Networks and Telecommunications,medium,manual_title_by_title_resolution_v2,1,Communications equipment operator.
TITLE:12545,12545,Communications Equipment Repair Technician,review,unresolved,1,1,TELECOM_INSTALLER_REPAIRER,Telecommunications Equipment Installer and Repairer,TELECOM_ENGINEERING,Telecommunications Engineering,NETWORKS,Networks and Telecommunications,high,manual_title_by_title_resolution_v2,1,Communications equipment repair role.
TITLE:12545,12545,Communications Equipment Repair Technician,review,unresolved,2,0,TELECOM_TECHNICIAN,Telecommunications Technician,TELECOM_ENGINEERING,Telecommunications Engineering,NETWORKS,Networks and Telecommunications,high,manual_title_by_title_resolution_v2,1,Communications equipment repair role.
TITLE:12547,12547,Communications Intelligence Intercept Operator,review,non_it_source_collision,1,1,OUTSIDE_IT_SCOPE,Outside IT Scope,OUTSIDE_SCOPE,Outside IT Occupational Scope,EXCLUSIONS,Excluded / Non-operational Labels,high,manual_title_by_title_resolution_v2,0,Military/intelligence occupation; excluded from civilian IT recommender taxonomy.
TITLE:12548,12548,Communications Interceptor,review,non_it_source_collision,1,1,OUTSIDE_IT_SCOPE,Outside IT Scope,OUTSIDE_SCOPE,Outside IT Occupational Scope,EXCLUSIONS,Excluded / Non-operational Labels,high,manual_title_by_title_resolution_v2,0,Military/intelligence occupation; excluded from civilian IT recommender taxonomy.
TITLE:12549,12549,Communications Interceptor/locator Technician,review,non_it_source_collision,1,1,OUTSIDE_IT_SCOPE,Outside IT Scope,OUTSIDE_SCOPE,Outside IT Occupational Scope,EXCLUSIONS,Excluded / Non-operational Labels,high,manual_title_by_title_resolution_v2,0,Military/intelligence occupation; excluded from civilian IT recommender taxonomy.
TITLE:12551,12551,Communications Locator,review,non_it_source_collision,1,1,OUTSIDE_IT_SCOPE,Outside IT Scope,OUTSIDE_SCOPE,Outside IT Occupational Scope,EXCLUSIONS,Excluded / Non-operational Labels,high,manual_title_by_title_resolution_v2,0,Military/intelligence occupation; excluded from civilian IT recommender taxonomy.
TITLE:12552,12552,Communications Maintainer,review,non_it_source_collision,1,1,TELECOM_INSTALLER_REPAIRER,Telecommunications Equipment Installer and Repairer,TELECOM_ENGINEERING,Telecommunications Engineering,NETWORKS,Networks and Telecommunications,low,manual_title_by_title_resolution_v2,1,
TITLE:12554,12554,Communications Network Engineer,core,source_supported_proposal,1,1,NETWORK_ENGINEER,Network Engineer,NETWORK_ENGINEERING,Computer Network Engineering,NETWORKS,Networks and Telecommunications,existing,existing_reviewed_mapping,1,Preserved existing leaf assignment.
TITLE:12556,12556,Communications Operator,conditional,needs_it_duties,1,1,TELECOM_OPERATOR,Telecommunications Operator,TELECOM_ENGINEERING,Telecommunications Engineering,NETWORKS,Networks and Telecommunications,low,manual_title_by_title_resolution_v2,1,
TITLE:12557,12557,Communications Security Manager (COMSEC Manager),core,parent_only_proposal,1,1,SECURITY_MANAGER,Cybersecurity Manager,SECURITY_GOVERNANCE,"Cybersecurity Governance, Risk and Compliance",SECURITY,Cybersecurity,medium,manual_title_by_title_resolution_v2,1,COMSEC management combines security governance with communications/cryptographic controls.
TITLE:12557,12557,Communications Security Manager (COMSEC Manager),core,parent_only_proposal,2,0,CRYPTOGRAPHER,Cryptography Specialist,SECURITY_ENGINEERING,Cybersecurity Engineering,SECURITY,Cybersecurity,medium,manual_title_by_title_resolution_v2,1,COMSEC management combines security governance with communications/cryptographic controls.
TITLE:12558,12558,Communications Security Repairer,review,non_it_source_collision,1,1,TELECOM_INSTALLER_REPAIRER,Telecommunications Equipment Installer and Repairer,TELECOM_ENGINEERING,Telecommunications Engineering,NETWORKS,Networks and Telecommunications,low,manual_title_by_title_resolution_v2,1,
TITLE:12559,12559,Communications Station Manager,review,non_it_source_collision,1,1,TELECOM_MANAGER,Telecommunications Manager,TELECOM_ENGINEERING,Telecommunications Engineering,NETWORKS,Networks and Telecommunications,medium,manual_title_by_title_resolution_v2,1,
TITLE:12560,12560,Communications Superintendent,review,non_it_source_collision,1,1,TELECOM_MANAGER,Telecommunications Manager,TELECOM_ENGINEERING,Telecommunications Engineering,NETWORKS,Networks and Telecommunications,medium,manual_title_by_title_resolution_v2,1,
TITLE:12561,12561,Communications Systems Engineer,core,parent_only_proposal,1,1,TELECOM_ENGINEER,Telecommunications Engineer,TELECOM_ENGINEERING,Telecommunications Engineering,NETWORKS,Networks and Telecommunications,high,manual_title_by_title_resolution_v2,1,Communications systems engineering spans telecom and computer systems.
TITLE:12561,12561,Communications Systems Engineer,core,parent_only_proposal,2,0,SYSTEMS_ENGINEER,Computer Systems Engineer,SYSTEMS_ARCHITECTURE,Enterprise and Systems Architecture,ARCHITECTURE_ANALYSIS,IT Architecture and Systems Analysis,high,manual_title_by_title_resolution_v2,1,Communications systems engineering spans telecom and computer systems.
TITLE:12564,12564,Communications Technologist,conditional,needs_it_duties,1,1,TELECOM_TECHNICIAN,Telecommunications Technician,TELECOM_ENGINEERING,Telecommunications Engineering,NETWORKS,Networks and Telecommunications,medium,manual_title_by_title_resolution_v2,1,
TITLE:12564,12564,Communications Technologist,conditional,needs_it_duties,2,0,HARDWARE_ENG_TECHNICIAN,Computer Hardware Engineering Technician,HARDWARE_ENGINEERING,Computing Hardware Engineering,COMPUTER_HARDWARE,Computer Hardware Engineering,medium,manual_title_by_title_resolution_v2,1,
TITLE:12565,12565,Communications Tower Climber,review,non_it_source_collision,1,1,TELECOM_INSTALLER_REPAIRER,Telecommunications Equipment Installer and Repairer,TELECOM_ENGINEERING,Telecommunications Engineering,NETWORKS,Networks and Telecommunications,medium,manual_title_by_title_resolution_v2,1,
TITLE:12565,12565,Communications Tower Climber,review,non_it_source_collision,2,0,TELECOM_TECHNICIAN,Telecommunications Technician,TELECOM_ENGINEERING,Telecommunications Engineering,NETWORKS,Networks and Telecommunications,medium,manual_title_by_title_resolution_v2,1,
TITLE:12566,12566,Communications and Information Systems Controller (air Force),review,non_it_source_collision,1,1,TELECOM_OPERATOR,Telecommunications Operator,TELECOM_ENGINEERING,Telecommunications Engineering,NETWORKS,Networks and Telecommunications,low,manual_title_by_title_resolution_v2,1,
TITLE:12566,12566,Communications and Information Systems Controller (air Force),review,non_it_source_collision,2,0,SYSTEM_ADMIN,Systems Administrator,SYSTEMS_OPERATIONS,Systems Administration and Operations,PLATFORM_INFRASTRUCTURE,"Cloud, Platforms and IT Operations",low,manual_title_by_title_resolution_v2,1,
TITLE:12568,12568,Communications and Signals Supervisor,review,non_it_source_collision,1,1,TELECOM_MANAGER,Telecommunications Manager,TELECOM_ENGINEERING,Telecommunications Engineering,NETWORKS,Networks and Telecommunications,low,manual_title_by_title_resolution_v2,1,
TITLE:12574,12574,Community Antenna Television Line Technician,review,unresolved,1,1,TELECOM_INSTALLER_REPAIRER,Telecommunications Equipment Installer and Repairer,TELECOM_ENGINEERING,Telecommunications Engineering,NETWORKS,Networks and Telecommunications,medium,manual_title_by_title_resolution_v2,1,
TITLE:12574,12574,Community Antenna Television Line Technician,review,unresolved,2,0,TELECOM_TECHNICIAN,Telecommunications Technician,TELECOM_ENGINEERING,Telecommunications Engineering,NETWORKS,Networks and Telecommunications,medium,manual_title_by_title_resolution_v2,1,
TITLE:12806,12806,Compliance Officer Data Privacy,core,source_supported_proposal,1,1,DATA_PRIVACY,Data Protection and Privacy Specialist,SECURITY_GOVERNANCE,"Cybersecurity Governance, Risk and Compliance",SECURITY,Cybersecurity,existing,existing_reviewed_mapping,1,Preserved existing leaf assignment.
TITLE:12816,12816,Compliance and Information Security Director,conditional,needs_it_duties,1,1,SECURITY_GRC,Cybersecurity GRC Specialist,SECURITY_GOVERNANCE,"Cybersecurity Governance, Risk and Compliance",SECURITY,Cybersecurity,existing,existing_reviewed_mapping,1,Preserved existing leaf assignment.
TITLE:12817,12817,Compliance and Information Security Manager,conditional,needs_it_duties,1,1,SECURITY_GRC,Cybersecurity GRC Specialist,SECURITY_GOVERNANCE,"Cybersecurity Governance, Risk and Compliance",SECURITY,Cybersecurity,existing,existing_reviewed_mapping,1,Preserved existing leaf assignment.
TITLE:12911,12911,Computational Engineer,review,non_it_source_collision,1,1,APPLICATION_DEVELOPER,Software Developer / Engineer (General),SOFTWARE_DEVELOPMENT,Software Development,SOFTWARE,Software Engineering,medium,manual_title_by_title_resolution_v2,1,
TITLE:12911,12911,Computational Engineer,review,non_it_source_collision,2,0,COMPUTER_SCIENTIST,Computer Research Scientist,DATA_SCIENCE_RESEARCH,Data Science and Computing Research,DATA_AI,"Data, Analytics and Artificial Intelligence",medium,manual_title_by_title_resolution_v2,1,
TITLE:12915,12915,Computational Linguist,review,source_scope_conflict,1,1,NLP_ENGINEER,Natural Language Processing Engineer,AI_ENGINEERING,AI and Machine Learning Engineering,DATA_AI,"Data, Analytics and Artificial Intelligence",existing,existing_reviewed_mapping,1,Preserved existing leaf assignment.
TITLE:12918,12918,Computational Scientist,review,source_scope_conflict,1,1,COMPUTER_SCIENTIST,Computer Research Scientist,DATA_SCIENCE_RESEARCH,Data Science and Computing Research,DATA_AI,"Data, Analytics and Artificial Intelligence",existing,existing_reviewed_mapping,1,Preserved existing leaf assignment.
TITLE:12921,12921,Computer Aide,review,non_it_source_collision,1,1,OUTSIDE_IT_SCOPE,Outside IT Scope,OUTSIDE_SCOPE,Outside IT Occupational Scope,EXCLUSIONS,Excluded / Non-operational Labels,high,manual_title_by_title_resolution_v2,0,Manually classified as outside the operational IT occupation scope.
TITLE:12928,12928,Computer Analyst,core,source_supported_proposal,1,1,SYSTEMS_ANALYST,Systems Analyst,SYSTEMS_ANALYSIS,Business and Systems Analysis,ARCHITECTURE_ANALYSIS,IT Architecture and Systems Analysis,existing,existing_reviewed_mapping,1,Preserved existing leaf assignment.
TITLE:12931,12931,Computer Applications Developer,review,unresolved,1,1,APPLICATION_DEVELOPER,Application Developer,SOFTWARE_DEVELOPMENT,Software Development,SOFTWARE,Software Engineering,high,manual_title_by_title_resolution_v2,1,Computer applications developer.
TITLE:12932,12932,Computer Applications Engineer,review,unresolved,1,1,APPLICATION_DEVELOPER,Application Developer,SOFTWARE_DEVELOPMENT,Software Development,SOFTWARE,Software Engineering,medium,manual_title_by_title_resolution_v2,1,
TITLE:12932,12932,Computer Applications Engineer,review,unresolved,2,0,SYSTEMS_ENGINEER,Computer Systems Engineer,SYSTEMS_ARCHITECTURE,Enterprise and Systems Architecture,ARCHITECTURE_ANALYSIS,IT Architecture and Systems Analysis,medium,manual_title_by_title_resolution_v2,1,
TITLE:12934,12934,Computer Architect,core,source_supported_proposal,1,1,SYSTEMS_ARCHITECT,Systems Architect,SYSTEMS_ARCHITECTURE,Enterprise and Systems Architecture,ARCHITECTURE_ANALYSIS,IT Architecture and Systems Analysis,existing,existing_reviewed_mapping,1,Preserved existing leaf assignment.
TITLE:12942,12942,Computer Console Operator,core,source_supported_proposal,1,1,DATACENTER_OPERATOR,Data Centre Operator,SYSTEMS_OPERATIONS,Systems Administration and Operations,PLATFORM_INFRASTRUCTURE,"Cloud, Platforms and IT Operations",existing,existing_reviewed_mapping,1,Preserved existing leaf assignment.
TITLE:12943,12943,Computer Consultant,core,source_supported_proposal,1,1,IT_CONSULTANT,IT Consultant,SYSTEMS_ANALYSIS,Business and Systems Analysis,ARCHITECTURE_ANALYSIS,IT Architecture and Systems Analysis,existing,existing_reviewed_mapping,1,Preserved existing leaf assignment.
TITLE:12945,12945,Computer Customer Support Specialist,core,source_supported_proposal,1,1,SUPPORT_ENGINEER,IT Support Engineer,USER_APPLICATION_SUPPORT,User and Application Support,SUPPORT,IT Support,existing,existing_reviewed_mapping,1,Preserved existing leaf assignment.
TITLE:12946,12946,Computer Designer,core,parent_only_proposal,1,1,HARDWARE_ENGINEER,Computer Hardware Engineer,HARDWARE_ENGINEERING,Computing Hardware Engineering,COMPUTER_HARDWARE,Computer Hardware Engineering,medium,manual_title_by_title_resolution_v2,1,Computer design may refer to hardware or system-level design.
TITLE:12946,12946,Computer Designer,core,parent_only_proposal,2,0,SYSTEMS_ARCHITECT,Systems Architect,SYSTEMS_ARCHITECTURE,Enterprise and Systems Architecture,ARCHITECTURE_ANALYSIS,IT Architecture and Systems Analysis,medium,manual_title_by_title_resolution_v2,1,Computer design may refer to hardware or system-level design.
TITLE:12949,12949,Computer Engineer,core,source_supported_proposal,1,1,HARDWARE_ENGINEER,Computer Hardware Engineer,HARDWARE_ENGINEERING,Computing Hardware Engineering,COMPUTER_HARDWARE,Computer Hardware Engineering,medium,manual_title_by_title_resolution_v2,1,
TITLE:12949,12949,Computer Engineer,core,source_supported_proposal,2,0,SYSTEMS_ENGINEER,Computer Systems Engineer,SYSTEMS_ARCHITECTURE,Enterprise and Systems Architecture,ARCHITECTURE_ANALYSIS,IT Architecture and Systems Analysis,medium,manual_title_by_title_resolution_v2,1,
TITLE:12951,12951,Computer Equipment Analyst,core,parent_only_proposal,1,1,SYSTEMS_ANALYST,Systems Analyst,SYSTEMS_ANALYSIS,Business and Systems Analysis,ARCHITECTURE_ANALYSIS,IT Architecture and Systems Analysis,medium,manual_title_by_title_resolution_v2,1,Computer equipment analysis can be systems or hardware focused.
TITLE:12951,12951,Computer Equipment Analyst,core,parent_only_proposal,2,0,HARDWARE_ENGINEER,Computer Hardware Engineer,HARDWARE_ENGINEERING,Computing Hardware Engineering,COMPUTER_HARDWARE,Computer Hardware Engineering,medium,manual_title_by_title_resolution_v2,1,Computer equipment analysis can be systems or hardware focused.
TITLE:12952,12952,Computer Equipment Installer,conditional,needs_it_duties,1,1,COMPUTER_TECHNICIAN,Computer Hardware Technician,HARDWARE_SUPPORT,Computer Hardware Support,SUPPORT,IT Support,existing,existing_reviewed_mapping,1,Preserved existing leaf assignment.
TITLE:12953,12953,Computer Equipment Repairer,conditional,needs_it_duties,1,1,COMPUTER_REPAIR,Computer Repair Technician,HARDWARE_SUPPORT,Computer Hardware Support,SUPPORT,IT Support,existing,existing_reviewed_mapping,1,Preserved existing leaf assignment.
TITLE:12954,12954,Computer Expert,review,unresolved,1,1,IT_GENERALIST,IT Generalist,USER_APPLICATION_SUPPORT,User and Application Support,SUPPORT,IT Support,medium,manual_title_by_title_resolution_v2,1,
TITLE:12954,12954,Computer Expert,review,unresolved,2,0,SYSTEMS_SPECIALIST_GENERAL,Systems Specialist (General),SYSTEMS_ANALYSIS,Business and Systems Analysis,ARCHITECTURE_ANALYSIS,IT Architecture and Systems Analysis,medium,manual_title_by_title_resolution_v2,1,
TITLE:12955,12955,Computer Forensic Examiner,review,non_it_source_collision,1,1,DIGITAL_FORENSICS,Digital Forensics Analyst,SECURITY_OPERATIONS,Cybersecurity Operations,SECURITY,Cybersecurity,existing,existing_reviewed_mapping,1,Preserved existing leaf assignment.
TITLE:12956,12956,Computer Forensics Expert,core,source_supported_proposal,1,1,DIGITAL_FORENSICS,Digital Forensics Analyst,SECURITY_OPERATIONS,Cybersecurity Operations,SECURITY,Cybersecurity,existing,existing_reviewed_mapping,1,Preserved existing leaf assignment.
TITLE:12957,12957,Computer Forensics Investigator,core,source_supported_proposal,1,1,DIGITAL_FORENSICS,Digital Forensics Analyst,SECURITY_OPERATIONS,Cybersecurity Operations,SECURITY,Cybersecurity,existing,existing_reviewed_mapping,1,Preserved existing leaf assignment.
TITLE:12958,12958,Computer Forensics Technician (computer Forensics Tech),review,non_it_source_collision,1,1,DIGITAL_FORENSICS,Digital Forensics Analyst,SECURITY_OPERATIONS,Cybersecurity Operations,SECURITY,Cybersecurity,existing,existing_reviewed_mapping,1,Preserved existing leaf assignment.
TITLE:12960,12960,Computer Game Designer,core,source_supported_proposal,1,1,GAME_DESIGNER,Digital Game Designer,DIGITAL_EXPERIENCE,Digital Interface and User Experience,DIGITAL_DESIGN,Digital Product Design,existing,existing_reviewed_mapping,1,Preserved existing leaf assignment.
TITLE:12961,12961,Computer Game Tester,review,non_it_source_collision,1,1,GAME_TESTER,Game Tester,SOFTWARE_TESTING,Software Quality and Testing,SOFTWARE,Software Engineering,existing,existing_reviewed_mapping,1,Preserved existing leaf assignment.
TITLE:12962,12962,Computer Games Developer,core,source_supported_proposal,1,1,GAME_DEVELOPER,Game Developer,SPECIALIZED_DEVELOPMENT,Specialized Software Development,SOFTWARE,Software Engineering,existing,existing_reviewed_mapping,1,Preserved existing leaf assignment.
TITLE:12969,12969,Computer Hardware Designer,core,source_supported_proposal,1,1,HARDWARE_ENGINEER,Computer Hardware Engineer,HARDWARE_ENGINEERING,Computing Hardware Engineering,COMPUTER_HARDWARE,Computer Hardware Engineering,existing,existing_reviewed_mapping,1,Preserved existing leaf assignment.
TITLE:12970,12970,Computer Hardware Developer,core,source_supported_proposal,1,1,HARDWARE_ENGINEER,Computer Hardware Engineer,HARDWARE_ENGINEERING,Computing Hardware Engineering,COMPUTER_HARDWARE,Computer Hardware Engineering,existing,existing_reviewed_mapping,1,Preserved existing leaf assignment.
TITLE:12971,12971,Computer Hardware Engineers,core,preferred_source_supported_proposal,1,1,HARDWARE_ENGINEER,Computer Hardware Engineer,HARDWARE_ENGINEERING,Computing Hardware Engineering,COMPUTER_HARDWARE,Computer Hardware Engineering,existing,existing_reviewed_mapping,1,Preserved existing leaf assignment.
TITLE:12972,12972,Computer Hardware Inspection Technician,core,source_supported_proposal,1,1,HARDWARE_TEST,Computer Hardware Test Technician,HARDWARE_ENGINEERING,Computing Hardware Engineering,COMPUTER_HARDWARE,Computer Hardware Engineering,existing,existing_reviewed_mapping,1,Preserved existing leaf assignment.
TITLE:12973,12973,Computer Hardware Inspector,core,source_supported_proposal,1,1,HARDWARE_TEST,Computer Hardware Test Technician,HARDWARE_ENGINEERING,Computing Hardware Engineering,COMPUTER_HARDWARE,Computer Hardware Engineering,existing,existing_reviewed_mapping,1,Preserved existing leaf assignment.
TITLE:12974,12974,Computer Hardware Repairer,core,source_supported_proposal,1,1,COMPUTER_REPAIR,Computer Repair Technician,HARDWARE_SUPPORT,Computer Hardware Support,SUPPORT,IT Support,existing,existing_reviewed_mapping,1,Preserved existing leaf assignment.
TITLE:12979,12979,Computer Hardware Technology Engineering Adviser,core,source_supported_proposal,1,1,HARDWARE_ENGINEER,Computer Hardware Engineer,HARDWARE_ENGINEERING,Computing Hardware Engineering,COMPUTER_HARDWARE,Computer Hardware Engineering,existing,existing_reviewed_mapping,1,Preserved existing leaf assignment.
TITLE:12980,12980,Computer Hardware Test Technician,core,preferred_source_supported_proposal,1,1,HARDWARE_TEST,Computer Hardware Test Technician,HARDWARE_ENGINEERING,Computing Hardware Engineering,COMPUTER_HARDWARE,Computer Hardware Engineering,existing,existing_reviewed_mapping,1,Preserved existing leaf assignment.
TITLE:12981,12981,Computer Hardware and Network Engineer,core,source_supported_proposal,1,1,HARDWARE_ENGINEER,Computer Hardware Engineer,HARDWARE_ENGINEERING,Computing Hardware Engineering,COMPUTER_HARDWARE,Computer Hardware Engineering,existing,existing_reviewed_mapping,1,Preserved existing leaf assignment.
TITLE:12982,12982,Computer Help Desk Specialist,core,source_supported_proposal,1,1,HELPDESK,IT Help Desk Specialist,USER_APPLICATION_SUPPORT,User and Application Support,SUPPORT,IT Support,existing,existing_reviewed_mapping,1,Preserved existing leaf assignment.
TITLE:12985,12985,Computer Installation Engineer,core,parent_only_proposal,1,1,COMPUTER_TECHNICIAN,Computer Hardware Technician,HARDWARE_SUPPORT,Computer Hardware Support,SUPPORT,IT Support,high,manual_title_by_title_resolution_v2,1,Computer hardware installation role.
TITLE:12985,12985,Computer Installation Engineer,core,parent_only_proposal,2,0,HARDWARE_ENGINEER,Computer Hardware Engineer,HARDWARE_ENGINEERING,Computing Hardware Engineering,COMPUTER_HARDWARE,Computer Hardware Engineering,high,manual_title_by_title_resolution_v2,1,Computer hardware installation role.
TITLE:12986,12986,Computer Installer,conditional,needs_it_duties,1,1,COMPUTER_TECHNICIAN,Computer Hardware Technician,HARDWARE_SUPPORT,Computer Hardware Support,SUPPORT,IT Support,existing,existing_reviewed_mapping,1,Preserved existing leaf assignment.
TITLE:12989,12989,Computer Lab Assistant (computer Laboratory Assistant),core,parent_only_proposal,1,1,HELPDESK,IT Help Desk Specialist,USER_APPLICATION_SUPPORT,User and Application Support,SUPPORT,IT Support,medium,manual_title_by_title_resolution_v2,1,Computer-lab support role.
TITLE:12989,12989,Computer Lab Assistant (computer Laboratory Assistant),core,parent_only_proposal,2,0,COMPUTER_TECHNICIAN,Computer Hardware Technician,HARDWARE_SUPPORT,Computer Hardware Support,SUPPORT,IT Support,medium,manual_title_by_title_resolution_v2,1,Computer-lab support role.
TITLE:12990,12990,Computer Laboratory Technician,core,source_supported_proposal,1,1,COMPUTER_TECHNICIAN,Computer Hardware Technician,HARDWARE_SUPPORT,Computer Hardware Support,SUPPORT,IT Support,existing,existing_reviewed_mapping,1,Preserved existing leaf assignment.
TITLE:12991,12991,Computer Language Coder,core,parent_only_proposal,1,1,COMPUTER_PROGRAMMER,Computer Programmer,SOFTWARE_DEVELOPMENT,Software Development,SOFTWARE,Software Engineering,high,manual_title_by_title_resolution_v2,1,Programming/coding title.
TITLE:12994,12994,Computer Mechanic,conditional,needs_it_duties,1,1,COMPUTER_REPAIR,Computer Repair Technician,HARDWARE_SUPPORT,Computer Hardware Support,SUPPORT,IT Support,existing,existing_reviewed_mapping,1,Preserved existing leaf assignment.
TITLE:12996,12996,Computer Methods Analyst,core,parent_only_proposal,1,1,SYSTEMS_ANALYST,Systems Analyst,SYSTEMS_ANALYSIS,Business and Systems Analysis,ARCHITECTURE_ANALYSIS,IT Architecture and Systems Analysis,high,manual_title_by_title_resolution_v2,1,Legacy computer methods/systems analysis role.
TITLE:12997,12997,Computer Network Analyst,core,source_supported_proposal,1,1,NETWORK_TECHNICIAN,Network Technician,NETWORK_ENGINEERING,Computer Network Engineering,NETWORKS,Networks and Telecommunications,existing,existing_reviewed_mapping,1,Preserved existing leaf assignment.
TITLE:12998,12998,Computer Network Architects,core,preferred_source_supported_proposal,1,1,NETWORK_ARCHITECT,Network Architect,NETWORK_ENGINEERING,Computer Network Engineering,NETWORKS,Networks and Telecommunications,existing,existing_reviewed_mapping,1,Preserved existing leaf assignment.
TITLE:12999,12999,Computer Network Defense Analyst,review,non_it_source_collision,1,1,SECURITY_ANALYST,Cybersecurity Analyst,SECURITY_OPERATIONS,Cybersecurity Operations,SECURITY,Cybersecurity,existing,existing_reviewed_mapping,1,Preserved existing leaf assignment.
TITLE:13000,13000,Computer Network Engineer,core,source_supported_proposal,1,1,NETWORK_ENGINEER,Network Engineer,NETWORK_ENGINEERING,Computer Network Engineering,NETWORKS,Networks and Telecommunications,existing,existing_reviewed_mapping,1,Preserved existing leaf assignment.
TITLE:13001,13001,Computer Network Specialist,core,source_supported_proposal,1,1,NETWORK_TECHNICIAN,Network Technician,NETWORK_ENGINEERING,Computer Network Engineering,NETWORKS,Networks and Telecommunications,existing,existing_reviewed_mapping,1,Preserved existing leaf assignment.
TITLE:13002,13002,Computer Network Support Specialist,core,source_supported_proposal,1,1,NETWORK_SUPPORT,Network Support Specialist,NETWORK_ENGINEERING,Computer Network Engineering,NETWORKS,Networks and Telecommunications,existing,existing_reviewed_mapping,1,Preserved existing leaf assignment.
TITLE:13003,13003,Computer Network Technologist,core,parent_only_proposal,1,1,NETWORK_ENGINEER,Network Engineer,NETWORK_ENGINEERING,Computer Network Engineering,NETWORKS,Networks and Telecommunications,high,manual_title_by_title_resolution_v2,1,Computer-network engineering/technologist role.
TITLE:13003,13003,Computer Network Technologist,core,parent_only_proposal,2,0,NETWORK_TECHNICIAN,Network Technician,NETWORK_ENGINEERING,Computer Network Engineering,NETWORKS,Networks and Telecommunications,high,manual_title_by_title_resolution_v2,1,Computer-network engineering/technologist role.
TITLE:13004,13004,Computer Networker,core,parent_only_proposal,1,1,NETWORK_TECHNICIAN,Network Technician,NETWORK_ENGINEERING,Computer Network Engineering,NETWORKS,Networks and Telecommunications,medium,manual_title_by_title_resolution_v2,1,Legacy network practitioner title.
TITLE:13004,13004,Computer Networker,core,parent_only_proposal,2,0,NETWORK_ADMIN,Network Administrator,NETWORK_ENGINEERING,Computer Network Engineering,NETWORKS,Networks and Telecommunications,medium,manual_title_by_title_resolution_v2,1,Legacy network practitioner title.
TITLE:13026,13026,"Computer Occupations, All Other",core,preferred_source_supported_proposal,1,1,IT_GENERALIST,IT Generalist,USER_APPLICATION_SUPPORT,User and Application Support,SUPPORT,IT Support,medium,manual_title_by_title_resolution_v2,1,
TITLE:13026,13026,"Computer Occupations, All Other",core,preferred_source_supported_proposal,2,0,SYSTEMS_SPECIALIST_GENERAL,Systems Specialist (General),SYSTEMS_ANALYSIS,Business and Systems Analysis,ARCHITECTURE_ANALYSIS,IT Architecture and Systems Analysis,medium,manual_title_by_title_resolution_v2,1,
TITLE:13027,13027,Computer Operations Manager,core,source_supported_proposal,1,1,IT_OPERATIONS_MANAGER,IT Operations Manager,IT_MANAGEMENT,IT and Engineering Management,IT_DELIVERY,IT Leadership and Delivery,existing,existing_reviewed_mapping,1,Preserved existing leaf assignment.
TITLE:13028,13028,Computer Operations Supervisor,review,non_it_source_collision,1,1,IT_OPERATIONS_MANAGER,IT Operations Manager,IT_MANAGEMENT,IT and Engineering Management,IT_DELIVERY,IT Leadership and Delivery,existing,existing_reviewed_mapping,1,Preserved existing leaf assignment.
TITLE:13029,13029,Computer Operations Technician (computer Operations Tech),core,source_supported_proposal,1,1,DATACENTER_OPERATOR,Data Centre Operator,SYSTEMS_OPERATIONS,Systems Administration and Operations,PLATFORM_INFRASTRUCTURE,"Cloud, Platforms and IT Operations",existing,existing_reviewed_mapping,1,Preserved existing leaf assignment.
TITLE:13030,13030,Computer Operator,core,source_supported_proposal,1,1,DATACENTER_OPERATOR,Data Centre Operator,SYSTEMS_OPERATIONS,Systems Administration and Operations,PLATFORM_INFRASTRUCTURE,"Cloud, Platforms and IT Operations",existing,existing_reviewed_mapping,1,Preserved existing leaf assignment.
TITLE:13032,13032,Computer Peripheral Equipment Operator,core,source_supported_proposal,1,1,COMPUTER_OPERATOR,Computer and Systems Operator,SYSTEMS_OPERATIONS,Systems Administration and Operations,PLATFORM_INFRASTRUCTURE,"Cloud, Platforms and IT Operations",medium,manual_title_by_title_resolution_v2,1,
TITLE:13033,13033,Computer Processing Scheduler,review,non_it_source_collision,1,1,OUTSIDE_IT_SCOPE,Outside IT Scope,OUTSIDE_SCOPE,Outside IT Occupational Scope,EXCLUSIONS,Excluded / Non-operational Labels,high,manual_title_by_title_resolution_v2,0,Manually classified as outside the operational IT occupation scope.
TITLE:13034,13034,Computer Programmer,core,parent_only_proposal,1,1,COMPUTER_PROGRAMMER,Computer Programmer,SOFTWARE_DEVELOPMENT,Software Development,SOFTWARE,Software Engineering,high,manual_title_by_title_resolution_v2,1,Canonical computer programmer.
TITLE:13035,13035,Computer Programming Manager,core,parent_only_proposal,1,1,ENGINEERING_MANAGER,Software Engineering Manager,IT_MANAGEMENT,IT and Engineering Management,IT_DELIVERY,IT Leadership and Delivery,high,manual_title_by_title_resolution_v2,1,Manager of programming/software engineering work.
TITLE:13035,13035,Computer Programming Manager,core,parent_only_proposal,2,0,IT_MANAGER,IT Manager,IT_MANAGEMENT,IT and Engineering Management,IT_DELIVERY,IT Leadership and Delivery,high,manual_title_by_title_resolution_v2,1,Manager of programming/software engineering work.
TITLE:13037,13037,Computer Project Manager,core,source_supported_proposal,1,1,IT_PROJECT_MANAGER,IT Project Manager,PROJECT_PRODUCT,IT Project and Product Delivery,IT_DELIVERY,IT Leadership and Delivery,existing,existing_reviewed_mapping,1,Preserved existing leaf assignment.
TITLE:13040,13040,Computer Repair Engineer,core,label_policy_proposal,1,1,COMPUTER_REPAIR,Computer Repair Technician,HARDWARE_SUPPORT,Computer Hardware Support,SUPPORT,IT Support,existing,existing_reviewed_mapping,1,Preserved existing leaf assignment.
TITLE:13042,13042,Computer Repair Technician,core,label_policy_proposal,1,1,COMPUTER_REPAIR,Computer Repair Technician,HARDWARE_SUPPORT,Computer Hardware Support,SUPPORT,IT Support,existing,existing_reviewed_mapping,1,Preserved existing leaf assignment.
TITLE:13043,13043,Computer Repairer,core,source_supported_proposal,1,1,COMPUTER_REPAIR,Computer Repair Technician,HARDWARE_SUPPORT,Computer Hardware Support,SUPPORT,IT Support,existing,existing_reviewed_mapping,1,Preserved existing leaf assignment.
TITLE:13056,13056,Computer Scientist,core,preferred_source_supported_proposal,1,1,COMPUTER_SCIENTIST,Computer Research Scientist,DATA_SCIENCE_RESEARCH,Data Science and Computing Research,DATA_AI,"Data, Analytics and Artificial Intelligence",existing,existing_reviewed_mapping,1,Preserved existing leaf assignment.
TITLE:13057,13057,Computer Security Coordinator,core,source_supported_proposal,1,1,SECURITY_MANAGER,Cybersecurity Manager,SECURITY_GOVERNANCE,"Cybersecurity Governance, Risk and Compliance",SECURITY,Cybersecurity,existing,existing_reviewed_mapping,1,Preserved existing leaf assignment.
TITLE:13058,13058,Computer Security Information Specialist,core,parent_only_proposal,1,1,SECURITY_SPECIALIST_GENERAL,Cybersecurity Specialist (General),SECURITY_OPERATIONS,Cybersecurity Operations,SECURITY,Cybersecurity,high,manual_title_by_title_resolution_v2,1,Computer information-security specialist.
TITLE:13058,13058,Computer Security Information Specialist,core,parent_only_proposal,2,0,SECURITY_ANALYST,Cybersecurity Analyst,SECURITY_OPERATIONS,Cybersecurity Operations,SECURITY,Cybersecurity,high,manual_title_by_title_resolution_v2,1,Computer information-security specialist.
TITLE:13059,13059,Computer Security Manager,core,source_supported_proposal,1,1,SECURITY_MANAGER,Cybersecurity Manager,SECURITY_GOVERNANCE,"Cybersecurity Governance, Risk and Compliance",SECURITY,Cybersecurity,existing,existing_reviewed_mapping,1,Preserved existing leaf assignment.
TITLE:13060,13060,Computer Security Specialist,core,parent_only_proposal,1,1,SECURITY_SPECIALIST_GENERAL,Cybersecurity Specialist (General),SECURITY_OPERATIONS,Cybersecurity Operations,SECURITY,Cybersecurity,high,manual_title_by_title_resolution_v2,1,Generic computer security specialist.
TITLE:13061,13061,Computer Service Agent,core,parent_only_proposal,1,1,COMPUTER_TECHNICIAN,Computer Hardware Technician,HARDWARE_SUPPORT,Computer Hardware Support,SUPPORT,IT Support,high,manual_title_by_title_resolution_v2,1,Computer service/support role.
TITLE:13061,13061,Computer Service Agent,core,parent_only_proposal,2,0,HELPDESK,IT Help Desk Specialist,USER_APPLICATION_SUPPORT,User and Application Support,SUPPORT,IT Support,high,manual_title_by_title_resolution_v2,1,Computer service/support role.
TITLE:13062,13062,Computer Service Technician,core,label_policy_proposal,1,1,COMPUTER_REPAIR,Computer Repair Technician,HARDWARE_SUPPORT,Computer Hardware Support,SUPPORT,IT Support,existing,existing_reviewed_mapping,1,Preserved existing leaf assignment.
TITLE:13063,13063,Computer Service and Repair Technician,core,source_supported_proposal,1,1,COMPUTER_REPAIR,Computer Repair Technician,HARDWARE_SUPPORT,Computer Hardware Support,SUPPORT,IT Support,existing,existing_reviewed_mapping,1,Preserved existing leaf assignment.
TITLE:13065,13065,Computer Software Engineer,core,parent_only_proposal,1,1,APPLICATION_DEVELOPER,Software Developer / Engineer (General),SOFTWARE_DEVELOPMENT,Software Development,SOFTWARE,Software Engineering,high,manual_title_by_title_resolution_v2,1,General computer software engineering role.
TITLE:13074,13074,Computer Specialist,core,source_supported_proposal,1,1,IT_GENERALIST,IT Generalist,USER_APPLICATION_SUPPORT,User and Application Support,SUPPORT,IT Support,medium,manual_title_by_title_resolution_v2,1,
TITLE:13074,13074,Computer Specialist,core,source_supported_proposal,2,0,SYSTEMS_SPECIALIST_GENERAL,Systems Specialist (General),SYSTEMS_ANALYSIS,Business and Systems Analysis,ARCHITECTURE_ANALYSIS,IT Architecture and Systems Analysis,medium,manual_title_by_title_resolution_v2,1,
TITLE:13078,13078,Computer Support Specialist,core,source_supported_proposal,1,1,SUPPORT_ENGINEER,IT Support Engineer,USER_APPLICATION_SUPPORT,User and Application Support,SUPPORT,IT Support,existing,existing_reviewed_mapping,1,Preserved existing leaf assignment.
TITLE:13079,13079,Computer Support Tech (computer Support Technician),core,source_supported_proposal,1,1,COMPUTER_TECHNICIAN,Computer Hardware Technician,HARDWARE_SUPPORT,Computer Hardware Support,SUPPORT,IT Support,existing,existing_reviewed_mapping,1,Preserved existing leaf assignment.
TITLE:13080,13080,Computer System Tech (computer Systems Technician),core,source_supported_proposal,1,1,COMPUTER_TECHNICIAN,Computer Hardware Technician,HARDWARE_SUPPORT,Computer Hardware Support,SUPPORT,IT Support,existing,existing_reviewed_mapping,1,Preserved existing leaf assignment.
TITLE:13081,13081,Computer Systems Analyst,core,source_supported_proposal,1,1,SYSTEMS_ANALYST,Systems Analyst,SYSTEMS_ANALYSIS,Business and Systems Analysis,ARCHITECTURE_ANALYSIS,IT Architecture and Systems Analysis,existing,existing_reviewed_mapping,1,Preserved existing leaf assignment.
TITLE:13082,13082,Computer Systems Architect,core,source_supported_proposal,1,1,SYSTEMS_ARCHITECT,Systems Architect,SYSTEMS_ARCHITECTURE,Enterprise and Systems Architecture,ARCHITECTURE_ANALYSIS,IT Architecture and Systems Analysis,existing,existing_reviewed_mapping,1,Preserved existing leaf assignment.
TITLE:13083,13083,Computer Systems Consultant,core,parent_only_proposal,1,1,IT_CONSULTANT,IT Consultant,SYSTEMS_ANALYSIS,Business and Systems Analysis,ARCHITECTURE_ANALYSIS,IT Architecture and Systems Analysis,medium,manual_title_by_title_resolution_v2,1,
TITLE:13083,13083,Computer Systems Consultant,core,parent_only_proposal,2,0,SYSTEMS_ANALYST,Systems Analyst,SYSTEMS_ANALYSIS,Business and Systems Analysis,ARCHITECTURE_ANALYSIS,IT Architecture and Systems Analysis,medium,manual_title_by_title_resolution_v2,1,
TITLE:13084,13084,Computer Systems Design Analyst,core,parent_only_proposal,1,1,SYSTEMS_ANALYST,Systems Analyst,SYSTEMS_ANALYSIS,Business and Systems Analysis,ARCHITECTURE_ANALYSIS,IT Architecture and Systems Analysis,high,manual_title_by_title_resolution_v2,1,Systems design analysis role.
TITLE:13084,13084,Computer Systems Design Analyst,core,parent_only_proposal,2,0,SYSTEMS_ARCHITECT,Systems Architect,SYSTEMS_ARCHITECTURE,Enterprise and Systems Architecture,ARCHITECTURE_ANALYSIS,IT Architecture and Systems Analysis,high,manual_title_by_title_resolution_v2,1,Systems design analysis role.
TITLE:13085,13085,Computer Systems Designer,core,parent_only_proposal,1,1,SYSTEMS_ARCHITECT,Systems Architect,SYSTEMS_ARCHITECTURE,Enterprise and Systems Architecture,ARCHITECTURE_ANALYSIS,IT Architecture and Systems Analysis,high,manual_title_by_title_resolution_v2,1,Computer systems design/architecture role.
TITLE:13085,13085,Computer Systems Designer,core,parent_only_proposal,2,0,SYSTEMS_ENGINEER,Computer Systems Engineer,SYSTEMS_ARCHITECTURE,Enterprise and Systems Architecture,ARCHITECTURE_ANALYSIS,IT Architecture and Systems Analysis,high,manual_title_by_title_resolution_v2,1,Computer systems design/architecture role.
TITLE:13086,13086,Computer Systems Engineer,core,label_policy_proposal,1,1,SYSTEMS_ENGINEER,Computer Systems Engineer,SYSTEMS_ARCHITECTURE,Enterprise and Systems Architecture,ARCHITECTURE_ANALYSIS,IT Architecture and Systems Analysis,existing,existing_reviewed_mapping,1,Preserved existing leaf assignment.
TITLE:13087,13087,Computer Systems Hardware Analyst,core,source_supported_proposal,1,1,HARDWARE_ENGINEER,Computer Hardware Engineer,HARDWARE_ENGINEERING,Computing Hardware Engineering,COMPUTER_HARDWARE,Computer Hardware Engineering,medium,manual_title_by_title_resolution_v2,1,
TITLE:13087,13087,Computer Systems Hardware Analyst,core,source_supported_proposal,2,0,SYSTEMS_ANALYST,Systems Analyst,SYSTEMS_ANALYSIS,Business and Systems Analysis,ARCHITECTURE_ANALYSIS,IT Architecture and Systems Analysis,medium,manual_title_by_title_resolution_v2,1,
TITLE:13088,13088,Computer Systems Information Director,core,parent_only_proposal,1,1,IT_MANAGER,IT Manager,IT_MANAGEMENT,IT and Engineering Management,IT_DELIVERY,IT Leadership and Delivery,high,manual_title_by_title_resolution_v2,1,Director-level computer/information systems management.
TITLE:13088,13088,Computer Systems Information Director,core,parent_only_proposal,2,0,IT_OPERATIONS_MANAGER,IT Operations Manager,IT_MANAGEMENT,IT and Engineering Management,IT_DELIVERY,IT Leadership and Delivery,high,manual_title_by_title_resolution_v2,1,Director-level computer/information systems management.
TITLE:13089,13089,Computer Systems Security Administrator,core,label_policy_proposal,1,1,SECURITY_ADMIN,Security Administrator,SECURITY_ENGINEERING,Cybersecurity Engineering,SECURITY,Cybersecurity,existing,existing_reviewed_mapping,1,Preserved existing leaf assignment.
TITLE:13090,13090,Computer Systems Specialist,core,source_supported_proposal,1,1,SYSTEMS_SPECIALIST_GENERAL,Systems Specialist (General),SYSTEMS_ANALYSIS,Business and Systems Analysis,ARCHITECTURE_ANALYSIS,IT Architecture and Systems Analysis,medium,manual_title_by_title_resolution_v2,1,
TITLE:13090,13090,Computer Systems Specialist,core,source_supported_proposal,2,0,SYSTEM_ADMIN,Systems Administrator,SYSTEMS_OPERATIONS,Systems Administration and Operations,PLATFORM_INFRASTRUCTURE,"Cloud, Platforms and IT Operations",medium,manual_title_by_title_resolution_v2,1,
TITLE:13091,13091,Computer Tape Librarian,conditional,needs_it_duties,1,1,COMPUTER_OPERATOR,Computer and Systems Operator,SYSTEMS_OPERATIONS,Systems Administration and Operations,PLATFORM_INFRASTRUCTURE,"Cloud, Platforms and IT Operations",medium,manual_title_by_title_resolution_v2,1,
TITLE:13093,13093,Computer Tech (computer Technician),core,source_supported_proposal,1,1,COMPUTER_TECHNICIAN,Computer Hardware Technician,HARDWARE_SUPPORT,Computer Hardware Support,SUPPORT,IT Support,existing,existing_reviewed_mapping,1,Preserved existing leaf assignment.
TITLE:13094,13094,Computer Technical Specialist,core,parent_only_proposal,1,1,SUPPORT_ENGINEER,IT Support Engineer,USER_APPLICATION_SUPPORT,User and Application Support,SUPPORT,IT Support,medium,manual_title_by_title_resolution_v2,1,Generic computer technical-support specialist.
TITLE:13094,13094,Computer Technical Specialist,core,parent_only_proposal,2,0,IT_GENERALIST,IT Generalist,USER_APPLICATION_SUPPORT,User and Application Support,SUPPORT,IT Support,medium,manual_title_by_title_resolution_v2,1,Generic computer technical-support specialist.
TITLE:13095,13095,Computer Technical Support Agent,core,source_supported_proposal,1,1,SUPPORT_ENGINEER,IT Support Engineer,USER_APPLICATION_SUPPORT,User and Application Support,SUPPORT,IT Support,existing,existing_reviewed_mapping,1,Preserved existing leaf assignment.
TITLE:13096,13096,Computer Technologist,core,parent_only_proposal,1,1,IT_GENERALIST,IT Generalist,USER_APPLICATION_SUPPORT,User and Application Support,SUPPORT,IT Support,low,manual_title_by_title_resolution_v2,1,Broad legacy computing technologist title.
TITLE:13096,13096,Computer Technologist,core,parent_only_proposal,2,0,SYSTEMS_SPECIALIST_GENERAL,Systems Specialist (General),SYSTEMS_ANALYSIS,Business and Systems Analysis,ARCHITECTURE_ANALYSIS,IT Architecture and Systems Analysis,low,manual_title_by_title_resolution_v2,1,Broad legacy computing technologist title.
TITLE:13100,13100,Computer Tester,core,parent_only_proposal,1,1,HARDWARE_TEST,Computer Hardware Test Technician,HARDWARE_ENGINEERING,Computing Hardware Engineering,COMPUTER_HARDWARE,Computer Hardware Engineering,high,manual_title_by_title_resolution_v2,1,Computer hardware testing title.
TITLE:13103,13103,Computer User Support Specialists,core,preferred_source_supported_proposal,1,1,SUPPORT_ENGINEER,IT Support Engineer,USER_APPLICATION_SUPPORT,User and Application Support,SUPPORT,IT Support,existing,existing_reviewed_mapping,1,Preserved existing leaf assignment.
TITLE:13104,13104,Computer Vision Engineer,core,preferred_source_supported_proposal,1,1,CV_ENGINEER,Computer Vision Engineer,AI_ENGINEERING,AI and Machine Learning Engineering,DATA_AI,"Data, Analytics and Artificial Intelligence",existing,existing_reviewed_mapping,1,Preserved existing leaf assignment.
TITLE:13105,13105,Computer Vision Expert,core,source_supported_proposal,1,1,CV_ENGINEER,Computer Vision Engineer,AI_ENGINEERING,AI and Machine Learning Engineering,DATA_AI,"Data, Analytics and Artificial Intelligence",existing,existing_reviewed_mapping,1,Preserved existing leaf assignment.
TITLE:13106,13106,Computer Vision Project Engineer,core,source_supported_proposal,1,1,IT_PROJECT_MANAGER,IT Project Manager,PROJECT_PRODUCT,IT Project and Product Delivery,IT_DELIVERY,IT Leadership and Delivery,existing,existing_reviewed_mapping,1,Preserved existing leaf assignment.
TITLE:13107,13107,Computer Vision Scientist,core,source_supported_proposal,1,1,CV_ENGINEER,Computer Vision Engineer,AI_ENGINEERING,AI and Machine Learning Engineering,DATA_AI,"Data, Analytics and Artificial Intelligence",existing,existing_reviewed_mapping,1,Preserved existing leaf assignment.
TITLE:13112,13112,Computer and Information Research Scientists,core,preferred_source_supported_proposal,1,1,COMPUTER_SCIENTIST,Computer Research Scientist,DATA_SCIENCE_RESEARCH,Data Science and Computing Research,DATA_AI,"Data, Analytics and Artificial Intelligence",existing,existing_reviewed_mapping,1,Preserved existing leaf assignment.
TITLE:13113,13113,Computer and Information Systems Manager,core,source_supported_proposal,1,1,IT_MANAGER,IT Manager,IT_MANAGEMENT,IT and Engineering Management,IT_DELIVERY,IT Leadership and Delivery,existing,existing_reviewed_mapping,1,Preserved existing leaf assignment.
TITLE:13118,13118,"Computer, Automated Teller, and Office Machine Repairers",conditional,needs_it_duties,1,1,COMPUTER_REPAIR,Computer Repair Technician,HARDWARE_SUPPORT,Computer Hardware Support,SUPPORT,IT Support,medium,manual_title_by_title_resolution_v2,1,Repair occupation includes computer equipment; retained as computer repair for IT use.
TITLE:13128,13128,Computer-aided Translation Engineer,core,parent_only_proposal,1,1,NLP_ENGINEER,Natural Language Processing Engineer,AI_ENGINEERING,AI and Machine Learning Engineering,DATA_AI,"Data, Analytics and Artificial Intelligence",high,manual_title_by_title_resolution_v2,1,Computer-aided translation is an NLP/language-technology role.
TITLE:13144,13144,Computing Systems Mechanic,conditional,needs_it_duties,1,1,COMPUTER_REPAIR,Computer Repair Technician,HARDWARE_SUPPORT,Computer Hardware Support,SUPPORT,IT Support,medium,manual_title_by_title_resolution_v2,1,
TITLE:13144,13144,Computing Systems Mechanic,conditional,needs_it_duties,2,0,COMPUTER_TECHNICIAN,Computer Hardware Technician,HARDWARE_SUPPORT,Computer Hardware Support,SUPPORT,IT Support,medium,manual_title_by_title_resolution_v2,1,
TITLE:13353,13353,Configuration Analyst,core,parent_only_proposal,1,1,SYSTEM_CONFIG,Systems Configuration Specialist,SYSTEMS_OPERATIONS,Systems Administration and Operations,PLATFORM_INFRASTRUCTURE,"Cloud, Platforms and IT Operations",high,manual_title_by_title_resolution_v2,1,Configuration-management/systems-analysis role.
TITLE:13353,13353,Configuration Analyst,core,parent_only_proposal,2,0,SYSTEMS_ANALYST,Systems Analyst,SYSTEMS_ANALYSIS,Business and Systems Analysis,ARCHITECTURE_ANALYSIS,IT Architecture and Systems Analysis,high,manual_title_by_title_resolution_v2,1,Configuration-management/systems-analysis role.
TITLE:13354,13354,Configuration Management Technician,review,non_it_source_collision,1,1,CHANGE_CONFIG_MANAGER,IT Change and Configuration Manager,SERVICE_GOVERNANCE,IT Service Governance,IT_DELIVERY,IT Leadership and Delivery,existing,existing_reviewed_mapping,1,Preserved existing leaf assignment.
TITLE:13536,13536,Consultant in ICT Security Activities,core,source_supported_proposal,1,1,SECURITY_CONSULTANT,Cybersecurity Consultant,SECURITY_GOVERNANCE,"Cybersecurity Governance, Risk and Compliance",SECURITY,Cybersecurity,existing,existing_reviewed_mapping,1,Preserved existing leaf assignment.
TITLE:13800,13800,Control System Computer Scientist,core,source_supported_proposal,1,1,COMPUTER_SCIENTIST,Computer Research Scientist,DATA_SCIENCE_RESEARCH,Data Science and Computing Research,DATA_AI,"Data, Analytics and Artificial Intelligence",existing,existing_reviewed_mapping,1,Preserved existing leaf assignment.
TITLE:14212,14212,Corporate Webmaster,core,source_supported_proposal,1,1,WEB_ADMIN,Web Administrator,SYSTEMS_OPERATIONS,Systems Administration and Operations,PLATFORM_INFRASTRUCTURE,"Cloud, Platforms and IT Operations",existing,existing_reviewed_mapping,1,Preserved existing leaf assignment.
TITLE:14343,14343,Cosmology Data Scientist,review,non_it_source_collision,1,1,DATA_SCIENTIST,Data Scientist,DATA_SCIENCE_RESEARCH,Data Science and Computing Research,DATA_AI,"Data, Analytics and Artificial Intelligence",existing,existing_reviewed_mapping,1,Preserved existing leaf assignment.
TITLE:15021,15021,Cross Enterprise Integrator,core,source_supported_proposal,1,1,INTEGRATION_ENGINEER,Systems Integration Engineer,SYSTEMS_ARCHITECTURE,Enterprise and Systems Architecture,ARCHITECTURE_ANALYSIS,IT Architecture and Systems Analysis,existing,existing_reviewed_mapping,1,Preserved existing leaf assignment.
TITLE:15112,15112,Cryptanalyst,review,non_it_source_collision,1,1,CRYPTOGRAPHER,Cryptography Specialist,SECURITY_ENGINEERING,Cybersecurity Engineering,SECURITY,Cybersecurity,existing,existing_reviewed_mapping,1,Preserved existing leaf assignment.
TITLE:15114,15114,Cryptographer,review,non_it_source_collision,1,1,CRYPTOGRAPHER,Cryptography Specialist,SECURITY_ENGINEERING,Cybersecurity Engineering,SECURITY,Cybersecurity,existing,existing_reviewed_mapping,1,Preserved existing leaf assignment.
TITLE:15115,15115,Cryptographic Center Specialist,review,non_it_source_collision,1,1,CRYPTOGRAPHER,Cryptography Specialist,SECURITY_ENGINEERING,Cybersecurity Engineering,SECURITY,Cybersecurity,existing,existing_reviewed_mapping,1,Preserved existing leaf assignment.
TITLE:15118,15118,Cryptographic Vulnerability Analyst,review,non_it_source_collision,1,1,VULNERABILITY_ANALYST,Vulnerability Assessment Specialist,OFFENSIVE_SECURITY,Offensive Security and Security Testing,SECURITY,Cybersecurity,existing,existing_reviewed_mapping,1,Preserved existing leaf assignment.
TITLE:15120,15120,Cryptologic Digital Network Technician/analyst (officer),review,non_it_source_collision,1,1,NETWORK_TECHNICIAN,Network Technician,NETWORK_ENGINEERING,Computer Network Engineering,NETWORKS,Networks and Telecommunications,existing,existing_reviewed_mapping,1,Preserved existing leaf assignment.
TITLE:15123,15123,Cryptologic Support Specialist,review,non_it_source_collision,1,1,CRYPTOGRAPHER,Cryptography Specialist,SECURITY_ENGINEERING,Cybersecurity Engineering,SECURITY,Cybersecurity,low,manual_title_by_title_resolution_v2,1,
TITLE:15123,15123,Cryptologic Support Specialist,review,non_it_source_collision,2,0,SECURITY_ANALYST,Cybersecurity Analyst,SECURITY_OPERATIONS,Cybersecurity Operations,SECURITY,Cybersecurity,low,manual_title_by_title_resolution_v2,1,
TITLE:15124,15124,Cryptologic Technician,review,non_it_source_collision,1,1,CRYPTOGRAPHER,Cryptography Specialist,SECURITY_ENGINEERING,Cybersecurity Engineering,SECURITY,Cybersecurity,low,manual_title_by_title_resolution_v2,1,
TITLE:15124,15124,Cryptologic Technician,review,non_it_source_collision,2,0,THREAT_INTELLIGENCE,Cyber Threat Intelligence Analyst,SECURITY_OPERATIONS,Cybersecurity Operations,SECURITY,Cybersecurity,low,manual_title_by_title_resolution_v2,1,
TITLE:15125,15125,Cryptologic Technician Operator/analyst,review,non_it_source_collision,1,1,CRYPTOGRAPHER,Cryptography Specialist,SECURITY_ENGINEERING,Cybersecurity Engineering,SECURITY,Cybersecurity,low,manual_title_by_title_resolution_v2,1,
TITLE:15125,15125,Cryptologic Technician Operator/analyst,review,non_it_source_collision,2,0,THREAT_INTELLIGENCE,Cyber Threat Intelligence Analyst,SECURITY_OPERATIONS,Cybersecurity Operations,SECURITY,Cybersecurity,low,manual_title_by_title_resolution_v2,1,
TITLE:15126,15126,Cryptologist,review,unresolved,1,1,CRYPTOGRAPHER,Cryptography Specialist,SECURITY_ENGINEERING,Cybersecurity Engineering,SECURITY,Cybersecurity,medium,manual_title_by_title_resolution_v2,1,
TITLE:15378,15378,Customer Data Analyst,review,non_it_source_collision,1,1,DATA_ANALYST,Data Analyst,DATA_ANALYSIS,Data Analysis and Business Intelligence,DATA_AI,"Data, Analytics and Artificial Intelligence",existing,existing_reviewed_mapping,1,Preserved existing leaf assignment.
TITLE:15609,15609,Cyber Analyst,review,source_scope_conflict,1,1,SECURITY_ANALYST,Cybersecurity Analyst,SECURITY_OPERATIONS,Cybersecurity Operations,SECURITY,Cybersecurity,existing,existing_reviewed_mapping,1,Preserved existing leaf assignment.
TITLE:15610,15610,Cyber Assessment Tester,core,source_supported_proposal,1,1,VULNERABILITY_ANALYST,Vulnerability Assessment Specialist,OFFENSIVE_SECURITY,Offensive Security and Security Testing,SECURITY,Cybersecurity,existing,existing_reviewed_mapping,1,Preserved existing leaf assignment.
TITLE:15611,15611,Cyber Assessor,core,source_supported_proposal,1,1,VULNERABILITY_ANALYST,Vulnerability Assessment Specialist,OFFENSIVE_SECURITY,Offensive Security and Security Testing,SECURITY,Cybersecurity,existing,existing_reviewed_mapping,1,Preserved existing leaf assignment.
TITLE:15612,15612,Cyber Crisis Expert,core,parent_only_proposal,1,1,INCIDENT_RESPONDER,Cyber Incident Responder,SECURITY_OPERATIONS,Cybersecurity Operations,SECURITY,Cybersecurity,medium,manual_title_by_title_resolution_v2,1,
TITLE:15613,15613,Cyber Database Administrator (cyber DBA),core,source_supported_proposal,1,1,DATABASE_ADMIN,Database Administrator,DATABASE_ENGINEERING,Database Engineering,DATA_AI,"Data, Analytics and Artificial Intelligence",existing,existing_reviewed_mapping,1,Preserved existing leaf assignment.
TITLE:15614,15614,Cyber Defender,core,source_supported_proposal,1,1,SECURITY_ANALYST,Cybersecurity Analyst,SECURITY_OPERATIONS,Cybersecurity Operations,SECURITY,Cybersecurity,existing,existing_reviewed_mapping,1,Preserved existing leaf assignment.
TITLE:15615,15615,Cyber Defense Analyst,review,source_scope_conflict,1,1,SECURITY_ANALYST,Cybersecurity Analyst,SECURITY_OPERATIONS,Cybersecurity Operations,SECURITY,Cybersecurity,existing,existing_reviewed_mapping,1,Preserved existing leaf assignment.
TITLE:15616,15616,Cyber Defense Forensics Analyst (cybersecurity Defense Forensics Analyst),review,non_it_source_collision,1,1,DIGITAL_FORENSICS,Digital Forensics Analyst,SECURITY_OPERATIONS,Cybersecurity Operations,SECURITY,Cybersecurity,existing,existing_reviewed_mapping,1,Preserved existing leaf assignment.
TITLE:15617,15617,Cyber Defense Incident Responder,core,source_supported_proposal,1,1,INCIDENT_RESPONDER,Cyber Incident Responder,SECURITY_OPERATIONS,Cybersecurity Operations,SECURITY,Cybersecurity,existing,existing_reviewed_mapping,1,Preserved existing leaf assignment.
TITLE:15618,15618,Cyber Defense Infrastructure Support Specialist,core,source_supported_proposal,1,1,SECURITY_ENGINEER,Security Engineer,SECURITY_ENGINEERING,Cybersecurity Engineering,SECURITY,Cybersecurity,existing,existing_reviewed_mapping,1,Preserved existing leaf assignment.
TITLE:15619,15619,Cyber Digital Forensics,core,source_supported_proposal,1,1,DIGITAL_FORENSICS,Digital Forensics Analyst,SECURITY_OPERATIONS,Cybersecurity Operations,SECURITY,Cybersecurity,existing,existing_reviewed_mapping,1,Preserved existing leaf assignment.
TITLE:15620,15620,Cyber Digital Media Analyst,core,source_supported_proposal,1,1,SECURITY_ANALYST,Cybersecurity Analyst,SECURITY_OPERATIONS,Cybersecurity Operations,SECURITY,Cybersecurity,existing,existing_reviewed_mapping,1,Preserved existing leaf assignment.
TITLE:15621,15621,Cyber Fighter,core,parent_only_proposal,1,1,SECURITY_ANALYST,Cybersecurity Analyst,SECURITY_OPERATIONS,Cybersecurity Operations,SECURITY,Cybersecurity,medium,manual_title_by_title_resolution_v2,1,
TITLE:15622,15622,Cyber Forensics Expert,core,source_supported_proposal,1,1,DIGITAL_FORENSICS,Digital Forensics Analyst,SECURITY_OPERATIONS,Cybersecurity Operations,SECURITY,Cybersecurity,existing,existing_reviewed_mapping,1,Preserved existing leaf assignment.
TITLE:15623,15623,Cyber Governance Risk and Compliance Specialist,core,preferred_source_supported_proposal,1,1,SECURITY_GRC,Cybersecurity GRC Specialist,SECURITY_GOVERNANCE,"Cybersecurity Governance, Risk and Compliance",SECURITY,Cybersecurity,existing,existing_reviewed_mapping,1,Preserved existing leaf assignment.
TITLE:15624,15624,Cyber IT Knowledge Manager,core,source_supported_proposal,1,1,IT_KNOWLEDGE_MANAGER,IT Knowledge Manager,SERVICE_GOVERNANCE,IT Service Governance,IT_DELIVERY,IT Leadership and Delivery,existing,existing_reviewed_mapping,1,Preserved existing leaf assignment.
TITLE:15625,15625,Cyber Incident Handler,core,source_supported_proposal,1,1,INCIDENT_RESPONDER,Cyber Incident Responder,SECURITY_OPERATIONS,Cybersecurity Operations,SECURITY,Cybersecurity,existing,existing_reviewed_mapping,1,Preserved existing leaf assignment.
TITLE:15626,15626,Cyber Incident Responder,core,preferred_source_supported_proposal,1,1,INCIDENT_RESPONDER,Cyber Incident Responder,SECURITY_OPERATIONS,Cybersecurity Operations,SECURITY,Cybersecurity,existing,existing_reviewed_mapping,1,Preserved existing leaf assignment.
TITLE:15630,15630,Cyber Intel Analyst (cybersecurity Intelligence Analyst),review,non_it_source_collision,1,1,THREAT_INTELLIGENCE,Cyber Threat Intelligence Analyst,SECURITY_OPERATIONS,Cybersecurity Operations,SECURITY,Cybersecurity,existing,existing_reviewed_mapping,1,Preserved existing leaf assignment.
TITLE:15631,15631,Cyber Intel Planner,core,source_supported_proposal,1,1,THREAT_INTELLIGENCE,Cyber Threat Intelligence Analyst,SECURITY_OPERATIONS,Cybersecurity Operations,SECURITY,Cybersecurity,existing,existing_reviewed_mapping,1,Preserved existing leaf assignment.
TITLE:15632,15632,Cyber Intelligence Planner (cybersecurity Intelligence Planner),review,non_it_source_collision,1,1,THREAT_INTELLIGENCE,Cyber Threat Intelligence Analyst,SECURITY_OPERATIONS,Cybersecurity Operations,SECURITY,Cybersecurity,existing,existing_reviewed_mapping,1,Preserved existing leaf assignment.
TITLE:15633,15633,Cyber Intelligence Specialist (cybersecurity Intelligence Specialist),review,non_it_source_collision,1,1,THREAT_INTELLIGENCE,Cyber Threat Intelligence Analyst,SECURITY_OPERATIONS,Cybersecurity Operations,SECURITY,Cybersecurity,existing,existing_reviewed_mapping,1,Preserved existing leaf assignment.
TITLE:15634,15634,Cyber Investigator,review,non_it_source_collision,1,1,DIGITAL_FORENSICS,Digital Forensics Analyst,SECURITY_OPERATIONS,Cybersecurity Operations,SECURITY,Cybersecurity,medium,manual_title_by_title_resolution_v2,1,
TITLE:15637,15637,Cyber Operations Planner (cyber Ops Planner),core,parent_only_proposal,1,1,SECURITY_ANALYST,Cybersecurity Analyst,SECURITY_OPERATIONS,Cybersecurity Operations,SECURITY,Cybersecurity,medium,manual_title_by_title_resolution_v2,1,
TITLE:15637,15637,Cyber Operations Planner (cyber Ops Planner),core,parent_only_proposal,2,0,SECURITY_MANAGER,Cybersecurity Manager,SECURITY_GOVERNANCE,"Cybersecurity Governance, Risk and Compliance",SECURITY,Cybersecurity,medium,manual_title_by_title_resolution_v2,1,
TITLE:15638,15638,Cyber Operations Specialist,core,parent_only_proposal,1,1,SECURITY_ANALYST,Cybersecurity Analyst,SECURITY_OPERATIONS,Cybersecurity Operations,SECURITY,Cybersecurity,medium,manual_title_by_title_resolution_v2,1,
TITLE:15639,15639,Cyber Operator,core,parent_only_proposal,1,1,SECURITY_ANALYST,Cybersecurity Analyst,SECURITY_OPERATIONS,Cybersecurity Operations,SECURITY,Cybersecurity,medium,manual_title_by_title_resolution_v2,1,
TITLE:15640,15640,Cyber Ops Specialist (cybersecurity Operations Specialist),review,non_it_source_collision,1,1,SECURITY_ANALYST,Cybersecurity Analyst,SECURITY_OPERATIONS,Cybersecurity Operations,SECURITY,Cybersecurity,medium,manual_title_by_title_resolution_v2,1,
TITLE:15641,15641,Cyber Policy and Strategy Planner,core,source_supported_proposal,1,1,SECURITY_GRC,Cybersecurity GRC Specialist,SECURITY_GOVERNANCE,"Cybersecurity Governance, Risk and Compliance",SECURITY,Cybersecurity,existing,existing_reviewed_mapping,1,Preserved existing leaf assignment.
TITLE:15642,15642,Cyber Risk Consultant,review,non_it_source_collision,1,1,SECURITY_GRC,Cybersecurity GRC Specialist,SECURITY_GOVERNANCE,"Cybersecurity Governance, Risk and Compliance",SECURITY,Cybersecurity,existing,existing_reviewed_mapping,1,Preserved existing leaf assignment.
TITLE:15643,15643,Cyber Risk Manager,core,source_supported_proposal,1,1,SECURITY_GRC,Cybersecurity GRC Specialist,SECURITY_GOVERNANCE,"Cybersecurity Governance, Risk and Compliance",SECURITY,Cybersecurity,existing,existing_reviewed_mapping,1,Preserved existing leaf assignment.
TITLE:15644,15644,Cyber Security Advice and Assessment Specialist,core,preferred_source_supported_proposal,1,1,SECURITY_CONSULTANT,Cybersecurity Consultant,SECURITY_GOVERNANCE,"Cybersecurity Governance, Risk and Compliance",SECURITY,Cybersecurity,existing,existing_reviewed_mapping,1,Preserved existing leaf assignment.
TITLE:15645,15645,Cyber Security Adviser,core,parent_only_proposal,1,1,SECURITY_CONSULTANT,Cybersecurity Consultant,SECURITY_GOVERNANCE,"Cybersecurity Governance, Risk and Compliance",SECURITY,Cybersecurity,medium,manual_title_by_title_resolution_v2,1,
TITLE:15650,15650,Cyber Security Incident Responder,core,source_supported_proposal,1,1,INCIDENT_RESPONDER,Cyber Incident Responder,SECURITY_OPERATIONS,Cybersecurity Operations,SECURITY,Cybersecurity,existing,existing_reviewed_mapping,1,Preserved existing leaf assignment.
TITLE:15651,15651,Cyber Security Operations Coordinator,core,parent_only_proposal,1,1,SECURITY_ANALYST,Cybersecurity Analyst,SECURITY_OPERATIONS,Cybersecurity Operations,SECURITY,Cybersecurity,medium,manual_title_by_title_resolution_v2,1,
TITLE:15651,15651,Cyber Security Operations Coordinator,core,parent_only_proposal,2,0,SECURITY_MANAGER,Cybersecurity Manager,SECURITY_GOVERNANCE,"Cybersecurity Governance, Risk and Compliance",SECURITY,Cybersecurity,medium,manual_title_by_title_resolution_v2,1,
TITLE:15652,15652,Cyber Security Operations Manager,core,source_supported_proposal,1,1,IT_OPERATIONS_MANAGER,IT Operations Manager,IT_MANAGEMENT,IT and Engineering Management,IT_DELIVERY,IT Leadership and Delivery,existing,existing_reviewed_mapping,1,Preserved existing leaf assignment.
TITLE:15653,15653,Cyber Security Researcher or Vulnerability Researcher,core,source_supported_proposal,1,1,VULNERABILITY_ANALYST,Vulnerability Assessment Specialist,OFFENSIVE_SECURITY,Offensive Security and Security Testing,SECURITY,Cybersecurity,existing,existing_reviewed_mapping,1,Preserved existing leaf assignment.
TITLE:15655,15655,Cyber Security Support Technician,core,source_supported_proposal,1,1,SUPPORT_ENGINEER,IT Support Engineer,USER_APPLICATION_SUPPORT,User and Application Support,SUPPORT,IT Support,existing,existing_reviewed_mapping,1,Preserved existing leaf assignment.
TITLE:15657,15657,Cyber Security Vulnerability Assessor,core,source_supported_proposal,1,1,VULNERABILITY_ANALYST,Vulnerability Assessment Specialist,OFFENSIVE_SECURITY,Offensive Security and Security Testing,SECURITY,Cybersecurity,existing,existing_reviewed_mapping,1,Preserved existing leaf assignment.
TITLE:15658,15658,Cyber Special Agent,review,non_it_source_collision,1,1,DIGITAL_FORENSICS,Digital Forensics Analyst,SECURITY_OPERATIONS,Cybersecurity Operations,SECURITY,Cybersecurity,medium,manual_title_by_title_resolution_v2,1,
TITLE:15659,15659,Cyber Tester,core,label_policy_proposal,1,1,VULNERABILITY_ANALYST,Vulnerability Assessment Specialist,OFFENSIVE_SECURITY,Offensive Security and Security Testing,SECURITY,Cybersecurity,existing,existing_reviewed_mapping,1,Preserved existing leaf assignment.
TITLE:15660,15660,Cyber Threat Hunter,core,source_supported_proposal,1,1,THREAT_INTELLIGENCE,Cyber Threat Intelligence Analyst,SECURITY_OPERATIONS,Cybersecurity Operations,SECURITY,Cybersecurity,existing,existing_reviewed_mapping,1,Preserved existing leaf assignment.
TITLE:15661,15661,Cyber Threat Intelligence Analyst,review,source_scope_conflict,1,1,THREAT_INTELLIGENCE,Cyber Threat Intelligence Analyst,SECURITY_OPERATIONS,Cybersecurity Operations,SECURITY,Cybersecurity,existing,existing_reviewed_mapping,1,Preserved existing leaf assignment.
TITLE:15662,15662,Cyber Threat Intelligence Specialist,review,non_it_source_collision,1,1,THREAT_INTELLIGENCE,Cyber Threat Intelligence Analyst,SECURITY_OPERATIONS,Cybersecurity Operations,SECURITY,Cybersecurity,existing,existing_reviewed_mapping,1,Preserved existing leaf assignment.
TITLE:15668,15668,Cybersecurity All-source Analyst,core,source_supported_proposal,1,1,SECURITY_ANALYST,Cybersecurity Analyst,SECURITY_OPERATIONS,Cybersecurity Operations,SECURITY,Cybersecurity,existing,existing_reviewed_mapping,1,Preserved existing leaf assignment.
TITLE:15669,15669,Cybersecurity All-source Collection Manager,core,parent_only_proposal,1,1,THREAT_INTELLIGENCE,Cyber Threat Intelligence Analyst,SECURITY_OPERATIONS,Cybersecurity Operations,SECURITY,Cybersecurity,medium,manual_title_by_title_resolution_v2,1,
TITLE:15670,15670,Cybersecurity All-source Collection Requirements Manager,core,parent_only_proposal,1,1,THREAT_INTELLIGENCE,Cyber Threat Intelligence Analyst,SECURITY_OPERATIONS,Cybersecurity Operations,SECURITY,Cybersecurity,medium,manual_title_by_title_resolution_v2,1,
TITLE:15671,15671,Cybersecurity Analyst (cyber),review,source_scope_conflict,1,1,SECURITY_ANALYST,Cybersecurity Analyst,SECURITY_OPERATIONS,Cybersecurity Operations,SECURITY,Cybersecurity,existing,existing_reviewed_mapping,1,Preserved existing leaf assignment.
TITLE:15672,15672,Cybersecurity Architect,core,source_supported_proposal,1,1,SECURITY_ARCHITECT,Security Architect,SECURITY_ENGINEERING,Cybersecurity Engineering,SECURITY,Cybersecurity,existing,existing_reviewed_mapping,1,Preserved existing leaf assignment.
TITLE:15673,15673,Cybersecurity Compliance Director,conditional,needs_it_duties,1,1,SECURITY_GRC,Cybersecurity GRC Specialist,SECURITY_GOVERNANCE,"Cybersecurity Governance, Risk and Compliance",SECURITY,Cybersecurity,existing,existing_reviewed_mapping,1,Preserved existing leaf assignment.
TITLE:15674,15674,Cybersecurity Consultant,review,non_it_source_collision,1,1,SECURITY_CONSULTANT,Cybersecurity Consultant,SECURITY_GOVERNANCE,"Cybersecurity Governance, Risk and Compliance",SECURITY,Cybersecurity,existing,existing_reviewed_mapping,1,Preserved existing leaf assignment.
TITLE:15675,15675,Cybersecurity Developer,core,source_supported_proposal,1,1,SECURITY_ENGINEER,Security Engineer,SECURITY_ENGINEERING,Cybersecurity Engineering,SECURITY,Cybersecurity,existing,existing_reviewed_mapping,1,Preserved existing leaf assignment.
TITLE:15676,15676,Cybersecurity Engineer,core,source_supported_proposal,1,1,SECURITY_ENGINEER,Security Engineer,SECURITY_ENGINEERING,Cybersecurity Engineering,SECURITY,Cybersecurity,existing,existing_reviewed_mapping,1,Preserved existing leaf assignment.
TITLE:15677,15677,Cybersecurity Exploitation Analyst,core,source_supported_proposal,1,1,SECURITY_ANALYST,Cybersecurity Analyst,SECURITY_OPERATIONS,Cybersecurity Operations,SECURITY,Cybersecurity,existing,existing_reviewed_mapping,1,Preserved existing leaf assignment.
TITLE:15678,15678,Cybersecurity Hardware Engineer,core,source_supported_proposal,1,1,SECURITY_ENGINEER,Security Engineer,SECURITY_ENGINEERING,Cybersecurity Engineering,SECURITY,Cybersecurity,existing,existing_reviewed_mapping,1,Preserved existing leaf assignment.
TITLE:15679,15679,Cybersecurity Impact Analyst,core,source_supported_proposal,1,1,SECURITY_ANALYST,Cybersecurity Analyst,SECURITY_OPERATIONS,Cybersecurity Operations,SECURITY,Cybersecurity,existing,existing_reviewed_mapping,1,Preserved existing leaf assignment.
TITLE:15680,15680,Cybersecurity Implementer,core,parent_only_proposal,1,1,SECURITY_ENGINEER,Security Engineer,SECURITY_ENGINEERING,Cybersecurity Engineering,SECURITY,Cybersecurity,medium,manual_title_by_title_resolution_v2,1,
TITLE:15681,15681,Cybersecurity Incident Response Analyst (cyber),core,source_supported_proposal,1,1,INCIDENT_RESPONDER,Cyber Incident Responder,SECURITY_OPERATIONS,Cybersecurity Operations,SECURITY,Cybersecurity,existing,existing_reviewed_mapping,1,Preserved existing leaf assignment.
TITLE:15685,15685,Cybersecurity Multi-disciplined Language Analyst,core,source_supported_proposal,1,1,SECURITY_ANALYST,Cybersecurity Analyst,SECURITY_OPERATIONS,Cybersecurity Operations,SECURITY,Cybersecurity,existing,existing_reviewed_mapping,1,Preserved existing leaf assignment.
TITLE:15686,15686,Cybersecurity Partner Integration Planner,core,parent_only_proposal,1,1,SECURITY_CONSULTANT,Cybersecurity Consultant,SECURITY_GOVERNANCE,"Cybersecurity Governance, Risk and Compliance",SECURITY,Cybersecurity,medium,manual_title_by_title_resolution_v2,1,
TITLE:15686,15686,Cybersecurity Partner Integration Planner,core,parent_only_proposal,2,0,SECURITY_MANAGER,Cybersecurity Manager,SECURITY_GOVERNANCE,"Cybersecurity Governance, Risk and Compliance",SECURITY,Cybersecurity,medium,manual_title_by_title_resolution_v2,1,
TITLE:15687,15687,Cybersecurity Programme Director,core,parent_only_proposal,1,1,SECURITY_MANAGER,Cybersecurity Manager,SECURITY_GOVERNANCE,"Cybersecurity Governance, Risk and Compliance",SECURITY,Cybersecurity,medium,manual_title_by_title_resolution_v2,1,
TITLE:15688,15688,Cybersecurity Project Manager,core,source_supported_proposal,1,1,IT_PROJECT_MANAGER,IT Project Manager,PROJECT_PRODUCT,IT Project and Product Delivery,IT_DELIVERY,IT Leadership and Delivery,existing,existing_reviewed_mapping,1,Preserved existing leaf assignment.
TITLE:15689,15689,Cybersecurity Research Scientist (cyber Research Scientist),core,parent_only_proposal,1,1,THREAT_INTELLIGENCE,Cyber Threat Intelligence Analyst,SECURITY_OPERATIONS,Cybersecurity Operations,SECURITY,Cybersecurity,medium,manual_title_by_title_resolution_v2,1,
TITLE:15689,15689,Cybersecurity Research Scientist (cyber Research Scientist),core,parent_only_proposal,2,0,COMPUTER_SCIENTIST,Computer Research Scientist,DATA_SCIENCE_RESEARCH,Data Science and Computing Research,DATA_AI,"Data, Analytics and Artificial Intelligence",medium,manual_title_by_title_resolution_v2,1,
TITLE:15690,15690,Cybersecurity Risk Assessor,core,source_supported_proposal,1,1,VULNERABILITY_ANALYST,Vulnerability Assessment Specialist,OFFENSIVE_SECURITY,Offensive Security and Security Testing,SECURITY,Cybersecurity,existing,existing_reviewed_mapping,1,Preserved existing leaf assignment.
TITLE:15691,15691,Cybersecurity Risk Assurance Consultant,core,source_supported_proposal,1,1,SECURITY_GRC,Cybersecurity GRC Specialist,SECURITY_GOVERNANCE,"Cybersecurity Governance, Risk and Compliance",SECURITY,Cybersecurity,existing,existing_reviewed_mapping,1,Preserved existing leaf assignment.
TITLE:15692,15692,Cybersecurity Risk Manager,core,preferred_source_supported_proposal,1,1,SECURITY_GRC,Cybersecurity GRC Specialist,SECURITY_GOVERNANCE,"Cybersecurity Governance, Risk and Compliance",SECURITY,Cybersecurity,existing,existing_reviewed_mapping,1,Preserved existing leaf assignment.
TITLE:15693,15693,Cybersecurity SIEM Manager,core,parent_only_proposal,1,1,SECURITY_ANALYST,Cybersecurity Analyst,SECURITY_OPERATIONS,Cybersecurity Operations,SECURITY,Cybersecurity,medium,manual_title_by_title_resolution_v2,1,
TITLE:15693,15693,Cybersecurity SIEM Manager,core,parent_only_proposal,2,0,SECURITY_MANAGER,Cybersecurity Manager,SECURITY_GOVERNANCE,"Cybersecurity Governance, Risk and Compliance",SECURITY,Cybersecurity,medium,manual_title_by_title_resolution_v2,1,
TITLE:15694,15694,Cybersecurity Scrum Master,core,source_supported_proposal,1,1,SCRUM_MASTER,Scrum Master,PROJECT_PRODUCT,IT Project and Product Delivery,IT_DELIVERY,IT Leadership and Delivery,existing,existing_reviewed_mapping,1,Preserved existing leaf assignment.
TITLE:15695,15695,Cybersecurity Solutions Expert,core,parent_only_proposal,1,1,SECURITY_CONSULTANT,Cybersecurity Consultant,SECURITY_GOVERNANCE,"Cybersecurity Governance, Risk and Compliance",SECURITY,Cybersecurity,medium,manual_title_by_title_resolution_v2,1,
TITLE:15695,15695,Cybersecurity Solutions Expert,core,parent_only_proposal,2,0,SECURITY_ENGINEER,Security Engineer,SECURITY_ENGINEERING,Cybersecurity Engineering,SECURITY,Cybersecurity,medium,manual_title_by_title_resolution_v2,1,
TITLE:15696,15696,Cybersecurity Specialist,review,unresolved,1,1,SECURITY_SPECIALIST_GENERAL,Cybersecurity Specialist (General),SECURITY_OPERATIONS,Cybersecurity Operations,SECURITY,Cybersecurity,medium,manual_title_by_title_resolution_v2,1,
TITLE:15697,15697,Cybersecurity Target Developer,core,source_supported_proposal,1,1,SECURITY_ENGINEER,Security Engineer,SECURITY_ENGINEERING,Cybersecurity Engineering,SECURITY,Cybersecurity,existing,existing_reviewed_mapping,1,Preserved existing leaf assignment.
TITLE:15698,15698,Cybersecurity Target Network Analyst,core,source_supported_proposal,1,1,SECURITY_ANALYST,Cybersecurity Analyst,SECURITY_OPERATIONS,Cybersecurity Operations,SECURITY,Cybersecurity,existing,existing_reviewed_mapping,1,Preserved existing leaf assignment.
TITLE:15699,15699,Cybersecurity Tester,core,source_supported_proposal,1,1,VULNERABILITY_ANALYST,Vulnerability Assessment Specialist,OFFENSIVE_SECURITY,Offensive Security and Security Testing,SECURITY,Cybersecurity,existing,existing_reviewed_mapping,1,Preserved existing leaf assignment.
TITLE:15700,15700,Cybersecurity Warning Analyst,core,source_supported_proposal,1,1,SECURITY_ANALYST,Cybersecurity Analyst,SECURITY_OPERATIONS,Cybersecurity Operations,SECURITY,Cybersecurity,existing,existing_reviewed_mapping,1,Preserved existing leaf assignment.
TITLE:15701,15701,Cybersecurity and Forensic Specialist,core,source_supported_proposal,1,1,DIGITAL_FORENSICS,Digital Forensics Analyst,SECURITY_OPERATIONS,Cybersecurity Operations,SECURITY,Cybersecurity,existing,existing_reviewed_mapping,1,Preserved existing leaf assignment.
TITLE:15755,15755,DBMS Specialist (database Management System Specialist),core,parent_only_proposal,1,1,DATABASE_ADMIN,Database Administrator,DATABASE_ENGINEERING,Database Engineering,DATA_AI,"Data, Analytics and Artificial Intelligence",high,manual_title_by_title_resolution_v2,1,Database management-system specialist.
TITLE:15755,15755,DBMS Specialist (database Management System Specialist),core,parent_only_proposal,2,0,DATABASE_ARCHITECT,Database Architect,DATABASE_ENGINEERING,Database Engineering,DATA_AI,"Data, Analytics and Artificial Intelligence",high,manual_title_by_title_resolution_v2,1,Database management-system specialist.
TITLE:15768,15768,DLT Architect,core,parent_only_proposal,1,1,BLOCKCHAIN_DEVELOPER,Blockchain Developer,SPECIALIZED_DEVELOPMENT,Specialized Software Development,SOFTWARE,Software Engineering,medium,manual_title_by_title_resolution_v2,1,
TITLE:15769,15769,DLT Engineer,core,parent_only_proposal,1,1,BLOCKCHAIN_DEVELOPER,Blockchain Developer,SPECIALIZED_DEVELOPMENT,Specialized Software Development,SOFTWARE,Software Engineering,medium,manual_title_by_title_resolution_v2,1,
TITLE:15770,15770,DLT Specialist,core,parent_only_proposal,1,1,BLOCKCHAIN_DEVELOPER,Blockchain Developer,SPECIALIZED_DEVELOPMENT,Specialized Software Development,SOFTWARE,Software Engineering,medium,manual_title_by_title_resolution_v2,1,
TITLE:15783,15783,DWDM Optical Network Engineer (dense Wavelength Division Multiplexing Optical Network Engineer),review,non_it_source_collision,1,1,NETWORK_ENGINEER,Network Engineer,NETWORK_ENGINEERING,Computer Network Engineering,NETWORKS,Networks and Telecommunications,existing,existing_reviewed_mapping,1,Preserved existing leaf assignment.
TITLE:15914,15914,Data Analyst,core,preferred_source_supported_proposal,1,1,DATA_ANALYST,Data Analyst,DATA_ANALYSIS,Data Analysis and Business Intelligence,DATA_AI,"Data, Analytics and Artificial Intelligence",existing,existing_reviewed_mapping,1,Preserved existing leaf assignment.
TITLE:15916,15916,Data Analytics Manager,core,label_policy_proposal,1,1,DATA_MANAGER,Data and Analytics Manager,IT_MANAGEMENT,IT and Engineering Management,IT_DELIVERY,IT Leadership and Delivery,existing,existing_reviewed_mapping,1,Preserved existing leaf assignment.
TITLE:15917,15917,Data Analytics Scientist,core,source_supported_proposal,1,1,DATA_ANALYST,Data Analyst,DATA_ANALYSIS,Data Analysis and Business Intelligence,DATA_AI,"Data, Analytics and Artificial Intelligence",existing,existing_reviewed_mapping,1,Preserved existing leaf assignment.
TITLE:15918,15918,Data Analytics Specialist,review,source_scope_conflict,1,1,DATA_ANALYST,Data Analyst,DATA_ANALYSIS,Data Analysis and Business Intelligence,DATA_AI,"Data, Analytics and Artificial Intelligence",existing,existing_reviewed_mapping,1,Preserved existing leaf assignment.
TITLE:15919,15919,Data Architect,core,preferred_source_supported_proposal,1,1,DATA_ARCHITECT,Data Architect,DATA_ENGINEERING,Data Engineering,DATA_AI,"Data, Analytics and Artificial Intelligence",existing,existing_reviewed_mapping,1,Preserved existing leaf assignment.
TITLE:15926,15926,Data Center Administrator,core,source_supported_proposal,1,1,DATACENTER_OPERATOR,Data Centre Operator,SYSTEMS_OPERATIONS,Systems Administration and Operations,PLATFORM_INFRASTRUCTURE,"Cloud, Platforms and IT Operations",existing,existing_reviewed_mapping,1,Preserved existing leaf assignment.
TITLE:15927,15927,Data Center Manager,core,source_supported_proposal,1,1,DATA_MANAGER,Data and Analytics Manager,IT_MANAGEMENT,IT and Engineering Management,IT_DELIVERY,IT Leadership and Delivery,existing,existing_reviewed_mapping,1,Preserved existing leaf assignment.
TITLE:15928,15928,Data Center Operator,core,source_supported_proposal,1,1,DATACENTER_OPERATOR,Data Centre Operator,SYSTEMS_OPERATIONS,Systems Administration and Operations,PLATFORM_INFRASTRUCTURE,"Cloud, Platforms and IT Operations",existing,existing_reviewed_mapping,1,Preserved existing leaf assignment.
TITLE:15929,15929,Data Center Product Director,core,source_supported_proposal,1,1,DATACENTER_OPERATOR,Data Centre Operator,SYSTEMS_OPERATIONS,Systems Administration and Operations,PLATFORM_INFRASTRUCTURE,"Cloud, Platforms and IT Operations",existing,existing_reviewed_mapping,1,Preserved existing leaf assignment.
TITLE:15930,15930,Data Center Technician,core,source_supported_proposal,1,1,DATACENTER_OPERATOR,Data Centre Operator,SYSTEMS_OPERATIONS,Systems Administration and Operations,PLATFORM_INFRASTRUCTURE,"Cloud, Platforms and IT Operations",existing,existing_reviewed_mapping,1,Preserved existing leaf assignment.
TITLE:15938,15938,Data Communications Analyst,core,parent_only_proposal,1,1,NETWORK_ENGINEER,Network Engineer,NETWORK_ENGINEERING,Computer Network Engineering,NETWORKS,Networks and Telecommunications,medium,manual_title_by_title_resolution_v2,1,
TITLE:15938,15938,Data Communications Analyst,core,parent_only_proposal,2,0,TELECOM_ANALYST,Telecommunications Analyst,TELECOM_ENGINEERING,Telecommunications Engineering,NETWORKS,Networks and Telecommunications,medium,manual_title_by_title_resolution_v2,1,
TITLE:15939,15939,Data Communications Technician,review,unresolved,1,1,NETWORK_TECHNICIAN,Network Technician,NETWORK_ENGINEERING,Computer Network Engineering,NETWORKS,Networks and Telecommunications,medium,manual_title_by_title_resolution_v2,1,
TITLE:15939,15939,Data Communications Technician,review,unresolved,2,0,TELECOM_TECHNICIAN,Telecommunications Technician,TELECOM_ENGINEERING,Telecommunications Engineering,NETWORKS,Networks and Telecommunications,medium,manual_title_by_title_resolution_v2,1,
TITLE:15942,15942,Data Consultant,core,parent_only_proposal,1,1,DATA_SPECIALIST_GENERAL,Data Specialist (General),DATA_ENGINEERING,Data Engineering,DATA_AI,"Data, Analytics and Artificial Intelligence",medium,manual_title_by_title_resolution_v2,1,
TITLE:15942,15942,Data Consultant,core,parent_only_proposal,2,0,DATA_ANALYST,Data Analyst,DATA_ANALYSIS,Data Analysis and Business Intelligence,DATA_AI,"Data, Analytics and Artificial Intelligence",medium,manual_title_by_title_resolution_v2,1,
TITLE:15946,15946,Data Curator,review,non_it_source_collision,1,1,DATA_GOVERNANCE_SPECIALIST,Data Governance and Stewardship Specialist,DATA_ENGINEERING,Data Engineering,DATA_AI,"Data, Analytics and Artificial Intelligence",medium,manual_title_by_title_resolution_v2,1,
TITLE:15950,15950,Data Engineer,core,preferred_source_supported_proposal,1,1,DATA_ENGINEER,Data Engineer,DATA_ENGINEERING,Data Engineering,DATA_AI,"Data, Analytics and Artificial Intelligence",existing,existing_reviewed_mapping,1,Preserved existing leaf assignment.
TITLE:15951,15951,Data Engineering Director,review,non_it_source_collision,1,1,DATA_ENGINEER,Data Engineer,DATA_ENGINEERING,Data Engineering,DATA_AI,"Data, Analytics and Artificial Intelligence",existing,existing_reviewed_mapping,1,Preserved existing leaf assignment.
TITLE:15952,15952,Data Engineering Manager,review,non_it_source_collision,1,1,DATA_MANAGER,Data and Analytics Manager,IT_MANAGEMENT,IT and Engineering Management,IT_DELIVERY,IT Leadership and Delivery,existing,existing_reviewed_mapping,1,Preserved existing leaf assignment.
TITLE:15968,15968,Data Expert,core,parent_only_proposal,1,1,DATA_SPECIALIST_GENERAL,Data Specialist (General),DATA_ENGINEERING,Data Engineering,DATA_AI,"Data, Analytics and Artificial Intelligence",medium,manual_title_by_title_resolution_v2,1,
TITLE:15968,15968,Data Expert,core,parent_only_proposal,2,0,DATA_ANALYST,Data Analyst,DATA_ANALYSIS,Data Analysis and Business Intelligence,DATA_AI,"Data, Analytics and Artificial Intelligence",medium,manual_title_by_title_resolution_v2,1,
TITLE:15969,15969,Data Governance Analyst,core,parent_only_proposal,1,1,DATA_GOVERNANCE_SPECIALIST,Data Governance and Stewardship Specialist,DATA_ENGINEERING,Data Engineering,DATA_AI,"Data, Analytics and Artificial Intelligence",medium,manual_title_by_title_resolution_v2,1,
TITLE:15969,15969,Data Governance Analyst,core,parent_only_proposal,2,0,DATA_ANALYST,Data Analyst,DATA_ANALYSIS,Data Analysis and Business Intelligence,DATA_AI,"Data, Analytics and Artificial Intelligence",medium,manual_title_by_title_resolution_v2,1,
TITLE:15971,15971,Data Integration Specialist,core,parent_only_proposal,1,1,DATA_ENGINEER,Data Engineer,DATA_ENGINEERING,Data Engineering,DATA_AI,"Data, Analytics and Artificial Intelligence",medium,manual_title_by_title_resolution_v2,1,
TITLE:15971,15971,Data Integration Specialist,core,parent_only_proposal,2,0,DATABASE_INTEGRATOR,Database Integrator,DATABASE_ENGINEERING,Database Engineering,DATA_AI,"Data, Analytics and Artificial Intelligence",medium,manual_title_by_title_resolution_v2,1,
TITLE:15972,15972,Data Integrator,core,parent_only_proposal,1,1,DATA_ENGINEER,Data Engineer,DATA_ENGINEERING,Data Engineering,DATA_AI,"Data, Analytics and Artificial Intelligence",medium,manual_title_by_title_resolution_v2,1,
TITLE:15972,15972,Data Integrator,core,parent_only_proposal,2,0,DATABASE_INTEGRATOR,Database Integrator,DATABASE_ENGINEERING,Database Engineering,DATA_AI,"Data, Analytics and Artificial Intelligence",medium,manual_title_by_title_resolution_v2,1,
TITLE:15974,15974,Data Integrity Specialist,review,unresolved,1,1,DATA_QUALITY,Data Quality Specialist,DATA_ANALYSIS,Data Analysis and Business Intelligence,DATA_AI,"Data, Analytics and Artificial Intelligence",medium,manual_title_by_title_resolution_v2,1,
TITLE:15974,15974,Data Integrity Specialist,review,unresolved,2,0,DATA_GOVERNANCE_SPECIALIST,Data Governance and Stewardship Specialist,DATA_ENGINEERING,Data Engineering,DATA_AI,"Data, Analytics and Artificial Intelligence",medium,manual_title_by_title_resolution_v2,1,
TITLE:15975,15975,Data Intel Analyst (data Intelligence Analyst),review,non_it_source_collision,1,1,DATA_ANALYST,Data Analyst,DATA_ANALYSIS,Data Analysis and Business Intelligence,DATA_AI,"Data, Analytics and Artificial Intelligence",medium,manual_title_by_title_resolution_v2,1,
TITLE:15975,15975,Data Intel Analyst (data Intelligence Analyst),review,non_it_source_collision,2,0,BI_ANALYST,Business Intelligence Analyst,DATA_ANALYSIS,Data Analysis and Business Intelligence,DATA_AI,"Data, Analytics and Artificial Intelligence",medium,manual_title_by_title_resolution_v2,1,
TITLE:15979,15979,Data Management Engineer,core,parent_only_proposal,1,1,DATA_ENGINEER,Data Engineer,DATA_ENGINEERING,Data Engineering,DATA_AI,"Data, Analytics and Artificial Intelligence",medium,manual_title_by_title_resolution_v2,1,
TITLE:15979,15979,Data Management Engineer,core,parent_only_proposal,2,0,DATA_GOVERNANCE_SPECIALIST,Data Governance and Stewardship Specialist,DATA_ENGINEERING,Data Engineering,DATA_AI,"Data, Analytics and Artificial Intelligence",medium,manual_title_by_title_resolution_v2,1,
TITLE:15980,15980,Data Management IT Specialist (data Management Information Technology Specialist),core,parent_only_proposal,1,1,DATABASE_ADMIN,Database Administrator,DATABASE_ENGINEERING,Database Engineering,DATA_AI,"Data, Analytics and Artificial Intelligence",medium,manual_title_by_title_resolution_v2,1,
TITLE:15980,15980,Data Management IT Specialist (data Management Information Technology Specialist),core,parent_only_proposal,2,0,DATA_GOVERNANCE_SPECIALIST,Data Governance and Stewardship Specialist,DATA_ENGINEERING,Data Engineering,DATA_AI,"Data, Analytics and Artificial Intelligence",medium,manual_title_by_title_resolution_v2,1,
TITLE:15981,15981,Data Management Scientist,core,parent_only_proposal,1,1,DATA_SCIENTIST,Data Scientist,DATA_SCIENCE_RESEARCH,Data Science and Computing Research,DATA_AI,"Data, Analytics and Artificial Intelligence",medium,manual_title_by_title_resolution_v2,1,
TITLE:15981,15981,Data Management Scientist,core,parent_only_proposal,2,0,DATA_GOVERNANCE_SPECIALIST,Data Governance and Stewardship Specialist,DATA_ENGINEERING,Data Engineering,DATA_AI,"Data, Analytics and Artificial Intelligence",medium,manual_title_by_title_resolution_v2,1,
TITLE:15982,15982,Data Management Specialist,core,parent_only_proposal,1,1,DATA_ENGINEER,Data Engineer,DATA_ENGINEERING,Data Engineering,DATA_AI,"Data, Analytics and Artificial Intelligence",medium,manual_title_by_title_resolution_v2,1,
TITLE:15982,15982,Data Management Specialist,core,parent_only_proposal,2,0,DATA_GOVERNANCE_SPECIALIST,Data Governance and Stewardship Specialist,DATA_ENGINEERING,Data Engineering,DATA_AI,"Data, Analytics and Artificial Intelligence",medium,manual_title_by_title_resolution_v2,1,
TITLE:15983,15983,Data Manager,review,source_scope_conflict,1,1,DATA_MANAGER,Data and Analytics Manager,IT_MANAGEMENT,IT and Engineering Management,IT_DELIVERY,IT Leadership and Delivery,existing,existing_reviewed_mapping,1,Preserved existing leaf assignment.
TITLE:15984,15984,Data Mapper,review,non_it_source_collision,1,1,DATA_ENGINEER,Data Engineer,DATA_ENGINEERING,Data Engineering,DATA_AI,"Data, Analytics and Artificial Intelligence",low,manual_title_by_title_resolution_v2,1,
TITLE:15984,15984,Data Mapper,review,non_it_source_collision,2,0,DATA_GOVERNANCE_SPECIALIST,Data Governance and Stewardship Specialist,DATA_ENGINEERING,Data Engineering,DATA_AI,"Data, Analytics and Artificial Intelligence",low,manual_title_by_title_resolution_v2,1,
TITLE:15985,15985,Data Migration Specialist,core,parent_only_proposal,1,1,DATA_ENGINEER,Data Engineer,DATA_ENGINEERING,Data Engineering,DATA_AI,"Data, Analytics and Artificial Intelligence",medium,manual_title_by_title_resolution_v2,1,
TITLE:15985,15985,Data Migration Specialist,core,parent_only_proposal,2,0,DATABASE_INTEGRATOR,Database Integrator,DATABASE_ENGINEERING,Database Engineering,DATA_AI,"Data, Analytics and Artificial Intelligence",medium,manual_title_by_title_resolution_v2,1,
TITLE:15986,15986,Data Miner,core,source_supported_proposal,1,1,DATA_ANALYST,Data Analyst,DATA_ANALYSIS,Data Analysis and Business Intelligence,DATA_AI,"Data, Analytics and Artificial Intelligence",existing,existing_reviewed_mapping,1,Preserved existing leaf assignment.
TITLE:15987,15987,Data Mining Analyst,core,source_supported_proposal,1,1,DATA_ANALYST,Data Analyst,DATA_ANALYSIS,Data Analysis and Business Intelligence,DATA_AI,"Data, Analytics and Artificial Intelligence",existing,existing_reviewed_mapping,1,Preserved existing leaf assignment.
TITLE:15988,15988,Data Model Designer,core,parent_only_proposal,1,1,DATA_ARCHITECT,Data Architect,DATA_ENGINEERING,Data Engineering,DATA_AI,"Data, Analytics and Artificial Intelligence",medium,manual_title_by_title_resolution_v2,1,
TITLE:15988,15988,Data Model Designer,core,parent_only_proposal,2,0,DATABASE_ARCHITECT,Database Architect,DATABASE_ENGINEERING,Database Engineering,DATA_AI,"Data, Analytics and Artificial Intelligence",medium,manual_title_by_title_resolution_v2,1,
TITLE:15989,15989,Data Modeler,review,unresolved,1,1,DATA_ARCHITECT,Data Architect,DATA_ENGINEERING,Data Engineering,DATA_AI,"Data, Analytics and Artificial Intelligence",medium,manual_title_by_title_resolution_v2,1,
TITLE:15989,15989,Data Modeler,review,unresolved,2,0,DATABASE_ARCHITECT,Database Architect,DATABASE_ENGINEERING,Database Engineering,DATA_AI,"Data, Analytics and Artificial Intelligence",medium,manual_title_by_title_resolution_v2,1,
TITLE:15990,15990,Data Modeling Specialist,core,parent_only_proposal,1,1,DATA_ARCHITECT,Data Architect,DATA_ENGINEERING,Data Engineering,DATA_AI,"Data, Analytics and Artificial Intelligence",medium,manual_title_by_title_resolution_v2,1,
TITLE:15990,15990,Data Modeling Specialist,core,parent_only_proposal,2,0,DATABASE_ARCHITECT,Database Architect,DATABASE_ENGINEERING,Database Engineering,DATA_AI,"Data, Analytics and Artificial Intelligence",medium,manual_title_by_title_resolution_v2,1,
TITLE:15992,15992,Data Operations Director,core,parent_only_proposal,1,1,DATA_MANAGER,Data and Analytics Manager,IT_MANAGEMENT,IT and Engineering Management,IT_DELIVERY,IT Leadership and Delivery,medium,manual_title_by_title_resolution_v2,1,
TITLE:15996,15996,Data Processing Consultant,core,parent_only_proposal,1,1,SYSTEMS_ANALYST,Systems Analyst,SYSTEMS_ANALYSIS,Business and Systems Analysis,ARCHITECTURE_ANALYSIS,IT Architecture and Systems Analysis,medium,manual_title_by_title_resolution_v2,1,
TITLE:15996,15996,Data Processing Consultant,core,parent_only_proposal,2,0,IT_PROJECT_MANAGER,IT Project Manager,PROJECT_PRODUCT,IT Project and Product Delivery,IT_DELIVERY,IT Leadership and Delivery,medium,manual_title_by_title_resolution_v2,1,
TITLE:16000,16000,Data Processing Manager,core,source_supported_proposal,1,1,DATA_MANAGER,Data and Analytics Manager,IT_MANAGEMENT,IT and Engineering Management,IT_DELIVERY,IT Leadership and Delivery,existing,existing_reviewed_mapping,1,Preserved existing leaf assignment.
TITLE:16002,16002,Data Processing Operator,review,non_it_source_collision,1,1,COMPUTER_OPERATOR,Computer and Systems Operator,SYSTEMS_OPERATIONS,Systems Administration and Operations,PLATFORM_INFRASTRUCTURE,"Cloud, Platforms and IT Operations",low,manual_title_by_title_resolution_v2,1,
TITLE:16003,16003,Data Processing Supervisor,review,non_it_source_collision,1,1,COMPUTER_OPERATOR,Computer and Systems Operator,SYSTEMS_OPERATIONS,Systems Administration and Operations,PLATFORM_INFRASTRUCTURE,"Cloud, Platforms and IT Operations",low,manual_title_by_title_resolution_v2,1,
TITLE:16004,16004,Data Processing Systems Analyst,core,source_supported_proposal,1,1,SYSTEMS_ANALYST,Systems Analyst,SYSTEMS_ANALYSIS,Business and Systems Analysis,ARCHITECTURE_ANALYSIS,IT Architecture and Systems Analysis,existing,existing_reviewed_mapping,1,Preserved existing leaf assignment.
TITLE:16005,16005,Data Processing Systems Project Planner,core,parent_only_proposal,1,1,SYSTEMS_ANALYST,Systems Analyst,SYSTEMS_ANALYSIS,Business and Systems Analysis,ARCHITECTURE_ANALYSIS,IT Architecture and Systems Analysis,medium,manual_title_by_title_resolution_v2,1,
TITLE:16005,16005,Data Processing Systems Project Planner,core,parent_only_proposal,2,0,IT_PROJECT_MANAGER,IT Project Manager,PROJECT_PRODUCT,IT Project and Product Delivery,IT_DELIVERY,IT Leadership and Delivery,medium,manual_title_by_title_resolution_v2,1,
TITLE:16006,16006,Data Processor,review,non_it_source_collision,1,1,COMPUTER_OPERATOR,Computer and Systems Operator,SYSTEMS_OPERATIONS,Systems Administration and Operations,PLATFORM_INFRASTRUCTURE,"Cloud, Platforms and IT Operations",low,manual_title_by_title_resolution_v2,1,
TITLE:16011,16011,Data Protection Specialist,core,source_supported_proposal,1,1,DATA_PRIVACY,Data Protection and Privacy Specialist,SECURITY_GOVERNANCE,"Cybersecurity Governance, Risk and Compliance",SECURITY,Cybersecurity,existing,existing_reviewed_mapping,1,Preserved existing leaf assignment.
TITLE:16012,16012,Data Quality Analyst,review,source_scope_conflict,1,1,DATA_QUALITY,Data Quality Specialist,DATA_ANALYSIS,Data Analysis and Business Intelligence,DATA_AI,"Data, Analytics and Artificial Intelligence",existing,existing_reviewed_mapping,1,Preserved existing leaf assignment.
TITLE:16013,16013,Data Quality Expert,core,source_supported_proposal,1,1,DATA_QUALITY,Data Quality Specialist,DATA_ANALYSIS,Data Analysis and Business Intelligence,DATA_AI,"Data, Analytics and Artificial Intelligence",existing,existing_reviewed_mapping,1,Preserved existing leaf assignment.
TITLE:16016,16016,Data Recovery Planner,core,parent_only_proposal,1,1,DISASTER_RECOVERY,IT Disaster Recovery Specialist,SYSTEMS_OPERATIONS,Systems Administration and Operations,PLATFORM_INFRASTRUCTURE,"Cloud, Platforms and IT Operations",medium,manual_title_by_title_resolution_v2,1,
TITLE:16016,16016,Data Recovery Planner,core,parent_only_proposal,2,0,DATABASE_ADMIN,Database Administrator,DATABASE_ENGINEERING,Database Engineering,DATA_AI,"Data, Analytics and Artificial Intelligence",medium,manual_title_by_title_resolution_v2,1,
TITLE:16019,16019,Data Science Engineer,core,parent_only_proposal,1,1,DATA_SCIENTIST,Data Scientist,DATA_SCIENCE_RESEARCH,Data Science and Computing Research,DATA_AI,"Data, Analytics and Artificial Intelligence",medium,manual_title_by_title_resolution_v2,1,
TITLE:16020,16020,Data Science Intern,core,parent_only_proposal,1,1,DATA_SCIENTIST,Data Scientist,DATA_SCIENCE_RESEARCH,Data Science and Computing Research,DATA_AI,"Data, Analytics and Artificial Intelligence",medium,manual_title_by_title_resolution_v2,1,
TITLE:16021,16021,Data Scientist,core,preferred_source_supported_proposal,1,1,DATA_SCIENTIST,Data Scientist,DATA_SCIENCE_RESEARCH,Data Science and Computing Research,DATA_AI,"Data, Analytics and Artificial Intelligence",existing,existing_reviewed_mapping,1,Preserved existing leaf assignment.
TITLE:16022,16022,Data Security Administrator,core,parent_only_proposal,1,1,SECURITY_ADMIN,Security Administrator,SECURITY_ENGINEERING,Cybersecurity Engineering,SECURITY,Cybersecurity,medium,manual_title_by_title_resolution_v2,1,
TITLE:16022,16022,Data Security Administrator,core,parent_only_proposal,2,0,DATABASE_ADMIN,Database Administrator,DATABASE_ENGINEERING,Database Engineering,DATA_AI,"Data, Analytics and Artificial Intelligence",medium,manual_title_by_title_resolution_v2,1,
TITLE:16023,16023,Data Security Analyst,core,parent_only_proposal,1,1,SECURITY_ANALYST,Cybersecurity Analyst,SECURITY_OPERATIONS,Cybersecurity Operations,SECURITY,Cybersecurity,medium,manual_title_by_title_resolution_v2,1,
TITLE:16024,16024,Data Specialist,review,unresolved,1,1,DATA_SPECIALIST_GENERAL,Data Specialist (General),DATA_ENGINEERING,Data Engineering,DATA_AI,"Data, Analytics and Artificial Intelligence",medium,manual_title_by_title_resolution_v2,1,
TITLE:16024,16024,Data Specialist,review,unresolved,2,0,DATA_ANALYST,Data Analyst,DATA_ANALYSIS,Data Analysis and Business Intelligence,DATA_AI,"Data, Analytics and Artificial Intelligence",medium,manual_title_by_title_resolution_v2,1,
TITLE:16025,16025,Data Steward,review,non_it_source_collision,1,1,DATA_GOVERNANCE_SPECIALIST,Data Governance and Stewardship Specialist,DATA_ENGINEERING,Data Engineering,DATA_AI,"Data, Analytics and Artificial Intelligence",medium,manual_title_by_title_resolution_v2,1,
TITLE:16026,16026,Data Storage Analyst,core,parent_only_proposal,1,1,STORAGE_ENGINEER,Storage Engineer,SYSTEMS_OPERATIONS,Systems Administration and Operations,PLATFORM_INFRASTRUCTURE,"Cloud, Platforms and IT Operations",medium,manual_title_by_title_resolution_v2,1,
TITLE:16026,16026,Data Storage Analyst,core,parent_only_proposal,2,0,DATA_ENGINEER,Data Engineer,DATA_ENGINEERING,Data Engineering,DATA_AI,"Data, Analytics and Artificial Intelligence",medium,manual_title_by_title_resolution_v2,1,
TITLE:16027,16027,Data Storage Specialist,core,source_supported_proposal,1,1,STORAGE_ENGINEER,Storage Engineer,SYSTEMS_OPERATIONS,Systems Administration and Operations,PLATFORM_INFRASTRUCTURE,"Cloud, Platforms and IT Operations",medium,manual_title_by_title_resolution_v2,1,
TITLE:16027,16027,Data Storage Specialist,core,source_supported_proposal,2,0,DATA_ENGINEER,Data Engineer,DATA_ENGINEERING,Data Engineering,DATA_AI,"Data, Analytics and Artificial Intelligence",medium,manual_title_by_title_resolution_v2,1,
TITLE:16028,16028,Data Support Specialist,review,non_it_source_collision,1,1,APPLICATION_SUPPORT,Application Support Specialist,USER_APPLICATION_SUPPORT,User and Application Support,SUPPORT,IT Support,medium,manual_title_by_title_resolution_v2,1,
TITLE:16028,16028,Data Support Specialist,review,non_it_source_collision,2,0,SUPPORT_ENGINEER,IT Support Engineer,USER_APPLICATION_SUPPORT,User and Application Support,SUPPORT,IT Support,medium,manual_title_by_title_resolution_v2,1,
TITLE:16029,16029,Data Systems Manager,core,source_supported_proposal,1,1,DATA_MANAGER,Data and Analytics Manager,IT_MANAGEMENT,IT and Engineering Management,IT_DELIVERY,IT Leadership and Delivery,existing,existing_reviewed_mapping,1,Preserved existing leaf assignment.
TITLE:16030,16030,Data Technician,review,unresolved,1,1,DATA_SPECIALIST_GENERAL,Data Specialist (General),DATA_ENGINEERING,Data Engineering,DATA_AI,"Data, Analytics and Artificial Intelligence",medium,manual_title_by_title_resolution_v2,1,
TITLE:16030,16030,Data Technician,review,unresolved,2,0,DATA_ENGINEER,Data Engineer,DATA_ENGINEERING,Data Engineering,DATA_AI,"Data, Analytics and Artificial Intelligence",medium,manual_title_by_title_resolution_v2,1,
TITLE:16033,16033,Data Visualization Developer,core,label_policy_proposal,1,1,DATA_ENGINEER,Data Engineer,DATA_ENGINEERING,Data Engineering,DATA_AI,"Data, Analytics and Artificial Intelligence",existing,existing_reviewed_mapping,1,Preserved existing leaf assignment.
TITLE:16034,16034,Data Warehouse Analyst,core,source_supported_proposal,1,1,DATA_WAREHOUSE,Data Warehouse Developer,DATA_ENGINEERING,Data Engineering,DATA_AI,"Data, Analytics and Artificial Intelligence",existing,existing_reviewed_mapping,1,Preserved existing leaf assignment.
TITLE:16035,16035,Data Warehouse Designer,core,preferred_source_supported_proposal,1,1,DATA_WAREHOUSE,Data Warehouse Developer,DATA_ENGINEERING,Data Engineering,DATA_AI,"Data, Analytics and Artificial Intelligence",existing,existing_reviewed_mapping,1,Preserved existing leaf assignment.
TITLE:16036,16036,Data Warehouse Developer,core,source_supported_proposal,1,1,DATA_WAREHOUSE,Data Warehouse Developer,DATA_ENGINEERING,Data Engineering,DATA_AI,"Data, Analytics and Artificial Intelligence",existing,existing_reviewed_mapping,1,Preserved existing leaf assignment.
TITLE:16037,16037,"Data Warehouse ETL Developer (data Warehouse Extract, Transform, and Load Developer)",core,source_supported_proposal,1,1,DATA_WAREHOUSE,Data Warehouse Developer,DATA_ENGINEERING,Data Engineering,DATA_AI,"Data, Analytics and Artificial Intelligence",existing,existing_reviewed_mapping,1,Preserved existing leaf assignment.
TITLE:16038,16038,Data Warehouse Engineer,core,source_supported_proposal,1,1,DATA_WAREHOUSE,Data Warehouse Developer,DATA_ENGINEERING,Data Engineering,DATA_AI,"Data, Analytics and Artificial Intelligence",existing,existing_reviewed_mapping,1,Preserved existing leaf assignment.
TITLE:16039,16039,Data Warehouse Programmer,core,source_supported_proposal,1,1,DATA_WAREHOUSE,Data Warehouse Developer,DATA_ENGINEERING,Data Engineering,DATA_AI,"Data, Analytics and Artificial Intelligence",existing,existing_reviewed_mapping,1,Preserved existing leaf assignment.
TITLE:16040,16040,Data Warehouse Specialist,core,source_supported_proposal,1,1,DATA_WAREHOUSE,Data Warehouse Developer,DATA_ENGINEERING,Data Engineering,DATA_AI,"Data, Analytics and Artificial Intelligence",existing,existing_reviewed_mapping,1,Preserved existing leaf assignment.
TITLE:16041,16041,Data Warehousing Analyst,core,source_supported_proposal,1,1,DATA_WAREHOUSE,Data Warehouse Developer,DATA_ENGINEERING,Data Engineering,DATA_AI,"Data, Analytics and Artificial Intelligence",existing,existing_reviewed_mapping,1,Preserved existing leaf assignment.
TITLE:16042,16042,Data Warehousing Engineer,core,source_supported_proposal,1,1,DATA_WAREHOUSE,Data Warehouse Developer,DATA_ENGINEERING,Data Engineering,DATA_AI,"Data, Analytics and Artificial Intelligence",existing,existing_reviewed_mapping,1,Preserved existing leaf assignment.
TITLE:16043,16043,Data Warehousing Specialist,core,source_supported_proposal,1,1,DATA_WAREHOUSE,Data Warehouse Developer,DATA_ENGINEERING,Data Engineering,DATA_AI,"Data, Analytics and Artificial Intelligence",existing,existing_reviewed_mapping,1,Preserved existing leaf assignment.
TITLE:16046,16046,Database Administration Associate,core,source_supported_proposal,1,1,DATABASE_ADMIN,Database Administrator,DATABASE_ENGINEERING,Database Engineering,DATA_AI,"Data, Analytics and Artificial Intelligence",existing,existing_reviewed_mapping,1,Preserved existing leaf assignment.
TITLE:16047,16047,Database Administration Manager,core,source_supported_proposal,1,1,DATA_MANAGER,Data and Analytics Manager,IT_MANAGEMENT,IT and Engineering Management,IT_DELIVERY,IT Leadership and Delivery,existing,existing_reviewed_mapping,1,Preserved existing leaf assignment.
TITLE:16048,16048,Database Administration Project Manager,core,source_supported_proposal,1,1,DATA_MANAGER,Data and Analytics Manager,IT_MANAGEMENT,IT and Engineering Management,IT_DELIVERY,IT Leadership and Delivery,existing,existing_reviewed_mapping,1,Preserved existing leaf assignment.
TITLE:16049,16049,Database Administrator,core,preferred_source_supported_proposal,1,1,DATABASE_ADMIN,Database Administrator,DATABASE_ENGINEERING,Database Engineering,DATA_AI,"Data, Analytics and Artificial Intelligence",existing,existing_reviewed_mapping,1,Preserved existing leaf assignment.
TITLE:16050,16050,Database Analyst,review,unresolved,1,1,DATABASE_ADMIN,Database Administrator,DATABASE_ENGINEERING,Database Engineering,DATA_AI,"Data, Analytics and Artificial Intelligence",medium,manual_title_by_title_resolution_v2,1,
TITLE:16050,16050,Database Analyst,review,unresolved,2,0,DATA_ANALYST,Data Analyst,DATA_ANALYSIS,Data Analysis and Business Intelligence,DATA_AI,"Data, Analytics and Artificial Intelligence",medium,manual_title_by_title_resolution_v2,1,
TITLE:16051,16051,Database Architect,core,source_supported_proposal,1,1,DATABASE_ARCHITECT,Database Architect,DATABASE_ENGINEERING,Database Engineering,DATA_AI,"Data, Analytics and Artificial Intelligence",existing,existing_reviewed_mapping,1,Preserved existing leaf assignment.
TITLE:16052,16052,Database Coder,core,parent_only_proposal,1,1,DATABASE_DEVELOPER,Database Developer,DATABASE_ENGINEERING,Database Engineering,DATA_AI,"Data, Analytics and Artificial Intelligence",medium,manual_title_by_title_resolution_v2,1,
TITLE:16052,16052,Database Coder,core,parent_only_proposal,2,0,COMPUTER_PROGRAMMER,Computer Programmer,SOFTWARE_DEVELOPMENT,Software Development,SOFTWARE,Software Engineering,medium,manual_title_by_title_resolution_v2,1,
TITLE:16053,16053,Database Computer Consultant,core,source_supported_proposal,1,1,IT_CONSULTANT,IT Consultant,SYSTEMS_ANALYSIS,Business and Systems Analysis,ARCHITECTURE_ANALYSIS,IT Architecture and Systems Analysis,existing,existing_reviewed_mapping,1,Preserved existing leaf assignment.
TITLE:16054,16054,Database Configurator,core,parent_only_proposal,1,1,DATABASE_ADMIN,Database Administrator,DATABASE_ENGINEERING,Database Engineering,DATA_AI,"Data, Analytics and Artificial Intelligence",medium,manual_title_by_title_resolution_v2,1,
TITLE:16054,16054,Database Configurator,core,parent_only_proposal,2,0,SYSTEM_CONFIG,Systems Configuration Specialist,SYSTEMS_OPERATIONS,Systems Administration and Operations,PLATFORM_INFRASTRUCTURE,"Cloud, Platforms and IT Operations",medium,manual_title_by_title_resolution_v2,1,
TITLE:16055,16055,Database Consultant,core,parent_only_proposal,1,1,DATABASE_ADMIN,Database Administrator,DATABASE_ENGINEERING,Database Engineering,DATA_AI,"Data, Analytics and Artificial Intelligence",medium,manual_title_by_title_resolution_v2,1,
TITLE:16055,16055,Database Consultant,core,parent_only_proposal,2,0,DATABASE_ARCHITECT,Database Architect,DATABASE_ENGINEERING,Database Engineering,DATA_AI,"Data, Analytics and Artificial Intelligence",medium,manual_title_by_title_resolution_v2,1,
TITLE:16056,16056,Database Coordinator,core,parent_only_proposal,1,1,DATABASE_ADMIN,Database Administrator,DATABASE_ENGINEERING,Database Engineering,DATA_AI,"Data, Analytics and Artificial Intelligence",medium,manual_title_by_title_resolution_v2,1,
TITLE:16057,16057,Database Design Analyst,core,source_supported_proposal,1,1,DATABASE_ARCHITECT,Database Architect,DATABASE_ENGINEERING,Database Engineering,DATA_AI,"Data, Analytics and Artificial Intelligence",medium,manual_title_by_title_resolution_v2,1,
TITLE:16057,16057,Database Design Analyst,core,source_supported_proposal,2,0,DATABASE_DEVELOPER,Database Developer,DATABASE_ENGINEERING,Database Engineering,DATA_AI,"Data, Analytics and Artificial Intelligence",medium,manual_title_by_title_resolution_v2,1,
TITLE:16058,16058,Database Design Engineer,core,parent_only_proposal,1,1,DATABASE_ARCHITECT,Database Architect,DATABASE_ENGINEERING,Database Engineering,DATA_AI,"Data, Analytics and Artificial Intelligence",medium,manual_title_by_title_resolution_v2,1,
TITLE:16058,16058,Database Design Engineer,core,parent_only_proposal,2,0,DATABASE_DEVELOPER,Database Developer,DATABASE_ENGINEERING,Database Engineering,DATA_AI,"Data, Analytics and Artificial Intelligence",medium,manual_title_by_title_resolution_v2,1,
TITLE:16059,16059,Database Design Specialist,core,parent_only_proposal,1,1,DATABASE_ARCHITECT,Database Architect,DATABASE_ENGINEERING,Database Engineering,DATA_AI,"Data, Analytics and Artificial Intelligence",medium,manual_title_by_title_resolution_v2,1,
TITLE:16059,16059,Database Design Specialist,core,parent_only_proposal,2,0,DATABASE_DEVELOPER,Database Developer,DATABASE_ENGINEERING,Database Engineering,DATA_AI,"Data, Analytics and Artificial Intelligence",medium,manual_title_by_title_resolution_v2,1,
TITLE:16060,16060,Database Designer,core,preferred_source_supported_proposal,1,1,DATABASE_ARCHITECT,Database Architect,DATABASE_ENGINEERING,Database Engineering,DATA_AI,"Data, Analytics and Artificial Intelligence",existing,existing_reviewed_mapping,1,Preserved existing leaf assignment.
TITLE:16061,16061,Database Developer,core,preferred_source_supported_proposal,1,1,DATABASE_DEVELOPER,Database Developer,DATABASE_ENGINEERING,Database Engineering,DATA_AI,"Data, Analytics and Artificial Intelligence",existing,existing_reviewed_mapping,1,Preserved existing leaf assignment.
TITLE:16062,16062,Database Development Engineer,core,source_supported_proposal,1,1,DATABASE_DEVELOPER,Database Developer,DATABASE_ENGINEERING,Database Engineering,DATA_AI,"Data, Analytics and Artificial Intelligence",existing,existing_reviewed_mapping,1,Preserved existing leaf assignment.
TITLE:16063,16063,Database Development Project Manager,core,source_supported_proposal,1,1,DATA_MANAGER,Data and Analytics Manager,IT_MANAGEMENT,IT and Engineering Management,IT_DELIVERY,IT Leadership and Delivery,existing,existing_reviewed_mapping,1,Preserved existing leaf assignment.
TITLE:16064,16064,Database Development Specialist,core,source_supported_proposal,1,1,DATABASE_DEVELOPER,Database Developer,DATABASE_ENGINEERING,Database Engineering,DATA_AI,"Data, Analytics and Artificial Intelligence",existing,existing_reviewed_mapping,1,Preserved existing leaf assignment.
TITLE:16065,16065,Database Engineer,core,parent_only_proposal,1,1,DATABASE_ARCHITECT,Database Architect,DATABASE_ENGINEERING,Database Engineering,DATA_AI,"Data, Analytics and Artificial Intelligence",medium,manual_title_by_title_resolution_v2,1,
TITLE:16065,16065,Database Engineer,core,parent_only_proposal,2,0,DATABASE_DEVELOPER,Database Developer,DATABASE_ENGINEERING,Database Engineering,DATA_AI,"Data, Analytics and Artificial Intelligence",medium,manual_title_by_title_resolution_v2,1,
TITLE:16066,16066,Database Integrator,core,preferred_source_supported_proposal,1,1,DATABASE_INTEGRATOR,Database Integrator,DATABASE_ENGINEERING,Database Engineering,DATA_AI,"Data, Analytics and Artificial Intelligence",existing,existing_reviewed_mapping,1,Preserved existing leaf assignment.
TITLE:16067,16067,Database Manager,core,source_supported_proposal,1,1,DATA_MANAGER,Data and Analytics Manager,IT_MANAGEMENT,IT and Engineering Management,IT_DELIVERY,IT Leadership and Delivery,existing,existing_reviewed_mapping,1,Preserved existing leaf assignment.
TITLE:16068,16068,Database Modeler,core,parent_only_proposal,1,1,DATABASE_ARCHITECT,Database Architect,DATABASE_ENGINEERING,Database Engineering,DATA_AI,"Data, Analytics and Artificial Intelligence",medium,manual_title_by_title_resolution_v2,1,
TITLE:16068,16068,Database Modeler,core,parent_only_proposal,2,0,DATABASE_DEVELOPER,Database Developer,DATABASE_ENGINEERING,Database Engineering,DATA_AI,"Data, Analytics and Artificial Intelligence",medium,manual_title_by_title_resolution_v2,1,
TITLE:16069,16069,Database Programmer,core,parent_only_proposal,1,1,DATABASE_DEVELOPER,Database Developer,DATABASE_ENGINEERING,Database Engineering,DATA_AI,"Data, Analytics and Artificial Intelligence",medium,manual_title_by_title_resolution_v2,1,
TITLE:16069,16069,Database Programmer,core,parent_only_proposal,2,0,COMPUTER_PROGRAMMER,Computer Programmer,SOFTWARE_DEVELOPMENT,Software Development,SOFTWARE,Software Engineering,medium,manual_title_by_title_resolution_v2,1,
TITLE:16070,16070,Database Security Administrator,core,parent_only_proposal,1,1,DATABASE_ADMIN,Database Administrator,DATABASE_ENGINEERING,Database Engineering,DATA_AI,"Data, Analytics and Artificial Intelligence",medium,manual_title_by_title_resolution_v2,1,
TITLE:16070,16070,Database Security Administrator,core,parent_only_proposal,2,0,SECURITY_ADMIN,Security Administrator,SECURITY_ENGINEERING,Cybersecurity Engineering,SECURITY,Cybersecurity,medium,manual_title_by_title_resolution_v2,1,
TITLE:16071,16071,Database Security Expert,core,parent_only_proposal,1,1,SECURITY_ENGINEER,Security Engineer,SECURITY_ENGINEERING,Cybersecurity Engineering,SECURITY,Cybersecurity,medium,manual_title_by_title_resolution_v2,1,
TITLE:16071,16071,Database Security Expert,core,parent_only_proposal,2,0,DATABASE_ADMIN,Database Administrator,DATABASE_ENGINEERING,Database Engineering,DATA_AI,"Data, Analytics and Artificial Intelligence",medium,manual_title_by_title_resolution_v2,1,
TITLE:16072,16072,Database Software Consultant,core,parent_only_proposal,1,1,DATABASE_ADMIN,Database Administrator,DATABASE_ENGINEERING,Database Engineering,DATA_AI,"Data, Analytics and Artificial Intelligence",medium,manual_title_by_title_resolution_v2,1,
TITLE:16072,16072,Database Software Consultant,core,parent_only_proposal,2,0,DATABASE_ARCHITECT,Database Architect,DATABASE_ENGINEERING,Database Engineering,DATA_AI,"Data, Analytics and Artificial Intelligence",medium,manual_title_by_title_resolution_v2,1,
TITLE:16073,16073,Database Software Tech (database Software Technician),core,parent_only_proposal,1,1,DATABASE_ADMIN,Database Administrator,DATABASE_ENGINEERING,Database Engineering,DATA_AI,"Data, Analytics and Artificial Intelligence",medium,manual_title_by_title_resolution_v2,1,
TITLE:16073,16073,Database Software Tech (database Software Technician),core,parent_only_proposal,2,0,DATABASE_DEVELOPER,Database Developer,DATABASE_ENGINEERING,Database Engineering,DATA_AI,"Data, Analytics and Artificial Intelligence",medium,manual_title_by_title_resolution_v2,1,
TITLE:16074,16074,Database Specialist,core,source_supported_proposal,1,1,DATABASE_ADMIN,Database Administrator,DATABASE_ENGINEERING,Database Engineering,DATA_AI,"Data, Analytics and Artificial Intelligence",medium,manual_title_by_title_resolution_v2,1,
TITLE:16074,16074,Database Specialist,core,source_supported_proposal,2,0,DATABASE_ARCHITECT,Database Architect,DATABASE_ENGINEERING,Database Engineering,DATA_AI,"Data, Analytics and Artificial Intelligence",medium,manual_title_by_title_resolution_v2,1,
TITLE:16075,16075,Database Technician (database Tech),core,parent_only_proposal,1,1,DATABASE_ADMIN,Database Administrator,DATABASE_ENGINEERING,Database Engineering,DATA_AI,"Data, Analytics and Artificial Intelligence",medium,manual_title_by_title_resolution_v2,1,
TITLE:16075,16075,Database Technician (database Tech),core,parent_only_proposal,2,0,DATABASE_DEVELOPER,Database Developer,DATABASE_ENGINEERING,Database Engineering,DATA_AI,"Data, Analytics and Artificial Intelligence",medium,manual_title_by_title_resolution_v2,1,
TITLE:16076,16076,Database Tester,core,parent_only_proposal,1,1,SOFTWARE_TESTER,Software Test Engineer,SOFTWARE_TESTING,Software Quality and Testing,SOFTWARE,Software Engineering,medium,manual_title_by_title_resolution_v2,1,
TITLE:16076,16076,Database Tester,core,parent_only_proposal,2,0,DATABASE_DEVELOPER,Database Developer,DATABASE_ENGINEERING,Database Engineering,DATA_AI,"Data, Analytics and Artificial Intelligence",medium,manual_title_by_title_resolution_v2,1,
TITLE:16077,16077,Datastage Developer,core,label_policy_proposal,1,1,DATA_ENGINEER,Data Engineer,DATA_ENGINEERING,Data Engineering,DATA_AI,"Data, Analytics and Artificial Intelligence",existing,existing_reviewed_mapping,1,Preserved existing leaf assignment.
TITLE:16179,16179,Decentralized Ledger Technology Specialist,core,parent_only_proposal,1,1,BLOCKCHAIN_DEVELOPER,Blockchain Developer,SPECIALIZED_DEVELOPMENT,Specialized Software Development,SOFTWARE,Software Engineering,medium,manual_title_by_title_resolution_v2,1,
TITLE:16181,16181,Decision Support Analyst,review,non_it_source_collision,1,1,BI_ANALYST,Business Intelligence Analyst,DATA_ANALYSIS,Data Analysis and Business Intelligence,DATA_AI,"Data, Analytics and Artificial Intelligence",medium,manual_title_by_title_resolution_v2,1,
TITLE:16181,16181,Decision Support Analyst,review,non_it_source_collision,2,0,DATA_ANALYST,Data Analyst,DATA_ANALYSIS,Data Analysis and Business Intelligence,DATA_AI,"Data, Analytics and Artificial Intelligence",medium,manual_title_by_title_resolution_v2,1,
TITLE:16643,16643,Desktop Analyst,core,parent_only_proposal,1,1,DESKTOP_SUPPORT,Desktop Support Specialist,USER_APPLICATION_SUPPORT,User and Application Support,SUPPORT,IT Support,high,manual_title_by_title_resolution_v2,1,Desktop support/analysis role.
TITLE:16652,16652,Desktop Support Analyst,core,source_supported_proposal,1,1,DESKTOP_SUPPORT,Desktop Support Specialist,USER_APPLICATION_SUPPORT,User and Application Support,SUPPORT,IT Support,existing,existing_reviewed_mapping,1,Preserved existing leaf assignment.
TITLE:16653,16653,Desktop Support Engineer,review,source_scope_conflict,1,1,DESKTOP_SUPPORT,Desktop Support Specialist,USER_APPLICATION_SUPPORT,User and Application Support,SUPPORT,IT Support,existing,existing_reviewed_mapping,1,Preserved existing leaf assignment.
TITLE:16654,16654,Desktop Support Manager,core,source_supported_proposal,1,1,SUPPORT_MANAGER,IT Support Manager,USER_APPLICATION_SUPPORT,User and Application Support,SUPPORT,IT Support,existing,existing_reviewed_mapping,1,Preserved existing leaf assignment.
TITLE:16655,16655,Desktop Support Specialist,core,source_supported_proposal,1,1,DESKTOP_SUPPORT,Desktop Support Specialist,USER_APPLICATION_SUPPORT,User and Application Support,SUPPORT,IT Support,existing,existing_reviewed_mapping,1,Preserved existing leaf assignment.
TITLE:16656,16656,Desktop Support Technician (desktop Support Tech),core,source_supported_proposal,1,1,DESKTOP_SUPPORT,Desktop Support Specialist,USER_APPLICATION_SUPPORT,User and Application Support,SUPPORT,IT Support,existing,existing_reviewed_mapping,1,Preserved existing leaf assignment.
TITLE:16657,16657,Desktop Technician (desktop Tech),core,parent_only_proposal,1,1,DESKTOP_SUPPORT,Desktop Support Specialist,USER_APPLICATION_SUPPORT,User and Application Support,SUPPORT,IT Support,high,manual_title_by_title_resolution_v2,1,Desktop support technician.
TITLE:16657,16657,Desktop Technician (desktop Tech),core,parent_only_proposal,2,0,COMPUTER_TECHNICIAN,Computer Hardware Technician,HARDWARE_SUPPORT,Computer Hardware Support,SUPPORT,IT Support,high,manual_title_by_title_resolution_v2,1,Desktop support technician.
TITLE:16704,16704,Dev Ops Engineer,core,preferred_source_supported_proposal,1,1,DEVOPS_ENGINEER,DevOps Engineer,DEVOPS_PLATFORM,DevOps and Platform Engineering,PLATFORM_INFRASTRUCTURE,"Cloud, Platforms and IT Operations",existing,existing_reviewed_mapping,1,Preserved existing leaf assignment.
TITLE:16705,16705,Developer,review,unresolved,1,1,APPLICATION_DEVELOPER,Software Developer / Engineer (General),SOFTWARE_DEVELOPMENT,Software Development,SOFTWARE,Software Engineering,medium,manual_title_by_title_resolution_v2,1,
TITLE:16706,16706,Developer Advocate,review,non_it_source_collision,1,1,TECHNICAL_WRITER,IT Technical Writer,TECHNICAL_ENABLEMENT,Technical Documentation and Learning,IT_ENABLEMENT,"IT Documentation, Learning and Advisory",medium,manual_title_by_title_resolution_v2,1,
TITLE:16706,16706,Developer Advocate,review,non_it_source_collision,2,0,IT_TRAINER,IT Trainer,TECHNICAL_ENABLEMENT,Technical Documentation and Learning,IT_ENABLEMENT,"IT Documentation, Learning and Advisory",medium,manual_title_by_title_resolution_v2,1,
TITLE:16706,16706,Developer Advocate,review,non_it_source_collision,3,0,APPLICATION_DEVELOPER,Software Developer / Engineer (General),SOFTWARE_DEVELOPMENT,Software Development,SOFTWARE,Software Engineering,medium,manual_title_by_title_resolution_v2,1,
TITLE:16707,16707,Developer Programmer,core,parent_only_proposal,1,1,COMPUTER_PROGRAMMER,Computer Programmer,SOFTWARE_DEVELOPMENT,Software Development,SOFTWARE,Software Engineering,high,manual_title_by_title_resolution_v2,1,Developer/programmer synonymic hybrid.
TITLE:16707,16707,Developer Programmer,core,parent_only_proposal,2,0,APPLICATION_DEVELOPER,Software Developer / Engineer (General),SOFTWARE_DEVELOPMENT,Software Development,SOFTWARE,Software Engineering,high,manual_title_by_title_resolution_v2,1,Developer/programmer synonymic hybrid.
TITLE:16727,16727,Development and Database Administration Manager,core,source_supported_proposal,1,1,DATA_MANAGER,Data and Analytics Manager,IT_MANAGEMENT,IT and Engineering Management,IT_DELIVERY,IT Leadership and Delivery,existing,existing_reviewed_mapping,1,Preserved existing leaf assignment.
TITLE:16728,16728,Development and Operations Security Engineer,core,parent_only_proposal,1,1,APPSEC_ENGINEER,Application Security Engineer,SECURITY_ENGINEERING,Cybersecurity Engineering,SECURITY,Cybersecurity,medium,manual_title_by_title_resolution_v2,1,
TITLE:16728,16728,Development and Operations Security Engineer,core,parent_only_proposal,2,0,DEVOPS_ENGINEER,DevOps Engineer,DEVOPS_PLATFORM,DevOps and Platform Engineering,PLATFORM_INFRASTRUCTURE,"Cloud, Platforms and IT Operations",medium,manual_title_by_title_resolution_v2,1,
TITLE:16747,16747,Devops,core,source_supported_proposal,1,1,DEVOPS_ENGINEER,DevOps Engineer,DEVOPS_PLATFORM,DevOps and Platform Engineering,PLATFORM_INFRASTRUCTURE,"Cloud, Platforms and IT Operations",existing,existing_reviewed_mapping,1,Preserved existing leaf assignment.
TITLE:16748,16748,Devops Administrator,core,source_supported_proposal,1,1,DEVOPS_ENGINEER,DevOps Engineer,DEVOPS_PLATFORM,DevOps and Platform Engineering,PLATFORM_INFRASTRUCTURE,"Cloud, Platforms and IT Operations",existing,existing_reviewed_mapping,1,Preserved existing leaf assignment.
TITLE:16749,16749,Devops Analyst,core,source_supported_proposal,1,1,DEVOPS_ENGINEER,DevOps Engineer,DEVOPS_PLATFORM,DevOps and Platform Engineering,PLATFORM_INFRASTRUCTURE,"Cloud, Platforms and IT Operations",existing,existing_reviewed_mapping,1,Preserved existing leaf assignment.
TITLE:16750,16750,Devops Architect (development and Operations Architect),core,source_supported_proposal,1,1,DEVOPS_ENGINEER,DevOps Engineer,DEVOPS_PLATFORM,DevOps and Platform Engineering,PLATFORM_INFRASTRUCTURE,"Cloud, Platforms and IT Operations",existing,existing_reviewed_mapping,1,Preserved existing leaf assignment.
TITLE:16751,16751,Devops Consultant,core,source_supported_proposal,1,1,DEVOPS_ENGINEER,DevOps Engineer,DEVOPS_PLATFORM,DevOps and Platform Engineering,PLATFORM_INFRASTRUCTURE,"Cloud, Platforms and IT Operations",existing,existing_reviewed_mapping,1,Preserved existing leaf assignment.
TITLE:16752,16752,Devops Developer (development and Operations Developer),core,source_supported_proposal,1,1,DEVOPS_ENGINEER,DevOps Engineer,DEVOPS_PLATFORM,DevOps and Platform Engineering,PLATFORM_INFRASTRUCTURE,"Cloud, Platforms and IT Operations",existing,existing_reviewed_mapping,1,Preserved existing leaf assignment.
TITLE:16753,16753,Devsecops Engineer,core,parent_only_proposal,1,1,APPSEC_ENGINEER,Application Security Engineer,SECURITY_ENGINEERING,Cybersecurity Engineering,SECURITY,Cybersecurity,medium,manual_title_by_title_resolution_v2,1,
TITLE:16753,16753,Devsecops Engineer,core,parent_only_proposal,2,0,DEVOPS_ENGINEER,DevOps Engineer,DEVOPS_PLATFORM,DevOps and Platform Engineering,PLATFORM_INFRASTRUCTURE,"Cloud, Platforms and IT Operations",medium,manual_title_by_title_resolution_v2,1,
TITLE:17032,17032,Digital Computer Analyst,core,source_supported_proposal,1,1,SYSTEMS_ANALYST,Systems Analyst,SYSTEMS_ANALYSIS,Business and Systems Analysis,ARCHITECTURE_ANALYSIS,IT Architecture and Systems Analysis,existing,existing_reviewed_mapping,1,Preserved existing leaf assignment.
TITLE:17040,17040,Digital Cyber Analyst,core,source_supported_proposal,1,1,SECURITY_ANALYST,Cybersecurity Analyst,SECURITY_OPERATIONS,Cybersecurity Operations,SECURITY,Cybersecurity,existing,existing_reviewed_mapping,1,Preserved existing leaf assignment.
TITLE:17051,17051,Digital Experience Designer,review,non_it_source_collision,1,1,UX_DESIGNER,User Experience Designer,DIGITAL_EXPERIENCE,Digital Interface and User Experience,DIGITAL_DESIGN,Digital Product Design,medium,manual_title_by_title_resolution_v2,1,
TITLE:17051,17051,Digital Experience Designer,review,non_it_source_collision,2,0,UI_DESIGNER,User Interface Designer,DIGITAL_EXPERIENCE,Digital Interface and User Experience,DIGITAL_DESIGN,Digital Product Design,medium,manual_title_by_title_resolution_v2,1,
TITLE:17052,17052,Digital Forensic Analyst,core,source_supported_proposal,1,1,DIGITAL_FORENSICS,Digital Forensics Analyst,SECURITY_OPERATIONS,Cybersecurity Operations,SECURITY,Cybersecurity,existing,existing_reviewed_mapping,1,Preserved existing leaf assignment.
TITLE:17053,17053,Digital Forensic Examiner,core,source_supported_proposal,1,1,DIGITAL_FORENSICS,Digital Forensics Analyst,SECURITY_OPERATIONS,Cybersecurity Operations,SECURITY,Cybersecurity,existing,existing_reviewed_mapping,1,Preserved existing leaf assignment.
TITLE:17054,17054,Digital Forensic Expert,core,source_supported_proposal,1,1,DIGITAL_FORENSICS,Digital Forensics Analyst,SECURITY_OPERATIONS,Cybersecurity Operations,SECURITY,Cybersecurity,existing,existing_reviewed_mapping,1,Preserved existing leaf assignment.
TITLE:17055,17055,Digital Forensics Instructor,review,non_it_source_collision,1,1,DIGITAL_FORENSICS,Digital Forensics Analyst,SECURITY_OPERATIONS,Cybersecurity Operations,SECURITY,Cybersecurity,existing,existing_reviewed_mapping,1,Preserved existing leaf assignment.
TITLE:17056,17056,Digital Game Designer,core,source_supported_proposal,1,1,GAME_DESIGNER,Digital Game Designer,DIGITAL_EXPERIENCE,Digital Interface and User Experience,DIGITAL_DESIGN,Digital Product Design,existing,existing_reviewed_mapping,1,Preserved existing leaf assignment.
TITLE:17057,17057,Digital Game Developer,core,preferred_source_supported_proposal,1,1,GAME_DEVELOPER,Game Developer,SPECIALIZED_DEVELOPMENT,Specialized Software Development,SOFTWARE,Software Engineering,existing,existing_reviewed_mapping,1,Preserved existing leaf assignment.
TITLE:17058,17058,Digital Game Tester,core,source_supported_proposal,1,1,GAME_TESTER,Game Tester,SOFTWARE_TESTING,Software Quality and Testing,SOFTWARE,Software Engineering,existing,existing_reviewed_mapping,1,Preserved existing leaf assignment.
TITLE:17063,17063,Digital Investigator,core,parent_only_proposal,1,1,DIGITAL_FORENSICS,Digital Forensics Analyst,SECURITY_OPERATIONS,Cybersecurity Operations,SECURITY,Cybersecurity,medium,manual_title_by_title_resolution_v2,1,
TITLE:17082,17082,Digital Media Developer,review,non_it_source_collision,1,1,WEB_DEVELOPER,Web Developer,SOFTWARE_DEVELOPMENT,Software Development,SOFTWARE,Software Engineering,medium,manual_title_by_title_resolution_v2,1,
TITLE:17082,17082,Digital Media Developer,review,non_it_source_collision,2,0,FRONTEND_DEVELOPER,Frontend Developer,SOFTWARE_DEVELOPMENT,Software Development,SOFTWARE,Software Engineering,medium,manual_title_by_title_resolution_v2,1,
TITLE:17084,17084,Digital Media Engineer,review,non_it_source_collision,1,1,APPLICATION_DEVELOPER,Software Developer / Engineer (General),SOFTWARE_DEVELOPMENT,Software Development,SOFTWARE,Software Engineering,low,manual_title_by_title_resolution_v2,1,
TITLE:17084,17084,Digital Media Engineer,review,non_it_source_collision,2,0,SYSTEMS_ENGINEER,Computer Systems Engineer,SYSTEMS_ARCHITECTURE,Enterprise and Systems Architecture,ARCHITECTURE_ANALYSIS,IT Architecture and Systems Analysis,low,manual_title_by_title_resolution_v2,1,
TITLE:17108,17108,Digital Product Manager,review,non_it_source_collision,1,1,IT_PRODUCT_MANAGER,IT Product Manager,PROJECT_PRODUCT,IT Project and Product Delivery,IT_DELIVERY,IT Leadership and Delivery,existing,existing_reviewed_mapping,1,Preserved existing leaf assignment.
TITLE:17109,17109,Digital Product Owner,core,source_supported_proposal,1,1,IT_PRODUCT_MANAGER,IT Product Manager,PROJECT_PRODUCT,IT Project and Product Delivery,IT_DELIVERY,IT Leadership and Delivery,existing,existing_reviewed_mapping,1,Preserved existing leaf assignment.
TITLE:17112,17112,Digital Project Manager,review,non_it_source_collision,1,1,IT_PROJECT_MANAGER,IT Project Manager,PROJECT_PRODUCT,IT Project and Product Delivery,IT_DELIVERY,IT Leadership and Delivery,existing,existing_reviewed_mapping,1,Preserved existing leaf assignment.
TITLE:17128,17128,Digital Solutions Manager,core,parent_only_proposal,1,1,SOLUTION_ARCHITECT,Solution Architect,SYSTEMS_ARCHITECTURE,Enterprise and Systems Architecture,ARCHITECTURE_ANALYSIS,IT Architecture and Systems Analysis,medium,manual_title_by_title_resolution_v2,1,
TITLE:17128,17128,Digital Solutions Manager,core,parent_only_proposal,2,0,IT_MANAGER,IT Manager,IT_MANAGEMENT,IT and Engineering Management,IT_DELIVERY,IT Leadership and Delivery,medium,manual_title_by_title_resolution_v2,1,
TITLE:17132,17132,Digital Transformation Director,core,parent_only_proposal,1,1,DIGITAL_TRANSFORMATION_MANAGER,Digital Transformation Manager,IT_MANAGEMENT,IT and Engineering Management,IT_DELIVERY,IT Leadership and Delivery,medium,manual_title_by_title_resolution_v2,1,
TITLE:17133,17133,Digital Transformation Manager,core,preferred_source_supported_proposal,1,1,DIGITAL_TRANSFORMATION_MANAGER,Digital Transformation Manager,IT_MANAGEMENT,IT and Engineering Management,IT_DELIVERY,IT Leadership and Delivery,existing,existing_reviewed_mapping,1,Preserved existing leaf assignment.
TITLE:17134,17134,Digital Transformation Officer,core,parent_only_proposal,1,1,DIGITAL_TRANSFORMATION_MANAGER,Digital Transformation Manager,IT_MANAGEMENT,IT and Engineering Management,IT_DELIVERY,IT Leadership and Delivery,medium,manual_title_by_title_resolution_v2,1,
TITLE:17326,17326,Disaster Recovery Analyst,review,non_it_source_collision,1,1,DISASTER_RECOVERY,IT Disaster Recovery Specialist,SYSTEMS_OPERATIONS,Systems Administration and Operations,PLATFORM_INFRASTRUCTURE,"Cloud, Platforms and IT Operations",medium,manual_title_by_title_resolution_v2,1,
TITLE:17327,17327,Disaster Recovery Manager,core,parent_only_proposal,1,1,DISASTER_RECOVERY,IT Disaster Recovery Specialist,SYSTEMS_OPERATIONS,Systems Administration and Operations,PLATFORM_INFRASTRUCTURE,"Cloud, Platforms and IT Operations",medium,manual_title_by_title_resolution_v2,1,
TITLE:17329,17329,Disaster Recovery Specialist,review,non_it_source_collision,1,1,DISASTER_RECOVERY,IT Disaster Recovery Specialist,SYSTEMS_OPERATIONS,Systems Administration and Operations,PLATFORM_INFRASTRUCTURE,"Cloud, Platforms and IT Operations",medium,manual_title_by_title_resolution_v2,1,
TITLE:18237,18237,Drone Software Development Engineer,core,source_supported_proposal,1,1,EMBEDDED_DEVELOPER,Embedded Software Developer,SPECIALIZED_DEVELOPMENT,Specialized Software Development,SOFTWARE,Software Engineering,existing,existing_reviewed_mapping,1,Preserved existing leaf assignment.
TITLE:18619,18619,E-commerce Developer,review,non_it_source_collision,1,1,WEB_DEVELOPER,Web Developer,SOFTWARE_DEVELOPMENT,Software Development,SOFTWARE,Software Engineering,medium,manual_title_by_title_resolution_v2,1,
TITLE:18635,18635,E-commerce Programmer (electronic Commerce Programmer),core,parent_only_proposal,1,1,WEB_DEVELOPER,Web Developer,SOFTWARE_DEVELOPMENT,Software Development,SOFTWARE,Software Engineering,medium,manual_title_by_title_resolution_v2,1,
TITLE:18661,18661,E-mail System Administrator,core,source_supported_proposal,1,1,SYSTEM_ADMIN,Systems Administrator,SYSTEMS_OPERATIONS,Systems Administration and Operations,PLATFORM_INFRASTRUCTURE,"Cloud, Platforms and IT Operations",existing,existing_reviewed_mapping,1,Preserved existing leaf assignment.
TITLE:18672,18672,EDI Analyst (electronic Data Interchange Analyst),core,parent_only_proposal,1,1,SYSTEMS_ANALYST,Systems Analyst,SYSTEMS_ANALYSIS,Business and Systems Analysis,ARCHITECTURE_ANALYSIS,IT Architecture and Systems Analysis,medium,manual_title_by_title_resolution_v2,1,
TITLE:18672,18672,EDI Analyst (electronic Data Interchange Analyst),core,parent_only_proposal,2,0,DATA_ANALYST,Data Analyst,DATA_ANALYSIS,Data Analysis and Business Intelligence,DATA_AI,"Data, Analytics and Artificial Intelligence",medium,manual_title_by_title_resolution_v2,1,
TITLE:18673,18673,EDP System Engineer (electronic Data Processing System Engineer),core,parent_only_proposal,1,1,SYSTEMS_ENGINEER,Computer Systems Engineer,SYSTEMS_ARCHITECTURE,Enterprise and Systems Architecture,ARCHITECTURE_ANALYSIS,IT Architecture and Systems Analysis,medium,manual_title_by_title_resolution_v2,1,
TITLE:18702,18702,ERP Consultant (enterprise Resource Planning Consultant),core,parent_only_proposal,1,1,IT_CONSULTANT,IT Consultant,SYSTEMS_ANALYSIS,Business and Systems Analysis,ARCHITECTURE_ANALYSIS,IT Architecture and Systems Analysis,medium,manual_title_by_title_resolution_v2,1,
TITLE:18702,18702,ERP Consultant (enterprise Resource Planning Consultant),core,parent_only_proposal,2,0,SYSTEMS_ANALYST,Systems Analyst,SYSTEMS_ANALYSIS,Business and Systems Analysis,ARCHITECTURE_ANALYSIS,IT Architecture and Systems Analysis,medium,manual_title_by_title_resolution_v2,1,
TITLE:18703,18703,ERP Specialist (enterprise Resource Planning Specialist),core,parent_only_proposal,1,1,IT_CONSULTANT,IT Consultant,SYSTEMS_ANALYSIS,Business and Systems Analysis,ARCHITECTURE_ANALYSIS,IT Architecture and Systems Analysis,medium,manual_title_by_title_resolution_v2,1,
TITLE:18703,18703,ERP Specialist (enterprise Resource Planning Specialist),core,parent_only_proposal,2,0,SYSTEMS_ANALYST,Systems Analyst,SYSTEMS_ANALYSIS,Business and Systems Analysis,ARCHITECTURE_ANALYSIS,IT Architecture and Systems Analysis,medium,manual_title_by_title_resolution_v2,1,
TITLE:18709,18709,ETL Developer (extract-transform-load Developer),core,source_supported_proposal,1,1,DATA_ENGINEER,Data Engineer,DATA_ENGINEERING,Data Engineering,DATA_AI,"Data, Analytics and Artificial Intelligence",existing,existing_reviewed_mapping,1,Preserved existing leaf assignment.
TITLE:18710,18710,ETL Tester (extract-transform-load Tester),core,parent_only_proposal,1,1,SOFTWARE_TESTER,Software Test Engineer,SOFTWARE_TESTING,Software Quality and Testing,SOFTWARE,Software Engineering,medium,manual_title_by_title_resolution_v2,1,
TITLE:18710,18710,ETL Tester (extract-transform-load Tester),core,parent_only_proposal,2,0,DATA_ENGINEER,Data Engineer,DATA_ENGINEERING,Data Engineering,DATA_AI,"Data, Analytics and Artificial Intelligence",medium,manual_title_by_title_resolution_v2,1,
TITLE:19645,19645,Electronic Health Records Specialist (EHR Specialist),review,unresolved,1,1,HEALTH_INFORMATICS,Health Informatics Specialist,DOMAIN_INFORMATICS,Domain-specific Informatics,SPECIALIZED_IT,Specialized Informatics,medium,manual_title_by_title_resolution_v2,1,
TITLE:19645,19645,Electronic Health Records Specialist (EHR Specialist),review,unresolved,2,0,APPLICATION_SUPPORT,Application Support Specialist,USER_APPLICATION_SUPPORT,User and Application Support,SUPPORT,IT Support,medium,manual_title_by_title_resolution_v2,1,
TITLE:19696,19696,Electronic Systems Security Assessment,review,non_it_source_collision,1,1,VULNERABILITY_ANALYST,Vulnerability Assessment Specialist,OFFENSIVE_SECURITY,Offensive Security and Security Testing,SECURITY,Cybersecurity,existing,existing_reviewed_mapping,1,Preserved existing leaf assignment.
TITLE:19697,19697,Electronic Systems Security Assessment Superintendent,review,non_it_source_collision,1,1,VULNERABILITY_ANALYST,Vulnerability Assessment Specialist,OFFENSIVE_SECURITY,Offensive Security and Security Testing,SECURITY,Cybersecurity,existing,existing_reviewed_mapping,1,Preserved existing leaf assignment.
TITLE:19707,19707,Electronic Transactions Implementer,core,parent_only_proposal,1,1,SYSTEMS_ANALYST,Systems Analyst,SYSTEMS_ANALYSIS,Business and Systems Analysis,ARCHITECTURE_ANALYSIS,IT Architecture and Systems Analysis,medium,manual_title_by_title_resolution_v2,1,
TITLE:19707,19707,Electronic Transactions Implementer,core,parent_only_proposal,2,0,INTEGRATION_ENGINEER,Systems Integration Engineer,SYSTEMS_ARCHITECTURE,Enterprise and Systems Architecture,ARCHITECTURE_ANALYSIS,IT Architecture and Systems Analysis,medium,manual_title_by_title_resolution_v2,1,
TITLE:19880,19880,Embedded Engineer,core,parent_only_proposal,1,1,EMBEDDED_DEVELOPER,Embedded Software Developer,SPECIALIZED_DEVELOPMENT,Specialized Software Development,SOFTWARE,Software Engineering,medium,manual_title_by_title_resolution_v2,1,
TITLE:19880,19880,Embedded Engineer,core,parent_only_proposal,2,0,EMBEDDED_DESIGNER,Embedded System Designer,HARDWARE_ENGINEERING,Computing Hardware Engineering,COMPUTER_HARDWARE,Computer Hardware Engineering,medium,manual_title_by_title_resolution_v2,1,
TITLE:19881,19881,Embedded Hardware Engineer,core,parent_only_proposal,1,1,HARDWARE_ENGINEER,Computer Hardware Engineer,HARDWARE_ENGINEERING,Computing Hardware Engineering,COMPUTER_HARDWARE,Computer Hardware Engineering,medium,manual_title_by_title_resolution_v2,1,
TITLE:19881,19881,Embedded Hardware Engineer,core,parent_only_proposal,2,0,EMBEDDED_DESIGNER,Embedded System Designer,HARDWARE_ENGINEERING,Computing Hardware Engineering,COMPUTER_HARDWARE,Computer Hardware Engineering,medium,manual_title_by_title_resolution_v2,1,
TITLE:19882,19882,Embedded Software Developer,core,source_supported_proposal,1,1,EMBEDDED_DEVELOPER,Embedded Software Developer,SPECIALIZED_DEVELOPMENT,Specialized Software Development,SOFTWARE,Software Engineering,existing,existing_reviewed_mapping,1,Preserved existing leaf assignment.
TITLE:19883,19883,Embedded Software Engineer,core,source_supported_proposal,1,1,EMBEDDED_DEVELOPER,Embedded Software Developer,SPECIALIZED_DEVELOPMENT,Specialized Software Development,SOFTWARE,Software Engineering,existing,existing_reviewed_mapping,1,Preserved existing leaf assignment.
TITLE:19884,19884,Embedded Software Programmer,core,source_supported_proposal,1,1,EMBEDDED_DEVELOPER,Embedded Software Developer,SPECIALIZED_DEVELOPMENT,Specialized Software Development,SOFTWARE,Software Engineering,existing,existing_reviewed_mapping,1,Preserved existing leaf assignment.
TITLE:19885,19885,Embedded System Designer,core,preferred_source_supported_proposal,1,1,EMBEDDED_DESIGNER,Embedded System Designer,HARDWARE_ENGINEERING,Computing Hardware Engineering,COMPUTER_HARDWARE,Computer Hardware Engineering,existing,existing_reviewed_mapping,1,Preserved existing leaf assignment.
TITLE:19886,19886,Embedded System Developer,core,source_supported_proposal,1,1,EMBEDDED_DEVELOPER,Embedded Software Developer,SPECIALIZED_DEVELOPMENT,Specialized Software Development,SOFTWARE,Software Engineering,existing,existing_reviewed_mapping,1,Preserved existing leaf assignment.
TITLE:19887,19887,Embedded System Programmer,core,source_supported_proposal,1,1,SYSTEMS_PROGRAMMER,Systems Programmer,SOFTWARE_DEVELOPMENT,Software Development,SOFTWARE,Software Engineering,existing,existing_reviewed_mapping,1,Preserved existing leaf assignment.
TITLE:19888,19888,Embedded Systems Security Engineer,core,preferred_source_supported_proposal,1,1,EMBEDDED_SECURITY,Embedded and IoT Security Engineer,SECURITY_ENGINEERING,Cybersecurity Engineering,SECURITY,Cybersecurity,existing,existing_reviewed_mapping,1,Preserved existing leaf assignment.
TITLE:19889,19889,Embedded Systems Security Expert,core,source_supported_proposal,1,1,EMBEDDED_SECURITY,Embedded and IoT Security Engineer,SECURITY_ENGINEERING,Cybersecurity Engineering,SECURITY,Cybersecurity,existing,existing_reviewed_mapping,1,Preserved existing leaf assignment.
TITLE:19890,19890,Embedded Tester,core,parent_only_proposal,1,1,SOFTWARE_TESTER,Software Test Engineer,SOFTWARE_TESTING,Software Quality and Testing,SOFTWARE,Software Engineering,medium,manual_title_by_title_resolution_v2,1,
TITLE:19890,19890,Embedded Tester,core,parent_only_proposal,2,0,EMBEDDED_SECURITY,Embedded and IoT Security Engineer,SECURITY_ENGINEERING,Cybersecurity Engineering,SECURITY,Cybersecurity,medium,manual_title_by_title_resolution_v2,1,
TITLE:20309,20309,Engineering Data Analyst,review,non_it_source_collision,1,1,DATA_ANALYST,Data Analyst,DATA_ANALYSIS,Data Analysis and Business Intelligence,DATA_AI,"Data, Analytics and Artificial Intelligence",existing,existing_reviewed_mapping,1,Preserved existing leaf assignment.
TITLE:20338,20338,Engineering Programmer,core,parent_only_proposal,1,1,COMPUTER_PROGRAMMER,Computer Programmer,SOFTWARE_DEVELOPMENT,Software Development,SOFTWARE,Software Engineering,medium,manual_title_by_title_resolution_v2,1,
TITLE:20338,20338,Engineering Programmer,core,parent_only_proposal,2,0,APPLICATION_DEVELOPER,Software Developer / Engineer (General),SOFTWARE_DEVELOPMENT,Software Development,SOFTWARE,Software Engineering,medium,manual_title_by_title_resolution_v2,1,
TITLE:20369,20369,Engineering and Scientific Programmer,core,parent_only_proposal,1,1,COMPUTER_PROGRAMMER,Computer Programmer,SOFTWARE_DEVELOPMENT,Software Development,SOFTWARE,Software Engineering,medium,manual_title_by_title_resolution_v2,1,
TITLE:20369,20369,Engineering and Scientific Programmer,core,parent_only_proposal,2,0,APPLICATION_DEVELOPER,Software Developer / Engineer (General),SOFTWARE_DEVELOPMENT,Software Development,SOFTWARE,Software Engineering,medium,manual_title_by_title_resolution_v2,1,
TITLE:20447,20447,Enterprise Architect,core,preferred_source_supported_proposal,1,1,ENTERPRISE_ARCHITECT,Enterprise Architect,SYSTEMS_ARCHITECTURE,Enterprise and Systems Architecture,ARCHITECTURE_ANALYSIS,IT Architecture and Systems Analysis,existing,existing_reviewed_mapping,1,Preserved existing leaf assignment.
TITLE:20448,20448,Enterprise Architecture Director,core,source_supported_proposal,1,1,ENTERPRISE_ARCHITECT,Enterprise Architect,SYSTEMS_ARCHITECTURE,Enterprise and Systems Architecture,ARCHITECTURE_ANALYSIS,IT Architecture and Systems Analysis,existing,existing_reviewed_mapping,1,Preserved existing leaf assignment.
TITLE:20449,20449,Enterprise Architecture Manager,core,source_supported_proposal,1,1,ENTERPRISE_ARCHITECT,Enterprise Architect,SYSTEMS_ARCHITECTURE,Enterprise and Systems Architecture,ARCHITECTURE_ANALYSIS,IT Architecture and Systems Analysis,existing,existing_reviewed_mapping,1,Preserved existing leaf assignment.
TITLE:20451,20451,Enterprise Data Architect,core,source_supported_proposal,1,1,DATA_ARCHITECT,Data Architect,DATA_ENGINEERING,Data Engineering,DATA_AI,"Data, Analytics and Artificial Intelligence",existing,existing_reviewed_mapping,1,Preserved existing leaf assignment.
TITLE:20464,20464,Enterprise Security Architect,core,source_supported_proposal,1,1,SECURITY_ARCHITECT,Security Architect,SECURITY_ENGINEERING,Cybersecurity Engineering,SECURITY,Cybersecurity,existing,existing_reviewed_mapping,1,Preserved existing leaf assignment.
TITLE:20467,20467,Enterprise Systems Engineer,core,parent_only_proposal,1,1,SYSTEMS_ENGINEER,Computer Systems Engineer,SYSTEMS_ARCHITECTURE,Enterprise and Systems Architecture,ARCHITECTURE_ANALYSIS,IT Architecture and Systems Analysis,medium,manual_title_by_title_resolution_v2,1,
TITLE:20467,20467,Enterprise Systems Engineer,core,parent_only_proposal,2,0,SYSTEMS_ARCHITECT,Systems Architect,SYSTEMS_ARCHITECTURE,Enterprise and Systems Architecture,ARCHITECTURE_ANALYSIS,IT Architecture and Systems Analysis,medium,manual_title_by_title_resolution_v2,1,
TITLE:22491,22491,Financial Systems Analyst,review,non_it_source_collision,1,1,SYSTEMS_ANALYST,Systems Analyst,SYSTEMS_ANALYSIS,Business and Systems Analysis,ARCHITECTURE_ANALYSIS,IT Architecture and Systems Analysis,existing,existing_reviewed_mapping,1,Preserved existing leaf assignment.
TITLE:22492,22492,Financial Systems Manager,review,non_it_source_collision,1,1,IT_MANAGER,IT Manager,IT_MANAGEMENT,IT and Engineering Management,IT_DELIVERY,IT Leadership and Delivery,medium,manual_title_by_title_resolution_v2,1,
TITLE:22492,22492,Financial Systems Manager,review,non_it_source_collision,2,0,SYSTEMS_ANALYST,Systems Analyst,SYSTEMS_ANALYSIS,Business and Systems Analysis,ARCHITECTURE_ANALYSIS,IT Architecture and Systems Analysis,medium,manual_title_by_title_resolution_v2,1,
TITLE:22788,22788,Firmware Engineer,core,source_supported_proposal,1,1,EMBEDDED_DEVELOPER,Embedded Software Developer,SPECIALIZED_DEVELOPMENT,Specialized Software Development,SOFTWARE,Software Engineering,existing,existing_reviewed_mapping,1,Preserved existing leaf assignment.
TITLE:24355,24355,Fraud Data Analyst,review,non_it_source_collision,1,1,DATA_ANALYST,Data Analyst,DATA_ANALYSIS,Data Analysis and Business Intelligence,DATA_AI,"Data, Analytics and Artificial Intelligence",existing,existing_reviewed_mapping,1,Preserved existing leaf assignment.
TITLE:24380,24380,Freelance Web Designer,core,source_supported_proposal,1,1,WEB_DESIGNER,Web Designer,DIGITAL_EXPERIENCE,Digital Interface and User Experience,DIGITAL_DESIGN,Digital Product Design,existing,existing_reviewed_mapping,1,Preserved existing leaf assignment.
TITLE:24526,24526,Front End Developer,core,source_supported_proposal,1,1,FRONTEND_DEVELOPER,Frontend Developer,SOFTWARE_DEVELOPMENT,Software Development,SOFTWARE,Software Engineering,existing,existing_reviewed_mapping,1,Preserved existing leaf assignment.
TITLE:24527,24527,Front End Engineer,core,source_supported_proposal,1,1,FRONTEND_DEVELOPER,Frontend Developer,SOFTWARE_DEVELOPMENT,Software Development,SOFTWARE,Software Engineering,existing,existing_reviewed_mapping,1,Preserved existing leaf assignment.
TITLE:24530,24530,Front End Software Engineer,core,source_supported_proposal,1,1,FRONTEND_DEVELOPER,Frontend Developer,SOFTWARE_DEVELOPMENT,Software Development,SOFTWARE,Software Engineering,existing,existing_reviewed_mapping,1,Preserved existing leaf assignment.
TITLE:24532,24532,Front End Web Developer,core,source_supported_proposal,1,1,FRONTEND_DEVELOPER,Frontend Developer,SOFTWARE_DEVELOPMENT,Software Development,SOFTWARE,Software Engineering,existing,existing_reviewed_mapping,1,Preserved existing leaf assignment.
TITLE:24721,24721,Full Stack Cloud Software Engineer,core,source_supported_proposal,1,1,FULLSTACK_DEVELOPER,Full-stack Developer,SOFTWARE_DEVELOPMENT,Software Development,SOFTWARE,Software Engineering,existing,existing_reviewed_mapping,1,Preserved existing leaf assignment.
TITLE:24722,24722,Full Stack Developer,review,source_scope_conflict,1,1,FULLSTACK_DEVELOPER,Full-stack Developer,SOFTWARE_DEVELOPMENT,Software Development,SOFTWARE,Software Engineering,existing,existing_reviewed_mapping,1,Preserved existing leaf assignment.
TITLE:24723,24723,Full Stack Engineer,review,source_scope_conflict,1,1,FULLSTACK_DEVELOPER,Full-stack Developer,SOFTWARE_DEVELOPMENT,Software Development,SOFTWARE,Software Engineering,existing,existing_reviewed_mapping,1,Preserved existing leaf assignment.
TITLE:24724,24724,Full Stack Software Engineer,core,source_supported_proposal,1,1,FULLSTACK_DEVELOPER,Full-stack Developer,SOFTWARE_DEVELOPMENT,Software Development,SOFTWARE,Software Engineering,existing,existing_reviewed_mapping,1,Preserved existing leaf assignment.
TITLE:24725,24725,Full Stack Web Developer,core,source_supported_proposal,1,1,FULLSTACK_DEVELOPER,Full-stack Developer,SOFTWARE_DEVELOPMENT,Software Development,SOFTWARE,Software Engineering,existing,existing_reviewed_mapping,1,Preserved existing leaf assignment.
TITLE:25000,25000,GIS Consultant (geographic Information Systems Consultant),conditional,needs_it_duties,1,1,GIS_SPECIALIST,Geographic Information Systems Specialist,DOMAIN_INFORMATICS,Domain-specific Informatics,SPECIALIZED_IT,Specialized Informatics,existing,existing_reviewed_mapping,1,Preserved existing leaf assignment.
TITLE:25001,25001,GIS Coordinator (geographic Information Systems Coordinator),conditional,needs_it_duties,1,1,GIS_SPECIALIST,Geographic Information Systems Specialist,DOMAIN_INFORMATICS,Domain-specific Informatics,SPECIALIZED_IT,Specialized Informatics,existing,existing_reviewed_mapping,1,Preserved existing leaf assignment.
TITLE:25004,25004,GIS Manager,conditional,needs_it_duties,1,1,GIS_SPECIALIST,Geographic Information Systems Specialist,DOMAIN_INFORMATICS,Domain-specific Informatics,SPECIALIZED_IT,Specialized Informatics,existing,existing_reviewed_mapping,1,Preserved existing leaf assignment.
TITLE:25005,25005,GIS Mapping Assistant,conditional,needs_it_duties,1,1,GIS_SPECIALIST,Geographic Information Systems Specialist,DOMAIN_INFORMATICS,Domain-specific Informatics,SPECIALIZED_IT,Specialized Informatics,existing,existing_reviewed_mapping,1,Preserved existing leaf assignment.
TITLE:25008,25008,GIS Specialist (geographic Information Systems Specialist),conditional,needs_it_duties,1,1,GIS_SPECIALIST,Geographic Information Systems Specialist,DOMAIN_INFORMATICS,Domain-specific Informatics,SPECIALIZED_IT,Specialized Informatics,existing,existing_reviewed_mapping,1,Preserved existing leaf assignment.
TITLE:25009,25009,GIS Technician (geographic Information Systems Technician),conditional,needs_it_duties,1,1,GIS_SPECIALIST,Geographic Information Systems Specialist,DOMAIN_INFORMATICS,Domain-specific Informatics,SPECIALIZED_IT,Specialized Informatics,existing,existing_reviewed_mapping,1,Preserved existing leaf assignment.
TITLE:25071,25071,Gambling Games Developer,review,non_it_source_collision,1,1,GAME_DEVELOPER,Game Developer,SPECIALIZED_DEVELOPMENT,Specialized Software Development,SOFTWARE,Software Engineering,existing,existing_reviewed_mapping,1,Preserved existing leaf assignment.
TITLE:25093,25093,Game Content Developer,review,non_it_source_collision,1,1,GAME_DEVELOPER,Game Developer,SPECIALIZED_DEVELOPMENT,Specialized Software Development,SOFTWARE,Software Engineering,existing,existing_reviewed_mapping,1,Preserved existing leaf assignment.
TITLE:25098,25098,Game Developer,review,source_scope_conflict,1,1,GAME_DEVELOPER,Game Developer,SPECIALIZED_DEVELOPMENT,Specialized Software Development,SOFTWARE,Software Engineering,existing,existing_reviewed_mapping,1,Preserved existing leaf assignment.
TITLE:25107,25107,Game Programmer,core,source_supported_proposal,1,1,GAME_DEVELOPER,Game Developer,SPECIALIZED_DEVELOPMENT,Specialized Software Development,SOFTWARE,Software Engineering,existing,existing_reviewed_mapping,1,Preserved existing leaf assignment.
TITLE:25650,25650,General Information Technology Specialist,core,source_supported_proposal,1,1,IT_GENERALIST,IT Generalist,USER_APPLICATION_SUPPORT,User and Application Support,SUPPORT,IT Support,medium,manual_title_by_title_resolution_v2,1,
TITLE:25650,25650,General Information Technology Specialist,core,source_supported_proposal,2,0,SYSTEMS_SPECIALIST_GENERAL,Systems Specialist (General),SYSTEMS_ANALYSIS,Business and Systems Analysis,ARCHITECTURE_ANALYSIS,IT Architecture and Systems Analysis,medium,manual_title_by_title_resolution_v2,1,
TITLE:25737,25737,Genetics Bioinformatics Analyst,conditional,needs_it_duties,1,1,BIOINFORMATICS,Bioinformatics Specialist,DOMAIN_INFORMATICS,Domain-specific Informatics,SPECIALIZED_IT,Specialized Informatics,existing,existing_reviewed_mapping,1,Preserved existing leaf assignment.
TITLE:25765,25765,Geographic Information System Analyst (GIS Analyst),conditional,needs_it_duties,1,1,GIS_SPECIALIST,Geographic Information Systems Specialist,DOMAIN_INFORMATICS,Domain-specific Informatics,SPECIALIZED_IT,Specialized Informatics,existing,existing_reviewed_mapping,1,Preserved existing leaf assignment.
TITLE:25767,25767,Geographic Information Systems Administrator (GIS Administrator),conditional,needs_it_duties,1,1,GIS_SPECIALIST,Geographic Information Systems Specialist,DOMAIN_INFORMATICS,Domain-specific Informatics,SPECIALIZED_IT,Specialized Informatics,existing,existing_reviewed_mapping,1,Preserved existing leaf assignment.
TITLE:25768,25768,Geographic Information Systems Adviser,conditional,needs_it_duties,1,1,GIS_SPECIALIST,Geographic Information Systems Specialist,DOMAIN_INFORMATICS,Domain-specific Informatics,SPECIALIZED_IT,Specialized Informatics,existing,existing_reviewed_mapping,1,Preserved existing leaf assignment.
TITLE:25769,25769,Geographic Information Systems Application Specialist (GIS Application Specialist),conditional,needs_it_duties,1,1,GIS_SPECIALIST,Geographic Information Systems Specialist,DOMAIN_INFORMATICS,Domain-specific Informatics,SPECIALIZED_IT,Specialized Informatics,existing,existing_reviewed_mapping,1,Preserved existing leaf assignment.
TITLE:25770,25770,Geographic Information Systems Data Specialist (GIS Data Specialist),conditional,needs_it_duties,1,1,GIS_SPECIALIST,Geographic Information Systems Specialist,DOMAIN_INFORMATICS,Domain-specific Informatics,SPECIALIZED_IT,Specialized Informatics,existing,existing_reviewed_mapping,1,Preserved existing leaf assignment.
TITLE:25771,25771,Geographic Information Systems Database Administrator (GIS Database Administrator),conditional,needs_it_duties,1,1,GIS_SPECIALIST,Geographic Information Systems Specialist,DOMAIN_INFORMATICS,Domain-specific Informatics,SPECIALIZED_IT,Specialized Informatics,existing,existing_reviewed_mapping,1,Preserved existing leaf assignment.
TITLE:25772,25772,Geographic Information Systems Developer (GIS Developer),conditional,needs_it_duties,1,1,GIS_SPECIALIST,Geographic Information Systems Specialist,DOMAIN_INFORMATICS,Domain-specific Informatics,SPECIALIZED_IT,Specialized Informatics,existing,existing_reviewed_mapping,1,Preserved existing leaf assignment.
TITLE:25773,25773,Geographic Information Systems Expert,conditional,needs_it_duties,1,1,GIS_SPECIALIST,Geographic Information Systems Specialist,DOMAIN_INFORMATICS,Domain-specific Informatics,SPECIALIZED_IT,Specialized Informatics,existing,existing_reviewed_mapping,1,Preserved existing leaf assignment.
TITLE:25775,25775,Geographic Information Systems Mapping Technician (GIS Mapping Technician),conditional,needs_it_duties,1,1,GIS_SPECIALIST,Geographic Information Systems Specialist,DOMAIN_INFORMATICS,Domain-specific Informatics,SPECIALIZED_IT,Specialized Informatics,existing,existing_reviewed_mapping,1,Preserved existing leaf assignment.
TITLE:25777,25777,Geographic Information Systems Technologist (GIS Technologist),conditional,needs_it_duties,1,1,GIS_SPECIALIST,Geographic Information Systems Specialist,DOMAIN_INFORMATICS,Domain-specific Informatics,SPECIALIZED_IT,Specialized Informatics,existing,existing_reviewed_mapping,1,Preserved existing leaf assignment.
TITLE:25870,25870,Geospatial Information Technologist,conditional,needs_it_duties,1,1,GIS_SPECIALIST,Geographic Information Systems Specialist,DOMAIN_INFORMATICS,Domain-specific Informatics,SPECIALIZED_IT,Specialized Informatics,existing,existing_reviewed_mapping,1,Preserved existing leaf assignment.
TITLE:26371,26371,Graduate Data Analyst,review,non_it_source_collision,1,1,DATA_ANALYST,Data Analyst,DATA_ANALYSIS,Data Analysis and Business Intelligence,DATA_AI,"Data, Analytics and Artificial Intelligence",existing,existing_reviewed_mapping,1,Preserved existing leaf assignment.
TITLE:26814,26814,Green ICT Consultant,core,preferred_source_supported_proposal,1,1,SUSTAINABLE_IT,Sustainable IT Specialist,SERVICE_GOVERNANCE,IT Service Governance,IT_DELIVERY,IT Leadership and Delivery,existing,existing_reviewed_mapping,1,Preserved existing leaf assignment.
TITLE:26815,26815,Green IT Consultant,core,parent_only_proposal,1,1,SUSTAINABLE_IT,Sustainable IT Specialist,SERVICE_GOVERNANCE,IT Service Governance,IT_DELIVERY,IT Leadership and Delivery,medium,manual_title_by_title_resolution_v2,1,
TITLE:26815,26815,Green IT Consultant,core,parent_only_proposal,2,0,IT_CONSULTANT,IT Consultant,SYSTEMS_ANALYSIS,Business and Systems Analysis,ARCHITECTURE_ANALYSIS,IT Architecture and Systems Analysis,medium,manual_title_by_title_resolution_v2,1,
TITLE:27278,27278,HRIS Analyst (human Resources Information System Analyst),review,non_it_source_collision,1,1,SYSTEMS_ANALYST,Systems Analyst,SYSTEMS_ANALYSIS,Business and Systems Analysis,ARCHITECTURE_ANALYSIS,IT Architecture and Systems Analysis,existing,existing_reviewed_mapping,1,Preserved existing leaf assignment.
TITLE:27283,27283,HTML Canvas Game Developer,review,non_it_source_collision,1,1,GAME_DEVELOPER,Game Developer,SPECIALIZED_DEVELOPMENT,Specialized Software Development,SOFTWARE,Software Engineering,existing,existing_reviewed_mapping,1,Preserved existing leaf assignment.
TITLE:27284,27284,HTML Developer (hypertext Markup Language Developer),review,unresolved,1,1,FRONTEND_DEVELOPER,Frontend Developer,SOFTWARE_DEVELOPMENT,Software Development,SOFTWARE,Software Engineering,medium,manual_title_by_title_resolution_v2,1,
TITLE:27284,27284,HTML Developer (hypertext Markup Language Developer),review,unresolved,2,0,WEB_DEVELOPER,Web Developer,SOFTWARE_DEVELOPMENT,Software Development,SOFTWARE,Software Engineering,medium,manual_title_by_title_resolution_v2,1,
TITLE:27671,27671,Handheld Programmer,core,parent_only_proposal,1,1,MOBILE_DEVELOPER,Mobile Application Developer,SOFTWARE_DEVELOPMENT,Software Development,SOFTWARE,Software Engineering,medium,manual_title_by_title_resolution_v2,1,
TITLE:27672,27672,Handheld Software Developer,core,parent_only_proposal,1,1,MOBILE_DEVELOPER,Mobile Application Developer,SOFTWARE_DEVELOPMENT,Software Development,SOFTWARE,Software Engineering,medium,manual_title_by_title_resolution_v2,1,
TITLE:27753,27753,Hardware Systems Engineer,core,parent_only_proposal,1,1,SYSTEMS_ENGINEER,Computer Systems Engineer,SYSTEMS_ARCHITECTURE,Enterprise and Systems Architecture,ARCHITECTURE_ANALYSIS,IT Architecture and Systems Analysis,medium,manual_title_by_title_resolution_v2,1,
TITLE:27753,27753,Hardware Systems Engineer,core,parent_only_proposal,2,0,SYSTEMS_ARCHITECT,Systems Architect,SYSTEMS_ARCHITECTURE,Enterprise and Systems Architecture,ARCHITECTURE_ANALYSIS,IT Architecture and Systems Analysis,medium,manual_title_by_title_resolution_v2,1,
TITLE:27937,27937,Head IT Security Officer,core,parent_only_proposal,1,1,SECURITY_MANAGER,Cybersecurity Manager,SECURITY_GOVERNANCE,"Cybersecurity Governance, Risk and Compliance",SECURITY,Cybersecurity,medium,manual_title_by_title_resolution_v2,1,
TITLE:27937,27937,Head IT Security Officer,core,parent_only_proposal,2,0,CISO,Chief Information Security Officer,SECURITY_GOVERNANCE,"Cybersecurity Governance, Risk and Compliance",SECURITY,Cybersecurity,medium,manual_title_by_title_resolution_v2,1,
TITLE:27978,27978,Head of IT Security,core,parent_only_proposal,1,1,SECURITY_MANAGER,Cybersecurity Manager,SECURITY_GOVERNANCE,"Cybersecurity Governance, Risk and Compliance",SECURITY,Cybersecurity,medium,manual_title_by_title_resolution_v2,1,
TITLE:27978,27978,Head of IT Security,core,parent_only_proposal,2,0,CISO,Chief Information Security Officer,SECURITY_GOVERNANCE,"Cybersecurity Governance, Risk and Compliance",SECURITY,Cybersecurity,medium,manual_title_by_title_resolution_v2,1,
TITLE:27979,27979,Head of Information Security,core,parent_only_proposal,1,1,SECURITY_MANAGER,Cybersecurity Manager,SECURITY_GOVERNANCE,"Cybersecurity Governance, Risk and Compliance",SECURITY,Cybersecurity,medium,manual_title_by_title_resolution_v2,1,
TITLE:27979,27979,Head of Information Security,core,parent_only_proposal,2,0,CISO,Chief Information Security Officer,SECURITY_GOVERNANCE,"Cybersecurity Governance, Risk and Compliance",SECURITY,Cybersecurity,medium,manual_title_by_title_resolution_v2,1,
TITLE:28068,28068,Health Data Analyst,review,non_it_source_collision,1,1,DATA_ANALYST,Data Analyst,DATA_ANALYSIS,Data Analysis and Business Intelligence,DATA_AI,"Data, Analytics and Artificial Intelligence",existing,existing_reviewed_mapping,1,Preserved existing leaf assignment.
TITLE:28086,28086,Health Informatics Advisor,conditional,needs_it_duties,1,1,HEALTH_INFORMATICS,Health Informatics Specialist,DOMAIN_INFORMATICS,Domain-specific Informatics,SPECIALIZED_IT,Specialized Informatics,existing,existing_reviewed_mapping,1,Preserved existing leaf assignment.
TITLE:28087,28087,Health Informatics Analyst,conditional,needs_it_duties,1,1,HEALTH_INFORMATICS,Health Informatics Specialist,DOMAIN_INFORMATICS,Domain-specific Informatics,SPECIALIZED_IT,Specialized Informatics,existing,existing_reviewed_mapping,1,Preserved existing leaf assignment.
TITLE:28088,28088,Health Informatics Coordinator,conditional,needs_it_duties,1,1,HEALTH_INFORMATICS,Health Informatics Specialist,DOMAIN_INFORMATICS,Domain-specific Informatics,SPECIALIZED_IT,Specialized Informatics,existing,existing_reviewed_mapping,1,Preserved existing leaf assignment.
TITLE:28089,28089,Health Informatics Director,conditional,needs_it_duties,1,1,HEALTH_INFORMATICS,Health Informatics Specialist,DOMAIN_INFORMATICS,Domain-specific Informatics,SPECIALIZED_IT,Specialized Informatics,existing,existing_reviewed_mapping,1,Preserved existing leaf assignment.
TITLE:28091,28091,Health Informatics Manager,conditional,needs_it_duties,1,1,HEALTH_INFORMATICS,Health Informatics Specialist,DOMAIN_INFORMATICS,Domain-specific Informatics,SPECIALIZED_IT,Specialized Informatics,existing,existing_reviewed_mapping,1,Preserved existing leaf assignment.
TITLE:28092,28092,Health Informatics Specialist,conditional,needs_it_duties,1,1,HEALTH_INFORMATICS,Health Informatics Specialist,DOMAIN_INFORMATICS,Domain-specific Informatics,SPECIALIZED_IT,Specialized Informatics,existing,existing_reviewed_mapping,1,Preserved existing leaf assignment.
TITLE:28097,28097,Health Information Management Data Analyst (HIM Data Analyst),review,non_it_source_collision,1,1,DATA_ANALYST,Data Analyst,DATA_ANALYSIS,Data Analysis and Business Intelligence,DATA_AI,"Data, Analytics and Artificial Intelligence",existing,existing_reviewed_mapping,1,Preserved existing leaf assignment.
TITLE:28106,28106,Health Information Systems Technician (health Information Systems Tech),review,unresolved,1,1,HEALTH_INFORMATICS,Health Informatics Specialist,DOMAIN_INFORMATICS,Domain-specific Informatics,SPECIALIZED_IT,Specialized Informatics,medium,manual_title_by_title_resolution_v2,1,
TITLE:28106,28106,Health Information Systems Technician (health Information Systems Tech),review,unresolved,2,0,APPLICATION_SUPPORT,Application Support Specialist,USER_APPLICATION_SUPPORT,User and Application Support,SUPPORT,IT Support,medium,manual_title_by_title_resolution_v2,1,
TITLE:28109,28109,Health Information Technology Specialist,review,unresolved,1,1,HEALTH_INFORMATICS,Health Informatics Specialist,DOMAIN_INFORMATICS,Domain-specific Informatics,SPECIALIZED_IT,Specialized Informatics,medium,manual_title_by_title_resolution_v2,1,
TITLE:28109,28109,Health Information Technology Specialist,review,unresolved,2,0,APPLICATION_SUPPORT,Application Support Specialist,USER_APPLICATION_SUPPORT,User and Application Support,SUPPORT,IT Support,medium,manual_title_by_title_resolution_v2,1,
TITLE:28205,28205,Healthcare Data Analyst,conditional,needs_it_duties,1,1,DATA_ANALYST,Data Analyst,DATA_ANALYSIS,Data Analysis and Business Intelligence,DATA_AI,"Data, Analytics and Artificial Intelligence",existing,existing_reviewed_mapping,1,Preserved existing leaf assignment.
TITLE:28532,28532,Help Desk Analyst,core,source_supported_proposal,1,1,HELPDESK,IT Help Desk Specialist,USER_APPLICATION_SUPPORT,User and Application Support,SUPPORT,IT Support,existing,existing_reviewed_mapping,1,Preserved existing leaf assignment.
TITLE:28533,28533,Help Desk Coordinator,core,source_supported_proposal,1,1,HELPDESK,IT Help Desk Specialist,USER_APPLICATION_SUPPORT,User and Application Support,SUPPORT,IT Support,existing,existing_reviewed_mapping,1,Preserved existing leaf assignment.
TITLE:28534,28534,Help Desk Operator,core,source_supported_proposal,1,1,HELPDESK,IT Help Desk Specialist,USER_APPLICATION_SUPPORT,User and Application Support,SUPPORT,IT Support,existing,existing_reviewed_mapping,1,Preserved existing leaf assignment.
TITLE:28535,28535,Help Desk Representative (help Desk Rep),core,source_supported_proposal,1,1,HELPDESK,IT Help Desk Specialist,USER_APPLICATION_SUPPORT,User and Application Support,SUPPORT,IT Support,existing,existing_reviewed_mapping,1,Preserved existing leaf assignment.
TITLE:28536,28536,Help Desk Specialist,core,source_supported_proposal,1,1,HELPDESK,IT Help Desk Specialist,USER_APPLICATION_SUPPORT,User and Application Support,SUPPORT,IT Support,existing,existing_reviewed_mapping,1,Preserved existing leaf assignment.
TITLE:28537,28537,Help Desk Support Specialist,core,source_supported_proposal,1,1,HELPDESK,IT Help Desk Specialist,USER_APPLICATION_SUPPORT,User and Application Support,SUPPORT,IT Support,existing,existing_reviewed_mapping,1,Preserved existing leaf assignment.
TITLE:29764,29764,Hybrid Cloud Engineer,core,source_supported_proposal,1,1,CLOUD_ENGINEER,Cloud Engineer,CLOUD_ENGINEERING,Cloud Engineering,PLATFORM_INFRASTRUCTURE,"Cloud, Platforms and IT Operations",existing,existing_reviewed_mapping,1,Preserved existing leaf assignment.
TITLE:29963,29963,ICT Accessibility Tester,core,preferred_source_supported_proposal,1,1,ACCESSIBILITY_TESTER,Accessibility Tester,SOFTWARE_TESTING,Software Quality and Testing,SOFTWARE,Software Engineering,existing,existing_reviewed_mapping,1,Preserved existing leaf assignment.
TITLE:29966,29966,ICT Advisor,core,parent_only_proposal,1,1,BUSINESS_ANALYST,IT Business Analyst,SYSTEMS_ANALYSIS,Business and Systems Analysis,ARCHITECTURE_ANALYSIS,IT Architecture and Systems Analysis,medium,manual_title_by_title_resolution_v2,1,
TITLE:29966,29966,ICT Advisor,core,parent_only_proposal,2,0,IT_CONSULTANT,IT Consultant,SYSTEMS_ANALYSIS,Business and Systems Analysis,ARCHITECTURE_ANALYSIS,IT Architecture and Systems Analysis,medium,manual_title_by_title_resolution_v2,1,
TITLE:29967,29967,ICT Application Configurator,core,preferred_source_supported_proposal,1,1,SYSTEM_CONFIG,Systems Configuration Specialist,SYSTEMS_OPERATIONS,Systems Administration and Operations,PLATFORM_INFRASTRUCTURE,"Cloud, Platforms and IT Operations",existing,existing_reviewed_mapping,1,Preserved existing leaf assignment.
TITLE:29968,29968,ICT Application Developer,core,parent_only_proposal,1,1,APPLICATION_DEVELOPER,Application Developer,SOFTWARE_DEVELOPMENT,Software Development,SOFTWARE,Software Engineering,medium,manual_title_by_title_resolution_v2,1,
TITLE:29968,29968,ICT Application Developer,core,parent_only_proposal,2,0,APPLICATION_DEVELOPER,Software Developer / Engineer (General),SOFTWARE_DEVELOPMENT,Software Development,SOFTWARE,Software Engineering,medium,manual_title_by_title_resolution_v2,1,
TITLE:29969,29969,ICT Applications Manager,core,parent_only_proposal,1,1,SERVICE_DELIVERY_MANAGER,IT Service Delivery Manager,SERVICE_GOVERNANCE,IT Service Governance,IT_DELIVERY,IT Leadership and Delivery,medium,manual_title_by_title_resolution_v2,1,
TITLE:29969,29969,ICT Applications Manager,core,parent_only_proposal,2,0,IT_MANAGER,IT Manager,IT_MANAGEMENT,IT and Engineering Management,IT_DELIVERY,IT Leadership and Delivery,medium,manual_title_by_title_resolution_v2,1,
TITLE:29970,29970,ICT Architecture Manager,core,parent_only_proposal,1,1,ENTERPRISE_ARCHITECT,Enterprise Architect,SYSTEMS_ARCHITECTURE,Enterprise and Systems Architecture,ARCHITECTURE_ANALYSIS,IT Architecture and Systems Analysis,medium,manual_title_by_title_resolution_v2,1,
TITLE:29970,29970,ICT Architecture Manager,core,parent_only_proposal,2,0,IT_MANAGER,IT Manager,IT_MANAGEMENT,IT and Engineering Management,IT_DELIVERY,IT Leadership and Delivery,medium,manual_title_by_title_resolution_v2,1,
TITLE:29971,29971,ICT Audit Manager,core,source_supported_proposal,1,1,IT_AUDITOR,IT Auditor,SECURITY_GOVERNANCE,"Cybersecurity Governance, Risk and Compliance",SECURITY,Cybersecurity,existing,existing_reviewed_mapping,1,Preserved existing leaf assignment.
TITLE:29972,29972,ICT Auditor,core,source_supported_proposal,1,1,IT_AUDITOR,IT Auditor,SECURITY_GOVERNANCE,"Cybersecurity Governance, Risk and Compliance",SECURITY,Cybersecurity,existing,existing_reviewed_mapping,1,Preserved existing leaf assignment.
TITLE:29973,29973,ICT BA,core,parent_only_proposal,1,1,BUSINESS_ANALYST,IT Business Analyst,SYSTEMS_ANALYSIS,Business and Systems Analysis,ARCHITECTURE_ANALYSIS,IT Architecture and Systems Analysis,medium,manual_title_by_title_resolution_v2,1,
TITLE:29973,29973,ICT BA,core,parent_only_proposal,2,0,IT_CONSULTANT,IT Consultant,SYSTEMS_ANALYSIS,Business and Systems Analysis,ARCHITECTURE_ANALYSIS,IT Architecture and Systems Analysis,medium,manual_title_by_title_resolution_v2,1,
TITLE:29974,29974,ICT Business Analysis Manager,core,preferred_source_supported_proposal,1,1,BUSINESS_ANALYSIS_MANAGER,IT Business Analysis Manager,IT_MANAGEMENT,IT and Engineering Management,IT_DELIVERY,IT Leadership and Delivery,existing,existing_reviewed_mapping,1,Preserved existing leaf assignment.
TITLE:29975,29975,ICT Business Analysts,core,source_supported_proposal,1,1,BUSINESS_ANALYST,IT Business Analyst,SYSTEMS_ANALYSIS,Business and Systems Analysis,ARCHITECTURE_ANALYSIS,IT Architecture and Systems Analysis,existing,existing_reviewed_mapping,1,Preserved existing leaf assignment.
TITLE:29976,29976,ICT Business Consultant,core,parent_only_proposal,1,1,BUSINESS_ANALYST,IT Business Analyst,SYSTEMS_ANALYSIS,Business and Systems Analysis,ARCHITECTURE_ANALYSIS,IT Architecture and Systems Analysis,medium,manual_title_by_title_resolution_v2,1,
TITLE:29976,29976,ICT Business Consultant,core,parent_only_proposal,2,0,IT_CONSULTANT,IT Consultant,SYSTEMS_ANALYSIS,Business and Systems Analysis,ARCHITECTURE_ANALYSIS,IT Architecture and Systems Analysis,medium,manual_title_by_title_resolution_v2,1,
TITLE:29978,29978,ICT Business Intelligence Manager,core,source_supported_proposal,1,1,DATA_MANAGER,Data and Analytics Manager,IT_MANAGEMENT,IT and Engineering Management,IT_DELIVERY,IT Leadership and Delivery,existing,existing_reviewed_mapping,1,Preserved existing leaf assignment.
TITLE:29979,29979,ICT Business Systems Analyst,core,source_supported_proposal,1,1,BUSINESS_ANALYST,IT Business Analyst,SYSTEMS_ANALYSIS,Business and Systems Analysis,ARCHITECTURE_ANALYSIS,IT Architecture and Systems Analysis,existing,existing_reviewed_mapping,1,Preserved existing leaf assignment.
TITLE:29981,29981,ICT Capability Manager,core,parent_only_proposal,1,1,IT_OPERATIONS_MANAGER,IT Operations Manager,IT_MANAGEMENT,IT and Engineering Management,IT_DELIVERY,IT Leadership and Delivery,medium,manual_title_by_title_resolution_v2,1,
TITLE:29981,29981,ICT Capability Manager,core,parent_only_proposal,2,0,SYSTEM_ADMIN,Systems Administrator,SYSTEMS_OPERATIONS,Systems Administration and Operations,PLATFORM_INFRASTRUCTURE,"Cloud, Platforms and IT Operations",medium,manual_title_by_title_resolution_v2,1,
TITLE:29982,29982,ICT Capacity Planner,core,parent_only_proposal,1,1,IT_OPERATIONS_MANAGER,IT Operations Manager,IT_MANAGEMENT,IT and Engineering Management,IT_DELIVERY,IT Leadership and Delivery,medium,manual_title_by_title_resolution_v2,1,
TITLE:29982,29982,ICT Capacity Planner,core,parent_only_proposal,2,0,SYSTEM_ADMIN,Systems Administrator,SYSTEMS_OPERATIONS,Systems Administration and Operations,PLATFORM_INFRASTRUCTURE,"Cloud, Platforms and IT Operations",medium,manual_title_by_title_resolution_v2,1,
TITLE:29983,29983,ICT Change and Configuration Manager,core,preferred_source_supported_proposal,1,1,CHANGE_CONFIG_MANAGER,IT Change and Configuration Manager,SERVICE_GOVERNANCE,IT Service Governance,IT_DELIVERY,IT Leadership and Delivery,existing,existing_reviewed_mapping,1,Preserved existing leaf assignment.
TITLE:29986,29986,ICT Compatibility Tester,core,source_supported_proposal,1,1,SOFTWARE_TESTER,Software Test Engineer,SOFTWARE_TESTING,Software Quality and Testing,SOFTWARE,Software Engineering,existing,existing_reviewed_mapping,1,Preserved existing leaf assignment.
TITLE:29987,29987,ICT Compliance Manager,conditional,needs_it_duties,1,1,IT_COMPLIANCE_SPECIALIST,IT Compliance Specialist,SECURITY_GOVERNANCE,"Cybersecurity Governance, Risk and Compliance",SECURITY,Cybersecurity,medium,manual_title_by_title_resolution_v2,1,
TITLE:29987,29987,ICT Compliance Manager,conditional,needs_it_duties,2,0,SECURITY_GRC,Cybersecurity GRC Specialist,SECURITY_GOVERNANCE,"Cybersecurity Governance, Risk and Compliance",SECURITY,Cybersecurity,medium,manual_title_by_title_resolution_v2,1,
TITLE:29988,29988,ICT Consultant,core,preferred_source_supported_proposal,1,1,IT_CONSULTANT,IT Consultant,SYSTEMS_ANALYSIS,Business and Systems Analysis,ARCHITECTURE_ANALYSIS,IT Architecture and Systems Analysis,existing,existing_reviewed_mapping,1,Preserved existing leaf assignment.
TITLE:29989,29989,ICT Customer Support Officer,core,preferred_source_supported_proposal,1,1,SUPPORT_ENGINEER,IT Support Engineer,USER_APPLICATION_SUPPORT,User and Application Support,SUPPORT,IT Support,existing,existing_reviewed_mapping,1,Preserved existing leaf assignment.
TITLE:29990,29990,ICT Data Processing Manager,core,source_supported_proposal,1,1,DATA_MANAGER,Data and Analytics Manager,IT_MANAGEMENT,IT and Engineering Management,IT_DELIVERY,IT Leadership and Delivery,existing,existing_reviewed_mapping,1,Preserved existing leaf assignment.
TITLE:29991,29991,ICT Database Analyst,core,parent_only_proposal,1,1,DATABASE_ADMIN,Database Administrator,DATABASE_ENGINEERING,Database Engineering,DATA_AI,"Data, Analytics and Artificial Intelligence",medium,manual_title_by_title_resolution_v2,1,
TITLE:29991,29991,ICT Database Analyst,core,parent_only_proposal,2,0,DATA_ANALYST,Data Analyst,DATA_ANALYSIS,Data Analysis and Business Intelligence,DATA_AI,"Data, Analytics and Artificial Intelligence",medium,manual_title_by_title_resolution_v2,1,
TITLE:29992,29992,ICT Database Manager,core,source_supported_proposal,1,1,DATA_MANAGER,Data and Analytics Manager,IT_MANAGEMENT,IT and Engineering Management,IT_DELIVERY,IT Leadership and Delivery,existing,existing_reviewed_mapping,1,Preserved existing leaf assignment.
TITLE:29993,29993,ICT Disaster Recovery Analyst,core,preferred_source_supported_proposal,1,1,DISASTER_RECOVERY,IT Disaster Recovery Specialist,SYSTEMS_OPERATIONS,Systems Administration and Operations,PLATFORM_INFRASTRUCTURE,"Cloud, Platforms and IT Operations",existing,existing_reviewed_mapping,1,Preserved existing leaf assignment.
TITLE:29994,29994,ICT Documentation Manager,core,preferred_source_supported_proposal,1,1,DOCUMENTATION_MANAGER,IT Documentation Manager,TECHNICAL_ENABLEMENT,Technical Documentation and Learning,IT_ENABLEMENT,"IT Documentation, Learning and Advisory",existing,existing_reviewed_mapping,1,Preserved existing leaf assignment.
TITLE:29995,29995,ICT ERP Consultant,core,parent_only_proposal,1,1,IT_CONSULTANT,IT Consultant,SYSTEMS_ANALYSIS,Business and Systems Analysis,ARCHITECTURE_ANALYSIS,IT Architecture and Systems Analysis,medium,manual_title_by_title_resolution_v2,1,
TITLE:29995,29995,ICT ERP Consultant,core,parent_only_proposal,2,0,SYSTEMS_ANALYST,Systems Analyst,SYSTEMS_ANALYSIS,Business and Systems Analysis,ARCHITECTURE_ANALYSIS,IT Architecture and Systems Analysis,medium,manual_title_by_title_resolution_v2,1,
TITLE:29996,29996,ICT Engineer,core,parent_only_proposal,1,1,SYSTEMS_ENGINEER,Computer Systems Engineer,SYSTEMS_ARCHITECTURE,Enterprise and Systems Architecture,ARCHITECTURE_ANALYSIS,IT Architecture and Systems Analysis,medium,manual_title_by_title_resolution_v2,1,
TITLE:29996,29996,ICT Engineer,core,parent_only_proposal,2,0,SUPPORT_ENGINEER,IT Support Engineer,USER_APPLICATION_SUPPORT,User and Application Support,SUPPORT,IT Support,medium,manual_title_by_title_resolution_v2,1,
TITLE:29997,29997,ICT Environment Manager,core,parent_only_proposal,1,1,SUSTAINABLE_IT,Sustainable IT Specialist,SERVICE_GOVERNANCE,IT Service Governance,IT_DELIVERY,IT Leadership and Delivery,medium,manual_title_by_title_resolution_v2,1,
TITLE:29997,29997,ICT Environment Manager,core,parent_only_proposal,2,0,IT_OPERATIONS_MANAGER,IT Operations Manager,IT_MANAGEMENT,IT and Engineering Management,IT_DELIVERY,IT Leadership and Delivery,medium,manual_title_by_title_resolution_v2,1,
TITLE:29998,29998,ICT Environmental Consultant,core,source_supported_proposal,1,1,SUSTAINABLE_IT,Sustainable IT Specialist,SERVICE_GOVERNANCE,IT Service Governance,IT_DELIVERY,IT Leadership and Delivery,existing,existing_reviewed_mapping,1,Preserved existing leaf assignment.
TITLE:29999,29999,ICT Environmental Manager,core,preferred_source_supported_proposal,1,1,SUSTAINABLE_IT,Sustainable IT Specialist,SERVICE_GOVERNANCE,IT Service Governance,IT_DELIVERY,IT Leadership and Delivery,existing,existing_reviewed_mapping,1,Preserved existing leaf assignment.
TITLE:30000,30000,ICT Forensics Expert,core,parent_only_proposal,1,1,DIGITAL_FORENSICS,Digital Forensics Analyst,SECURITY_OPERATIONS,Cybersecurity Operations,SECURITY,Cybersecurity,medium,manual_title_by_title_resolution_v2,1,
TITLE:30001,30001,ICT Hardware Technician,core,preferred_source_supported_proposal,1,1,COMPUTER_TECHNICIAN,Computer Hardware Technician,HARDWARE_SUPPORT,Computer Hardware Support,SUPPORT,IT Support,existing,existing_reviewed_mapping,1,Preserved existing leaf assignment.
TITLE:30002,30002,ICT Help Desk Advisor,core,source_supported_proposal,1,1,HELPDESK,IT Help Desk Specialist,USER_APPLICATION_SUPPORT,User and Application Support,SUPPORT,IT Support,existing,existing_reviewed_mapping,1,Preserved existing leaf assignment.
TITLE:30003,30003,ICT Help Desk Agent,core,preferred_source_supported_proposal,1,1,HELPDESK,IT Help Desk Specialist,USER_APPLICATION_SUPPORT,User and Application Support,SUPPORT,IT Support,existing,existing_reviewed_mapping,1,Preserved existing leaf assignment.
TITLE:30004,30004,ICT Help Desk Manager,core,preferred_source_supported_proposal,1,1,SUPPORT_MANAGER,IT Support Manager,USER_APPLICATION_SUPPORT,User and Application Support,SUPPORT,IT Support,existing,existing_reviewed_mapping,1,Preserved existing leaf assignment.
TITLE:30005,30005,ICT Help Desk Officer,core,source_supported_proposal,1,1,HELPDESK,IT Help Desk Specialist,USER_APPLICATION_SUPPORT,User and Application Support,SUPPORT,IT Support,existing,existing_reviewed_mapping,1,Preserved existing leaf assignment.
TITLE:30008,30008,ICT Information Manager,core,parent_only_proposal,1,1,IT_KNOWLEDGE_MANAGER,IT Knowledge Manager,SERVICE_GOVERNANCE,IT Service Governance,IT_DELIVERY,IT Leadership and Delivery,medium,manual_title_by_title_resolution_v2,1,
TITLE:30008,30008,ICT Information Manager,core,parent_only_proposal,2,0,DATA_GOVERNANCE_SPECIALIST,Data Governance and Stewardship Specialist,DATA_ENGINEERING,Data Engineering,DATA_AI,"Data, Analytics and Artificial Intelligence",medium,manual_title_by_title_resolution_v2,1,
TITLE:30009,30009,ICT Infrastructure Engineer,core,parent_only_proposal,1,1,NETWORK_ENGINEER,Network Engineer,NETWORK_ENGINEERING,Computer Network Engineering,NETWORKS,Networks and Telecommunications,medium,manual_title_by_title_resolution_v2,1,
TITLE:30009,30009,ICT Infrastructure Engineer,core,parent_only_proposal,2,0,SYSTEMS_ENGINEER,Computer Systems Engineer,SYSTEMS_ARCHITECTURE,Enterprise and Systems Architecture,ARCHITECTURE_ANALYSIS,IT Architecture and Systems Analysis,medium,manual_title_by_title_resolution_v2,1,
TITLE:30010,30010,ICT Innovation Manager,core,parent_only_proposal,1,1,IT_MANAGER,IT Manager,IT_MANAGEMENT,IT and Engineering Management,IT_DELIVERY,IT Leadership and Delivery,medium,manual_title_by_title_resolution_v2,1,
TITLE:30010,30010,ICT Innovation Manager,core,parent_only_proposal,2,0,IT_PRODUCT_MANAGER,IT Product Manager,PROJECT_PRODUCT,IT Project and Product Delivery,IT_DELIVERY,IT Leadership and Delivery,medium,manual_title_by_title_resolution_v2,1,
TITLE:30012,30012,ICT Integration Engineers,core,source_supported_proposal,1,1,INTEGRATION_ENGINEER,Systems Integration Engineer,SYSTEMS_ARCHITECTURE,Enterprise and Systems Architecture,ARCHITECTURE_ANALYSIS,IT Architecture and Systems Analysis,existing,existing_reviewed_mapping,1,Preserved existing leaf assignment.
TITLE:30013,30013,ICT Integration Tester,core,preferred_source_supported_proposal,1,1,INTEGRATION_TESTER,Integration Test Engineer,SOFTWARE_TESTING,Software Quality and Testing,SOFTWARE,Software Engineering,existing,existing_reviewed_mapping,1,Preserved existing leaf assignment.
TITLE:30014,30014,ICT Intelligent Systems Designer,core,source_supported_proposal,1,1,KNOWLEDGE_ENGINEER,Knowledge Engineer,AI_ENGINEERING,AI and Machine Learning Engineering,DATA_AI,"Data, Analytics and Artificial Intelligence",existing,existing_reviewed_mapping,1,Preserved existing leaf assignment.
TITLE:30016,30016,ICT Knowledge Manager,core,source_supported_proposal,1,1,IT_KNOWLEDGE_MANAGER,IT Knowledge Manager,SERVICE_GOVERNANCE,IT Service Governance,IT_DELIVERY,IT Leadership and Delivery,existing,existing_reviewed_mapping,1,Preserved existing leaf assignment.
TITLE:30017,30017,ICT Manager,core,source_supported_proposal,1,1,IT_MANAGER,IT Manager,IT_MANAGEMENT,IT and Engineering Management,IT_DELIVERY,IT Leadership and Delivery,existing,existing_reviewed_mapping,1,Preserved existing leaf assignment.
TITLE:30018,30018,ICT Managers Nec,core,preferred_source_supported_proposal,1,1,IT_MANAGER,IT Manager,IT_MANAGEMENT,IT and Engineering Management,IT_DELIVERY,IT Leadership and Delivery,existing,existing_reviewed_mapping,1,Preserved existing leaf assignment.
TITLE:30019,30019,ICT Network Administrator,core,preferred_source_supported_proposal,1,1,NETWORK_ADMIN,Network Administrator,NETWORK_ENGINEERING,Computer Network Engineering,NETWORKS,Networks and Telecommunications,existing,existing_reviewed_mapping,1,Preserved existing leaf assignment.
TITLE:30020,30020,ICT Network Architect,core,preferred_source_supported_proposal,1,1,NETWORK_ARCHITECT,Network Architect,NETWORK_ENGINEERING,Computer Network Engineering,NETWORKS,Networks and Telecommunications,existing,existing_reviewed_mapping,1,Preserved existing leaf assignment.
TITLE:30021,30021,ICT Network Engineer,core,preferred_source_supported_proposal,1,1,NETWORK_ENGINEER,Network Engineer,NETWORK_ENGINEERING,Computer Network Engineering,NETWORKS,Networks and Telecommunications,existing,existing_reviewed_mapping,1,Preserved existing leaf assignment.
TITLE:30022,30022,ICT Network Technician,core,preferred_source_supported_proposal,1,1,NETWORK_TECHNICIAN,Network Technician,NETWORK_ENGINEERING,Computer Network Engineering,NETWORKS,Networks and Telecommunications,existing,existing_reviewed_mapping,1,Preserved existing leaf assignment.
TITLE:30023,30023,ICT Operations Manager,core,preferred_source_supported_proposal,1,1,IT_OPERATIONS_MANAGER,IT Operations Manager,IT_MANAGEMENT,IT and Engineering Management,IT_DELIVERY,IT Leadership and Delivery,existing,existing_reviewed_mapping,1,Preserved existing leaf assignment.
TITLE:30024,30024,ICT Performance Manager,core,parent_only_proposal,1,1,IT_OPERATIONS_MANAGER,IT Operations Manager,IT_MANAGEMENT,IT and Engineering Management,IT_DELIVERY,IT Leadership and Delivery,medium,manual_title_by_title_resolution_v2,1,
TITLE:30024,30024,ICT Performance Manager,core,parent_only_proposal,2,0,SYSTEM_ADMIN,Systems Administrator,SYSTEMS_OPERATIONS,Systems Administration and Operations,PLATFORM_INFRASTRUCTURE,"Cloud, Platforms and IT Operations",medium,manual_title_by_title_resolution_v2,1,
TITLE:30028,30028,ICT Principal Testing Manager,core,source_supported_proposal,1,1,SOFTWARE_TESTER,Software Test Engineer,SOFTWARE_TESTING,Software Quality and Testing,SOFTWARE,Software Engineering,existing,existing_reviewed_mapping,1,Preserved existing leaf assignment.
TITLE:30031,30031,ICT Product Manager,core,preferred_source_supported_proposal,1,1,IT_PRODUCT_MANAGER,IT Product Manager,PROJECT_PRODUCT,IT Project and Product Delivery,IT_DELIVERY,IT Leadership and Delivery,existing,existing_reviewed_mapping,1,Preserved existing leaf assignment.
TITLE:30032,30032,ICT Program Manager,core,parent_only_proposal,1,1,IT_PROJECT_MANAGER,IT Project Manager,PROJECT_PRODUCT,IT Project and Product Delivery,IT_DELIVERY,IT Leadership and Delivery,medium,manual_title_by_title_resolution_v2,1,
TITLE:30033,30033,ICT Project Manager,core,preferred_source_supported_proposal,1,1,IT_PROJECT_MANAGER,IT Project Manager,PROJECT_PRODUCT,IT Project and Product Delivery,IT_DELIVERY,IT Leadership and Delivery,existing,existing_reviewed_mapping,1,Preserved existing leaf assignment.
TITLE:30035,30035,ICT Quality Assurance Engineer,core,preferred_source_supported_proposal,1,1,SOFTWARE_TESTER,Software Test Engineer,SOFTWARE_TESTING,Software Quality and Testing,SOFTWARE,Software Engineering,existing,existing_reviewed_mapping,1,Preserved existing leaf assignment.
TITLE:30036,30036,ICT Quality Assurance Managers,core,source_supported_proposal,1,1,IT_QA_MANAGER,IT Quality Assurance Manager,SERVICE_GOVERNANCE,IT Service Governance,IT_DELIVERY,IT Leadership and Delivery,existing,existing_reviewed_mapping,1,Preserved existing leaf assignment.
TITLE:30037,30037,ICT Quality Manager,core,parent_only_proposal,1,1,IT_QA_MANAGER,IT Quality Assurance Manager,SERVICE_GOVERNANCE,IT Service Governance,IT_DELIVERY,IT Leadership and Delivery,medium,manual_title_by_title_resolution_v2,1,
TITLE:30038,30038,ICT Research Advisor,core,parent_only_proposal,1,1,IT_CONSULTANT,IT Consultant,SYSTEMS_ANALYSIS,Business and Systems Analysis,ARCHITECTURE_ANALYSIS,IT Architecture and Systems Analysis,medium,manual_title_by_title_resolution_v2,1,
TITLE:30038,30038,ICT Research Advisor,core,parent_only_proposal,2,0,COMPUTER_SCIENTIST,Computer Research Scientist,DATA_SCIENCE_RESEARCH,Data Science and Computing Research,DATA_AI,"Data, Analytics and Artificial Intelligence",medium,manual_title_by_title_resolution_v2,1,
TITLE:30039,30039,ICT Research Consultant,core,parent_only_proposal,1,1,IT_CONSULTANT,IT Consultant,SYSTEMS_ANALYSIS,Business and Systems Analysis,ARCHITECTURE_ANALYSIS,IT Architecture and Systems Analysis,medium,manual_title_by_title_resolution_v2,1,
TITLE:30039,30039,ICT Research Consultant,core,parent_only_proposal,2,0,COMPUTER_SCIENTIST,Computer Research Scientist,DATA_SCIENCE_RESEARCH,Data Science and Computing Research,DATA_AI,"Data, Analytics and Artificial Intelligence",medium,manual_title_by_title_resolution_v2,1,
TITLE:30040,30040,ICT Research Manager,core,preferred_source_supported_proposal,1,1,IT_RESEARCH_MANAGER,IT Research Manager,IT_MANAGEMENT,IT and Engineering Management,IT_DELIVERY,IT Leadership and Delivery,existing,existing_reviewed_mapping,1,Preserved existing leaf assignment.
TITLE:30041,30041,ICT Researcher,core,parent_only_proposal,1,1,COMPUTER_SCIENTIST,Computer Research Scientist,DATA_SCIENCE_RESEARCH,Data Science and Computing Research,DATA_AI,"Data, Analytics and Artificial Intelligence",medium,manual_title_by_title_resolution_v2,1,
TITLE:30042,30042,ICT Resilience Analysts,core,source_supported_proposal,1,1,DISASTER_RECOVERY,IT Disaster Recovery Specialist,SYSTEMS_OPERATIONS,Systems Administration and Operations,PLATFORM_INFRASTRUCTURE,"Cloud, Platforms and IT Operations",existing,existing_reviewed_mapping,1,Preserved existing leaf assignment.
TITLE:30043,30043,ICT Resilience Manager,core,parent_only_proposal,1,1,DISASTER_RECOVERY,IT Disaster Recovery Specialist,SYSTEMS_OPERATIONS,Systems Administration and Operations,PLATFORM_INFRASTRUCTURE,"Cloud, Platforms and IT Operations",medium,manual_title_by_title_resolution_v2,1,
TITLE:30043,30043,ICT Resilience Manager,core,parent_only_proposal,2,0,SECURITY_MANAGER,Cybersecurity Manager,SECURITY_GOVERNANCE,"Cybersecurity Governance, Risk and Compliance",SECURITY,Cybersecurity,medium,manual_title_by_title_resolution_v2,1,
TITLE:30047,30047,ICT Scientist,core,parent_only_proposal,1,1,COMPUTER_SCIENTIST,Computer Research Scientist,DATA_SCIENCE_RESEARCH,Data Science and Computing Research,DATA_AI,"Data, Analytics and Artificial Intelligence",medium,manual_title_by_title_resolution_v2,1,
TITLE:30048,30048,ICT Security Administrator,core,preferred_source_supported_proposal,1,1,SECURITY_ADMIN,Security Administrator,SECURITY_ENGINEERING,Cybersecurity Engineering,SECURITY,Cybersecurity,existing,existing_reviewed_mapping,1,Preserved existing leaf assignment.
TITLE:30049,30049,ICT Security Adviser,core,parent_only_proposal,1,1,SECURITY_CONSULTANT,Cybersecurity Consultant,SECURITY_GOVERNANCE,"Cybersecurity Governance, Risk and Compliance",SECURITY,Cybersecurity,medium,manual_title_by_title_resolution_v2,1,
TITLE:30050,30050,ICT Security Analyst,core,source_supported_proposal,1,1,SECURITY_ANALYST,Cybersecurity Analyst,SECURITY_OPERATIONS,Cybersecurity Operations,SECURITY,Cybersecurity,existing,existing_reviewed_mapping,1,Preserved existing leaf assignment.
TITLE:30051,30051,ICT Security Architect,core,source_supported_proposal,1,1,SECURITY_ARCHITECT,Security Architect,SECURITY_ENGINEERING,Cybersecurity Engineering,SECURITY,Cybersecurity,existing,existing_reviewed_mapping,1,Preserved existing leaf assignment.
TITLE:30052,30052,ICT Security Chief,core,parent_only_proposal,1,1,CISO,Chief Information Security Officer,SECURITY_GOVERNANCE,"Cybersecurity Governance, Risk and Compliance",SECURITY,Cybersecurity,medium,manual_title_by_title_resolution_v2,1,
TITLE:30052,30052,ICT Security Chief,core,parent_only_proposal,2,0,SECURITY_MANAGER,Cybersecurity Manager,SECURITY_GOVERNANCE,"Cybersecurity Governance, Risk and Compliance",SECURITY,Cybersecurity,medium,manual_title_by_title_resolution_v2,1,
TITLE:30053,30053,ICT Security Engineer,core,source_supported_proposal,1,1,SECURITY_ENGINEER,Security Engineer,SECURITY_ENGINEERING,Cybersecurity Engineering,SECURITY,Cybersecurity,existing,existing_reviewed_mapping,1,Preserved existing leaf assignment.
TITLE:30054,30054,ICT Security Officer,core,parent_only_proposal,1,1,SECURITY_GRC,Cybersecurity GRC Specialist,SECURITY_GOVERNANCE,"Cybersecurity Governance, Risk and Compliance",SECURITY,Cybersecurity,medium,manual_title_by_title_resolution_v2,1,
TITLE:30054,30054,ICT Security Officer,core,parent_only_proposal,2,0,SECURITY_ANALYST,Cybersecurity Analyst,SECURITY_OPERATIONS,Cybersecurity Operations,SECURITY,Cybersecurity,medium,manual_title_by_title_resolution_v2,1,
TITLE:30055,30055,ICT Security Project Manager,core,source_supported_proposal,1,1,IT_PROJECT_MANAGER,IT Project Manager,PROJECT_PRODUCT,IT Project and Product Delivery,IT_DELIVERY,IT Leadership and Delivery,existing,existing_reviewed_mapping,1,Preserved existing leaf assignment.
TITLE:30056,30056,ICT Security Technician,core,parent_only_proposal,1,1,SECURITY_ENGINEER,Security Engineer,SECURITY_ENGINEERING,Cybersecurity Engineering,SECURITY,Cybersecurity,medium,manual_title_by_title_resolution_v2,1,
TITLE:30056,30056,ICT Security Technician,core,parent_only_proposal,2,0,SECURITY_ADMIN,Security Administrator,SECURITY_ENGINEERING,Cybersecurity Engineering,SECURITY,Cybersecurity,medium,manual_title_by_title_resolution_v2,1,
TITLE:30057,30057,ICT Security Tester,core,source_supported_proposal,1,1,VULNERABILITY_ANALYST,Vulnerability Assessment Specialist,OFFENSIVE_SECURITY,Offensive Security and Security Testing,SECURITY,Cybersecurity,existing,existing_reviewed_mapping,1,Preserved existing leaf assignment.
TITLE:30058,30058,ICT Service Delivery Manager,core,preferred_source_supported_proposal,1,1,SERVICE_DELIVERY_MANAGER,IT Service Delivery Manager,SERVICE_GOVERNANCE,IT Service Governance,IT_DELIVERY,IT Leadership and Delivery,existing,existing_reviewed_mapping,1,Preserved existing leaf assignment.
TITLE:30059,30059,ICT Service Desk Agent,core,source_supported_proposal,1,1,HELPDESK,IT Help Desk Specialist,USER_APPLICATION_SUPPORT,User and Application Support,SUPPORT,IT Support,existing,existing_reviewed_mapping,1,Preserved existing leaf assignment.
TITLE:30060,30060,ICT Service Desk Analyst,core,source_supported_proposal,1,1,HELPDESK,IT Help Desk Specialist,USER_APPLICATION_SUPPORT,User and Application Support,SUPPORT,IT Support,existing,existing_reviewed_mapping,1,Preserved existing leaf assignment.
TITLE:30061,30061,ICT Service Desk Manager,core,source_supported_proposal,1,1,HELPDESK,IT Help Desk Specialist,USER_APPLICATION_SUPPORT,User and Application Support,SUPPORT,IT Support,existing,existing_reviewed_mapping,1,Preserved existing leaf assignment.
TITLE:30062,30062,ICT Service Manager,core,parent_only_proposal,1,1,SERVICE_DELIVERY_MANAGER,IT Service Delivery Manager,SERVICE_GOVERNANCE,IT Service Governance,IT_DELIVERY,IT Leadership and Delivery,medium,manual_title_by_title_resolution_v2,1,
TITLE:30063,30063,ICT Service Owner,core,parent_only_proposal,1,1,SERVICE_DELIVERY_MANAGER,IT Service Delivery Manager,SERVICE_GOVERNANCE,IT Service Governance,IT_DELIVERY,IT Leadership and Delivery,medium,manual_title_by_title_resolution_v2,1,
TITLE:30068,30068,ICT Support Engineer,core,preferred_source_supported_proposal,1,1,SUPPORT_ENGINEER,IT Support Engineer,USER_APPLICATION_SUPPORT,User and Application Support,SUPPORT,IT Support,existing,existing_reviewed_mapping,1,Preserved existing leaf assignment.
TITLE:30069,30069,ICT Support Manager,core,source_supported_proposal,1,1,SUPPORT_MANAGER,IT Support Manager,USER_APPLICATION_SUPPORT,User and Application Support,SUPPORT,IT Support,existing,existing_reviewed_mapping,1,Preserved existing leaf assignment.
TITLE:30070,30070,ICT Sustainability Systems Consultant,core,parent_only_proposal,1,1,SUSTAINABLE_IT,Sustainable IT Specialist,SERVICE_GOVERNANCE,IT Service Governance,IT_DELIVERY,IT Leadership and Delivery,medium,manual_title_by_title_resolution_v2,1,
TITLE:30071,30071,ICT Sysadmin,core,parent_only_proposal,1,1,SYSTEM_ADMIN,Systems Administrator,SYSTEMS_OPERATIONS,Systems Administration and Operations,PLATFORM_INFRASTRUCTURE,"Cloud, Platforms and IT Operations",medium,manual_title_by_title_resolution_v2,1,
TITLE:30072,30072,ICT System Administrator,core,preferred_source_supported_proposal,1,1,SYSTEM_ADMIN,Systems Administrator,SYSTEMS_OPERATIONS,Systems Administration and Operations,PLATFORM_INFRASTRUCTURE,"Cloud, Platforms and IT Operations",existing,existing_reviewed_mapping,1,Preserved existing leaf assignment.
TITLE:30073,30073,ICT System Analyst,core,preferred_source_supported_proposal,1,1,SYSTEMS_ANALYST,Systems Analyst,SYSTEMS_ANALYSIS,Business and Systems Analysis,ARCHITECTURE_ANALYSIS,IT Architecture and Systems Analysis,existing,existing_reviewed_mapping,1,Preserved existing leaf assignment.
TITLE:30074,30074,ICT System Architect,core,preferred_source_supported_proposal,1,1,SYSTEMS_ARCHITECT,Systems Architect,SYSTEMS_ARCHITECTURE,Enterprise and Systems Architecture,ARCHITECTURE_ANALYSIS,IT Architecture and Systems Analysis,existing,existing_reviewed_mapping,1,Preserved existing leaf assignment.
TITLE:30075,30075,ICT System Configurator,core,source_supported_proposal,1,1,SYSTEM_CONFIG,Systems Configuration Specialist,SYSTEMS_OPERATIONS,Systems Administration and Operations,PLATFORM_INFRASTRUCTURE,"Cloud, Platforms and IT Operations",existing,existing_reviewed_mapping,1,Preserved existing leaf assignment.
TITLE:30076,30076,ICT System Developer,core,parent_only_proposal,1,1,APPLICATION_DEVELOPER,Application Developer,SOFTWARE_DEVELOPMENT,Software Development,SOFTWARE,Software Engineering,medium,manual_title_by_title_resolution_v2,1,
TITLE:30076,30076,ICT System Developer,core,parent_only_proposal,2,0,APPLICATION_DEVELOPER,Software Developer / Engineer (General),SOFTWARE_DEVELOPMENT,Software Development,SOFTWARE,Software Engineering,medium,manual_title_by_title_resolution_v2,1,
TITLE:30077,30077,ICT System Integration Consultant,core,preferred_source_supported_proposal,1,1,INTEGRATION_ENGINEER,Systems Integration Engineer,SYSTEMS_ARCHITECTURE,Enterprise and Systems Architecture,ARCHITECTURE_ANALYSIS,IT Architecture and Systems Analysis,existing,existing_reviewed_mapping,1,Preserved existing leaf assignment.
TITLE:30078,30078,ICT System Tester,core,preferred_source_supported_proposal,1,1,SOFTWARE_TESTER,Software Test Engineer,SOFTWARE_TESTING,Software Quality and Testing,SOFTWARE,Software Engineering,existing,existing_reviewed_mapping,1,Preserved existing leaf assignment.
TITLE:30079,30079,ICT Systems Integrator,core,source_supported_proposal,1,1,INTEGRATION_ENGINEER,Systems Integration Engineer,SYSTEMS_ARCHITECTURE,Enterprise and Systems Architecture,ARCHITECTURE_ANALYSIS,IT Architecture and Systems Analysis,existing,existing_reviewed_mapping,1,Preserved existing leaf assignment.
TITLE:30080,30080,ICT Systems Manager,core,parent_only_proposal,1,1,IT_OPERATIONS_MANAGER,IT Operations Manager,IT_MANAGEMENT,IT and Engineering Management,IT_DELIVERY,IT Leadership and Delivery,medium,manual_title_by_title_resolution_v2,1,
TITLE:30080,30080,ICT Systems Manager,core,parent_only_proposal,2,0,SYSTEM_ADMIN,Systems Administrator,SYSTEMS_OPERATIONS,Systems Administration and Operations,PLATFORM_INFRASTRUCTURE,"Cloud, Platforms and IT Operations",medium,manual_title_by_title_resolution_v2,1,
TITLE:30083,30083,ICT Technical Security Expert,core,parent_only_proposal,1,1,SECURITY_ENGINEER,Security Engineer,SECURITY_ENGINEERING,Cybersecurity Engineering,SECURITY,Cybersecurity,medium,manual_title_by_title_resolution_v2,1,
TITLE:30083,30083,ICT Technical Security Expert,core,parent_only_proposal,2,0,SECURITY_CONSULTANT,Cybersecurity Consultant,SECURITY_GOVERNANCE,"Cybersecurity Governance, Risk and Compliance",SECURITY,Cybersecurity,medium,manual_title_by_title_resolution_v2,1,
TITLE:30084,30084,ICT Technician,core,preferred_source_supported_proposal,1,1,COMPUTER_TECHNICIAN,Computer Hardware Technician,HARDWARE_SUPPORT,Computer Hardware Support,SUPPORT,IT Support,existing,existing_reviewed_mapping,1,Preserved existing leaf assignment.
TITLE:30085,30085,ICT Test Analyst,core,preferred_source_supported_proposal,1,1,SOFTWARE_TESTER,Software Test Engineer,SOFTWARE_TESTING,Software Quality and Testing,SOFTWARE,Software Engineering,existing,existing_reviewed_mapping,1,Preserved existing leaf assignment.
TITLE:30086,30086,ICT Test Manager,core,source_supported_proposal,1,1,SOFTWARE_TESTER,Software Test Engineer,SOFTWARE_TESTING,Software Quality and Testing,SOFTWARE,Software Engineering,existing,existing_reviewed_mapping,1,Preserved existing leaf assignment.
TITLE:30088,30088,ICT Usability Tester,core,preferred_source_supported_proposal,1,1,USABILITY_TESTER,Usability Tester,SOFTWARE_TESTING,Software Quality and Testing,SOFTWARE,Software Engineering,existing,existing_reviewed_mapping,1,Preserved existing leaf assignment.
TITLE:30090,30090,ICT and Telecommunications Technicians Nec,conditional,needs_it_duties,1,1,TELECOM_TECHNICIAN,Telecommunications Technician,TELECOM_ENGINEERING,Telecommunications Engineering,NETWORKS,Networks and Telecommunications,medium,manual_title_by_title_resolution_v2,1,
TITLE:30090,30090,ICT and Telecommunications Technicians Nec,conditional,needs_it_duties,2,0,COMPUTER_TECHNICIAN,Computer Hardware Technician,HARDWARE_SUPPORT,Computer Hardware Support,SUPPORT,IT Support,medium,manual_title_by_title_resolution_v2,1,
TITLE:30103,30103,IS Security Manager (information Systems Security Manager),review,source_scope_conflict,1,1,SECURITY_MANAGER,Cybersecurity Manager,SECURITY_GOVERNANCE,"Cybersecurity Governance, Risk and Compliance",SECURITY,Cybersecurity,existing,existing_reviewed_mapping,1,Preserved existing leaf assignment.
TITLE:30108,30108,IT Administrator (information Technology Administrator),core,source_supported_proposal,1,1,SYSTEM_ADMIN,Systems Administrator,SYSTEMS_OPERATIONS,Systems Administration and Operations,PLATFORM_INFRASTRUCTURE,"Cloud, Platforms and IT Operations",medium,manual_title_by_title_resolution_v2,1,
TITLE:30108,30108,IT Administrator (information Technology Administrator),core,source_supported_proposal,2,0,IT_GENERALIST,IT Generalist,USER_APPLICATION_SUPPORT,User and Application Support,SUPPORT,IT Support,medium,manual_title_by_title_resolution_v2,1,
TITLE:30109,30109,IT Advisor,core,parent_only_proposal,1,1,IT_GENERALIST,IT Generalist,USER_APPLICATION_SUPPORT,User and Application Support,SUPPORT,IT Support,medium,manual_title_by_title_resolution_v2,1,
TITLE:30110,30110,IT Analyst (information Technology Analyst),core,source_supported_proposal,1,1,SYSTEMS_ANALYST,Systems Analyst,SYSTEMS_ANALYSIS,Business and Systems Analysis,ARCHITECTURE_ANALYSIS,IT Architecture and Systems Analysis,medium,manual_title_by_title_resolution_v2,1,
TITLE:30110,30110,IT Analyst (information Technology Analyst),core,source_supported_proposal,2,0,BUSINESS_ANALYST,IT Business Analyst,SYSTEMS_ANALYSIS,Business and Systems Analysis,ARCHITECTURE_ANALYSIS,IT Architecture and Systems Analysis,medium,manual_title_by_title_resolution_v2,1,
TITLE:30111,30111,IT Architect (information Technology Architect),core,source_supported_proposal,1,1,ENTERPRISE_ARCHITECT,Enterprise Architect,SYSTEMS_ARCHITECTURE,Enterprise and Systems Architecture,ARCHITECTURE_ANALYSIS,IT Architecture and Systems Analysis,medium,manual_title_by_title_resolution_v2,1,
TITLE:30111,30111,IT Architect (information Technology Architect),core,source_supported_proposal,2,0,SOLUTION_ARCHITECT,Solution Architect,SYSTEMS_ARCHITECTURE,Enterprise and Systems Architecture,ARCHITECTURE_ANALYSIS,IT Architecture and Systems Analysis,medium,manual_title_by_title_resolution_v2,1,
TITLE:30112,30112,IT Assistant,core,parent_only_proposal,1,1,IT_GENERALIST,IT Generalist,USER_APPLICATION_SUPPORT,User and Application Support,SUPPORT,IT Support,medium,manual_title_by_title_resolution_v2,1,
TITLE:30112,30112,IT Assistant,core,parent_only_proposal,2,0,SUPPORT_ENGINEER,IT Support Engineer,USER_APPLICATION_SUPPORT,User and Application Support,SUPPORT,IT Support,medium,manual_title_by_title_resolution_v2,1,
TITLE:30113,30113,IT Associate (information Technology Associate),core,parent_only_proposal,1,1,IT_GENERALIST,IT Generalist,USER_APPLICATION_SUPPORT,User and Application Support,SUPPORT,IT Support,medium,manual_title_by_title_resolution_v2,1,
TITLE:30113,30113,IT Associate (information Technology Associate),core,parent_only_proposal,2,0,SUPPORT_ENGINEER,IT Support Engineer,USER_APPLICATION_SUPPORT,User and Application Support,SUPPORT,IT Support,medium,manual_title_by_title_resolution_v2,1,
TITLE:30116,30116,IT Business Analysis Director,core,parent_only_proposal,1,1,BUSINESS_ANALYSIS_MANAGER,IT Business Analysis Manager,IT_MANAGEMENT,IT and Engineering Management,IT_DELIVERY,IT Leadership and Delivery,medium,manual_title_by_title_resolution_v2,1,
TITLE:30117,30117,IT Business Analysis Manager,core,parent_only_proposal,1,1,BUSINESS_ANALYSIS_MANAGER,IT Business Analysis Manager,IT_MANAGEMENT,IT and Engineering Management,IT_DELIVERY,IT Leadership and Delivery,medium,manual_title_by_title_resolution_v2,1,
TITLE:30118,30118,IT Business Analyst,core,source_supported_proposal,1,1,BUSINESS_ANALYST,IT Business Analyst,SYSTEMS_ANALYSIS,Business and Systems Analysis,ARCHITECTURE_ANALYSIS,IT Architecture and Systems Analysis,existing,existing_reviewed_mapping,1,Preserved existing leaf assignment.
TITLE:30120,30120,IT Business Systems Analyst (information Technology Business Systems Analyst),core,source_supported_proposal,1,1,BUSINESS_ANALYST,IT Business Analyst,SYSTEMS_ANALYSIS,Business and Systems Analysis,ARCHITECTURE_ANALYSIS,IT Architecture and Systems Analysis,existing,existing_reviewed_mapping,1,Preserved existing leaf assignment.
TITLE:30122,30122,IT Capability Planner,core,parent_only_proposal,1,1,SYSTEM_ADMIN,Systems Administrator,SYSTEMS_OPERATIONS,Systems Administration and Operations,PLATFORM_INFRASTRUCTURE,"Cloud, Platforms and IT Operations",medium,manual_title_by_title_resolution_v2,1,
TITLE:30122,30122,IT Capability Planner,core,parent_only_proposal,2,0,SYSTEMS_ANALYST,Systems Analyst,SYSTEMS_ANALYSIS,Business and Systems Analysis,ARCHITECTURE_ANALYSIS,IT Architecture and Systems Analysis,medium,manual_title_by_title_resolution_v2,1,
TITLE:30123,30123,IT Capacity Planner,core,parent_only_proposal,1,1,SYSTEM_ADMIN,Systems Administrator,SYSTEMS_OPERATIONS,Systems Administration and Operations,PLATFORM_INFRASTRUCTURE,"Cloud, Platforms and IT Operations",medium,manual_title_by_title_resolution_v2,1,
TITLE:30123,30123,IT Capacity Planner,core,parent_only_proposal,2,0,SYSTEMS_ANALYST,Systems Analyst,SYSTEMS_ANALYSIS,Business and Systems Analysis,ARCHITECTURE_ANALYSIS,IT Architecture and Systems Analysis,medium,manual_title_by_title_resolution_v2,1,
TITLE:30126,30126,IT Compatibility Tester,core,parent_only_proposal,1,1,SOFTWARE_TESTER,Software Test Engineer,SOFTWARE_TESTING,Software Quality and Testing,SOFTWARE,Software Engineering,medium,manual_title_by_title_resolution_v2,1,
TITLE:30127,30127,IT Compliance Analyst (information Technology Compliance Analyst),review,non_it_source_collision,1,1,IT_COMPLIANCE_SPECIALIST,IT Compliance Specialist,SECURITY_GOVERNANCE,"Cybersecurity Governance, Risk and Compliance",SECURITY,Cybersecurity,medium,manual_title_by_title_resolution_v2,1,
TITLE:30127,30127,IT Compliance Analyst (information Technology Compliance Analyst),review,non_it_source_collision,2,0,IT_AUDITOR,IT Auditor,SECURITY_GOVERNANCE,"Cybersecurity Governance, Risk and Compliance",SECURITY,Cybersecurity,medium,manual_title_by_title_resolution_v2,1,
TITLE:30128,30128,IT Compliance Consultant,core,parent_only_proposal,1,1,IT_COMPLIANCE_SPECIALIST,IT Compliance Specialist,SECURITY_GOVERNANCE,"Cybersecurity Governance, Risk and Compliance",SECURITY,Cybersecurity,medium,manual_title_by_title_resolution_v2,1,
TITLE:30128,30128,IT Compliance Consultant,core,parent_only_proposal,2,0,IT_AUDITOR,IT Auditor,SECURITY_GOVERNANCE,"Cybersecurity Governance, Risk and Compliance",SECURITY,Cybersecurity,medium,manual_title_by_title_resolution_v2,1,
TITLE:30129,30129,IT Compliance Manager,conditional,needs_it_duties,1,1,IT_COMPLIANCE_SPECIALIST,IT Compliance Specialist,SECURITY_GOVERNANCE,"Cybersecurity Governance, Risk and Compliance",SECURITY,Cybersecurity,medium,manual_title_by_title_resolution_v2,1,
TITLE:30129,30129,IT Compliance Manager,conditional,needs_it_duties,2,0,IT_AUDITOR,IT Auditor,SECURITY_GOVERNANCE,"Cybersecurity Governance, Risk and Compliance",SECURITY,Cybersecurity,medium,manual_title_by_title_resolution_v2,1,
TITLE:30131,30131,IT Data Analyst,review,non_it_source_collision,1,1,DATA_ANALYST,Data Analyst,DATA_ANALYSIS,Data Analysis and Business Intelligence,DATA_AI,"Data, Analytics and Artificial Intelligence",existing,existing_reviewed_mapping,1,Preserved existing leaf assignment.
TITLE:30132,30132,IT Data Processing Manager,core,source_supported_proposal,1,1,DATA_MANAGER,Data and Analytics Manager,IT_MANAGEMENT,IT and Engineering Management,IT_DELIVERY,IT Leadership and Delivery,existing,existing_reviewed_mapping,1,Preserved existing leaf assignment.
TITLE:30135,30135,IT Disaster Recovery Analyst,core,parent_only_proposal,1,1,DISASTER_RECOVERY,IT Disaster Recovery Specialist,SYSTEMS_OPERATIONS,Systems Administration and Operations,PLATFORM_INFRASTRUCTURE,"Cloud, Platforms and IT Operations",medium,manual_title_by_title_resolution_v2,1,
TITLE:30136,30136,IT Documentation Manager,core,parent_only_proposal,1,1,DOCUMENTATION_MANAGER,IT Documentation Manager,TECHNICAL_ENABLEMENT,Technical Documentation and Learning,IT_ENABLEMENT,"IT Documentation, Learning and Advisory",medium,manual_title_by_title_resolution_v2,1,
TITLE:30137,30137,IT Engineer (information Technology Engineer),core,parent_only_proposal,1,1,SYSTEMS_ENGINEER,Computer Systems Engineer,SYSTEMS_ARCHITECTURE,Enterprise and Systems Architecture,ARCHITECTURE_ANALYSIS,IT Architecture and Systems Analysis,medium,manual_title_by_title_resolution_v2,1,
TITLE:30137,30137,IT Engineer (information Technology Engineer),core,parent_only_proposal,2,0,SUPPORT_ENGINEER,IT Support Engineer,USER_APPLICATION_SUPPORT,User and Application Support,SUPPORT,IT Support,medium,manual_title_by_title_resolution_v2,1,
TITLE:30138,30138,IT Engineering Technician,core,parent_only_proposal,1,1,SYSTEMS_ENGINEER,Computer Systems Engineer,SYSTEMS_ARCHITECTURE,Enterprise and Systems Architecture,ARCHITECTURE_ANALYSIS,IT Architecture and Systems Analysis,medium,manual_title_by_title_resolution_v2,1,
TITLE:30138,30138,IT Engineering Technician,core,parent_only_proposal,2,0,SUPPORT_ENGINEER,IT Support Engineer,USER_APPLICATION_SUPPORT,User and Application Support,SUPPORT,IT Support,medium,manual_title_by_title_resolution_v2,1,
TITLE:30142,30142,IT Generalist (information Technology Generalist),core,parent_only_proposal,1,1,IT_GENERALIST,IT Generalist,USER_APPLICATION_SUPPORT,User and Application Support,SUPPORT,IT Support,medium,manual_title_by_title_resolution_v2,1,
TITLE:30142,30142,IT Generalist (information Technology Generalist),core,parent_only_proposal,2,0,SUPPORT_ENGINEER,IT Support Engineer,USER_APPLICATION_SUPPORT,User and Application Support,SUPPORT,IT Support,medium,manual_title_by_title_resolution_v2,1,
TITLE:30143,30143,IT Hardware Engineer,core,source_supported_proposal,1,1,COMPUTER_TECHNICIAN,Computer Hardware Technician,HARDWARE_SUPPORT,Computer Hardware Support,SUPPORT,IT Support,existing,existing_reviewed_mapping,1,Preserved existing leaf assignment.
TITLE:30144,30144,IT Hardware Specialist,core,source_supported_proposal,1,1,COMPUTER_TECHNICIAN,Computer Hardware Technician,HARDWARE_SUPPORT,Computer Hardware Support,SUPPORT,IT Support,existing,existing_reviewed_mapping,1,Preserved existing leaf assignment.
TITLE:30145,30145,IT Hardware Tech (information Technology Hardware Technician),core,label_policy_proposal,1,1,COMPUTER_TECHNICIAN,Computer Hardware Technician,HARDWARE_SUPPORT,Computer Hardware Support,SUPPORT,IT Support,existing,existing_reviewed_mapping,1,Preserved existing leaf assignment.
TITLE:30146,30146,IT Help Desk Advisor,core,source_supported_proposal,1,1,HELPDESK,IT Help Desk Specialist,USER_APPLICATION_SUPPORT,User and Application Support,SUPPORT,IT Support,existing,existing_reviewed_mapping,1,Preserved existing leaf assignment.
TITLE:30147,30147,IT Help Desk Agent,core,source_supported_proposal,1,1,HELPDESK,IT Help Desk Specialist,USER_APPLICATION_SUPPORT,User and Application Support,SUPPORT,IT Support,existing,existing_reviewed_mapping,1,Preserved existing leaf assignment.
TITLE:30148,30148,IT Help Desk Manager,core,source_supported_proposal,1,1,SUPPORT_MANAGER,IT Support Manager,USER_APPLICATION_SUPPORT,User and Application Support,SUPPORT,IT Support,existing,existing_reviewed_mapping,1,Preserved existing leaf assignment.
TITLE:30149,30149,IT Help Desk Tech (information Technology Help Desk Technician),core,source_supported_proposal,1,1,HELPDESK,IT Help Desk Specialist,USER_APPLICATION_SUPPORT,User and Application Support,SUPPORT,IT Support,existing,existing_reviewed_mapping,1,Preserved existing leaf assignment.
TITLE:30151,30151,IT Information Manager,core,parent_only_proposal,1,1,IT_KNOWLEDGE_MANAGER,IT Knowledge Manager,SERVICE_GOVERNANCE,IT Service Governance,IT_DELIVERY,IT Leadership and Delivery,medium,manual_title_by_title_resolution_v2,1,
TITLE:30152,30152,IT Infrastructure Director (information Technology Infrastructure Director),core,parent_only_proposal,1,1,IT_OPERATIONS_MANAGER,IT Operations Manager,IT_MANAGEMENT,IT and Engineering Management,IT_DELIVERY,IT Leadership and Delivery,medium,manual_title_by_title_resolution_v2,1,
TITLE:30152,30152,IT Infrastructure Director (information Technology Infrastructure Director),core,parent_only_proposal,2,0,IT_MANAGER,IT Manager,IT_MANAGEMENT,IT and Engineering Management,IT_DELIVERY,IT Leadership and Delivery,medium,manual_title_by_title_resolution_v2,1,
TITLE:30153,30153,IT Innovation Manager,core,parent_only_proposal,1,1,IT_MANAGER,IT Manager,IT_MANAGEMENT,IT and Engineering Management,IT_DELIVERY,IT Leadership and Delivery,medium,manual_title_by_title_resolution_v2,1,
TITLE:30154,30154,IT Integration Engineer,core,source_supported_proposal,1,1,INTEGRATION_ENGINEER,Systems Integration Engineer,SYSTEMS_ARCHITECTURE,Enterprise and Systems Architecture,ARCHITECTURE_ANALYSIS,IT Architecture and Systems Analysis,existing,existing_reviewed_mapping,1,Preserved existing leaf assignment.
TITLE:30156,30156,IT Knowledge Manager,core,parent_only_proposal,1,1,IT_KNOWLEDGE_MANAGER,IT Knowledge Manager,SERVICE_GOVERNANCE,IT Service Governance,IT_DELIVERY,IT Leadership and Delivery,medium,manual_title_by_title_resolution_v2,1,
TITLE:30157,30157,IT Lab Tech (information Technology Laboratory Technician),review,unresolved,1,1,COMPUTER_TECHNICIAN,Computer Hardware Technician,HARDWARE_SUPPORT,Computer Hardware Support,SUPPORT,IT Support,medium,manual_title_by_title_resolution_v2,1,
TITLE:30158,30158,IT Manager (information Technology Manager),core,source_supported_proposal,1,1,IT_MANAGER,IT Manager,IT_MANAGEMENT,IT and Engineering Management,IT_DELIVERY,IT Leadership and Delivery,existing,existing_reviewed_mapping,1,Preserved existing leaf assignment.
TITLE:30159,30159,IT Network Engineer (information Technology Network Engineer),core,source_supported_proposal,1,1,NETWORK_ENGINEER,Network Engineer,NETWORK_ENGINEERING,Computer Network Engineering,NETWORKS,Networks and Telecommunications,existing,existing_reviewed_mapping,1,Preserved existing leaf assignment.
TITLE:30160,30160,IT Network Technician (information Technology Network Technician),core,source_supported_proposal,1,1,NETWORK_TECHNICIAN,Network Technician,NETWORK_ENGINEERING,Computer Network Engineering,NETWORKS,Networks and Telecommunications,existing,existing_reviewed_mapping,1,Preserved existing leaf assignment.
TITLE:30161,30161,IT Officer,core,parent_only_proposal,1,1,IT_GENERALIST,IT Generalist,USER_APPLICATION_SUPPORT,User and Application Support,SUPPORT,IT Support,medium,manual_title_by_title_resolution_v2,1,
TITLE:30161,30161,IT Officer,core,parent_only_proposal,2,0,SUPPORT_ENGINEER,IT Support Engineer,USER_APPLICATION_SUPPORT,User and Application Support,SUPPORT,IT Support,medium,manual_title_by_title_resolution_v2,1,
TITLE:30162,30162,IT Operations Manager,core,source_supported_proposal,1,1,IT_OPERATIONS_MANAGER,IT Operations Manager,IT_MANAGEMENT,IT and Engineering Management,IT_DELIVERY,IT Leadership and Delivery,existing,existing_reviewed_mapping,1,Preserved existing leaf assignment.
TITLE:30163,30163,IT Performance Analyst (information Technology Performance Analyst),core,source_supported_proposal,1,1,SYSTEMS_ANALYST,Systems Analyst,SYSTEMS_ANALYSIS,Business and Systems Analysis,ARCHITECTURE_ANALYSIS,IT Architecture and Systems Analysis,medium,manual_title_by_title_resolution_v2,1,
TITLE:30163,30163,IT Performance Analyst (information Technology Performance Analyst),core,source_supported_proposal,2,0,IT_QA_MANAGER,IT Quality Assurance Manager,SERVICE_GOVERNANCE,IT Service Governance,IT_DELIVERY,IT Leadership and Delivery,medium,manual_title_by_title_resolution_v2,1,
TITLE:30164,30164,IT Portfolio Manager (information Technology Portfolio Manager),core,parent_only_proposal,1,1,IT_MANAGER,IT Manager,IT_MANAGEMENT,IT and Engineering Management,IT_DELIVERY,IT Leadership and Delivery,medium,manual_title_by_title_resolution_v2,1,
TITLE:30165,30165,IT Practice Manager,review,non_it_source_collision,1,1,IT_MANAGER,IT Manager,IT_MANAGEMENT,IT and Engineering Management,IT_DELIVERY,IT Leadership and Delivery,medium,manual_title_by_title_resolution_v2,1,
TITLE:30168,30168,IT Process Manager,core,parent_only_proposal,1,1,IT_MANAGER,IT Manager,IT_MANAGEMENT,IT and Engineering Management,IT_DELIVERY,IT Leadership and Delivery,medium,manual_title_by_title_resolution_v2,1,
TITLE:30170,30170,IT Product Manager,core,source_supported_proposal,1,1,IT_PRODUCT_MANAGER,IT Product Manager,PROJECT_PRODUCT,IT Project and Product Delivery,IT_DELIVERY,IT Leadership and Delivery,existing,existing_reviewed_mapping,1,Preserved existing leaf assignment.
TITLE:30171,30171,IT Program Manager (information Technology Program Manager),core,parent_only_proposal,1,1,IT_PROJECT_MANAGER,IT Project Manager,PROJECT_PRODUCT,IT Project and Product Delivery,IT_DELIVERY,IT Leadership and Delivery,medium,manual_title_by_title_resolution_v2,1,
TITLE:30172,30172,IT Programmer (information Technology Programmer),core,parent_only_proposal,1,1,COMPUTER_PROGRAMMER,Computer Programmer,SOFTWARE_DEVELOPMENT,Software Development,SOFTWARE,Software Engineering,medium,manual_title_by_title_resolution_v2,1,
TITLE:30174,30174,IT Quality Appraiser,core,parent_only_proposal,1,1,SOFTWARE_TESTER,Software Test Engineer,SOFTWARE_TESTING,Software Quality and Testing,SOFTWARE,Software Engineering,medium,manual_title_by_title_resolution_v2,1,
TITLE:30174,30174,IT Quality Appraiser,core,parent_only_proposal,2,0,IT_QA_MANAGER,IT Quality Assurance Manager,SERVICE_GOVERNANCE,IT Service Governance,IT_DELIVERY,IT Leadership and Delivery,medium,manual_title_by_title_resolution_v2,1,
TITLE:30175,30175,IT Quality Assurance Manager,core,parent_only_proposal,1,1,IT_QA_MANAGER,IT Quality Assurance Manager,SERVICE_GOVERNANCE,IT Service Governance,IT_DELIVERY,IT Leadership and Delivery,medium,manual_title_by_title_resolution_v2,1,
TITLE:30176,30176,IT Quality Control Analyst (information Technology Quality Control Analyst),review,non_it_source_collision,1,1,SOFTWARE_TESTER,Software Test Engineer,SOFTWARE_TESTING,Software Quality and Testing,SOFTWARE,Software Engineering,medium,manual_title_by_title_resolution_v2,1,
TITLE:30176,30176,IT Quality Control Analyst (information Technology Quality Control Analyst),review,non_it_source_collision,2,0,IT_QA_MANAGER,IT Quality Assurance Manager,SERVICE_GOVERNANCE,IT Service Governance,IT_DELIVERY,IT Leadership and Delivery,medium,manual_title_by_title_resolution_v2,1,
TITLE:30177,30177,IT Repair Inspector,review,non_it_source_collision,1,1,COMPUTER_REPAIR,Computer Repair Technician,HARDWARE_SUPPORT,Computer Hardware Support,SUPPORT,IT Support,medium,manual_title_by_title_resolution_v2,1,
TITLE:30177,30177,IT Repair Inspector,review,non_it_source_collision,2,0,HARDWARE_TEST,Computer Hardware Test Technician,HARDWARE_ENGINEERING,Computing Hardware Engineering,COMPUTER_HARDWARE,Computer Hardware Engineering,medium,manual_title_by_title_resolution_v2,1,
TITLE:30178,30178,IT Research Advisor,core,parent_only_proposal,1,1,COMPUTER_SCIENTIST,Computer Research Scientist,DATA_SCIENCE_RESEARCH,Data Science and Computing Research,DATA_AI,"Data, Analytics and Artificial Intelligence",medium,manual_title_by_title_resolution_v2,1,
TITLE:30179,30179,IT Research Consultant,core,parent_only_proposal,1,1,COMPUTER_SCIENTIST,Computer Research Scientist,DATA_SCIENCE_RESEARCH,Data Science and Computing Research,DATA_AI,"Data, Analytics and Artificial Intelligence",medium,manual_title_by_title_resolution_v2,1,
TITLE:30180,30180,IT Research Manager,core,parent_only_proposal,1,1,IT_RESEARCH_MANAGER,IT Research Manager,IT_MANAGEMENT,IT and Engineering Management,IT_DELIVERY,IT Leadership and Delivery,medium,manual_title_by_title_resolution_v2,1,
TITLE:30181,30181,IT Research Scientist,core,parent_only_proposal,1,1,COMPUTER_SCIENTIST,Computer Research Scientist,DATA_SCIENCE_RESEARCH,Data Science and Computing Research,DATA_AI,"Data, Analytics and Artificial Intelligence",medium,manual_title_by_title_resolution_v2,1,
TITLE:30182,30182,IT Research Specialist,core,parent_only_proposal,1,1,COMPUTER_SCIENTIST,Computer Research Scientist,DATA_SCIENCE_RESEARCH,Data Science and Computing Research,DATA_AI,"Data, Analytics and Artificial Intelligence",medium,manual_title_by_title_resolution_v2,1,
TITLE:30183,30183,IT Researcher,core,parent_only_proposal,1,1,COMPUTER_SCIENTIST,Computer Research Scientist,DATA_SCIENCE_RESEARCH,Data Science and Computing Research,DATA_AI,"Data, Analytics and Artificial Intelligence",medium,manual_title_by_title_resolution_v2,1,
TITLE:30184,30184,IT Resilience Analyst,core,parent_only_proposal,1,1,DISASTER_RECOVERY,IT Disaster Recovery Specialist,SYSTEMS_OPERATIONS,Systems Administration and Operations,PLATFORM_INFRASTRUCTURE,"Cloud, Platforms and IT Operations",medium,manual_title_by_title_resolution_v2,1,
TITLE:30185,30185,IT Resilience Manager,core,parent_only_proposal,1,1,IT_GENERALIST,IT Generalist,USER_APPLICATION_SUPPORT,User and Application Support,SUPPORT,IT Support,medium,manual_title_by_title_resolution_v2,1,
TITLE:30186,30186,IT Risk Specialist (information Technology Risk Specialist),core,parent_only_proposal,1,1,SECURITY_GRC,Cybersecurity GRC Specialist,SECURITY_GOVERNANCE,"Cybersecurity Governance, Risk and Compliance",SECURITY,Cybersecurity,medium,manual_title_by_title_resolution_v2,1,
TITLE:30188,30188,IT Scientist,core,parent_only_proposal,1,1,COMPUTER_SCIENTIST,Computer Research Scientist,DATA_SCIENCE_RESEARCH,Data Science and Computing Research,DATA_AI,"Data, Analytics and Artificial Intelligence",medium,manual_title_by_title_resolution_v2,1,
TITLE:30189,30189,IT Security Administrator,core,parent_only_proposal,1,1,SECURITY_ADMIN,Security Administrator,SECURITY_ENGINEERING,Cybersecurity Engineering,SECURITY,Cybersecurity,medium,manual_title_by_title_resolution_v2,1,
TITLE:30190,30190,IT Security Advisor,core,parent_only_proposal,1,1,SECURITY_CONSULTANT,Cybersecurity Consultant,SECURITY_GOVERNANCE,"Cybersecurity Governance, Risk and Compliance",SECURITY,Cybersecurity,medium,manual_title_by_title_resolution_v2,1,
TITLE:30191,30191,IT Security Analyst (information Technology Security Analyst),core,parent_only_proposal,1,1,SECURITY_ANALYST,Cybersecurity Analyst,SECURITY_OPERATIONS,Cybersecurity Operations,SECURITY,Cybersecurity,medium,manual_title_by_title_resolution_v2,1,
TITLE:30192,30192,IT Security Chief,core,parent_only_proposal,1,1,SECURITY_MANAGER,Cybersecurity Manager,SECURITY_GOVERNANCE,"Cybersecurity Governance, Risk and Compliance",SECURITY,Cybersecurity,medium,manual_title_by_title_resolution_v2,1,
TITLE:30192,30192,IT Security Chief,core,parent_only_proposal,2,0,CISO,Chief Information Security Officer,SECURITY_GOVERNANCE,"Cybersecurity Governance, Risk and Compliance",SECURITY,Cybersecurity,medium,manual_title_by_title_resolution_v2,1,
TITLE:30193,30193,IT Security Consultant,core,parent_only_proposal,1,1,SECURITY_CONSULTANT,Cybersecurity Consultant,SECURITY_GOVERNANCE,"Cybersecurity Governance, Risk and Compliance",SECURITY,Cybersecurity,medium,manual_title_by_title_resolution_v2,1,
TITLE:30194,30194,IT Security Developer,core,parent_only_proposal,1,1,APPSEC_ENGINEER,Application Security Engineer,SECURITY_ENGINEERING,Cybersecurity Engineering,SECURITY,Cybersecurity,medium,manual_title_by_title_resolution_v2,1,
TITLE:30194,30194,IT Security Developer,core,parent_only_proposal,2,0,APPLICATION_DEVELOPER,Software Developer / Engineer (General),SOFTWARE_DEVELOPMENT,Software Development,SOFTWARE,Software Engineering,medium,manual_title_by_title_resolution_v2,1,
TITLE:30195,30195,IT Security Engineer (information Technology Security Engineer),core,source_supported_proposal,1,1,SECURITY_ENGINEER,Security Engineer,SECURITY_ENGINEERING,Cybersecurity Engineering,SECURITY,Cybersecurity,existing,existing_reviewed_mapping,1,Preserved existing leaf assignment.
TITLE:30196,30196,IT Security Expert,core,parent_only_proposal,1,1,SECURITY_CONSULTANT,Cybersecurity Consultant,SECURITY_GOVERNANCE,"Cybersecurity Governance, Risk and Compliance",SECURITY,Cybersecurity,medium,manual_title_by_title_resolution_v2,1,
TITLE:30197,30197,IT Security Manager,core,parent_only_proposal,1,1,SECURITY_MANAGER,Cybersecurity Manager,SECURITY_GOVERNANCE,"Cybersecurity Governance, Risk and Compliance",SECURITY,Cybersecurity,medium,manual_title_by_title_resolution_v2,1,
TITLE:30197,30197,IT Security Manager,core,parent_only_proposal,2,0,CISO,Chief Information Security Officer,SECURITY_GOVERNANCE,"Cybersecurity Governance, Risk and Compliance",SECURITY,Cybersecurity,medium,manual_title_by_title_resolution_v2,1,
TITLE:30198,30198,IT Security Officer,core,source_supported_proposal,1,1,SECURITY_GRC,Cybersecurity GRC Specialist,SECURITY_GOVERNANCE,"Cybersecurity Governance, Risk and Compliance",SECURITY,Cybersecurity,medium,manual_title_by_title_resolution_v2,1,
TITLE:30198,30198,IT Security Officer,core,source_supported_proposal,2,0,SECURITY_ANALYST,Cybersecurity Analyst,SECURITY_OPERATIONS,Cybersecurity Operations,SECURITY,Cybersecurity,medium,manual_title_by_title_resolution_v2,1,
TITLE:30199,30199,IT Security Tester (information Technology Security Tester),core,label_policy_proposal,1,1,VULNERABILITY_ANALYST,Vulnerability Assessment Specialist,OFFENSIVE_SECURITY,Offensive Security and Security Testing,SECURITY,Cybersecurity,existing,existing_reviewed_mapping,1,Preserved existing leaf assignment.
TITLE:30200,30200,IT Service Delivery Manager,core,source_supported_proposal,1,1,SERVICE_DELIVERY_MANAGER,IT Service Delivery Manager,SERVICE_GOVERNANCE,IT Service Governance,IT_DELIVERY,IT Leadership and Delivery,existing,existing_reviewed_mapping,1,Preserved existing leaf assignment.
TITLE:30202,30202,IT Specialist (information Technology Specialist),core,parent_only_proposal,1,1,IT_GENERALIST,IT Generalist,USER_APPLICATION_SUPPORT,User and Application Support,SUPPORT,IT Support,medium,manual_title_by_title_resolution_v2,1,
TITLE:30202,30202,IT Specialist (information Technology Specialist),core,parent_only_proposal,2,0,SUPPORT_ENGINEER,IT Support Engineer,USER_APPLICATION_SUPPORT,User and Application Support,SUPPORT,IT Support,medium,manual_title_by_title_resolution_v2,1,
TITLE:30205,30205,IT Supervisor (information Technology Supervisor),core,parent_only_proposal,1,1,IT_MANAGER,IT Manager,IT_MANAGEMENT,IT and Engineering Management,IT_DELIVERY,IT Leadership and Delivery,medium,manual_title_by_title_resolution_v2,1,
TITLE:30205,30205,IT Supervisor (information Technology Supervisor),core,parent_only_proposal,2,0,SERVICE_DELIVERY_MANAGER,IT Service Delivery Manager,SERVICE_GOVERNANCE,IT Service Governance,IT_DELIVERY,IT Leadership and Delivery,medium,manual_title_by_title_resolution_v2,1,
TITLE:30206,30206,IT Support Analyst (information Technology Support Analyst),core,source_supported_proposal,1,1,SUPPORT_ENGINEER,IT Support Engineer,USER_APPLICATION_SUPPORT,User and Application Support,SUPPORT,IT Support,existing,existing_reviewed_mapping,1,Preserved existing leaf assignment.
TITLE:30207,30207,IT Support Engineer (information Technology Support Engineer),core,source_supported_proposal,1,1,SUPPORT_ENGINEER,IT Support Engineer,USER_APPLICATION_SUPPORT,User and Application Support,SUPPORT,IT Support,existing,existing_reviewed_mapping,1,Preserved existing leaf assignment.
TITLE:30208,30208,IT Support Specialist (information Technology Support Specialist),core,source_supported_proposal,1,1,SUPPORT_ENGINEER,IT Support Engineer,USER_APPLICATION_SUPPORT,User and Application Support,SUPPORT,IT Support,existing,existing_reviewed_mapping,1,Preserved existing leaf assignment.
TITLE:30209,30209,IT Support Tech (information Technology Support Technician),core,source_supported_proposal,1,1,SUPPORT_ENGINEER,IT Support Engineer,USER_APPLICATION_SUPPORT,User and Application Support,SUPPORT,IT Support,existing,existing_reviewed_mapping,1,Preserved existing leaf assignment.
TITLE:30210,30210,IT System Administrator,core,source_supported_proposal,1,1,SYSTEM_ADMIN,Systems Administrator,SYSTEMS_OPERATIONS,Systems Administration and Operations,PLATFORM_INFRASTRUCTURE,"Cloud, Platforms and IT Operations",existing,existing_reviewed_mapping,1,Preserved existing leaf assignment.
TITLE:30211,30211,IT System Analyst,core,source_supported_proposal,1,1,SYSTEMS_ANALYST,Systems Analyst,SYSTEMS_ANALYSIS,Business and Systems Analysis,ARCHITECTURE_ANALYSIS,IT Architecture and Systems Analysis,existing,existing_reviewed_mapping,1,Preserved existing leaf assignment.
TITLE:30212,30212,IT System Architect,core,source_supported_proposal,1,1,SYSTEMS_ARCHITECT,Systems Architect,SYSTEMS_ARCHITECTURE,Enterprise and Systems Architecture,ARCHITECTURE_ANALYSIS,IT Architecture and Systems Analysis,existing,existing_reviewed_mapping,1,Preserved existing leaf assignment.
TITLE:30213,30213,IT System Configurator,core,source_supported_proposal,1,1,SYSTEM_CONFIG,Systems Configuration Specialist,SYSTEMS_OPERATIONS,Systems Administration and Operations,PLATFORM_INFRASTRUCTURE,"Cloud, Platforms and IT Operations",existing,existing_reviewed_mapping,1,Preserved existing leaf assignment.
TITLE:30214,30214,IT System Developer,core,parent_only_proposal,1,1,APPLICATION_DEVELOPER,Software Developer / Engineer (General),SOFTWARE_DEVELOPMENT,Software Development,SOFTWARE,Software Engineering,medium,manual_title_by_title_resolution_v2,1,
TITLE:30215,30215,IT System Tester,core,source_supported_proposal,1,1,SOFTWARE_TESTER,Software Test Engineer,SOFTWARE_TESTING,Software Quality and Testing,SOFTWARE,Software Engineering,existing,existing_reviewed_mapping,1,Preserved existing leaf assignment.
TITLE:30219,30219,IT Technician,core,parent_only_proposal,1,1,COMPUTER_TECHNICIAN,Computer Hardware Technician,HARDWARE_SUPPORT,Computer Hardware Support,SUPPORT,IT Support,medium,manual_title_by_title_resolution_v2,1,
TITLE:30220,30220,IT Test Analyst,core,parent_only_proposal,1,1,SOFTWARE_TESTER,Software Test Engineer,SOFTWARE_TESTING,Software Quality and Testing,SOFTWARE,Software Engineering,medium,manual_title_by_title_resolution_v2,1,
TITLE:30646,30646,Industrial Internet of Things Security Specialist (iiot Security Specialist),core,source_supported_proposal,1,1,EMBEDDED_SECURITY,Embedded and IoT Security Engineer,SECURITY_ENGINEERING,Cybersecurity Engineering,SECURITY,Cybersecurity,existing,existing_reviewed_mapping,1,Preserved existing leaf assignment.
TITLE:30675,30675,Industrial Mobile Devices Software Coder,core,parent_only_proposal,1,1,EMBEDDED_DEVELOPER,Embedded Software Developer,SPECIALIZED_DEVELOPMENT,Specialized Software Development,SOFTWARE,Software Engineering,medium,manual_title_by_title_resolution_v2,1,Software for industrial mobile/embedded devices.
TITLE:30675,30675,Industrial Mobile Devices Software Coder,core,parent_only_proposal,2,0,MOBILE_DEVELOPER,Mobile Application Developer,SOFTWARE_DEVELOPMENT,Software Development,SOFTWARE,Software Engineering,medium,manual_title_by_title_resolution_v2,1,Software for industrial mobile/embedded devices.
TITLE:30676,30676,Industrial Mobile Devices Software Developer,core,preferred_source_supported_proposal,1,1,MOBILE_DEVELOPER,Mobile Application Developer,SOFTWARE_DEVELOPMENT,Software Development,SOFTWARE,Software Engineering,existing,existing_reviewed_mapping,1,Preserved existing leaf assignment.
TITLE:30838,30838,Information Architect,core,source_supported_proposal,1,1,ENTERPRISE_ARCHITECT,Enterprise Architect,SYSTEMS_ARCHITECTURE,Enterprise and Systems Architecture,ARCHITECTURE_ANALYSIS,IT Architecture and Systems Analysis,medium,manual_title_by_title_resolution_v2,1,
TITLE:30838,30838,Information Architect,core,source_supported_proposal,2,0,UX_DESIGNER,User Experience Designer,DIGITAL_EXPERIENCE,Digital Interface and User Experience,DIGITAL_DESIGN,Digital Product Design,medium,manual_title_by_title_resolution_v2,1,
TITLE:30838,30838,Information Architect,core,source_supported_proposal,3,0,DATA_ARCHITECT,Data Architect,DATA_ENGINEERING,Data Engineering,DATA_AI,"Data, Analytics and Artificial Intelligence",medium,manual_title_by_title_resolution_v2,1,
TITLE:30840,30840,Information Assurance Analyst,core,parent_only_proposal,1,1,SECURITY_GRC,Cybersecurity GRC Specialist,SECURITY_GOVERNANCE,"Cybersecurity Governance, Risk and Compliance",SECURITY,Cybersecurity,medium,manual_title_by_title_resolution_v2,1,
TITLE:30840,30840,Information Assurance Analyst,core,parent_only_proposal,2,0,SECURITY_ANALYST,Cybersecurity Analyst,SECURITY_OPERATIONS,Cybersecurity Operations,SECURITY,Cybersecurity,medium,manual_title_by_title_resolution_v2,1,
TITLE:30841,30841,Information Assurance Engineer,core,parent_only_proposal,1,1,SECURITY_ENGINEER,Security Engineer,SECURITY_ENGINEERING,Cybersecurity Engineering,SECURITY,Cybersecurity,medium,manual_title_by_title_resolution_v2,1,
TITLE:30841,30841,Information Assurance Engineer,core,parent_only_proposal,2,0,SECURITY_GRC,Cybersecurity GRC Specialist,SECURITY_GOVERNANCE,"Cybersecurity Governance, Risk and Compliance",SECURITY,Cybersecurity,medium,manual_title_by_title_resolution_v2,1,
TITLE:30848,30848,Information Communications Technology Security Consultant,core,parent_only_proposal,1,1,SECURITY_CONSULTANT,Cybersecurity Consultant,SECURITY_GOVERNANCE,"Cybersecurity Governance, Risk and Compliance",SECURITY,Cybersecurity,medium,manual_title_by_title_resolution_v2,1,
TITLE:30849,30849,Information Developer,core,label_policy_proposal,1,1,TECHNICAL_WRITER,IT Technical Writer,TECHNICAL_ENABLEMENT,Technical Documentation and Learning,IT_ENABLEMENT,"IT Documentation, Learning and Advisory",existing,existing_reviewed_mapping,1,Preserved existing leaf assignment.
TITLE:30851,30851,Information Engineer,core,source_supported_proposal,1,1,KNOWLEDGE_ENGINEER,Knowledge Engineer,AI_ENGINEERING,AI and Machine Learning Engineering,DATA_AI,"Data, Analytics and Artificial Intelligence",medium,manual_title_by_title_resolution_v2,1,
TITLE:30851,30851,Information Engineer,core,source_supported_proposal,2,0,DATA_ARCHITECT,Data Architect,DATA_ENGINEERING,Data Engineering,DATA_AI,"Data, Analytics and Artificial Intelligence",medium,manual_title_by_title_resolution_v2,1,
TITLE:30852,30852,Information Forensics Expert,core,parent_only_proposal,1,1,DIGITAL_FORENSICS,Digital Forensics Analyst,SECURITY_OPERATIONS,Cybersecurity Operations,SECURITY,Cybersecurity,medium,manual_title_by_title_resolution_v2,1,
TITLE:30862,30862,Information Security Administrator,core,source_supported_proposal,1,1,SECURITY_ADMIN,Security Administrator,SECURITY_ENGINEERING,Cybersecurity Engineering,SECURITY,Cybersecurity,existing,existing_reviewed_mapping,1,Preserved existing leaf assignment.
TITLE:30863,30863,Information Security Analyst,core,source_supported_proposal,1,1,SECURITY_ANALYST,Cybersecurity Analyst,SECURITY_OPERATIONS,Cybersecurity Operations,SECURITY,Cybersecurity,existing,existing_reviewed_mapping,1,Preserved existing leaf assignment.
TITLE:30864,30864,Information Security Architect,core,source_supported_proposal,1,1,SECURITY_ARCHITECT,Security Architect,SECURITY_ENGINEERING,Cybersecurity Engineering,SECURITY,Cybersecurity,existing,existing_reviewed_mapping,1,Preserved existing leaf assignment.
TITLE:30865,30865,Information Security Assessor,core,source_supported_proposal,1,1,VULNERABILITY_ANALYST,Vulnerability Assessment Specialist,OFFENSIVE_SECURITY,Offensive Security and Security Testing,SECURITY,Cybersecurity,existing,existing_reviewed_mapping,1,Preserved existing leaf assignment.
TITLE:30866,30866,Information Security Consultant,review,unresolved,1,1,SECURITY_CONSULTANT,Cybersecurity Consultant,SECURITY_GOVERNANCE,"Cybersecurity Governance, Risk and Compliance",SECURITY,Cybersecurity,medium,manual_title_by_title_resolution_v2,1,
TITLE:30867,30867,Information Security Engineer,core,source_supported_proposal,1,1,SECURITY_ENGINEER,Security Engineer,SECURITY_ENGINEERING,Cybersecurity Engineering,SECURITY,Cybersecurity,existing,existing_reviewed_mapping,1,Preserved existing leaf assignment.
TITLE:30868,30868,Information Security Implement,core,parent_only_proposal,1,1,SECURITY_ENGINEER,Security Engineer,SECURITY_ENGINEERING,Cybersecurity Engineering,SECURITY,Cybersecurity,medium,manual_title_by_title_resolution_v2,1,
TITLE:30869,30869,Information Security Loss Prevention Engineer,core,source_supported_proposal,1,1,SECURITY_ENGINEER,Security Engineer,SECURITY_ENGINEERING,Cybersecurity Engineering,SECURITY,Cybersecurity,existing,existing_reviewed_mapping,1,Preserved existing leaf assignment.
TITLE:30870,30870,Information Security Manager,core,source_supported_proposal,1,1,SECURITY_MANAGER,Cybersecurity Manager,SECURITY_GOVERNANCE,"Cybersecurity Governance, Risk and Compliance",SECURITY,Cybersecurity,existing,existing_reviewed_mapping,1,Preserved existing leaf assignment.
TITLE:30871,30871,Information Security Officer,core,source_supported_proposal,1,1,SECURITY_GRC,Cybersecurity GRC Specialist,SECURITY_GOVERNANCE,"Cybersecurity Governance, Risk and Compliance",SECURITY,Cybersecurity,medium,manual_title_by_title_resolution_v2,1,
TITLE:30871,30871,Information Security Officer,core,source_supported_proposal,2,0,SECURITY_MANAGER,Cybersecurity Manager,SECURITY_GOVERNANCE,"Cybersecurity Governance, Risk and Compliance",SECURITY,Cybersecurity,medium,manual_title_by_title_resolution_v2,1,
TITLE:30872,30872,Information Security Risk Analyst,core,source_supported_proposal,1,1,SECURITY_GRC,Cybersecurity GRC Specialist,SECURITY_GOVERNANCE,"Cybersecurity Governance, Risk and Compliance",SECURITY,Cybersecurity,existing,existing_reviewed_mapping,1,Preserved existing leaf assignment.
TITLE:30873,30873,Information Security Specialist,core,parent_only_proposal,1,1,SECURITY_SPECIALIST_GENERAL,Cybersecurity Specialist (General),SECURITY_OPERATIONS,Cybersecurity Operations,SECURITY,Cybersecurity,medium,manual_title_by_title_resolution_v2,1,
TITLE:30873,30873,Information Security Specialist,core,parent_only_proposal,2,0,SECURITY_GRC,Cybersecurity GRC Specialist,SECURITY_GOVERNANCE,"Cybersecurity Governance, Risk and Compliance",SECURITY,Cybersecurity,medium,manual_title_by_title_resolution_v2,1,
TITLE:30878,30878,Information Systems Administrator,core,source_supported_proposal,1,1,SYSTEM_ADMIN,Systems Administrator,SYSTEMS_OPERATIONS,Systems Administration and Operations,PLATFORM_INFRASTRUCTURE,"Cloud, Platforms and IT Operations",existing,existing_reviewed_mapping,1,Preserved existing leaf assignment.
TITLE:30879,30879,Information Systems Analyst (ISA),core,source_supported_proposal,1,1,SYSTEMS_ANALYST,Systems Analyst,SYSTEMS_ANALYSIS,Business and Systems Analysis,ARCHITECTURE_ANALYSIS,IT Architecture and Systems Analysis,existing,existing_reviewed_mapping,1,Preserved existing leaf assignment.
TITLE:30880,30880,Information Systems Architect,core,source_supported_proposal,1,1,SYSTEMS_ARCHITECT,Systems Architect,SYSTEMS_ARCHITECTURE,Enterprise and Systems Architecture,ARCHITECTURE_ANALYSIS,IT Architecture and Systems Analysis,existing,existing_reviewed_mapping,1,Preserved existing leaf assignment.
TITLE:30881,30881,Information Systems Auditor,review,non_it_source_collision,1,1,IT_AUDITOR,IT Auditor,SECURITY_GOVERNANCE,"Cybersecurity Governance, Risk and Compliance",SECURITY,Cybersecurity,medium,manual_title_by_title_resolution_v2,1,
TITLE:30882,30882,Information Systems Consultant (IS Consultant),core,parent_only_proposal,1,1,IT_CONSULTANT,IT Consultant,SYSTEMS_ANALYSIS,Business and Systems Analysis,ARCHITECTURE_ANALYSIS,IT Architecture and Systems Analysis,medium,manual_title_by_title_resolution_v2,1,
TITLE:30882,30882,Information Systems Consultant (IS Consultant),core,parent_only_proposal,2,0,SYSTEMS_ANALYST,Systems Analyst,SYSTEMS_ANALYSIS,Business and Systems Analysis,ARCHITECTURE_ANALYSIS,IT Architecture and Systems Analysis,medium,manual_title_by_title_resolution_v2,1,
TITLE:30883,30883,Information Systems Coordinator (IS Coordinator),review,unresolved,1,1,SYSTEM_ADMIN,Systems Administrator,SYSTEMS_OPERATIONS,Systems Administration and Operations,PLATFORM_INFRASTRUCTURE,"Cloud, Platforms and IT Operations",medium,manual_title_by_title_resolution_v2,1,
TITLE:30883,30883,Information Systems Coordinator (IS Coordinator),review,unresolved,2,0,IT_PROJECT_MANAGER,IT Project Manager,PROJECT_PRODUCT,IT Project and Product Delivery,IT_DELIVERY,IT Leadership and Delivery,medium,manual_title_by_title_resolution_v2,1,
TITLE:30884,30884,Information Systems Director (IS Director),core,source_supported_proposal,1,1,IT_MANAGER,IT Manager,IT_MANAGEMENT,IT and Engineering Management,IT_DELIVERY,IT Leadership and Delivery,existing,existing_reviewed_mapping,1,Preserved existing leaf assignment.
TITLE:30885,30885,Information Systems Engineer,core,parent_only_proposal,1,1,SYSTEMS_ENGINEER,Computer Systems Engineer,SYSTEMS_ARCHITECTURE,Enterprise and Systems Architecture,ARCHITECTURE_ANALYSIS,IT Architecture and Systems Analysis,medium,manual_title_by_title_resolution_v2,1,
TITLE:30886,30886,Information Systems Manager (IS Manager),core,source_supported_proposal,1,1,IT_MANAGER,IT Manager,IT_MANAGEMENT,IT and Engineering Management,IT_DELIVERY,IT Leadership and Delivery,existing,existing_reviewed_mapping,1,Preserved existing leaf assignment.
TITLE:30887,30887,Information Systems Operator,core,source_supported_proposal,1,1,COMPUTER_OPERATOR,Computer and Systems Operator,SYSTEMS_OPERATIONS,Systems Administration and Operations,PLATFORM_INFRASTRUCTURE,"Cloud, Platforms and IT Operations",medium,manual_title_by_title_resolution_v2,1,
TITLE:30887,30887,Information Systems Operator,core,source_supported_proposal,2,0,SYSTEM_ADMIN,Systems Administrator,SYSTEMS_OPERATIONS,Systems Administration and Operations,PLATFORM_INFRASTRUCTURE,"Cloud, Platforms and IT Operations",medium,manual_title_by_title_resolution_v2,1,
TITLE:30888,30888,Information Systems Planner (IS Planner),core,source_supported_proposal,1,1,SYSTEMS_ANALYST,Systems Analyst,SYSTEMS_ANALYSIS,Business and Systems Analysis,ARCHITECTURE_ANALYSIS,IT Architecture and Systems Analysis,medium,manual_title_by_title_resolution_v2,1,
TITLE:30888,30888,Information Systems Planner (IS Planner),core,source_supported_proposal,2,0,IT_PROJECT_MANAGER,IT Project Manager,PROJECT_PRODUCT,IT Project and Product Delivery,IT_DELIVERY,IT Leadership and Delivery,medium,manual_title_by_title_resolution_v2,1,
TITLE:30890,30890,Information Systems Project Manager (IS Project Manager),core,parent_only_proposal,1,1,IT_PROJECT_MANAGER,IT Project Manager,PROJECT_PRODUCT,IT Project and Product Delivery,IT_DELIVERY,IT Leadership and Delivery,high,manual_title_by_title_resolution_v2,1,Information-systems project management role.
TITLE:30891,30891,Information Systems Security Developer,core,label_policy_proposal,1,1,SECURITY_ENGINEER,Security Engineer,SECURITY_ENGINEERING,Cybersecurity Engineering,SECURITY,Cybersecurity,existing,existing_reviewed_mapping,1,Preserved existing leaf assignment.
TITLE:30892,30892,Information Systems Security Officer (ISSO),core,parent_only_proposal,1,1,SECURITY_GRC,Cybersecurity GRC Specialist,SECURITY_GOVERNANCE,"Cybersecurity Governance, Risk and Compliance",SECURITY,Cybersecurity,high,manual_title_by_title_resolution_v2,1,Information systems security officer is primarily governance/assurance.
TITLE:30892,30892,Information Systems Security Officer (ISSO),core,parent_only_proposal,2,0,SECURITY_MANAGER,Cybersecurity Manager,SECURITY_GOVERNANCE,"Cybersecurity Governance, Risk and Compliance",SECURITY,Cybersecurity,high,manual_title_by_title_resolution_v2,1,Information systems security officer is primarily governance/assurance.
TITLE:30893,30893,Information Systems Security Scientist,review,unresolved,1,1,SECURITY_ENGINEER,Security Engineer,SECURITY_ENGINEERING,Cybersecurity Engineering,SECURITY,Cybersecurity,medium,manual_title_by_title_resolution_v2,1,
TITLE:30893,30893,Information Systems Security Scientist,review,unresolved,2,0,COMPUTER_SCIENTIST,Computer Research Scientist,DATA_SCIENCE_RESEARCH,Data Science and Computing Research,DATA_AI,"Data, Analytics and Artificial Intelligence",medium,manual_title_by_title_resolution_v2,1,
TITLE:30894,30894,Information Systems Specialist (IS Specialist),core,parent_only_proposal,1,1,SYSTEMS_SPECIALIST_GENERAL,Systems Specialist (General),SYSTEMS_ANALYSIS,Business and Systems Analysis,ARCHITECTURE_ANALYSIS,IT Architecture and Systems Analysis,medium,manual_title_by_title_resolution_v2,1,
TITLE:30894,30894,Information Systems Specialist (IS Specialist),core,parent_only_proposal,2,0,SYSTEMS_ANALYST,Systems Analyst,SYSTEMS_ANALYSIS,Business and Systems Analysis,ARCHITECTURE_ANALYSIS,IT Architecture and Systems Analysis,medium,manual_title_by_title_resolution_v2,1,
TITLE:30895,30895,Information Systems Supervisor (IS Supervisor),core,parent_only_proposal,1,1,IT_MANAGER,IT Manager,IT_MANAGEMENT,IT and Engineering Management,IT_DELIVERY,IT Leadership and Delivery,medium,manual_title_by_title_resolution_v2,1,
TITLE:30895,30895,Information Systems Supervisor (IS Supervisor),core,parent_only_proposal,2,0,IT_OPERATIONS_MANAGER,IT Operations Manager,IT_MANAGEMENT,IT and Engineering Management,IT_DELIVERY,IT Leadership and Delivery,medium,manual_title_by_title_resolution_v2,1,
TITLE:30896,30896,Information Systems Technician,core,parent_only_proposal,1,1,COMPUTER_TECHNICIAN,Computer Hardware Technician,HARDWARE_SUPPORT,Computer Hardware Support,SUPPORT,IT Support,medium,manual_title_by_title_resolution_v2,1,
TITLE:30896,30896,Information Systems Technician,core,parent_only_proposal,2,0,NETWORK_TECHNICIAN,Network Technician,NETWORK_ENGINEERING,Computer Network Engineering,NETWORKS,Networks and Telecommunications,medium,manual_title_by_title_resolution_v2,1,
TITLE:30899,30899,Information Technology Audit Manager,core,parent_only_proposal,1,1,IT_AUDITOR,IT Auditor,SECURITY_GOVERNANCE,"Cybersecurity Governance, Risk and Compliance",SECURITY,Cybersecurity,medium,manual_title_by_title_resolution_v2,1,
TITLE:30900,30900,Information Technology Auditor,core,parent_only_proposal,1,1,IT_AUDITOR,IT Auditor,SECURITY_GOVERNANCE,"Cybersecurity Governance, Risk and Compliance",SECURITY,Cybersecurity,medium,manual_title_by_title_resolution_v2,1,
TITLE:30901,30901,Information Technology Consultant,core,source_supported_proposal,1,1,IT_CONSULTANT,IT Consultant,SYSTEMS_ANALYSIS,Business and Systems Analysis,ARCHITECTURE_ANALYSIS,IT Architecture and Systems Analysis,existing,existing_reviewed_mapping,1,Preserved existing leaf assignment.
TITLE:30902,30902,Information Technology Coordinator (IT Coordinator),core,parent_only_proposal,1,1,IT_MANAGER,IT Manager,IT_MANAGEMENT,IT and Engineering Management,IT_DELIVERY,IT Leadership and Delivery,medium,manual_title_by_title_resolution_v2,1,
TITLE:30902,30902,Information Technology Coordinator (IT Coordinator),core,parent_only_proposal,2,0,IT_PROJECT_MANAGER,IT Project Manager,PROJECT_PRODUCT,IT Project and Product Delivery,IT_DELIVERY,IT Leadership and Delivery,medium,manual_title_by_title_resolution_v2,1,
TITLE:30903,30903,Information Technology Director,core,source_supported_proposal,1,1,IT_MANAGER,IT Manager,IT_MANAGEMENT,IT and Engineering Management,IT_DELIVERY,IT Leadership and Delivery,existing,existing_reviewed_mapping,1,Preserved existing leaf assignment.
TITLE:30904,30904,Information Technology Expert,review,non_it_source_collision,1,1,IT_GENERALIST,IT Generalist,USER_APPLICATION_SUPPORT,User and Application Support,SUPPORT,IT Support,medium,manual_title_by_title_resolution_v2,1,
TITLE:30904,30904,Information Technology Expert,review,non_it_source_collision,2,0,SYSTEMS_SPECIALIST_GENERAL,Systems Specialist (General),SYSTEMS_ANALYSIS,Business and Systems Analysis,ARCHITECTURE_ANALYSIS,IT Architecture and Systems Analysis,medium,manual_title_by_title_resolution_v2,1,
TITLE:30907,30907,Information Technology Network Specialist (IT Network Specialist),core,source_supported_proposal,1,1,NETWORK_TECHNICIAN,Network Technician,NETWORK_ENGINEERING,Computer Network Engineering,NETWORKS,Networks and Telecommunications,existing,existing_reviewed_mapping,1,Preserved existing leaf assignment.
TITLE:30908,30908,Information Technology Operations Analyst (IT Operations Analyst),core,parent_only_proposal,1,1,SYSTEM_ADMIN,Systems Administrator,SYSTEMS_OPERATIONS,Systems Administration and Operations,PLATFORM_INFRASTRUCTURE,"Cloud, Platforms and IT Operations",medium,manual_title_by_title_resolution_v2,1,
TITLE:30908,30908,Information Technology Operations Analyst (IT Operations Analyst),core,parent_only_proposal,2,0,NETWORK_ADMIN,Network Administrator,NETWORK_ENGINEERING,Computer Network Engineering,NETWORKS,Networks and Telecommunications,medium,manual_title_by_title_resolution_v2,1,
TITLE:30910,30910,Information Technology Project Managers,core,preferred_source_supported_proposal,1,1,IT_PROJECT_MANAGER,IT Project Manager,PROJECT_PRODUCT,IT Project and Product Delivery,IT_DELIVERY,IT Leadership and Delivery,existing,existing_reviewed_mapping,1,Preserved existing leaf assignment.
TITLE:30911,30911,Information Technology Security Architect (IT Security Architect),core,source_supported_proposal,1,1,SECURITY_ARCHITECT,Security Architect,SECURITY_ENGINEERING,Cybersecurity Engineering,SECURITY,Cybersecurity,existing,existing_reviewed_mapping,1,Preserved existing leaf assignment.
TITLE:30912,30912,Information Technology Security Specialist (IT Security Specialist),review,unresolved,1,1,SECURITY_SPECIALIST_GENERAL,Cybersecurity Specialist (General),SECURITY_OPERATIONS,Cybersecurity Operations,SECURITY,Cybersecurity,medium,manual_title_by_title_resolution_v2,1,
TITLE:30912,30912,Information Technology Security Specialist (IT Security Specialist),review,unresolved,2,0,SECURITY_GRC,Cybersecurity GRC Specialist,SECURITY_GOVERNANCE,"Cybersecurity Governance, Risk and Compliance",SECURITY,Cybersecurity,medium,manual_title_by_title_resolution_v2,1,
TITLE:30913,30913,Information Technology Technical Support Specialist (IT Technical Support Specialist),review,unresolved,1,1,SUPPORT_ENGINEER,IT Support Engineer,USER_APPLICATION_SUPPORT,User and Application Support,SUPPORT,IT Support,existing,existing_reviewed_mapping,1,Preserved existing leaf assignment.
TITLE:30914,30914,Information Transport Systems Technician,review,unresolved,1,1,COMPUTER_TECHNICIAN,Computer Hardware Technician,HARDWARE_SUPPORT,Computer Hardware Support,SUPPORT,IT Support,medium,manual_title_by_title_resolution_v2,1,
TITLE:30914,30914,Information Transport Systems Technician,review,unresolved,2,0,NETWORK_TECHNICIAN,Network Technician,NETWORK_ENGINEERING,Computer Network Engineering,NETWORKS,Networks and Telecommunications,medium,manual_title_by_title_resolution_v2,1,
TITLE:31365,31365,Integrated Circuit Design Engineer (IC Design Engineer),review,non_it_source_collision,1,1,HARDWARE_ENGINEER,Computer Hardware Engineer,HARDWARE_ENGINEERING,Computing Hardware Engineering,COMPUTER_HARDWARE,Computer Hardware Engineering,medium,manual_title_by_title_resolution_v2,1,
TITLE:31365,31365,Integrated Circuit Design Engineer (IC Design Engineer),review,non_it_source_collision,2,0,EMBEDDED_DESIGNER,Embedded System Designer,HARDWARE_ENGINEERING,Computing Hardware Engineering,COMPUTER_HARDWARE,Computer Hardware Engineering,medium,manual_title_by_title_resolution_v2,1,
TITLE:31366,31366,Integrated Circuit Designer,review,non_it_source_collision,1,1,HARDWARE_ENGINEER,Computer Hardware Engineer,HARDWARE_ENGINEERING,Computing Hardware Engineering,COMPUTER_HARDWARE,Computer Hardware Engineering,medium,manual_title_by_title_resolution_v2,1,
TITLE:31366,31366,Integrated Circuit Designer,review,non_it_source_collision,2,0,EMBEDDED_DESIGNER,Embedded System Designer,HARDWARE_ENGINEERING,Computing Hardware Engineering,COMPUTER_HARDWARE,Computer Hardware Engineering,medium,manual_title_by_title_resolution_v2,1,
TITLE:31367,31367,Integrated Circuit Engineer,review,non_it_source_collision,1,1,HARDWARE_ENGINEER,Computer Hardware Engineer,HARDWARE_ENGINEERING,Computing Hardware Engineering,COMPUTER_HARDWARE,Computer Hardware Engineering,medium,manual_title_by_title_resolution_v2,1,
TITLE:31367,31367,Integrated Circuit Engineer,review,non_it_source_collision,2,0,EMBEDDED_DESIGNER,Embedded System Designer,HARDWARE_ENGINEERING,Computing Hardware Engineering,COMPUTER_HARDWARE,Computer Hardware Engineering,medium,manual_title_by_title_resolution_v2,1,
TITLE:31382,31382,Integration Testers,core,source_supported_proposal,1,1,INTEGRATION_TESTER,Integration Test Engineer,SOFTWARE_TESTING,Software Quality and Testing,SOFTWARE,Software Engineering,existing,existing_reviewed_mapping,1,Preserved existing leaf assignment.
TITLE:31418,31418,Intelligent System Designer,core,source_supported_proposal,1,1,KNOWLEDGE_ENGINEER,Knowledge Engineer,AI_ENGINEERING,AI and Machine Learning Engineering,DATA_AI,"Data, Analytics and Artificial Intelligence",existing,existing_reviewed_mapping,1,Preserved existing leaf assignment.
TITLE:31419,31419,Intelligent Systems Developer,core,source_supported_proposal,1,1,KNOWLEDGE_ENGINEER,Knowledge Engineer,AI_ENGINEERING,AI and Machine Learning Engineering,DATA_AI,"Data, Analytics and Artificial Intelligence",existing,existing_reviewed_mapping,1,Preserved existing leaf assignment.
TITLE:31420,31420,Intelligent Systems Engineer,review,source_scope_conflict,1,1,KNOWLEDGE_ENGINEER,Knowledge Engineer,AI_ENGINEERING,AI and Machine Learning Engineering,DATA_AI,"Data, Analytics and Artificial Intelligence",existing,existing_reviewed_mapping,1,Preserved existing leaf assignment.
TITLE:31431,31431,Interactive Digital Media Specialist,review,non_it_source_collision,1,1,UX_DESIGNER,User Experience Designer,DIGITAL_EXPERIENCE,Digital Interface and User Experience,DIGITAL_DESIGN,Digital Product Design,medium,manual_title_by_title_resolution_v2,1,
TITLE:31431,31431,Interactive Digital Media Specialist,review,non_it_source_collision,2,0,UI_DESIGNER,User Interface Designer,DIGITAL_EXPERIENCE,Digital Interface and User Experience,DIGITAL_DESIGN,Digital Product Design,medium,manual_title_by_title_resolution_v2,1,
TITLE:31431,31431,Interactive Digital Media Specialist,review,non_it_source_collision,3,0,WEB_DESIGNER,Web Designer,DIGITAL_EXPERIENCE,Digital Interface and User Experience,DIGITAL_DESIGN,Digital Product Design,medium,manual_title_by_title_resolution_v2,1,
TITLE:31440,31440,Interactive Web Designer,core,source_supported_proposal,1,1,WEB_DESIGNER,Web Designer,DIGITAL_EXPERIENCE,Digital Interface and User Experience,DIGITAL_DESIGN,Digital Product Design,existing,existing_reviewed_mapping,1,Preserved existing leaf assignment.
TITLE:31694,31694,Internet Analyst,review,unresolved,1,1,SYSTEMS_ANALYST,Systems Analyst,SYSTEMS_ANALYSIS,Business and Systems Analysis,ARCHITECTURE_ANALYSIS,IT Architecture and Systems Analysis,medium,manual_title_by_title_resolution_v2,1,
TITLE:31694,31694,Internet Analyst,review,unresolved,2,0,WEB_ADMIN,Web Administrator,SYSTEMS_OPERATIONS,Systems Administration and Operations,PLATFORM_INFRASTRUCTURE,"Cloud, Platforms and IT Operations",medium,manual_title_by_title_resolution_v2,1,
TITLE:31695,31695,Internet Application Developer,core,source_supported_proposal,1,1,WEB_DEVELOPER,Web Developer,SOFTWARE_DEVELOPMENT,Software Development,SOFTWARE,Software Engineering,existing,existing_reviewed_mapping,1,Preserved existing leaf assignment.
TITLE:31696,31696,Internet Architect,core,source_supported_proposal,1,1,NETWORK_ARCHITECT,Network Architect,NETWORK_ENGINEERING,Computer Network Engineering,NETWORKS,Networks and Telecommunications,existing,existing_reviewed_mapping,1,Preserved existing leaf assignment.
TITLE:31699,31699,Internet Consultant,core,parent_only_proposal,1,1,IT_CONSULTANT,IT Consultant,SYSTEMS_ANALYSIS,Business and Systems Analysis,ARCHITECTURE_ANALYSIS,IT Architecture and Systems Analysis,medium,manual_title_by_title_resolution_v2,1,
TITLE:31699,31699,Internet Consultant,core,parent_only_proposal,2,0,WEB_DEVELOPER,Web Developer,SOFTWARE_DEVELOPMENT,Software Development,SOFTWARE,Software Engineering,medium,manual_title_by_title_resolution_v2,1,
TITLE:31700,31700,Internet Database Specialist,core,parent_only_proposal,1,1,DATABASE_ADMIN,Database Administrator,DATABASE_ENGINEERING,Database Engineering,DATA_AI,"Data, Analytics and Artificial Intelligence",medium,manual_title_by_title_resolution_v2,1,
TITLE:31700,31700,Internet Database Specialist,core,parent_only_proposal,2,0,DATABASE_ARCHITECT,Database Architect,DATABASE_ENGINEERING,Database Engineering,DATA_AI,"Data, Analytics and Artificial Intelligence",medium,manual_title_by_title_resolution_v2,1,
TITLE:31701,31701,Internet Developer,core,source_supported_proposal,1,1,WEB_DEVELOPER,Web Developer,SOFTWARE_DEVELOPMENT,Software Development,SOFTWARE,Software Engineering,existing,existing_reviewed_mapping,1,Preserved existing leaf assignment.
TITLE:31702,31702,Internet E-commerce Specialist (internet Electronic Commerce Specialist),review,non_it_source_collision,1,1,OUTSIDE_IT_SCOPE,Outside IT Scope,OUTSIDE_SCOPE,Outside IT Occupational Scope,EXCLUSIONS,Excluded / Non-operational Labels,high,manual_title_by_title_resolution_v2,0,
TITLE:31709,31709,Internet Network Specialist,core,source_supported_proposal,1,1,NETWORK_TECHNICIAN,Network Technician,NETWORK_ENGINEERING,Computer Network Engineering,NETWORKS,Networks and Telecommunications,existing,existing_reviewed_mapping,1,Preserved existing leaf assignment.
TITLE:31711,31711,Internet Programmer,core,parent_only_proposal,1,1,WEB_DEVELOPER,Web Developer,SOFTWARE_DEVELOPMENT,Software Development,SOFTWARE,Software Engineering,medium,manual_title_by_title_resolution_v2,1,
TITLE:31711,31711,Internet Programmer,core,parent_only_proposal,2,0,COMPUTER_PROGRAMMER,Computer Programmer,SOFTWARE_DEVELOPMENT,Software Development,SOFTWARE,Software Engineering,medium,manual_title_by_title_resolution_v2,1,
TITLE:31712,31712,Internet Project Manager,core,source_supported_proposal,1,1,IT_PROJECT_MANAGER,IT Project Manager,PROJECT_PRODUCT,IT Project and Product Delivery,IT_DELIVERY,IT Leadership and Delivery,existing,existing_reviewed_mapping,1,Preserved existing leaf assignment.
TITLE:31714,31714,Internet Security Specialist,core,parent_only_proposal,1,1,SECURITY_SPECIALIST_GENERAL,Cybersecurity Specialist (General),SECURITY_OPERATIONS,Cybersecurity Operations,SECURITY,Cybersecurity,medium,manual_title_by_title_resolution_v2,1,
TITLE:31715,31715,Internet Site Designer,core,source_supported_proposal,1,1,WEB_DESIGNER,Web Designer,DIGITAL_EXPERIENCE,Digital Interface and User Experience,DIGITAL_DESIGN,Digital Product Design,medium,manual_title_by_title_resolution_v2,1,
TITLE:31716,31716,Internet Specialist,core,source_supported_proposal,1,1,WEB_DEVELOPER,Web Developer,SOFTWARE_DEVELOPMENT,Software Development,SOFTWARE,Software Engineering,medium,manual_title_by_title_resolution_v2,1,
TITLE:31716,31716,Internet Specialist,core,source_supported_proposal,2,0,NETWORK_SUPPORT,Network Support Specialist,NETWORK_ENGINEERING,Computer Network Engineering,NETWORKS,Networks and Telecommunications,medium,manual_title_by_title_resolution_v2,1,
TITLE:31716,31716,Internet Specialist,core,source_supported_proposal,3,0,WEB_ADMIN,Web Administrator,SYSTEMS_OPERATIONS,Systems Administration and Operations,PLATFORM_INFRASTRUCTURE,"Cloud, Platforms and IT Operations",medium,manual_title_by_title_resolution_v2,1,
TITLE:31717,31717,Internet Systems Administrator,core,source_supported_proposal,1,1,SYSTEM_ADMIN,Systems Administrator,SYSTEMS_OPERATIONS,Systems Administration and Operations,PLATFORM_INFRASTRUCTURE,"Cloud, Platforms and IT Operations",existing,existing_reviewed_mapping,1,Preserved existing leaf assignment.
TITLE:31718,31718,Internet Technology Manager,core,parent_only_proposal,1,1,IT_MANAGER,IT Manager,IT_MANAGEMENT,IT and Engineering Management,IT_DELIVERY,IT Leadership and Delivery,medium,manual_title_by_title_resolution_v2,1,
TITLE:31718,31718,Internet Technology Manager,core,parent_only_proposal,2,0,IT_OPERATIONS_MANAGER,IT Operations Manager,IT_MANAGEMENT,IT and Engineering Management,IT_DELIVERY,IT Leadership and Delivery,medium,manual_title_by_title_resolution_v2,1,
TITLE:31719,31719,Internet and E-business Project Manager,core,source_supported_proposal,1,1,IT_PROJECT_MANAGER,IT Project Manager,PROJECT_PRODUCT,IT Project and Product Delivery,IT_DELIVERY,IT Leadership and Delivery,existing,existing_reviewed_mapping,1,Preserved existing leaf assignment.
TITLE:31721,31721,Internet of Things Security Specialist (iot Security Specialist),core,source_supported_proposal,1,1,EMBEDDED_SECURITY,Embedded and IoT Security Engineer,SECURITY_ENGINEERING,Cybersecurity Engineering,SECURITY,Cybersecurity,existing,existing_reviewed_mapping,1,Preserved existing leaf assignment.
TITLE:31722,31722,Internetwork Expert (CCIE),core,source_supported_proposal,1,1,NETWORK_ENGINEER,Network Engineer,NETWORK_ENGINEERING,Computer Network Engineering,NETWORKS,Networks and Telecommunications,existing,existing_reviewed_mapping,1,Preserved existing leaf assignment.
TITLE:31723,31723,Internetworking Technician,core,source_supported_proposal,1,1,NETWORK_TECHNICIAN,Network Technician,NETWORK_ENGINEERING,Computer Network Engineering,NETWORKS,Networks and Telecommunications,existing,existing_reviewed_mapping,1,Preserved existing leaf assignment.
TITLE:31754,31754,Intranet Developer,core,source_supported_proposal,1,1,WEB_DEVELOPER,Web Developer,SOFTWARE_DEVELOPMENT,Software Development,SOFTWARE,Software Engineering,existing,existing_reviewed_mapping,1,Preserved existing leaf assignment.
TITLE:31859,31859,Ios Developer,core,label_policy_proposal,1,1,IOS_DEVELOPER,iOS Developer,SOFTWARE_DEVELOPMENT,Software Development,SOFTWARE,Software Engineering,existing,existing_reviewed_mapping,1,Preserved existing leaf assignment.
TITLE:31860,31860,Iot Developer,core,preferred_source_supported_proposal,1,1,IOT_DEVELOPER,IoT Developer,SPECIALIZED_DEVELOPMENT,Specialized Software Development,SOFTWARE,Software Engineering,existing,existing_reviewed_mapping,1,Preserved existing leaf assignment.
TITLE:31861,31861,Iot Security Engineer,core,source_supported_proposal,1,1,EMBEDDED_SECURITY,Embedded and IoT Security Engineer,SECURITY_ENGINEERING,Cybersecurity Engineering,SECURITY,Cybersecurity,existing,existing_reviewed_mapping,1,Preserved existing leaf assignment.
TITLE:31989,31989,Java Architect,core,source_supported_proposal,1,1,SOFTWARE_ARCHITECT,Software Architect,SOFTWARE_DEVELOPMENT,Software Development,SOFTWARE,Software Engineering,existing,existing_reviewed_mapping,1,Preserved existing leaf assignment.
TITLE:31990,31990,Java Developer,core,parent_only_proposal,1,1,APPLICATION_DEVELOPER,Software Developer / Engineer (General),SOFTWARE_DEVELOPMENT,Software Development,SOFTWARE,Software Engineering,medium,manual_title_by_title_resolution_v2,1,
TITLE:31990,31990,Java Developer,core,parent_only_proposal,2,0,BACKEND_DEVELOPER,Backend Developer,SOFTWARE_DEVELOPMENT,Software Development,SOFTWARE,Software Engineering,medium,manual_title_by_title_resolution_v2,1,
TITLE:31991,31991,Java Programmer,core,parent_only_proposal,1,1,COMPUTER_PROGRAMMER,Computer Programmer,SOFTWARE_DEVELOPMENT,Software Development,SOFTWARE,Software Engineering,medium,manual_title_by_title_resolution_v2,1,
TITLE:31991,31991,Java Programmer,core,parent_only_proposal,2,0,BACKEND_DEVELOPER,Backend Developer,SOFTWARE_DEVELOPMENT,Software Development,SOFTWARE,Software Engineering,medium,manual_title_by_title_resolution_v2,1,
TITLE:31993,31993,Java Software Engineer,core,parent_only_proposal,1,1,APPLICATION_DEVELOPER,Software Developer / Engineer (General),SOFTWARE_DEVELOPMENT,Software Development,SOFTWARE,Software Engineering,medium,manual_title_by_title_resolution_v2,1,
TITLE:31993,31993,Java Software Engineer,core,parent_only_proposal,2,0,BACKEND_DEVELOPER,Backend Developer,SOFTWARE_DEVELOPMENT,Software Development,SOFTWARE,Software Engineering,medium,manual_title_by_title_resolution_v2,1,
TITLE:31994,31994,Javascript Developer,core,parent_only_proposal,1,1,FRONTEND_DEVELOPER,Frontend Developer,SOFTWARE_DEVELOPMENT,Software Development,SOFTWARE,Software Engineering,medium,manual_title_by_title_resolution_v2,1,
TITLE:31994,31994,Javascript Developer,core,parent_only_proposal,2,0,WEB_DEVELOPER,Web Developer,SOFTWARE_DEVELOPMENT,Software Development,SOFTWARE,Software Engineering,medium,manual_title_by_title_resolution_v2,1,
TITLE:32274,32274,Jquery Developer,core,parent_only_proposal,1,1,FRONTEND_DEVELOPER,Frontend Developer,SOFTWARE_DEVELOPMENT,Software Development,SOFTWARE,Software Engineering,medium,manual_title_by_title_resolution_v2,1,
TITLE:32274,32274,Jquery Developer,core,parent_only_proposal,2,0,WEB_DEVELOPER,Web Developer,SOFTWARE_DEVELOPMENT,Software Development,SOFTWARE,Software Engineering,medium,manual_title_by_title_resolution_v2,1,
TITLE:32653,32653,Knowledge Management Application Developer,core,parent_only_proposal,1,1,APPLICATION_DEVELOPER,Application Developer,SOFTWARE_DEVELOPMENT,Software Development,SOFTWARE,Software Engineering,medium,manual_title_by_title_resolution_v2,1,
TITLE:32653,32653,Knowledge Management Application Developer,core,parent_only_proposal,2,0,APPLICATION_DEVELOPER,Software Developer / Engineer (General),SOFTWARE_DEVELOPMENT,Software Development,SOFTWARE,Software Engineering,medium,manual_title_by_title_resolution_v2,1,
TITLE:32678,32678,LAN Applications Support Analyst (local Area Network Applications Support Analyst),core,source_supported_proposal,1,1,NETWORK_SUPPORT,Network Support Specialist,NETWORK_ENGINEERING,Computer Network Engineering,NETWORKS,Networks and Telecommunications,existing,existing_reviewed_mapping,1,Preserved existing leaf assignment.
TITLE:32679,32679,LAN Specialist (local Area Network Specialist),core,source_supported_proposal,1,1,NETWORK_TECHNICIAN,Network Technician,NETWORK_ENGINEERING,Computer Network Engineering,NETWORKS,Networks and Telecommunications,existing,existing_reviewed_mapping,1,Preserved existing leaf assignment.
TITLE:32680,32680,LAN Support Specialist (local Area Network Support Specialist),core,source_supported_proposal,1,1,NETWORK_SUPPORT,Network Support Specialist,NETWORK_ENGINEERING,Computer Network Engineering,NETWORKS,Networks and Telecommunications,existing,existing_reviewed_mapping,1,Preserved existing leaf assignment.
TITLE:33419,33419,Lead IT Business Analyst,core,source_supported_proposal,1,1,BUSINESS_ANALYST,IT Business Analyst,SYSTEMS_ANALYSIS,Business and Systems Analysis,ARCHITECTURE_ANALYSIS,IT Architecture and Systems Analysis,existing,existing_reviewed_mapping,1,Preserved existing leaf assignment.
TITLE:33767,33767,Legal Digital Analyst,core,parent_only_proposal,1,1,DIGITAL_FORENSICS,Digital Forensics Analyst,SECURITY_OPERATIONS,Cybersecurity Operations,SECURITY,Cybersecurity,low,manual_title_by_title_resolution_v2,1,
TITLE:33767,33767,Legal Digital Analyst,core,parent_only_proposal,2,0,DATA_ANALYST,Data Analyst,DATA_ANALYSIS,Data Analysis and Business Intelligence,DATA_AI,"Data, Analytics and Artificial Intelligence",low,manual_title_by_title_resolution_v2,1,
TITLE:34414,34414,Linked Data Engineer,core,source_supported_proposal,1,1,DATA_ENGINEER,Data Engineer,DATA_ENGINEERING,Data Engineering,DATA_AI,"Data, Analytics and Artificial Intelligence",existing,existing_reviewed_mapping,1,Preserved existing leaf assignment.
TITLE:34726,34726,Local Area Network Administrator (LAN Administrator),core,label_policy_proposal,1,1,NETWORK_ADMIN,Network Administrator,NETWORK_ENGINEERING,Computer Network Engineering,NETWORKS,Networks and Telecommunications,existing,existing_reviewed_mapping,1,Preserved existing leaf assignment.
TITLE:34745,34745,Localisation Games Tester,review,non_it_source_collision,1,1,LOCALIZATION_TESTER,Localization Tester,SOFTWARE_TESTING,Software Quality and Testing,SOFTWARE,Software Engineering,existing,existing_reviewed_mapping,1,Preserved existing leaf assignment.
TITLE:34747,34747,Localisation Tester,review,non_it_source_collision,1,1,LOCALIZATION_TESTER,Localization Tester,SOFTWARE_TESTING,Software Quality and Testing,SOFTWARE,Software Engineering,existing,existing_reviewed_mapping,1,Preserved existing leaf assignment.
TITLE:34751,34751,Localiser Quality Assurance Tester,review,non_it_source_collision,1,1,LOCALIZATION_TESTER,Localization Tester,SOFTWARE_TESTING,Software Quality and Testing,SOFTWARE,Software Engineering,existing,existing_reviewed_mapping,1,Preserved existing leaf assignment.
TITLE:35132,35132,Lotus Notes Developer,review,unresolved,1,1,APPLICATION_DEVELOPER,Application Developer,SOFTWARE_DEVELOPMENT,Software Development,SOFTWARE,Software Engineering,medium,manual_title_by_title_resolution_v2,1,
TITLE:35297,35297,MIS Director (management Information Systems Director),core,source_supported_proposal,1,1,IT_MANAGER,IT Manager,IT_MANAGEMENT,IT and Engineering Management,IT_DELIVERY,IT Leadership and Delivery,existing,existing_reviewed_mapping,1,Preserved existing leaf assignment.
TITLE:35298,35298,MIS Manager (management Information Systems Manager),review,unresolved,1,1,IT_MANAGER,IT Manager,IT_MANAGEMENT,IT and Engineering Management,IT_DELIVERY,IT Leadership and Delivery,existing,existing_reviewed_mapping,1,Preserved existing leaf assignment.
TITLE:35428,35428,Machine Learning Data Scientist,core,source_supported_proposal,1,1,ML_RESEARCHER,Machine Learning Research Scientist,DATA_SCIENCE_RESEARCH,Data Science and Computing Research,DATA_AI,"Data, Analytics and Artificial Intelligence",existing,existing_reviewed_mapping,1,Preserved existing leaf assignment.
TITLE:35429,35429,Machine Learning Engineer,core,source_supported_proposal,1,1,ML_ENGINEER,Machine Learning Engineer,AI_ENGINEERING,AI and Machine Learning Engineering,DATA_AI,"Data, Analytics and Artificial Intelligence",existing,existing_reviewed_mapping,1,Preserved existing leaf assignment.
TITLE:35430,35430,Machine Learning Scientist,core,source_supported_proposal,1,1,ML_RESEARCHER,Machine Learning Research Scientist,DATA_SCIENCE_RESEARCH,Data Science and Computing Research,DATA_AI,"Data, Analytics and Artificial Intelligence",existing,existing_reviewed_mapping,1,Preserved existing leaf assignment.
TITLE:35431,35431,Machine Learning Software Engineer,core,source_supported_proposal,1,1,ML_ENGINEER,Machine Learning Engineer,AI_ENGINEERING,AI and Machine Learning Engineering,DATA_AI,"Data, Analytics and Artificial Intelligence",existing,existing_reviewed_mapping,1,Preserved existing leaf assignment.
TITLE:35432,35432,Machine Learning Systems Designer,core,source_supported_proposal,1,1,ML_ENGINEER,Machine Learning Engineer,AI_ENGINEERING,AI and Machine Learning Engineering,DATA_AI,"Data, Analytics and Artificial Intelligence",existing,existing_reviewed_mapping,1,Preserved existing leaf assignment.
TITLE:35748,35748,Mainframe Programmer,core,source_supported_proposal,1,1,SYSTEMS_PROGRAMMER,Systems Programmer,SOFTWARE_DEVELOPMENT,Software Development,SOFTWARE,Software Engineering,existing,existing_reviewed_mapping,1,Preserved existing leaf assignment.
TITLE:35749,35749,Mainframe Systems Administrator,core,source_supported_proposal,1,1,SYSTEM_ADMIN,Systems Administrator,SYSTEMS_OPERATIONS,Systems Administration and Operations,PLATFORM_INFRASTRUCTURE,"Cloud, Platforms and IT Operations",existing,existing_reviewed_mapping,1,Preserved existing leaf assignment.
TITLE:35929,35929,Manager of Compliance and Information Security in Gambling,conditional,needs_it_duties,1,1,SECURITY_GRC,Cybersecurity GRC Specialist,SECURITY_GOVERNANCE,"Cybersecurity Governance, Risk and Compliance",SECURITY,Cybersecurity,existing,existing_reviewed_mapping,1,Preserved existing leaf assignment.
TITLE:36193,36193,Marine Electronic Networks Electrician,review,non_it_source_collision,1,1,NETWORK_TECHNICIAN,Network Technician,NETWORK_ENGINEERING,Computer Network Engineering,NETWORKS,Networks and Telecommunications,low,manual_title_by_title_resolution_v2,1,
TITLE:36193,36193,Marine Electronic Networks Electrician,review,non_it_source_collision,2,0,TELECOM_TECHNICIAN,Telecommunications Technician,TELECOM_ENGINEERING,Telecommunications Engineering,NETWORKS,Networks and Telecommunications,low,manual_title_by_title_resolution_v2,1,
TITLE:36194,36194,Marine Electronic Networks Technician,review,non_it_source_collision,1,1,NETWORK_TECHNICIAN,Network Technician,NETWORK_ENGINEERING,Computer Network Engineering,NETWORKS,Networks and Telecommunications,existing,existing_reviewed_mapping,1,Preserved existing leaf assignment.
TITLE:36338,36338,Maritime Electronic Networks Technician,review,non_it_source_collision,1,1,NETWORK_TECHNICIAN,Network Technician,NETWORK_ENGINEERING,Computer Network Engineering,NETWORKS,Networks and Telecommunications,existing,existing_reviewed_mapping,1,Preserved existing leaf assignment.
TITLE:36423,36423,Marketing Data Analyst,review,non_it_source_collision,1,1,DATA_ANALYST,Data Analyst,DATA_ANALYSIS,Data Analysis and Business Intelligence,DATA_AI,"Data, Analytics and Artificial Intelligence",existing,existing_reviewed_mapping,1,Preserved existing leaf assignment.
TITLE:36424,36424,Marketing Data Scientist,core,source_supported_proposal,1,1,DATA_SCIENTIST,Data Scientist,DATA_SCIENCE_RESEARCH,Data Science and Computing Research,DATA_AI,"Data, Analytics and Artificial Intelligence",existing,existing_reviewed_mapping,1,Preserved existing leaf assignment.
TITLE:36425,36425,Marketing Database Analyst,core,parent_only_proposal,1,1,DATA_ANALYST,Data Analyst,DATA_ANALYSIS,Data Analysis and Business Intelligence,DATA_AI,"Data, Analytics and Artificial Intelligence",medium,manual_title_by_title_resolution_v2,1,
TITLE:36425,36425,Marketing Database Analyst,core,parent_only_proposal,2,0,DATABASE_ADMIN,Database Administrator,DATABASE_ENGINEERING,Database Engineering,DATA_AI,"Data, Analytics and Artificial Intelligence",medium,manual_title_by_title_resolution_v2,1,
TITLE:36452,36452,Marketing Web Designer,core,source_supported_proposal,1,1,WEB_DESIGNER,Web Designer,DIGITAL_EXPERIENCE,Digital Interface and User Experience,DIGITAL_DESIGN,Digital Product Design,existing,existing_reviewed_mapping,1,Preserved existing leaf assignment.
TITLE:37134,37134,Medical Data Analyst,review,non_it_source_collision,1,1,DATA_ANALYST,Data Analyst,DATA_ANALYSIS,Data Analysis and Business Intelligence,DATA_AI,"Data, Analytics and Artificial Intelligence",existing,existing_reviewed_mapping,1,Preserved existing leaf assignment.
TITLE:37898,37898,Metering Data Analyst,review,non_it_source_collision,1,1,DATA_ANALYST,Data Analyst,DATA_ANALYSIS,Data Analysis and Business Intelligence,DATA_AI,"Data, Analytics and Artificial Intelligence",existing,existing_reviewed_mapping,1,Preserved existing leaf assignment.
TITLE:37938,37938,Micro Computer Data Processor,review,non_it_source_collision,1,1,OUTSIDE_IT_SCOPE,Outside IT Scope,OUTSIDE_SCOPE,Outside IT Occupational Scope,EXCLUSIONS,Excluded / Non-operational Labels,high,manual_title_by_title_resolution_v2,0,Manually classified as outside the operational IT occupation scope.
TITLE:37939,37939,Micro Computer Specialist,core,parent_only_proposal,1,1,IT_GENERALIST,IT Generalist,USER_APPLICATION_SUPPORT,User and Application Support,SUPPORT,IT Support,medium,manual_title_by_title_resolution_v2,1,
TITLE:37939,37939,Micro Computer Specialist,core,parent_only_proposal,2,0,DESKTOP_SUPPORT,Desktop Support Specialist,USER_APPLICATION_SUPPORT,User and Application Support,SUPPORT,IT Support,medium,manual_title_by_title_resolution_v2,1,
TITLE:37940,37940,Micro Computer Support Specialist,core,source_supported_proposal,1,1,SUPPORT_ENGINEER,IT Support Engineer,USER_APPLICATION_SUPPORT,User and Application Support,SUPPORT,IT Support,existing,existing_reviewed_mapping,1,Preserved existing leaf assignment.
TITLE:37941,37941,Micro Computer Technician (micro Computer Tech),core,source_supported_proposal,1,1,COMPUTER_TECHNICIAN,Computer Hardware Technician,HARDWARE_SUPPORT,Computer Hardware Support,SUPPORT,IT Support,existing,existing_reviewed_mapping,1,Preserved existing leaf assignment.
TITLE:38543,38543,Mobile App Developer,core,source_supported_proposal,1,1,MOBILE_DEVELOPER,Mobile Application Developer,SOFTWARE_DEVELOPMENT,Software Development,SOFTWARE,Software Engineering,existing,existing_reviewed_mapping,1,Preserved existing leaf assignment.
TITLE:38544,38544,Mobile App Specialist,core,parent_only_proposal,1,1,MOBILE_DEVELOPER,Mobile Application Developer,SOFTWARE_DEVELOPMENT,Software Development,SOFTWARE,Software Engineering,medium,manual_title_by_title_resolution_v2,1,
TITLE:38553,38553,Mobile Device Developer,core,parent_only_proposal,1,1,MOBILE_DEVELOPER,Mobile Application Developer,SOFTWARE_DEVELOPMENT,Software Development,SOFTWARE,Software Engineering,medium,manual_title_by_title_resolution_v2,1,
TITLE:38554,38554,Mobile Device Engineer,review,non_it_source_collision,1,1,HARDWARE_ENGINEER,Computer Hardware Engineer,HARDWARE_ENGINEERING,Computing Hardware Engineering,COMPUTER_HARDWARE,Computer Hardware Engineering,medium,manual_title_by_title_resolution_v2,1,
TITLE:38554,38554,Mobile Device Engineer,review,non_it_source_collision,2,0,EMBEDDED_DESIGNER,Embedded System Designer,HARDWARE_ENGINEERING,Computing Hardware Engineering,COMPUTER_HARDWARE,Computer Hardware Engineering,medium,manual_title_by_title_resolution_v2,1,
TITLE:38555,38555,Mobile Devices Technicians,conditional,needs_it_duties,1,1,MOBILE_REPAIR,Mobile Device Repair Technician,HARDWARE_SUPPORT,Computer Hardware Support,SUPPORT,IT Support,existing,existing_reviewed_mapping,1,Preserved existing leaf assignment.
TITLE:38568,38568,Mobile Game Engineer,core,source_supported_proposal,1,1,MOBILE_DEVELOPER,Mobile Application Developer,SOFTWARE_DEVELOPMENT,Software Development,SOFTWARE,Software Engineering,existing,existing_reviewed_mapping,1,Preserved existing leaf assignment.
TITLE:38569,38569,Mobile Hardware Maintainer,conditional,needs_it_duties,1,1,MOBILE_REPAIR,Mobile Device Repair Technician,HARDWARE_SUPPORT,Computer Hardware Support,SUPPORT,IT Support,existing,existing_reviewed_mapping,1,Preserved existing leaf assignment.
TITLE:38570,38570,Mobile Hardware Technician,conditional,needs_it_duties,1,1,MOBILE_REPAIR,Mobile Device Repair Technician,HARDWARE_SUPPORT,Computer Hardware Support,SUPPORT,IT Support,existing,existing_reviewed_mapping,1,Preserved existing leaf assignment.
TITLE:38593,38593,Mobile Phone Repair Technician,conditional,needs_it_duties,1,1,MOBILE_REPAIR,Mobile Device Repair Technician,HARDWARE_SUPPORT,Computer Hardware Support,SUPPORT,IT Support,existing,existing_reviewed_mapping,1,Preserved existing leaf assignment.
TITLE:38594,38594,Mobile Phone Repairer,conditional,needs_it_duties,1,1,MOBILE_REPAIR,Mobile Device Repair Technician,HARDWARE_SUPPORT,Computer Hardware Support,SUPPORT,IT Support,existing,existing_reviewed_mapping,1,Preserved existing leaf assignment.
TITLE:38609,38609,Mobile Radio Technician,conditional,needs_it_duties,1,1,MOBILE_REPAIR,Mobile Device Repair Technician,HARDWARE_SUPPORT,Computer Hardware Support,SUPPORT,IT Support,existing,existing_reviewed_mapping,1,Preserved existing leaf assignment.
TITLE:38612,38612,Mobile Security Engineer,core,source_supported_proposal,1,1,EMBEDDED_SECURITY,Embedded and IoT Security Engineer,SECURITY_ENGINEERING,Cybersecurity Engineering,SECURITY,Cybersecurity,existing,existing_reviewed_mapping,1,Preserved existing leaf assignment.
TITLE:39357,39357,Multimedia Developer,review,unresolved,1,1,WEB_DEVELOPER,Web Developer,SOFTWARE_DEVELOPMENT,Software Development,SOFTWARE,Software Engineering,medium,manual_title_by_title_resolution_v2,1,
TITLE:39357,39357,Multimedia Developer,review,unresolved,2,0,FRONTEND_DEVELOPER,Frontend Developer,SOFTWARE_DEVELOPMENT,Software Development,SOFTWARE,Software Engineering,medium,manual_title_by_title_resolution_v2,1,
TITLE:39375,39375,Multimedia Telecommunications Systems Integrator,core,source_supported_proposal,1,1,INTEGRATION_ENGINEER,Systems Integration Engineer,SYSTEMS_ARCHITECTURE,Enterprise and Systems Architecture,ARCHITECTURE_ANALYSIS,IT Architecture and Systems Analysis,existing,existing_reviewed_mapping,1,Preserved existing leaf assignment.
TITLE:39376,39376,Multimedia Web Designer,core,source_supported_proposal,1,1,WEB_DESIGNER,Web Designer,DIGITAL_EXPERIENCE,Digital Interface and User Experience,DIGITAL_DESIGN,Digital Product Design,existing,existing_reviewed_mapping,1,Preserved existing leaf assignment.
TITLE:39612,39612,NLP Engineer (natural Language Processing Engineer),core,source_supported_proposal,1,1,NLP_ENGINEER,Natural Language Processing Engineer,AI_ENGINEERING,AI and Machine Learning Engineering,DATA_AI,"Data, Analytics and Artificial Intelligence",existing,existing_reviewed_mapping,1,Preserved existing leaf assignment.
TITLE:39613,39613,NOC Engineer (network Operations Center Engineer),core,source_supported_proposal,1,1,NETWORK_ENGINEER,Network Engineer,NETWORK_ENGINEERING,Computer Network Engineering,NETWORKS,Networks and Telecommunications,existing,existing_reviewed_mapping,1,Preserved existing leaf assignment.
TITLE:39785,39785,Naval Tactical Data System--combat Information Center Officer,review,non_it_source_collision,1,1,OUTSIDE_IT_SCOPE,Outside IT Scope,OUTSIDE_SCOPE,Outside IT Occupational Scope,EXCLUSIONS,Excluded / Non-operational Labels,high,manual_title_by_title_resolution_v2,0,Military/intelligence occupation; excluded from civilian IT recommender taxonomy.
TITLE:39786,39786,"Naval Tactical Data System--combat Information Center Watch Officer, Carrier Controlled Approach Controller",review,non_it_source_collision,1,1,OUTSIDE_IT_SCOPE,Outside IT Scope,OUTSIDE_SCOPE,Outside IT Occupational Scope,EXCLUSIONS,Excluded / Non-operational Labels,high,manual_title_by_title_resolution_v2,0,Military/intelligence occupation; excluded from civilian IT recommender taxonomy.
TITLE:39797,39797,Navy Command and Control System (NCCS) Ashore System/operator,review,non_it_source_collision,1,1,OUTSIDE_IT_SCOPE,Outside IT Scope,OUTSIDE_SCOPE,Outside IT Occupational Scope,EXCLUSIONS,Excluded / Non-operational Labels,high,manual_title_by_title_resolution_v2,0,Military/intelligence occupation; excluded from civilian IT recommender taxonomy.
TITLE:39897,39897,Network Administrator,core,preferred_source_supported_proposal,1,1,NETWORK_ADMIN,Network Administrator,NETWORK_ENGINEERING,Computer Network Engineering,NETWORKS,Networks and Telecommunications,existing,existing_reviewed_mapping,1,Preserved existing leaf assignment.
TITLE:39898,39898,Network Analyst,core,source_supported_proposal,1,1,NETWORK_TECHNICIAN,Network Technician,NETWORK_ENGINEERING,Computer Network Engineering,NETWORKS,Networks and Telecommunications,existing,existing_reviewed_mapping,1,Preserved existing leaf assignment.
TITLE:39899,39899,Network Applications Specialist,core,parent_only_proposal,1,1,NETWORK_SUPPORT,Network Support Specialist,NETWORK_ENGINEERING,Computer Network Engineering,NETWORKS,Networks and Telecommunications,medium,manual_title_by_title_resolution_v2,1,
TITLE:39899,39899,Network Applications Specialist,core,parent_only_proposal,2,0,APPLICATION_SUPPORT,Application Support Specialist,USER_APPLICATION_SUPPORT,User and Application Support,SUPPORT,IT Support,medium,manual_title_by_title_resolution_v2,1,
TITLE:39900,39900,Network Architect,core,preferred_source_supported_proposal,1,1,NETWORK_ARCHITECT,Network Architect,NETWORK_ENGINEERING,Computer Network Engineering,NETWORKS,Networks and Telecommunications,existing,existing_reviewed_mapping,1,Preserved existing leaf assignment.
TITLE:39901,39901,Network Cable Installer,conditional,needs_it_duties,1,1,NETWORK_TECHNICIAN,Network Technician,NETWORK_ENGINEERING,Computer Network Engineering,NETWORKS,Networks and Telecommunications,medium,manual_title_by_title_resolution_v2,1,
TITLE:39901,39901,Network Cable Installer,conditional,needs_it_duties,2,0,TELECOM_INSTALLER_REPAIRER,Telecommunications Equipment Installer and Repairer,TELECOM_ENGINEERING,Telecommunications Engineering,NETWORKS,Networks and Telecommunications,medium,manual_title_by_title_resolution_v2,1,
TITLE:39902,39902,Network Cable Jointer,review,non_it_source_collision,1,1,NETWORK_TECHNICIAN,Network Technician,NETWORK_ENGINEERING,Computer Network Engineering,NETWORKS,Networks and Telecommunications,medium,manual_title_by_title_resolution_v2,1,
TITLE:39902,39902,Network Cable Jointer,review,non_it_source_collision,2,0,TELECOM_INSTALLER_REPAIRER,Telecommunications Equipment Installer and Repairer,TELECOM_ENGINEERING,Telecommunications Engineering,NETWORKS,Networks and Telecommunications,medium,manual_title_by_title_resolution_v2,1,
TITLE:39903,39903,Network Cabler,conditional,needs_it_duties,1,1,NETWORK_TECHNICIAN,Network Technician,NETWORK_ENGINEERING,Computer Network Engineering,NETWORKS,Networks and Telecommunications,medium,manual_title_by_title_resolution_v2,1,
TITLE:39903,39903,Network Cabler,conditional,needs_it_duties,2,0,TELECOM_INSTALLER_REPAIRER,Telecommunications Equipment Installer and Repairer,TELECOM_ENGINEERING,Telecommunications Engineering,NETWORKS,Networks and Telecommunications,medium,manual_title_by_title_resolution_v2,1,
TITLE:39904,39904,Network Computer Consultant,core,source_supported_proposal,1,1,IT_CONSULTANT,IT Consultant,SYSTEMS_ANALYSIS,Business and Systems Analysis,ARCHITECTURE_ANALYSIS,IT Architecture and Systems Analysis,existing,existing_reviewed_mapping,1,Preserved existing leaf assignment.
TITLE:39905,39905,Network Configurator,core,source_supported_proposal,1,1,NETWORK_TECHNICIAN,Network Technician,NETWORK_ENGINEERING,Computer Network Engineering,NETWORKS,Networks and Telecommunications,existing,existing_reviewed_mapping,1,Preserved existing leaf assignment.
TITLE:39906,39906,Network Consultant,core,parent_only_proposal,1,1,NETWORK_ENGINEER,Network Engineer,NETWORK_ENGINEERING,Computer Network Engineering,NETWORKS,Networks and Telecommunications,medium,manual_title_by_title_resolution_v2,1,
TITLE:39906,39906,Network Consultant,core,parent_only_proposal,2,0,IT_CONSULTANT,IT Consultant,SYSTEMS_ANALYSIS,Business and Systems Analysis,ARCHITECTURE_ANALYSIS,IT Architecture and Systems Analysis,medium,manual_title_by_title_resolution_v2,1,
TITLE:39907,39907,Network Contractor,review,non_it_source_collision,1,1,NETWORK_ENGINEER,Network Engineer,NETWORK_ENGINEERING,Computer Network Engineering,NETWORKS,Networks and Telecommunications,medium,manual_title_by_title_resolution_v2,1,
TITLE:39907,39907,Network Contractor,review,non_it_source_collision,2,0,IT_CONSULTANT,IT Consultant,SYSTEMS_ANALYSIS,Business and Systems Analysis,ARCHITECTURE_ANALYSIS,IT Architecture and Systems Analysis,medium,manual_title_by_title_resolution_v2,1,
TITLE:39908,39908,Network Control Analyst,core,parent_only_proposal,1,1,NETWORK_ENGINEER,Network Engineer,NETWORK_ENGINEERING,Computer Network Engineering,NETWORKS,Networks and Telecommunications,medium,manual_title_by_title_resolution_v2,1,
TITLE:39908,39908,Network Control Analyst,core,parent_only_proposal,2,0,NETWORK_ADMIN,Network Administrator,NETWORK_ENGINEERING,Computer Network Engineering,NETWORKS,Networks and Telecommunications,medium,manual_title_by_title_resolution_v2,1,
TITLE:39909,39909,Network Control Analyst Assistant,core,parent_only_proposal,1,1,NETWORK_ENGINEER,Network Engineer,NETWORK_ENGINEERING,Computer Network Engineering,NETWORKS,Networks and Telecommunications,medium,manual_title_by_title_resolution_v2,1,
TITLE:39909,39909,Network Control Analyst Assistant,core,parent_only_proposal,2,0,NETWORK_ADMIN,Network Administrator,NETWORK_ENGINEERING,Computer Network Engineering,NETWORKS,Networks and Telecommunications,medium,manual_title_by_title_resolution_v2,1,
TITLE:39910,39910,Network Coordinator,core,parent_only_proposal,1,1,NETWORK_ADMIN,Network Administrator,NETWORK_ENGINEERING,Computer Network Engineering,NETWORKS,Networks and Telecommunications,medium,manual_title_by_title_resolution_v2,1,
TITLE:39910,39910,Network Coordinator,core,parent_only_proposal,2,0,NETWORK_ENGINEER,Network Engineer,NETWORK_ENGINEERING,Computer Network Engineering,NETWORKS,Networks and Telecommunications,medium,manual_title_by_title_resolution_v2,1,
TITLE:39911,39911,Network Data Specialist,core,parent_only_proposal,1,1,NETWORK_ENGINEER,Network Engineer,NETWORK_ENGINEERING,Computer Network Engineering,NETWORKS,Networks and Telecommunications,medium,manual_title_by_title_resolution_v2,1,
TITLE:39911,39911,Network Data Specialist,core,parent_only_proposal,2,0,NETWORK_ADMIN,Network Administrator,NETWORK_ENGINEERING,Computer Network Engineering,NETWORKS,Networks and Telecommunications,medium,manual_title_by_title_resolution_v2,1,
TITLE:39912,39912,Network Designer,core,source_supported_proposal,1,1,NETWORK_ARCHITECT,Network Architect,NETWORK_ENGINEERING,Computer Network Engineering,NETWORKS,Networks and Telecommunications,existing,existing_reviewed_mapping,1,Preserved existing leaf assignment.
TITLE:39913,39913,Network Desktop Support Specialist,core,source_supported_proposal,1,1,DESKTOP_SUPPORT,Desktop Support Specialist,USER_APPLICATION_SUPPORT,User and Application Support,SUPPORT,IT Support,existing,existing_reviewed_mapping,1,Preserved existing leaf assignment.
TITLE:39914,39914,Network Developer,core,parent_only_proposal,1,1,APPLICATION_DEVELOPER,Software Developer / Engineer (General),SOFTWARE_DEVELOPMENT,Software Development,SOFTWARE,Software Engineering,medium,manual_title_by_title_resolution_v2,1,
TITLE:39914,39914,Network Developer,core,parent_only_proposal,2,0,NETWORK_ENGINEER,Network Engineer,NETWORK_ENGINEERING,Computer Network Engineering,NETWORKS,Networks and Telecommunications,medium,manual_title_by_title_resolution_v2,1,
TITLE:39915,39915,Network Diagnostic Support Specialist,core,source_supported_proposal,1,1,NETWORK_SUPPORT,Network Support Specialist,NETWORK_ENGINEERING,Computer Network Engineering,NETWORKS,Networks and Telecommunications,existing,existing_reviewed_mapping,1,Preserved existing leaf assignment.
TITLE:39916,39916,Network Director,core,parent_only_proposal,1,1,NETWORK_ADMIN,Network Administrator,NETWORK_ENGINEERING,Computer Network Engineering,NETWORKS,Networks and Telecommunications,medium,manual_title_by_title_resolution_v2,1,
TITLE:39916,39916,Network Director,core,parent_only_proposal,2,0,IT_MANAGER,IT Manager,IT_MANAGEMENT,IT and Engineering Management,IT_DELIVERY,IT Leadership and Delivery,medium,manual_title_by_title_resolution_v2,1,
TITLE:39917,39917,Network Engineer,core,source_supported_proposal,1,1,NETWORK_ENGINEER,Network Engineer,NETWORK_ENGINEERING,Computer Network Engineering,NETWORKS,Networks and Telecommunications,existing,existing_reviewed_mapping,1,Preserved existing leaf assignment.
TITLE:39918,39918,Network Field Technician,core,source_supported_proposal,1,1,NETWORK_TECHNICIAN,Network Technician,NETWORK_ENGINEERING,Computer Network Engineering,NETWORKS,Networks and Telecommunications,existing,existing_reviewed_mapping,1,Preserved existing leaf assignment.
TITLE:39919,39919,Network Integration Consultant,core,source_supported_proposal,1,1,INTEGRATION_ENGINEER,Systems Integration Engineer,SYSTEMS_ARCHITECTURE,Enterprise and Systems Architecture,ARCHITECTURE_ANALYSIS,IT Architecture and Systems Analysis,existing,existing_reviewed_mapping,1,Preserved existing leaf assignment.
TITLE:39920,39920,Network Intelligence Analyst,review,non_it_source_collision,1,1,THREAT_INTELLIGENCE,Cyber Threat Intelligence Analyst,SECURITY_OPERATIONS,Cybersecurity Operations,SECURITY,Cybersecurity,low,manual_title_by_title_resolution_v2,1,
TITLE:39920,39920,Network Intelligence Analyst,review,non_it_source_collision,2,0,NETWORK_ENGINEER,Network Engineer,NETWORK_ENGINEERING,Computer Network Engineering,NETWORKS,Networks and Telecommunications,low,manual_title_by_title_resolution_v2,1,
TITLE:39921,39921,Network Intelligence Analyst Superintendent,review,non_it_source_collision,1,1,THREAT_INTELLIGENCE,Cyber Threat Intelligence Analyst,SECURITY_OPERATIONS,Cybersecurity Operations,SECURITY,Cybersecurity,low,manual_title_by_title_resolution_v2,1,
TITLE:39921,39921,Network Intelligence Analyst Superintendent,review,non_it_source_collision,2,0,NETWORK_ENGINEER,Network Engineer,NETWORK_ENGINEERING,Computer Network Engineering,NETWORKS,Networks and Telecommunications,low,manual_title_by_title_resolution_v2,1,
TITLE:39922,39922,Network Maintenance Professional,core,parent_only_proposal,1,1,NETWORK_TECHNICIAN,Network Technician,NETWORK_ENGINEERING,Computer Network Engineering,NETWORKS,Networks and Telecommunications,medium,manual_title_by_title_resolution_v2,1,
TITLE:39922,39922,Network Maintenance Professional,core,parent_only_proposal,2,0,NETWORK_SUPPORT,Network Support Specialist,NETWORK_ENGINEERING,Computer Network Engineering,NETWORKS,Networks and Telecommunications,medium,manual_title_by_title_resolution_v2,1,
TITLE:39923,39923,Network Management Specialist,core,parent_only_proposal,1,1,NETWORK_ADMIN,Network Administrator,NETWORK_ENGINEERING,Computer Network Engineering,NETWORKS,Networks and Telecommunications,medium,manual_title_by_title_resolution_v2,1,
TITLE:39923,39923,Network Management Specialist,core,parent_only_proposal,2,0,IT_MANAGER,IT Manager,IT_MANAGEMENT,IT and Engineering Management,IT_DELIVERY,IT Leadership and Delivery,medium,manual_title_by_title_resolution_v2,1,
TITLE:39924,39924,Network Manager,core,parent_only_proposal,1,1,NETWORK_ADMIN,Network Administrator,NETWORK_ENGINEERING,Computer Network Engineering,NETWORKS,Networks and Telecommunications,medium,manual_title_by_title_resolution_v2,1,
TITLE:39924,39924,Network Manager,core,parent_only_proposal,2,0,IT_MANAGER,IT Manager,IT_MANAGEMENT,IT and Engineering Management,IT_DELIVERY,IT Leadership and Delivery,medium,manual_title_by_title_resolution_v2,1,
TITLE:39927,39927,Network Operations Analyst,core,source_supported_proposal,1,1,NETWORK_TECHNICIAN,Network Technician,NETWORK_ENGINEERING,Computer Network Engineering,NETWORKS,Networks and Telecommunications,existing,existing_reviewed_mapping,1,Preserved existing leaf assignment.
TITLE:39928,39928,Network Operations Center Technician,review,unresolved,1,1,NETWORK_TECHNICIAN,Network Technician,NETWORK_ENGINEERING,Computer Network Engineering,NETWORKS,Networks and Telecommunications,existing,existing_reviewed_mapping,1,Preserved existing leaf assignment.
TITLE:39929,39929,Network Operations Project Manager,core,source_supported_proposal,1,1,IT_PROJECT_MANAGER,IT Project Manager,PROJECT_PRODUCT,IT Project and Product Delivery,IT_DELIVERY,IT Leadership and Delivery,existing,existing_reviewed_mapping,1,Preserved existing leaf assignment.
TITLE:39930,39930,Network Operations Specialist,core,source_supported_proposal,1,1,NETWORK_TECHNICIAN,Network Technician,NETWORK_ENGINEERING,Computer Network Engineering,NETWORKS,Networks and Telecommunications,existing,existing_reviewed_mapping,1,Preserved existing leaf assignment.
TITLE:39931,39931,Network Operations Technician,core,source_supported_proposal,1,1,NETWORK_TECHNICIAN,Network Technician,NETWORK_ENGINEERING,Computer Network Engineering,NETWORKS,Networks and Telecommunications,existing,existing_reviewed_mapping,1,Preserved existing leaf assignment.
TITLE:39932,39932,Network Planner,core,parent_only_proposal,1,1,NETWORK_ARCHITECT,Network Architect,NETWORK_ENGINEERING,Computer Network Engineering,NETWORKS,Networks and Telecommunications,medium,manual_title_by_title_resolution_v2,1,
TITLE:39932,39932,Network Planner,core,parent_only_proposal,2,0,NETWORK_ENGINEER,Network Engineer,NETWORK_ENGINEERING,Computer Network Engineering,NETWORKS,Networks and Telecommunications,medium,manual_title_by_title_resolution_v2,1,
TITLE:39933,39933,Network Professional (CCNP),core,parent_only_proposal,1,1,NETWORK_ARCHITECT,Network Architect,NETWORK_ENGINEERING,Computer Network Engineering,NETWORKS,Networks and Telecommunications,medium,manual_title_by_title_resolution_v2,1,
TITLE:39933,39933,Network Professional (CCNP),core,parent_only_proposal,2,0,NETWORK_ENGINEER,Network Engineer,NETWORK_ENGINEERING,Computer Network Engineering,NETWORKS,Networks and Telecommunications,medium,manual_title_by_title_resolution_v2,1,
TITLE:39935,39935,Network Security Administrator,core,source_supported_proposal,1,1,NETWORK_SECURITY,Network Security Engineer,SECURITY_ENGINEERING,Cybersecurity Engineering,SECURITY,Cybersecurity,existing,existing_reviewed_mapping,1,Preserved existing leaf assignment.
TITLE:39936,39936,Network Security Analyst,core,source_supported_proposal,1,1,SECURITY_ANALYST,Cybersecurity Analyst,SECURITY_OPERATIONS,Cybersecurity Operations,SECURITY,Cybersecurity,existing,existing_reviewed_mapping,1,Preserved existing leaf assignment.
TITLE:39937,39937,Network Security Engineer,core,source_supported_proposal,1,1,NETWORK_SECURITY,Network Security Engineer,SECURITY_ENGINEERING,Cybersecurity Engineering,SECURITY,Cybersecurity,existing,existing_reviewed_mapping,1,Preserved existing leaf assignment.
TITLE:39938,39938,Network Security Officer,core,parent_only_proposal,1,1,NETWORK_SECURITY,Network Security Engineer,SECURITY_ENGINEERING,Cybersecurity Engineering,SECURITY,Cybersecurity,medium,manual_title_by_title_resolution_v2,1,
TITLE:39938,39938,Network Security Officer,core,parent_only_proposal,2,0,SECURITY_GRC,Cybersecurity GRC Specialist,SECURITY_GOVERNANCE,"Cybersecurity Governance, Risk and Compliance",SECURITY,Cybersecurity,medium,manual_title_by_title_resolution_v2,1,
TITLE:39939,39939,Network Security Tester,core,source_supported_proposal,1,1,VULNERABILITY_ANALYST,Vulnerability Assessment Specialist,OFFENSIVE_SECURITY,Offensive Security and Security Testing,SECURITY,Cybersecurity,existing,existing_reviewed_mapping,1,Preserved existing leaf assignment.
TITLE:39940,39940,Network Services Project Manager,core,source_supported_proposal,1,1,IT_PROJECT_MANAGER,IT Project Manager,PROJECT_PRODUCT,IT Project and Product Delivery,IT_DELIVERY,IT Leadership and Delivery,existing,existing_reviewed_mapping,1,Preserved existing leaf assignment.
TITLE:39941,39941,Network Services Specialist,core,parent_only_proposal,1,1,NETWORK_SUPPORT,Network Support Specialist,NETWORK_ENGINEERING,Computer Network Engineering,NETWORKS,Networks and Telecommunications,medium,manual_title_by_title_resolution_v2,1,
TITLE:39941,39941,Network Services Specialist,core,parent_only_proposal,2,0,NETWORK_ADMIN,Network Administrator,NETWORK_ENGINEERING,Computer Network Engineering,NETWORKS,Networks and Telecommunications,medium,manual_title_by_title_resolution_v2,1,
TITLE:39942,39942,Network Specialist,core,source_supported_proposal,1,1,NETWORK_TECHNICIAN,Network Technician,NETWORK_ENGINEERING,Computer Network Engineering,NETWORKS,Networks and Telecommunications,existing,existing_reviewed_mapping,1,Preserved existing leaf assignment.
TITLE:39943,39943,Network Support,core,source_supported_proposal,1,1,NETWORK_SUPPORT,Network Support Specialist,NETWORK_ENGINEERING,Computer Network Engineering,NETWORKS,Networks and Telecommunications,existing,existing_reviewed_mapping,1,Preserved existing leaf assignment.
TITLE:39944,39944,Network Support Administrator,core,source_supported_proposal,1,1,NETWORK_SUPPORT,Network Support Specialist,NETWORK_ENGINEERING,Computer Network Engineering,NETWORKS,Networks and Telecommunications,existing,existing_reviewed_mapping,1,Preserved existing leaf assignment.
TITLE:39945,39945,Network Support Coordinator,core,source_supported_proposal,1,1,NETWORK_SUPPORT,Network Support Specialist,NETWORK_ENGINEERING,Computer Network Engineering,NETWORKS,Networks and Telecommunications,existing,existing_reviewed_mapping,1,Preserved existing leaf assignment.
TITLE:39946,39946,Network Support Engineer,core,source_supported_proposal,1,1,NETWORK_SUPPORT,Network Support Specialist,NETWORK_ENGINEERING,Computer Network Engineering,NETWORKS,Networks and Telecommunications,existing,existing_reviewed_mapping,1,Preserved existing leaf assignment.
TITLE:39947,39947,Network Support Manager,core,source_supported_proposal,1,1,SUPPORT_MANAGER,IT Support Manager,USER_APPLICATION_SUPPORT,User and Application Support,SUPPORT,IT Support,existing,existing_reviewed_mapping,1,Preserved existing leaf assignment.
TITLE:39948,39948,Network Support Technician,core,source_supported_proposal,1,1,NETWORK_SUPPORT,Network Support Specialist,NETWORK_ENGINEERING,Computer Network Engineering,NETWORKS,Networks and Telecommunications,existing,existing_reviewed_mapping,1,Preserved existing leaf assignment.
TITLE:39949,39949,Network Systems Analyst,core,source_supported_proposal,1,1,SYSTEMS_ANALYST,Systems Analyst,SYSTEMS_ANALYSIS,Business and Systems Analysis,ARCHITECTURE_ANALYSIS,IT Architecture and Systems Analysis,existing,existing_reviewed_mapping,1,Preserved existing leaf assignment.
TITLE:39950,39950,Network Systems Consultant,core,parent_only_proposal,1,1,NETWORK_ENGINEER,Network Engineer,NETWORK_ENGINEERING,Computer Network Engineering,NETWORKS,Networks and Telecommunications,medium,manual_title_by_title_resolution_v2,1,
TITLE:39950,39950,Network Systems Consultant,core,parent_only_proposal,2,0,IT_CONSULTANT,IT Consultant,SYSTEMS_ANALYSIS,Business and Systems Analysis,ARCHITECTURE_ANALYSIS,IT Architecture and Systems Analysis,medium,manual_title_by_title_resolution_v2,1,
TITLE:39951,39951,Network Systems Coordinator,core,parent_only_proposal,1,1,NETWORK_ADMIN,Network Administrator,NETWORK_ENGINEERING,Computer Network Engineering,NETWORKS,Networks and Telecommunications,medium,manual_title_by_title_resolution_v2,1,
TITLE:39951,39951,Network Systems Coordinator,core,parent_only_proposal,2,0,NETWORK_ENGINEER,Network Engineer,NETWORK_ENGINEERING,Computer Network Engineering,NETWORKS,Networks and Telecommunications,medium,manual_title_by_title_resolution_v2,1,
TITLE:39952,39952,Network Systems Engineer,core,source_supported_proposal,1,1,NETWORK_ENGINEER,Network Engineer,NETWORK_ENGINEERING,Computer Network Engineering,NETWORKS,Networks and Telecommunications,existing,existing_reviewed_mapping,1,Preserved existing leaf assignment.
TITLE:39953,39953,Network Systems Integrator,core,source_supported_proposal,1,1,INTEGRATION_ENGINEER,Systems Integration Engineer,SYSTEMS_ARCHITECTURE,Enterprise and Systems Architecture,ARCHITECTURE_ANALYSIS,IT Architecture and Systems Analysis,existing,existing_reviewed_mapping,1,Preserved existing leaf assignment.
TITLE:39954,39954,Network Technical Analyst,core,parent_only_proposal,1,1,NETWORK_ENGINEER,Network Engineer,NETWORK_ENGINEERING,Computer Network Engineering,NETWORKS,Networks and Telecommunications,medium,manual_title_by_title_resolution_v2,1,
TITLE:39954,39954,Network Technical Analyst,core,parent_only_proposal,2,0,NETWORK_ADMIN,Network Administrator,NETWORK_ENGINEERING,Computer Network Engineering,NETWORKS,Networks and Telecommunications,medium,manual_title_by_title_resolution_v2,1,
TITLE:39955,39955,Network Technician,core,source_supported_proposal,1,1,NETWORK_TECHNICIAN,Network Technician,NETWORK_ENGINEERING,Computer Network Engineering,NETWORKS,Networks and Telecommunications,existing,existing_reviewed_mapping,1,Preserved existing leaf assignment.
TITLE:39957,39957,Network Transport Administrator,core,parent_only_proposal,1,1,NETWORK_ADMIN,Network Administrator,NETWORK_ENGINEERING,Computer Network Engineering,NETWORKS,Networks and Telecommunications,medium,manual_title_by_title_resolution_v2,1,
TITLE:39958,39958,Network Workstation Technical Specialist,core,parent_only_proposal,1,1,NETWORK_SUPPORT,Network Support Specialist,NETWORK_ENGINEERING,Computer Network Engineering,NETWORKS,Networks and Telecommunications,medium,manual_title_by_title_resolution_v2,1,
TITLE:39958,39958,Network Workstation Technical Specialist,core,parent_only_proposal,2,0,NETWORK_ADMIN,Network Administrator,NETWORK_ENGINEERING,Computer Network Engineering,NETWORKS,Networks and Telecommunications,medium,manual_title_by_title_resolution_v2,1,
TITLE:39959,39959,Network and Computer Systems Administrators,core,parent_only_proposal,1,1,NETWORK_ADMIN,Network Administrator,NETWORK_ENGINEERING,Computer Network Engineering,NETWORKS,Networks and Telecommunications,medium,manual_title_by_title_resolution_v2,1,
TITLE:39959,39959,Network and Computer Systems Administrators,core,parent_only_proposal,2,0,SYSTEM_ADMIN,Systems Administrator,SYSTEMS_OPERATIONS,Systems Administration and Operations,PLATFORM_INFRASTRUCTURE,"Cloud, Platforms and IT Operations",medium,manual_title_by_title_resolution_v2,1,
TITLE:39960,39960,Network and Infrastructure Engineer,core,source_supported_proposal,1,1,NETWORK_ENGINEER,Network Engineer,NETWORK_ENGINEERING,Computer Network Engineering,NETWORKS,Networks and Telecommunications,existing,existing_reviewed_mapping,1,Preserved existing leaf assignment.
TITLE:39961,39961,Network and Telecommunications Manager,core,source_supported_proposal,1,1,TELECOM_MANAGER,Telecommunications Manager,TELECOM_ENGINEERING,Telecommunications Engineering,NETWORKS,Networks and Telecommunications,existing,existing_reviewed_mapping,1,Preserved existing leaf assignment.
TITLE:39962,39962,Network and Threat Support Specialist,core,source_supported_proposal,1,1,NETWORK_SUPPORT,Network Support Specialist,NETWORK_ENGINEERING,Computer Network Engineering,NETWORKS,Networks and Telecommunications,existing,existing_reviewed_mapping,1,Preserved existing leaf assignment.
TITLE:40162,40162,Node.js Developer,core,parent_only_proposal,1,1,BACKEND_DEVELOPER,Backend Developer,SOFTWARE_DEVELOPMENT,Software Development,SOFTWARE,Software Engineering,medium,manual_title_by_title_resolution_v2,1,
TITLE:40162,40162,Node.js Developer,core,parent_only_proposal,2,0,WEB_DEVELOPER,Web Developer,SOFTWARE_DEVELOPMENT,Software Development,SOFTWARE,Software Engineering,medium,manual_title_by_title_resolution_v2,1,
TITLE:40442,40442,Nursing Informatics Analyst,conditional,needs_it_duties,1,1,HEALTH_INFORMATICS,Health Informatics Specialist,DOMAIN_INFORMATICS,Domain-specific Informatics,SPECIALIZED_IT,Specialized Informatics,existing,existing_reviewed_mapping,1,Preserved existing leaf assignment.
TITLE:40443,40443,Nursing Informatics Officer,conditional,needs_it_duties,1,1,HEALTH_INFORMATICS,Health Informatics Specialist,DOMAIN_INFORMATICS,Domain-specific Informatics,SPECIALIZED_IT,Specialized Informatics,existing,existing_reviewed_mapping,1,Preserved existing leaf assignment.
TITLE:40444,40444,Nursing Informatics Specialist,conditional,needs_it_duties,1,1,HEALTH_INFORMATICS,Health Informatics Specialist,DOMAIN_INFORMATICS,Domain-specific Informatics,SPECIALIZED_IT,Specialized Informatics,existing,existing_reviewed_mapping,1,Preserved existing leaf assignment.
TITLE:40543,40543,Object-oriented Programmer,core,parent_only_proposal,1,1,COMPUTER_PROGRAMMER,Computer Programmer,SOFTWARE_DEVELOPMENT,Software Development,SOFTWARE,Software Engineering,medium,manual_title_by_title_resolution_v2,1,
TITLE:40543,40543,Object-oriented Programmer,core,parent_only_proposal,2,0,APPLICATION_DEVELOPER,Software Developer / Engineer (General),SOFTWARE_DEVELOPMENT,Software Development,SOFTWARE,Software Engineering,medium,manual_title_by_title_resolution_v2,1,
TITLE:40662,40662,Offensive Cybersecurity Expert,core,source_supported_proposal,1,1,PENETRATION_TESTER,Penetration Tester,OFFENSIVE_SECURITY,Offensive Security and Security Testing,SECURITY,Cybersecurity,existing,existing_reviewed_mapping,1,Preserved existing leaf assignment.
TITLE:40663,40663,Offensive Security Engineer,review,source_scope_conflict,1,1,PENETRATION_TESTER,Penetration Tester,OFFENSIVE_SECURITY,Offensive Security and Security Testing,SECURITY,Cybersecurity,existing,existing_reviewed_mapping,1,Preserved existing leaf assignment.
TITLE:40678,40678,Office Developer,review,non_it_source_collision,1,1,APPLICATION_DEVELOPER,Application Developer,SOFTWARE_DEVELOPMENT,Software Development,SOFTWARE,Software Engineering,medium,manual_title_by_title_resolution_v2,1,
TITLE:40726,40726,Office System Analyst,review,non_it_source_collision,1,1,SYSTEMS_ANALYST,Systems Analyst,SYSTEMS_ANALYSIS,Business and Systems Analysis,ARCHITECTURE_ANALYSIS,IT Architecture and Systems Analysis,existing,existing_reviewed_mapping,1,Preserved existing leaf assignment.
TITLE:40978,40978,Oncology Bioinformatics Analyst,conditional,needs_it_duties,1,1,BIOINFORMATICS,Bioinformatics Specialist,DOMAIN_INFORMATICS,Domain-specific Informatics,SPECIALIZED_IT,Specialized Informatics,existing,existing_reviewed_mapping,1,Preserved existing leaf assignment.
TITLE:41022,41022,Online User Experience Strategist,review,non_it_source_collision,1,1,UX_DESIGNER,User Experience Designer,DIGITAL_EXPERIENCE,Digital Interface and User Experience,DIGITAL_DESIGN,Digital Product Design,existing,existing_reviewed_mapping,1,Preserved existing leaf assignment.
TITLE:41074,41074,Operating System Designer,core,label_policy_proposal,1,1,SYSTEMS_PROGRAMMER,Systems Programmer,SOFTWARE_DEVELOPMENT,Software Development,SOFTWARE,Software Engineering,existing,existing_reviewed_mapping,1,Preserved existing leaf assignment.
TITLE:41075,41075,Operating System Programmer,core,source_supported_proposal,1,1,SYSTEMS_PROGRAMMER,Systems Programmer,SOFTWARE_DEVELOPMENT,Software Development,SOFTWARE,Software Engineering,existing,existing_reviewed_mapping,1,Preserved existing leaf assignment.
TITLE:41076,41076,Operating Systems Specialist (OS Specialist),core,parent_only_proposal,1,1,SYSTEM_ADMIN,Systems Administrator,SYSTEMS_OPERATIONS,Systems Administration and Operations,PLATFORM_INFRASTRUCTURE,"Cloud, Platforms and IT Operations",medium,manual_title_by_title_resolution_v2,1,
TITLE:41076,41076,Operating Systems Specialist (OS Specialist),core,parent_only_proposal,2,0,SYSTEMS_PROGRAMMER,Systems Programmer,SOFTWARE_DEVELOPMENT,Software Development,SOFTWARE,Software Engineering,medium,manual_title_by_title_resolution_v2,1,
TITLE:41116,41116,"Operations Officer, Afloat (naval Tactical Data Systems)",review,non_it_source_collision,1,1,OUTSIDE_IT_SCOPE,Outside IT Scope,OUTSIDE_SCOPE,Outside IT Occupational Scope,EXCLUSIONS,Excluded / Non-operational Labels,high,manual_title_by_title_resolution_v2,0,Military/intelligence occupation; excluded from civilian IT recommender taxonomy.
TITLE:41229,41229,Optical Network Engineer,review,non_it_source_collision,1,1,NETWORK_ENGINEER,Network Engineer,NETWORK_ENGINEERING,Computer Network Engineering,NETWORKS,Networks and Telecommunications,existing,existing_reviewed_mapping,1,Preserved existing leaf assignment.
TITLE:41814,41814,PACS Administration Manager,conditional,needs_it_duties,1,1,HEALTH_INFORMATICS,Health Informatics Specialist,DOMAIN_INFORMATICS,Domain-specific Informatics,SPECIALIZED_IT,Specialized Informatics,existing,existing_reviewed_mapping,1,Preserved existing leaf assignment.
TITLE:41816,41816,PACS Associate,conditional,needs_it_duties,1,1,HEALTH_INFORMATICS,Health Informatics Specialist,DOMAIN_INFORMATICS,Domain-specific Informatics,SPECIALIZED_IT,Specialized Informatics,existing,existing_reviewed_mapping,1,Preserved existing leaf assignment.
TITLE:41817,41817,PACS Interface Analyst,conditional,needs_it_duties,1,1,HEALTH_INFORMATICS,Health Informatics Specialist,DOMAIN_INFORMATICS,Domain-specific Informatics,SPECIALIZED_IT,Specialized Informatics,existing,existing_reviewed_mapping,1,Preserved existing leaf assignment.
TITLE:41818,41818,PACS Manager,conditional,needs_it_duties,1,1,HEALTH_INFORMATICS,Health Informatics Specialist,DOMAIN_INFORMATICS,Domain-specific Informatics,SPECIALIZED_IT,Specialized Informatics,existing,existing_reviewed_mapping,1,Preserved existing leaf assignment.
TITLE:41819,41819,PACS Support Engineer,conditional,needs_it_duties,1,1,HEALTH_INFORMATICS,Health Informatics Specialist,DOMAIN_INFORMATICS,Domain-specific Informatics,SPECIALIZED_IT,Specialized Informatics,existing,existing_reviewed_mapping,1,Preserved existing leaf assignment.
TITLE:41820,41820,PACS System Analyst,conditional,needs_it_duties,1,1,HEALTH_INFORMATICS,Health Informatics Specialist,DOMAIN_INFORMATICS,Domain-specific Informatics,SPECIALIZED_IT,Specialized Informatics,existing,existing_reviewed_mapping,1,Preserved existing leaf assignment.
TITLE:41832,41832,PC Consultant (personal Computer Consultant),core,source_supported_proposal,1,1,IT_CONSULTANT,IT Consultant,SYSTEMS_ANALYSIS,Business and Systems Analysis,ARCHITECTURE_ANALYSIS,IT Architecture and Systems Analysis,existing,existing_reviewed_mapping,1,Preserved existing leaf assignment.
TITLE:41833,41833,PC Hardware Engineer,core,source_supported_proposal,1,1,HARDWARE_ENGINEER,Computer Hardware Engineer,HARDWARE_ENGINEERING,Computing Hardware Engineering,COMPUTER_HARDWARE,Computer Hardware Engineering,existing,existing_reviewed_mapping,1,Preserved existing leaf assignment.
TITLE:41834,41834,PC Hardware Technician,core,source_supported_proposal,1,1,COMPUTER_TECHNICIAN,Computer Hardware Technician,HARDWARE_SUPPORT,Computer Hardware Support,SUPPORT,IT Support,existing,existing_reviewed_mapping,1,Preserved existing leaf assignment.
TITLE:41835,41835,PC Installation Engineer (personal Computer Installation Engineer),core,parent_only_proposal,1,1,DESKTOP_SUPPORT,Desktop Support Specialist,USER_APPLICATION_SUPPORT,User and Application Support,SUPPORT,IT Support,medium,manual_title_by_title_resolution_v2,1,
TITLE:41835,41835,PC Installation Engineer (personal Computer Installation Engineer),core,parent_only_proposal,2,0,COMPUTER_TECHNICIAN,Computer Hardware Technician,HARDWARE_SUPPORT,Computer Hardware Support,SUPPORT,IT Support,medium,manual_title_by_title_resolution_v2,1,
TITLE:41836,41836,PC Network Engineer (personal Computer Network Engineer),core,source_supported_proposal,1,1,NETWORK_ENGINEER,Network Engineer,NETWORK_ENGINEERING,Computer Network Engineering,NETWORKS,Networks and Telecommunications,existing,existing_reviewed_mapping,1,Preserved existing leaf assignment.
TITLE:41837,41837,PC Repair Tech (personal Computer Repair Technician),conditional,needs_it_duties,1,1,COMPUTER_REPAIR,Computer Repair Technician,HARDWARE_SUPPORT,Computer Hardware Support,SUPPORT,IT Support,existing,existing_reviewed_mapping,1,Preserved existing leaf assignment.
TITLE:41838,41838,PC Specialist (personal Computer Specialist),core,parent_only_proposal,1,1,DESKTOP_SUPPORT,Desktop Support Specialist,USER_APPLICATION_SUPPORT,User and Application Support,SUPPORT,IT Support,medium,manual_title_by_title_resolution_v2,1,
TITLE:41838,41838,PC Specialist (personal Computer Specialist),core,parent_only_proposal,2,0,COMPUTER_TECHNICIAN,Computer Hardware Technician,HARDWARE_SUPPORT,Computer Hardware Support,SUPPORT,IT Support,medium,manual_title_by_title_resolution_v2,1,
TITLE:41839,41839,PC Support Specialist (personal Computer Support Specialist),core,source_supported_proposal,1,1,DESKTOP_SUPPORT,Desktop Support Specialist,USER_APPLICATION_SUPPORT,User and Application Support,SUPPORT,IT Support,existing,existing_reviewed_mapping,1,Preserved existing leaf assignment.
TITLE:41840,41840,PC Systems Coordinator (personal Computer Systems Coordinator),core,parent_only_proposal,1,1,DESKTOP_SUPPORT,Desktop Support Specialist,USER_APPLICATION_SUPPORT,User and Application Support,SUPPORT,IT Support,medium,manual_title_by_title_resolution_v2,1,
TITLE:41840,41840,PC Systems Coordinator (personal Computer Systems Coordinator),core,parent_only_proposal,2,0,COMPUTER_TECHNICIAN,Computer Hardware Technician,HARDWARE_SUPPORT,Computer Hardware Support,SUPPORT,IT Support,medium,manual_title_by_title_resolution_v2,1,
TITLE:41841,41841,PC Tech (personal Computer Technician),core,source_supported_proposal,1,1,COMPUTER_TECHNICIAN,Computer Hardware Technician,HARDWARE_SUPPORT,Computer Hardware Support,SUPPORT,IT Support,existing,existing_reviewed_mapping,1,Preserved existing leaf assignment.
TITLE:41874,41874,PHP Developer (personal Home Page Developer),core,source_supported_proposal,1,1,WEB_DEVELOPER,Web Developer,SOFTWARE_DEVELOPMENT,Software Development,SOFTWARE,Software Engineering,existing,existing_reviewed_mapping,1,Preserved existing leaf assignment.
TITLE:42708,42708,Pathology ICT Systems Manager,conditional,needs_it_duties,1,1,HEALTH_INFORMATICS,Health Informatics Specialist,DOMAIN_INFORMATICS,Domain-specific Informatics,SPECIALIZED_IT,Specialized Informatics,existing,existing_reviewed_mapping,1,Preserved existing leaf assignment.
TITLE:43071,43071,Pentester,core,source_supported_proposal,1,1,PENETRATION_TESTER,Penetration Tester,OFFENSIVE_SECURITY,Offensive Security and Security Testing,SECURITY,Cybersecurity,existing,existing_reviewed_mapping,1,Preserved existing leaf assignment.
TITLE:43118,43118,Performance Tester,core,source_supported_proposal,1,1,PERFORMANCE_TESTER,Performance Test Engineer,SOFTWARE_TESTING,Software Quality and Testing,SOFTWARE,Software Engineering,existing,existing_reviewed_mapping,1,Preserved existing leaf assignment.
TITLE:43207,43207,Personal Computer Maintenance Technician (PC Maintenance Tech),conditional,needs_it_duties,1,1,COMPUTER_TECHNICIAN,Computer Hardware Technician,HARDWARE_SUPPORT,Computer Hardware Support,SUPPORT,IT Support,existing,existing_reviewed_mapping,1,Preserved existing leaf assignment.
TITLE:43208,43208,Personal Computer Network Analyst,core,source_supported_proposal,1,1,NETWORK_TECHNICIAN,Network Technician,NETWORK_ENGINEERING,Computer Network Engineering,NETWORKS,Networks and Telecommunications,existing,existing_reviewed_mapping,1,Preserved existing leaf assignment.
TITLE:43545,43545,Phone Systems Technician,conditional,needs_it_duties,1,1,TELECOM_TECHNICIAN,Telecommunications Technician,TELECOM_ENGINEERING,Telecommunications Engineering,NETWORKS,Networks and Telecommunications,medium,manual_title_by_title_resolution_v2,1,
TITLE:43545,43545,Phone Systems Technician,conditional,needs_it_duties,2,0,TELECOM_INSTALLER_REPAIRER,Telecommunications Equipment Installer and Repairer,TELECOM_ENGINEERING,Telecommunications Engineering,NETWORKS,Networks and Telecommunications,medium,manual_title_by_title_resolution_v2,1,
TITLE:43868,43868,Picture Archiving and Communication Systems Administrator,conditional,needs_it_duties,1,1,HEALTH_INFORMATICS,Health Informatics Specialist,DOMAIN_INFORMATICS,Domain-specific Informatics,SPECIALIZED_IT,Specialized Informatics,existing,existing_reviewed_mapping,1,Preserved existing leaf assignment.
TITLE:44131,44131,Pipeline Network Technician,excluded,outside_it_scope,1,1,OUTSIDE_IT_SCOPE,Outside IT Scope,OUTSIDE_SCOPE,Outside IT Occupational Scope,EXCLUSIONS,Excluded / Non-operational Labels,high,manual_title_by_title_resolution_v2,0,Manually classified as outside the operational IT occupation scope.
TITLE:44255,44255,Planning Management IT Specialist (planning Management Information Technology Specialist),core,parent_only_proposal,1,1,IT_PROJECT_MANAGER,IT Project Manager,PROJECT_PRODUCT,IT Project and Product Delivery,IT_DELIVERY,IT Leadership and Delivery,medium,manual_title_by_title_resolution_v2,1,
TITLE:44255,44255,Planning Management IT Specialist (planning Management Information Technology Specialist),core,parent_only_proposal,2,0,SYSTEMS_ANALYST,Systems Analyst,SYSTEMS_ANALYSIS,Business and Systems Analysis,ARCHITECTURE_ANALYSIS,IT Architecture and Systems Analysis,medium,manual_title_by_title_resolution_v2,1,
TITLE:45650,45650,Predictive Modeler,review,non_it_source_collision,1,1,DATA_SCIENTIST,Data Scientist,DATA_SCIENCE_RESEARCH,Data Science and Computing Research,DATA_AI,"Data, Analytics and Artificial Intelligence",existing,existing_reviewed_mapping,1,Preserved existing leaf assignment.
TITLE:45926,45926,Principal Network Engineer,core,source_supported_proposal,1,1,NETWORK_ENGINEER,Network Engineer,NETWORK_ENGINEERING,Computer Network Engineering,NETWORKS,Networks and Telecommunications,existing,existing_reviewed_mapping,1,Preserved existing leaf assignment.
TITLE:46181,46181,Process Control Programmer,review,non_it_source_collision,1,1,SCADA_OT_ENGINEER,SCADA / Operational Technology Engineer,OPERATIONAL_TECHNOLOGY,Operational Technology and Industrial Computing,SPECIALIZED_IT,Specialized Informatics,medium,manual_title_by_title_resolution_v2,1,
TITLE:46181,46181,Process Control Programmer,review,non_it_source_collision,2,0,COMPUTER_PROGRAMMER,Computer Programmer,SOFTWARE_DEVELOPMENT,Software Development,SOFTWARE,Software Engineering,medium,manual_title_by_title_resolution_v2,1,
TITLE:46703,46703,Programmer,review,unresolved,1,1,COMPUTER_PROGRAMMER,Computer Programmer,SOFTWARE_DEVELOPMENT,Software Development,SOFTWARE,Software Engineering,medium,manual_title_by_title_resolution_v2,1,
TITLE:46748,46748,Project Management IT Specialist (project Management Information Technology Specialist),core,source_supported_proposal,1,1,IT_PROJECT_MANAGER,IT Project Manager,PROJECT_PRODUCT,IT Project and Product Delivery,IT_DELIVERY,IT Leadership and Delivery,existing,existing_reviewed_mapping,1,Preserved existing leaf assignment.
TITLE:47275,47275,Publishing Systems Analyst,core,source_supported_proposal,1,1,SYSTEMS_ANALYST,Systems Analyst,SYSTEMS_ANALYSIS,Business and Systems Analysis,ARCHITECTURE_ANALYSIS,IT Architecture and Systems Analysis,existing,existing_reviewed_mapping,1,Preserved existing leaf assignment.
TITLE:47526,47526,Python Developer,core,parent_only_proposal,1,1,APPLICATION_DEVELOPER,Software Developer / Engineer (General),SOFTWARE_DEVELOPMENT,Software Development,SOFTWARE,Software Engineering,medium,manual_title_by_title_resolution_v2,1,
TITLE:47526,47526,Python Developer,core,parent_only_proposal,2,0,BACKEND_DEVELOPER,Backend Developer,SOFTWARE_DEVELOPMENT,Software Development,SOFTWARE,Software Engineering,medium,manual_title_by_title_resolution_v2,1,
TITLE:47530,47530,QA Engineer,review,unresolved,1,1,SOFTWARE_TESTER,Software Test Engineer,SOFTWARE_TESTING,Software Quality and Testing,SOFTWARE,Software Engineering,medium,manual_title_by_title_resolution_v2,1,
TITLE:47530,47530,QA Engineer,review,unresolved,2,0,TEST_AUTOMATION,Test Automation Engineer,SOFTWARE_TESTING,Software Quality and Testing,SOFTWARE,Software Engineering,medium,manual_title_by_title_resolution_v2,1,
TITLE:47536,47536,QA Testing Analyst (quality Assurance Testing Analyst),review,non_it_source_collision,1,1,SOFTWARE_TESTER,Software Test Engineer,SOFTWARE_TESTING,Software Quality and Testing,SOFTWARE,Software Engineering,medium,manual_title_by_title_resolution_v2,1,
TITLE:47536,47536,QA Testing Analyst (quality Assurance Testing Analyst),review,non_it_source_collision,2,0,TEST_AUTOMATION,Test Automation Engineer,SOFTWARE_TESTING,Software Quality and Testing,SOFTWARE,Software Engineering,medium,manual_title_by_title_resolution_v2,1,
TITLE:47546,47546,QC Tester (quality Control Tester),review,non_it_source_collision,1,1,OUTSIDE_IT_SCOPE,Outside IT Scope,OUTSIDE_SCOPE,Outside IT Occupational Scope,EXCLUSIONS,Excluded / Non-operational Labels,high,manual_title_by_title_resolution_v2,0,Manually classified as outside the operational IT occupation scope.
TITLE:47562,47562,Quality Analyst (ICT),core,parent_only_proposal,1,1,SOFTWARE_TESTER,Software Test Engineer,SOFTWARE_TESTING,Software Quality and Testing,SOFTWARE,Software Engineering,medium,manual_title_by_title_resolution_v2,1,
TITLE:47562,47562,Quality Analyst (ICT),core,parent_only_proposal,2,0,TEST_AUTOMATION,Test Automation Engineer,SOFTWARE_TESTING,Software Quality and Testing,SOFTWARE,Software Engineering,medium,manual_title_by_title_resolution_v2,1,
TITLE:47563,47563,Quality Assurance Automation Engineer (QA Automation Engineer),review,source_scope_conflict,1,1,TEST_AUTOMATION,Test Automation Engineer,SOFTWARE_TESTING,Software Quality and Testing,SOFTWARE,Software Engineering,existing,existing_reviewed_mapping,1,Preserved existing leaf assignment.
TITLE:47579,47579,Quality Assurance Tester (QA Tester),review,unresolved,1,1,SOFTWARE_TESTER,Software Test Engineer,SOFTWARE_TESTING,Software Quality and Testing,SOFTWARE,Software Engineering,medium,manual_title_by_title_resolution_v2,1,
TITLE:47579,47579,Quality Assurance Tester (QA Tester),review,unresolved,2,0,TEST_AUTOMATION,Test Automation Engineer,SOFTWARE_TESTING,Software Quality and Testing,SOFTWARE,Software Engineering,medium,manual_title_by_title_resolution_v2,1,
TITLE:47747,47747,RFID Developer (radio Frequency Identification Device Developer),review,non_it_source_collision,1,1,IOT_DEVELOPER,IoT Developer,SPECIALIZED_DEVELOPMENT,Specialized Software Development,SOFTWARE,Software Engineering,medium,manual_title_by_title_resolution_v2,1,
TITLE:47747,47747,RFID Developer (radio Frequency Identification Device Developer),review,non_it_source_collision,2,0,EMBEDDED_DEVELOPER,Embedded Software Developer,SPECIALIZED_DEVELOPMENT,Specialized Software Development,SOFTWARE,Software Engineering,medium,manual_title_by_title_resolution_v2,1,
TITLE:47748,47748,RFID Engineer (radio Frequency Identification Device Engineer),review,non_it_source_collision,1,1,EMBEDDED_DESIGNER,Embedded System Designer,HARDWARE_ENGINEERING,Computing Hardware Engineering,COMPUTER_HARDWARE,Computer Hardware Engineering,medium,manual_title_by_title_resolution_v2,1,
TITLE:47748,47748,RFID Engineer (radio Frequency Identification Device Engineer),review,non_it_source_collision,2,0,IOT_DEVELOPER,IoT Developer,SPECIALIZED_DEVELOPMENT,Specialized Software Development,SOFTWARE,Software Engineering,medium,manual_title_by_title_resolution_v2,1,
TITLE:47750,47750,RFID Strategist (radio Frequency Identification Device Strategist),review,non_it_source_collision,1,1,SOLUTION_ARCHITECT,Solution Architect,SYSTEMS_ARCHITECTURE,Enterprise and Systems Architecture,ARCHITECTURE_ANALYSIS,IT Architecture and Systems Analysis,medium,manual_title_by_title_resolution_v2,1,
TITLE:47750,47750,RFID Strategist (radio Frequency Identification Device Strategist),review,non_it_source_collision,2,0,IOT_DEVELOPER,IoT Developer,SPECIALIZED_DEVELOPMENT,Specialized Software Development,SOFTWARE,Software Engineering,medium,manual_title_by_title_resolution_v2,1,
TITLE:47751,47751,RFID Systems Architect (radio Frequency Identification Device Systems Architect),review,non_it_source_collision,1,1,SYSTEMS_ARCHITECT,Systems Architect,SYSTEMS_ARCHITECTURE,Enterprise and Systems Architecture,ARCHITECTURE_ANALYSIS,IT Architecture and Systems Analysis,existing,existing_reviewed_mapping,1,Preserved existing leaf assignment.
TITLE:47759,47759,RPA Engineer (robotic Process Automation Engineer),review,non_it_source_collision,1,1,RPA_DEVELOPER,RPA Developer,SPECIALIZED_DEVELOPMENT,Specialized Software Development,SOFTWARE,Software Engineering,existing,existing_reviewed_mapping,1,Preserved existing leaf assignment.
TITLE:47919,47919,Radio Service Programmer,review,non_it_source_collision,1,1,COMPUTER_PROGRAMMER,Computer Programmer,SOFTWARE_DEVELOPMENT,Software Development,SOFTWARE,Software Engineering,low,manual_title_by_title_resolution_v2,1,
TITLE:47919,47919,Radio Service Programmer,review,non_it_source_collision,2,0,EMBEDDED_DEVELOPER,Embedded Software Developer,SPECIALIZED_DEVELOPMENT,Specialized Software Development,SOFTWARE,Software Engineering,low,manual_title_by_title_resolution_v2,1,
TITLE:47949,47949,Radiocommunications Technician,conditional,needs_it_duties,1,1,TELECOM_TECHNICIAN,Telecommunications Technician,TELECOM_ENGINEERING,Telecommunications Engineering,NETWORKS,Networks and Telecommunications,existing,existing_reviewed_mapping,1,Preserved existing leaf assignment.
TITLE:48397,48397,React.js Developer,core,source_supported_proposal,1,1,FRONTEND_DEVELOPER,Frontend Developer,SOFTWARE_DEVELOPMENT,Software Development,SOFTWARE,Software Engineering,existing,existing_reviewed_mapping,1,Preserved existing leaf assignment.
TITLE:48796,48796,Reference Data Expert,review,unresolved,1,1,DATA_GOVERNANCE_SPECIALIST,Data Governance and Stewardship Specialist,DATA_ENGINEERING,Data Engineering,DATA_AI,"Data, Analytics and Artificial Intelligence",medium,manual_title_by_title_resolution_v2,1,
TITLE:48796,48796,Reference Data Expert,review,unresolved,2,0,DATA_QUALITY,Data Quality Specialist,DATA_ANALYSIS,Data Analysis and Business Intelligence,DATA_AI,"Data, Analytics and Artificial Intelligence",medium,manual_title_by_title_resolution_v2,1,
TITLE:48957,48957,Registered Communications Distribution Designer (RCDD),review,credential_not_occupation,1,1,CREDENTIAL_LABEL,Credential / Certification Label,NON_OCCUPATIONAL_LABEL,Credential or Non-occupational Label,EXCLUSIONS,Excluded / Non-operational Labels,high,manual_title_by_title_resolution_v2,0,"Credential label, not an occupation; role alternatives retained where defensible."
TITLE:48957,48957,Registered Communications Distribution Designer (RCDD),review,credential_not_occupation,2,0,NETWORK_ARCHITECT,Network Architect,NETWORK_ENGINEERING,Computer Network Engineering,NETWORKS,Networks and Telecommunications,high,manual_title_by_title_resolution_v2,0,"Credential label, not an occupation; role alternatives retained where defensible."
TITLE:48957,48957,Registered Communications Distribution Designer (RCDD),review,credential_not_occupation,3,0,TELECOM_ENGINEER,Telecommunications Engineer,TELECOM_ENGINEERING,Telecommunications Engineering,NETWORKS,Networks and Telecommunications,high,manual_title_by_title_resolution_v2,0,"Credential label, not an occupation; role alternatives retained where defensible."
TITLE:49634,49634,Research Data Analyst,review,non_it_source_collision,1,1,DATA_ANALYST,Data Analyst,DATA_ANALYSIS,Data Analysis and Business Intelligence,DATA_AI,"Data, Analytics and Artificial Intelligence",existing,existing_reviewed_mapping,1,Preserved existing leaf assignment.
TITLE:49635,49635,Research Data Engineer,core,source_supported_proposal,1,1,DATA_ENGINEER,Data Engineer,DATA_ENGINEERING,Data Engineering,DATA_AI,"Data, Analytics and Artificial Intelligence",existing,existing_reviewed_mapping,1,Preserved existing leaf assignment.
TITLE:49636,49636,Research Data Scientist,core,source_supported_proposal,1,1,DATA_SCIENTIST,Data Scientist,DATA_SCIENCE_RESEARCH,Data Science and Computing Research,DATA_AI,"Data, Analytics and Artificial Intelligence",existing,existing_reviewed_mapping,1,Preserved existing leaf assignment.
TITLE:49733,49733,Resident Technical Support,review,non_it_source_collision,1,1,SUPPORT_ENGINEER,IT Support Engineer,USER_APPLICATION_SUPPORT,User and Application Support,SUPPORT,IT Support,existing,existing_reviewed_mapping,1,Preserved existing leaf assignment.
TITLE:50429,50429,Robot Programmer,review,non_it_source_collision,1,1,SCADA_OT_ENGINEER,SCADA / Operational Technology Engineer,OPERATIONAL_TECHNOLOGY,Operational Technology and Industrial Computing,SPECIALIZED_IT,Specialized Informatics,medium,manual_title_by_title_resolution_v2,1,
TITLE:50429,50429,Robot Programmer,review,non_it_source_collision,2,0,EMBEDDED_DEVELOPER,Embedded Software Developer,SPECIALIZED_DEVELOPMENT,Specialized Software Development,SOFTWARE,Software Engineering,medium,manual_title_by_title_resolution_v2,1,
TITLE:50432,50432,Robot Welder Programmer,excluded,outside_it_scope,1,1,OUTSIDE_IT_SCOPE,Outside IT Scope,OUTSIDE_SCOPE,Outside IT Occupational Scope,EXCLUSIONS,Excluded / Non-operational Labels,high,manual_title_by_title_resolution_v2,0,Manually classified as outside the operational IT occupation scope.
TITLE:51114,51114,SCADA Engineer (supervisory Control and Data Acquisition),review,non_it_source_collision,1,1,SCADA_OT_ENGINEER,SCADA / Operational Technology Engineer,OPERATIONAL_TECHNOLOGY,Operational Technology and Industrial Computing,SPECIALIZED_IT,Specialized Informatics,medium,manual_title_by_title_resolution_v2,1,
TITLE:51115,51115,SCADA Operator (supervisory Control and Data Acquisition Operator),review,non_it_source_collision,1,1,OT_TECHNICIAN,Operational Technology Technician,OPERATIONAL_TECHNOLOGY,Operational Technology and Industrial Computing,SPECIALIZED_IT,Specialized Informatics,medium,manual_title_by_title_resolution_v2,1,
TITLE:51116,51116,SCADA Technician (supervisory Control and Data Acquisition Technician),review,non_it_source_collision,1,1,OT_TECHNICIAN,Operational Technology Technician,OPERATIONAL_TECHNOLOGY,Operational Technology and Industrial Computing,SPECIALIZED_IT,Specialized Informatics,medium,manual_title_by_title_resolution_v2,1,
TITLE:51151,51151,SQL DBA (structured Query Language Database Administrator),core,source_supported_proposal,1,1,DATABASE_ADMIN,Database Administrator,DATABASE_ENGINEERING,Database Engineering,DATA_AI,"Data, Analytics and Artificial Intelligence",existing,existing_reviewed_mapping,1,Preserved existing leaf assignment.
TITLE:51281,51281,Sales Data Analyst,review,non_it_source_collision,1,1,DATA_ANALYST,Data Analyst,DATA_ANALYSIS,Data Analysis and Business Intelligence,DATA_AI,"Data, Analytics and Artificial Intelligence",existing,existing_reviewed_mapping,1,Preserved existing leaf assignment.
TITLE:51561,51561,Satellite Software Developer,review,non_it_source_collision,1,1,EMBEDDED_DEVELOPER,Embedded Software Developer,SPECIALIZED_DEVELOPMENT,Specialized Software Development,SOFTWARE,Software Engineering,existing,existing_reviewed_mapping,1,Preserved existing leaf assignment.
TITLE:51562,51562,Satellite Software Engineer,review,non_it_source_collision,1,1,EMBEDDED_DEVELOPER,Embedded Software Developer,SPECIALIZED_DEVELOPMENT,Specialized Software Development,SOFTWARE,Software Engineering,existing,existing_reviewed_mapping,1,Preserved existing leaf assignment.
TITLE:51872,51872,Scientific Programmer,core,parent_only_proposal,1,1,COMPUTER_PROGRAMMER,Computer Programmer,SOFTWARE_DEVELOPMENT,Software Development,SOFTWARE,Software Engineering,medium,manual_title_by_title_resolution_v2,1,
TITLE:51872,51872,Scientific Programmer,core,parent_only_proposal,2,0,APPLICATION_DEVELOPER,Software Developer / Engineer (General),SOFTWARE_DEVELOPMENT,Software Development,SOFTWARE,Software Engineering,medium,manual_title_by_title_resolution_v2,1,
TITLE:51876,51876,Scientific Systems Analyst,core,source_supported_proposal,1,1,SYSTEMS_ANALYST,Systems Analyst,SYSTEMS_ANALYSIS,Business and Systems Analysis,ARCHITECTURE_ANALYSIS,IT Architecture and Systems Analysis,existing,existing_reviewed_mapping,1,Preserved existing leaf assignment.
TITLE:52185,52185,Secondary School ICT Tutor,core,source_supported_proposal,1,1,IT_TRAINER,IT Trainer,TECHNICAL_ENABLEMENT,Technical Documentation and Learning,IT_ENABLEMENT,"IT Documentation, Learning and Advisory",existing,existing_reviewed_mapping,1,Preserved existing leaf assignment.
TITLE:52224,52224,Secure Software Assessor,core,source_supported_proposal,1,1,VULNERABILITY_ANALYST,Vulnerability Assessment Specialist,OFFENSIVE_SECURITY,Offensive Security and Security Testing,SECURITY,Cybersecurity,existing,existing_reviewed_mapping,1,Preserved existing leaf assignment.
TITLE:52256,52256,Security Analyst,review,unresolved,1,1,SECURITY_ANALYST,Cybersecurity Analyst,SECURITY_OPERATIONS,Cybersecurity Operations,SECURITY,Cybersecurity,medium,manual_title_by_title_resolution_v2,1,
TITLE:52276,52276,Security Engineer,review,unresolved,1,1,SECURITY_ENGINEER,Security Engineer,SECURITY_ENGINEERING,Cybersecurity Engineering,SECURITY,Cybersecurity,medium,manual_title_by_title_resolution_v2,1,
TITLE:52496,52496,Senior Data Analyst,review,non_it_source_collision,1,1,DATA_ANALYST,Data Analyst,DATA_ANALYSIS,Data Analysis and Business Intelligence,DATA_AI,"Data, Analytics and Artificial Intelligence",existing,existing_reviewed_mapping,1,Preserved existing leaf assignment.
TITLE:52955,52955,Service Desk Analyst,review,source_scope_conflict,1,1,HELPDESK,IT Help Desk Specialist,USER_APPLICATION_SUPPORT,User and Application Support,SUPPORT,IT Support,existing,existing_reviewed_mapping,1,Preserved existing leaf assignment.
TITLE:52956,52956,Service Desk Operator,review,non_it_source_collision,1,1,HELPDESK,IT Help Desk Specialist,USER_APPLICATION_SUPPORT,User and Application Support,SUPPORT,IT Support,existing,existing_reviewed_mapping,1,Preserved existing leaf assignment.
TITLE:53119,53119,Sewerage Network Manager,excluded,outside_it_scope,1,1,OUTSIDE_IT_SCOPE,Outside IT Scope,OUTSIDE_SCOPE,Outside IT Occupational Scope,EXCLUSIONS,Excluded / Non-operational Labels,high,manual_title_by_title_resolution_v2,0,Manually classified as outside the operational IT occupation scope.
TITLE:53300,53300,Sheet Metal Computer Numerically Controlled Programmer,excluded,outside_it_scope,1,1,OUTSIDE_IT_SCOPE,Outside IT Scope,OUTSIDE_SCOPE,Outside IT Occupational Scope,EXCLUSIONS,Excluded / Non-operational Labels,high,manual_title_by_title_resolution_v2,0,Manually classified as outside the operational IT occupation scope.
TITLE:54087,54087,Site Reliability Devops Engineer,core,source_supported_proposal,1,1,SRE,Site Reliability Engineer,DEVOPS_PLATFORM,DevOps and Platform Engineering,PLATFORM_INFRASTRUCTURE,"Cloud, Platforms and IT Operations",existing,existing_reviewed_mapping,1,Preserved existing leaf assignment.
TITLE:54088,54088,Site Reliability Engineer,review,source_scope_conflict,1,1,SRE,Site Reliability Engineer,DEVOPS_PLATFORM,DevOps and Platform Engineering,PLATFORM_INFRASTRUCTURE,"Cloud, Platforms and IT Operations",existing,existing_reviewed_mapping,1,Preserved existing leaf assignment.
TITLE:54495,54495,Smart Home Software Engineer,review,non_it_source_collision,1,1,EMBEDDED_DEVELOPER,Embedded Software Developer,SPECIALIZED_DEVELOPMENT,Specialized Software Development,SOFTWARE,Software Engineering,existing,existing_reviewed_mapping,1,Preserved existing leaf assignment.
TITLE:54503,54503,Smart Technics Computer Vision Engineer,core,source_supported_proposal,1,1,CV_ENGINEER,Computer Vision Engineer,AI_ENGINEERING,AI and Machine Learning Engineering,DATA_AI,"Data, Analytics and Artificial Intelligence",existing,existing_reviewed_mapping,1,Preserved existing leaf assignment.
TITLE:54863,54863,Software Analyst,core,preferred_source_supported_proposal,1,1,SYSTEMS_ANALYST,Systems Analyst,SYSTEMS_ANALYSIS,Business and Systems Analysis,ARCHITECTURE_ANALYSIS,IT Architecture and Systems Analysis,existing,existing_reviewed_mapping,1,Preserved existing leaf assignment.
TITLE:54870,54870,Software Architect,core,preferred_source_supported_proposal,1,1,SOFTWARE_ARCHITECT,Software Architect,SOFTWARE_DEVELOPMENT,Software Development,SOFTWARE,Software Engineering,existing,existing_reviewed_mapping,1,Preserved existing leaf assignment.
TITLE:54872,54872,Software Computer Specialist,core,parent_only_proposal,1,1,APPLICATION_DEVELOPER,Software Developer / Engineer (General),SOFTWARE_DEVELOPMENT,Software Development,SOFTWARE,Software Engineering,medium,manual_title_by_title_resolution_v2,1,
TITLE:54873,54873,Software Consultant,core,parent_only_proposal,1,1,IT_CONSULTANT,IT Consultant,SYSTEMS_ANALYSIS,Business and Systems Analysis,ARCHITECTURE_ANALYSIS,IT Architecture and Systems Analysis,medium,manual_title_by_title_resolution_v2,1,
TITLE:54873,54873,Software Consultant,core,parent_only_proposal,2,0,APPLICATION_DEVELOPER,Software Developer / Engineer (General),SOFTWARE_DEVELOPMENT,Software Development,SOFTWARE,Software Engineering,medium,manual_title_by_title_resolution_v2,1,
TITLE:54875,54875,Software Designer,core,parent_only_proposal,1,1,APPLICATION_DEVELOPER,Software Developer / Engineer (General),SOFTWARE_DEVELOPMENT,Software Development,SOFTWARE,Software Engineering,medium,manual_title_by_title_resolution_v2,1,
TITLE:54876,54876,Software Developer,core,parent_only_proposal,1,1,APPLICATION_DEVELOPER,Software Developer / Engineer (General),SOFTWARE_DEVELOPMENT,Software Development,SOFTWARE,Software Engineering,medium,manual_title_by_title_resolution_v2,1,
TITLE:54877,54877,Software Development Director,core,source_supported_proposal,1,1,ENGINEERING_MANAGER,Software Engineering Manager,IT_MANAGEMENT,IT and Engineering Management,IT_DELIVERY,IT Leadership and Delivery,existing,existing_reviewed_mapping,1,Preserved existing leaf assignment.
TITLE:54878,54878,Software Development Engineer,core,parent_only_proposal,1,1,APPLICATION_DEVELOPER,Software Developer / Engineer (General),SOFTWARE_DEVELOPMENT,Software Development,SOFTWARE,Software Engineering,medium,manual_title_by_title_resolution_v2,1,
TITLE:54879,54879,Software Engineer,core,parent_only_proposal,1,1,APPLICATION_DEVELOPER,Software Developer / Engineer (General),SOFTWARE_DEVELOPMENT,Software Development,SOFTWARE,Software Engineering,medium,manual_title_by_title_resolution_v2,1,
TITLE:54880,54880,Software Engineering Director,core,source_supported_proposal,1,1,ENGINEERING_MANAGER,Software Engineering Manager,IT_MANAGEMENT,IT and Engineering Management,IT_DELIVERY,IT Leadership and Delivery,existing,existing_reviewed_mapping,1,Preserved existing leaf assignment.
TITLE:54881,54881,Software Engineering Supervisor,core,label_policy_proposal,1,1,ENGINEERING_MANAGER,Software Engineering Manager,IT_MANAGEMENT,IT and Engineering Management,IT_DELIVERY,IT Leadership and Delivery,existing,existing_reviewed_mapping,1,Preserved existing leaf assignment.
TITLE:54882,54882,Software Engineering Systems Information Technology Specialist (software Engineering Systems IT Specialist),review,unresolved,1,1,APPLICATION_DEVELOPER,Software Developer / Engineer (General),SOFTWARE_DEVELOPMENT,Software Development,SOFTWARE,Software Engineering,medium,manual_title_by_title_resolution_v2,1,
TITLE:54882,54882,Software Engineering Systems Information Technology Specialist (software Engineering Systems IT Specialist),review,unresolved,2,0,SYSTEMS_ENGINEER,Computer Systems Engineer,SYSTEMS_ARCHITECTURE,Enterprise and Systems Architecture,ARCHITECTURE_ANALYSIS,IT Architecture and Systems Analysis,medium,manual_title_by_title_resolution_v2,1,
TITLE:54883,54883,Software Installer,core,source_supported_proposal,1,1,APPLICATION_SUPPORT,Application Support Specialist,USER_APPLICATION_SUPPORT,User and Application Support,SUPPORT,IT Support,medium,manual_title_by_title_resolution_v2,1,
TITLE:54883,54883,Software Installer,core,source_supported_proposal,2,0,DESKTOP_SUPPORT,Desktop Support Specialist,USER_APPLICATION_SUPPORT,User and Application Support,SUPPORT,IT Support,medium,manual_title_by_title_resolution_v2,1,
TITLE:54884,54884,Software Integration Engineer,core,source_supported_proposal,1,1,INTEGRATION_ENGINEER,Systems Integration Engineer,SYSTEMS_ARCHITECTURE,Enterprise and Systems Architecture,ARCHITECTURE_ANALYSIS,IT Architecture and Systems Analysis,existing,existing_reviewed_mapping,1,Preserved existing leaf assignment.
TITLE:54885,54885,Software Manager,core,preferred_source_supported_proposal,1,1,ENGINEERING_MANAGER,Software Engineering Manager,IT_MANAGEMENT,IT and Engineering Management,IT_DELIVERY,IT Leadership and Delivery,existing,existing_reviewed_mapping,1,Preserved existing leaf assignment.
TITLE:54887,54887,Software Programmer,core,parent_only_proposal,1,1,COMPUTER_PROGRAMMER,Computer Programmer,SOFTWARE_DEVELOPMENT,Software Development,SOFTWARE,Software Engineering,medium,manual_title_by_title_resolution_v2,1,
TITLE:54890,54890,Software Quality Assurance Analyst (SQA Analyst),core,source_supported_proposal,1,1,SOFTWARE_TESTER,Software Test Engineer,SOFTWARE_TESTING,Software Quality and Testing,SOFTWARE,Software Engineering,existing,existing_reviewed_mapping,1,Preserved existing leaf assignment.
TITLE:54891,54891,Software Quality Assurance Analysts and Testers,core,parent_only_proposal,1,1,SOFTWARE_TESTER,Software Test Engineer,SOFTWARE_TESTING,Software Quality and Testing,SOFTWARE,Software Engineering,medium,manual_title_by_title_resolution_v2,1,
TITLE:54891,54891,Software Quality Assurance Analysts and Testers,core,parent_only_proposal,2,0,TEST_AUTOMATION,Test Automation Engineer,SOFTWARE_TESTING,Software Quality and Testing,SOFTWARE,Software Engineering,medium,manual_title_by_title_resolution_v2,1,
TITLE:54892,54892,Software Quality Assurance Consultant (software QA Consultant),core,source_supported_proposal,1,1,SOFTWARE_TESTER,Software Test Engineer,SOFTWARE_TESTING,Software Quality and Testing,SOFTWARE,Software Engineering,existing,existing_reviewed_mapping,1,Preserved existing leaf assignment.
TITLE:54893,54893,Software Quality Assurance Engineer (SQA Engineer),core,source_supported_proposal,1,1,SOFTWARE_TESTER,Software Test Engineer,SOFTWARE_TESTING,Software Quality and Testing,SOFTWARE,Software Engineering,existing,existing_reviewed_mapping,1,Preserved existing leaf assignment.
TITLE:54894,54894,Software Quality Assurance Specialist (SQA Specialist),core,source_supported_proposal,1,1,SOFTWARE_TESTER,Software Test Engineer,SOFTWARE_TESTING,Software Quality and Testing,SOFTWARE,Software Engineering,existing,existing_reviewed_mapping,1,Preserved existing leaf assignment.
TITLE:54895,54895,Software Quality Assurance Technician (SQA Technician),core,source_supported_proposal,1,1,SOFTWARE_TESTER,Software Test Engineer,SOFTWARE_TESTING,Software Quality and Testing,SOFTWARE,Software Engineering,existing,existing_reviewed_mapping,1,Preserved existing leaf assignment.
TITLE:54896,54896,Software Quality Control Specialist (software QC Specialist),core,source_supported_proposal,1,1,SOFTWARE_TESTER,Software Test Engineer,SOFTWARE_TESTING,Software Quality and Testing,SOFTWARE,Software Engineering,existing,existing_reviewed_mapping,1,Preserved existing leaf assignment.
TITLE:54897,54897,Software Quality Engineer,review,source_scope_conflict,1,1,SOFTWARE_TESTER,Software Test Engineer,SOFTWARE_TESTING,Software Quality and Testing,SOFTWARE,Software Engineering,existing,existing_reviewed_mapping,1,Preserved existing leaf assignment.
TITLE:54898,54898,Software Quality Tester,core,source_supported_proposal,1,1,SOFTWARE_TESTER,Software Test Engineer,SOFTWARE_TESTING,Software Quality and Testing,SOFTWARE,Software Engineering,existing,existing_reviewed_mapping,1,Preserved existing leaf assignment.
TITLE:54899,54899,Software Requirement Analyst,core,source_supported_proposal,1,1,REQUIREMENTS_ENGINEER,Software Requirements Engineer,SYSTEMS_ANALYSIS,Business and Systems Analysis,ARCHITECTURE_ANALYSIS,IT Architecture and Systems Analysis,existing,existing_reviewed_mapping,1,Preserved existing leaf assignment.
TITLE:54900,54900,Software Requirements Engineer,core,source_supported_proposal,1,1,REQUIREMENTS_ENGINEER,Software Requirements Engineer,SYSTEMS_ANALYSIS,Business and Systems Analysis,ARCHITECTURE_ANALYSIS,IT Architecture and Systems Analysis,existing,existing_reviewed_mapping,1,Preserved existing leaf assignment.
TITLE:54904,54904,Software Specialist,core,parent_only_proposal,1,1,APPLICATION_DEVELOPER,Software Developer / Engineer (General),SOFTWARE_DEVELOPMENT,Software Development,SOFTWARE,Software Engineering,medium,manual_title_by_title_resolution_v2,1,
TITLE:54905,54905,Software Support Manager,core,source_supported_proposal,1,1,SUPPORT_MANAGER,IT Support Manager,USER_APPLICATION_SUPPORT,User and Application Support,SUPPORT,IT Support,existing,existing_reviewed_mapping,1,Preserved existing leaf assignment.
TITLE:54906,54906,Software Systems Developer,core,parent_only_proposal,1,1,APPLICATION_DEVELOPER,Software Developer / Engineer (General),SOFTWARE_DEVELOPMENT,Software Development,SOFTWARE,Software Engineering,medium,manual_title_by_title_resolution_v2,1,
TITLE:54908,54908,Software Test Analyst,core,source_supported_proposal,1,1,SOFTWARE_TESTER,Software Test Engineer,SOFTWARE_TESTING,Software Quality and Testing,SOFTWARE,Software Engineering,existing,existing_reviewed_mapping,1,Preserved existing leaf assignment.
TITLE:54909,54909,Software Test Engineer,core,source_supported_proposal,1,1,SOFTWARE_TESTER,Software Test Engineer,SOFTWARE_TESTING,Software Quality and Testing,SOFTWARE,Software Engineering,existing,existing_reviewed_mapping,1,Preserved existing leaf assignment.
TITLE:54910,54910,Software Tester,core,preferred_source_supported_proposal,1,1,SOFTWARE_TESTER,Software Test Engineer,SOFTWARE_TESTING,Software Quality and Testing,SOFTWARE,Software Engineering,existing,existing_reviewed_mapping,1,Preserved existing leaf assignment.
TITLE:54911,54911,Software Testing Specialist,core,source_supported_proposal,1,1,SOFTWARE_TESTER,Software Test Engineer,SOFTWARE_TESTING,Software Quality and Testing,SOFTWARE,Software Engineering,existing,existing_reviewed_mapping,1,Preserved existing leaf assignment.
TITLE:55128,55128,Solution Architect,core,preferred_source_supported_proposal,1,1,SOLUTION_ARCHITECT,Solution Architect,SYSTEMS_ARCHITECTURE,Enterprise and Systems Architecture,ARCHITECTURE_ANALYSIS,IT Architecture and Systems Analysis,existing,existing_reviewed_mapping,1,Preserved existing leaf assignment.
TITLE:55132,55132,Solutions Developer,core,parent_only_proposal,1,1,APPLICATION_DEVELOPER,Software Developer / Engineer (General),SOFTWARE_DEVELOPMENT,Software Development,SOFTWARE,Software Engineering,medium,manual_title_by_title_resolution_v2,1,
TITLE:55132,55132,Solutions Developer,core,parent_only_proposal,2,0,APPLICATION_DEVELOPER,Application Developer,SOFTWARE_DEVELOPMENT,Software Development,SOFTWARE,Software Engineering,medium,manual_title_by_title_resolution_v2,1,
TITLE:55133,55133,Solutions Engineer,core,source_supported_proposal,1,1,SOLUTION_ARCHITECT,Solution Architect,SYSTEMS_ARCHITECTURE,Enterprise and Systems Architecture,ARCHITECTURE_ANALYSIS,IT Architecture and Systems Analysis,medium,manual_title_by_title_resolution_v2,1,
TITLE:55133,55133,Solutions Engineer,core,source_supported_proposal,2,0,SYSTEMS_ENGINEER,Computer Systems Engineer,SYSTEMS_ARCHITECTURE,Enterprise and Systems Architecture,ARCHITECTURE_ANALYSIS,IT Architecture and Systems Analysis,medium,manual_title_by_title_resolution_v2,1,
TITLE:55388,55388,Special Intelligence System Administrator/communicator,review,non_it_source_collision,1,1,SYSTEM_ADMIN,Systems Administrator,SYSTEMS_OPERATIONS,Systems Administration and Operations,PLATFORM_INFRASTRUCTURE,"Cloud, Platforms and IT Operations",existing,existing_reviewed_mapping,1,Preserved existing leaf assignment.
TITLE:56256,56256,Statistical Data Analyst,review,non_it_source_collision,1,1,DATA_ANALYST,Data Analyst,DATA_ANALYSIS,Data Analysis and Business Intelligence,DATA_AI,"Data, Analytics and Artificial Intelligence",existing,existing_reviewed_mapping,1,Preserved existing leaf assignment.
TITLE:56265,56265,Statistical Programmer,review,unresolved,1,1,COMPUTER_PROGRAMMER,Computer Programmer,SOFTWARE_DEVELOPMENT,Software Development,SOFTWARE,Software Engineering,medium,manual_title_by_title_resolution_v2,1,
TITLE:56265,56265,Statistical Programmer,review,unresolved,2,0,DATA_SCIENTIST,Data Scientist,DATA_SCIENCE_RESEARCH,Data Science and Computing Research,DATA_AI,"Data, Analytics and Artificial Intelligence",medium,manual_title_by_title_resolution_v2,1,
TITLE:57419,57419,Supervisory Control and Data Acquisition Security Analyst (SCADA Security Analyst),core,source_supported_proposal,1,1,EMBEDDED_SECURITY,Embedded and IoT Security Engineer,SECURITY_ENGINEERING,Cybersecurity Engineering,SECURITY,Cybersecurity,existing,existing_reviewed_mapping,1,Preserved existing leaf assignment.
TITLE:57433,57433,Supply Chain Data Analyst,review,non_it_source_collision,1,1,DATA_ANALYST,Data Analyst,DATA_ANALYSIS,Data Analysis and Business Intelligence,DATA_AI,"Data, Analytics and Artificial Intelligence",existing,existing_reviewed_mapping,1,Preserved existing leaf assignment.
TITLE:57473,57473,Support Specialist,core,parent_only_proposal,1,1,SUPPORT_ENGINEER,IT Support Engineer,USER_APPLICATION_SUPPORT,User and Application Support,SUPPORT,IT Support,medium,manual_title_by_title_resolution_v2,1,
TITLE:57473,57473,Support Specialist,core,parent_only_proposal,2,0,APPLICATION_SUPPORT,Application Support Specialist,USER_APPLICATION_SUPPORT,User and Application Support,SUPPORT,IT Support,medium,manual_title_by_title_resolution_v2,1,
TITLE:57703,57703,Sustainable Systems Analyst,review,non_it_source_collision,1,1,SUSTAINABLE_IT,Sustainable IT Specialist,SERVICE_GOVERNANCE,IT Service Governance,IT_DELIVERY,IT Leadership and Delivery,existing,existing_reviewed_mapping,1,Preserved existing leaf assignment.
TITLE:57843,57843,System Analyst,core,source_supported_proposal,1,1,SYSTEMS_ANALYST,Systems Analyst,SYSTEMS_ANALYSIS,Business and Systems Analysis,ARCHITECTURE_ANALYSIS,IT Architecture and Systems Analysis,existing,existing_reviewed_mapping,1,Preserved existing leaf assignment.
TITLE:57844,57844,System Configuration Professional,core,source_supported_proposal,1,1,SYSTEM_CONFIG,Systems Configuration Specialist,SYSTEMS_OPERATIONS,Systems Administration and Operations,PLATFORM_INFRASTRUCTURE,"Cloud, Platforms and IT Operations",existing,existing_reviewed_mapping,1,Preserved existing leaf assignment.
TITLE:57845,57845,System Configurator,core,preferred_source_supported_proposal,1,1,SYSTEM_CONFIG,Systems Configuration Specialist,SYSTEMS_OPERATIONS,Systems Administration and Operations,PLATFORM_INFRASTRUCTURE,"Cloud, Platforms and IT Operations",existing,existing_reviewed_mapping,1,Preserved existing leaf assignment.
TITLE:57846,57846,System Developer,core,parent_only_proposal,1,1,APPLICATION_DEVELOPER,Software Developer / Engineer (General),SOFTWARE_DEVELOPMENT,Software Development,SOFTWARE,Software Engineering,medium,manual_title_by_title_resolution_v2,1,
TITLE:57846,57846,System Developer,core,parent_only_proposal,2,0,SYSTEMS_PROGRAMMER,Systems Programmer,SOFTWARE_DEVELOPMENT,Software Development,SOFTWARE,Software Engineering,medium,manual_title_by_title_resolution_v2,1,
TITLE:57847,57847,System Development Engineer,review,non_it_source_collision,1,1,APPLICATION_DEVELOPER,Software Developer / Engineer (General),SOFTWARE_DEVELOPMENT,Software Development,SOFTWARE,Software Engineering,medium,manual_title_by_title_resolution_v2,1,
TITLE:57847,57847,System Development Engineer,review,non_it_source_collision,2,0,SYSTEMS_PROGRAMMER,Systems Programmer,SOFTWARE_DEVELOPMENT,Software Development,SOFTWARE,Software Engineering,medium,manual_title_by_title_resolution_v2,1,
TITLE:57848,57848,System Development Manager,core,source_supported_proposal,1,1,ENGINEERING_MANAGER,Software Engineering Manager,IT_MANAGEMENT,IT and Engineering Management,IT_DELIVERY,IT Leadership and Delivery,existing,existing_reviewed_mapping,1,Preserved existing leaf assignment.
TITLE:57849,57849,System Dispatcher,review,non_it_source_collision,1,1,OUTSIDE_IT_SCOPE,Outside IT Scope,OUTSIDE_SCOPE,Outside IT Occupational Scope,EXCLUSIONS,Excluded / Non-operational Labels,high,manual_title_by_title_resolution_v2,0,
TITLE:57850,57850,System Engineer,review,unresolved,1,1,SYSTEMS_ENGINEER,Computer Systems Engineer,SYSTEMS_ARCHITECTURE,Enterprise and Systems Architecture,ARCHITECTURE_ANALYSIS,IT Architecture and Systems Analysis,medium,manual_title_by_title_resolution_v2,1,
TITLE:57851,57851,System Integration Consultants,core,source_supported_proposal,1,1,INTEGRATION_ENGINEER,Systems Integration Engineer,SYSTEMS_ARCHITECTURE,Enterprise and Systems Architecture,ARCHITECTURE_ANALYSIS,IT Architecture and Systems Analysis,existing,existing_reviewed_mapping,1,Preserved existing leaf assignment.
TITLE:57852,57852,System Integration Engineer,core,source_supported_proposal,1,1,INTEGRATION_ENGINEER,Systems Integration Engineer,SYSTEMS_ARCHITECTURE,Enterprise and Systems Architecture,ARCHITECTURE_ANALYSIS,IT Architecture and Systems Analysis,existing,existing_reviewed_mapping,1,Preserved existing leaf assignment.
TITLE:57853,57853,System Operation Superintendent,review,non_it_source_collision,1,1,OUTSIDE_IT_SCOPE,Outside IT Scope,OUTSIDE_SCOPE,Outside IT Occupational Scope,EXCLUSIONS,Excluded / Non-operational Labels,high,manual_title_by_title_resolution_v2,0,
TITLE:57854,57854,System Programmer,core,source_supported_proposal,1,1,SYSTEMS_PROGRAMMER,Systems Programmer,SOFTWARE_DEVELOPMENT,Software Development,SOFTWARE,Software Engineering,existing,existing_reviewed_mapping,1,Preserved existing leaf assignment.
TITLE:57855,57855,System Safety Engineer,review,non_it_source_collision,1,1,OUTSIDE_IT_SCOPE,Outside IT Scope,OUTSIDE_SCOPE,Outside IT Occupational Scope,EXCLUSIONS,Excluded / Non-operational Labels,high,manual_title_by_title_resolution_v2,0,Manually classified as outside the operational IT occupation scope.
TITLE:57856,57856,System Security Analyst,core,parent_only_proposal,1,1,SECURITY_ANALYST,Cybersecurity Analyst,SECURITY_OPERATIONS,Cybersecurity Operations,SECURITY,Cybersecurity,medium,manual_title_by_title_resolution_v2,1,
TITLE:57856,57856,System Security Analyst,core,parent_only_proposal,2,0,SECURITY_ENGINEER,Security Engineer,SECURITY_ENGINEERING,Cybersecurity Engineering,SECURITY,Cybersecurity,medium,manual_title_by_title_resolution_v2,1,
TITLE:57857,57857,System Security Tester,core,source_supported_proposal,1,1,VULNERABILITY_ANALYST,Vulnerability Assessment Specialist,OFFENSIVE_SECURITY,Offensive Security and Security Testing,SECURITY,Cybersecurity,existing,existing_reviewed_mapping,1,Preserved existing leaf assignment.
TITLE:57858,57858,System Setup Professional,core,source_supported_proposal,1,1,SYSTEM_CONFIG,Systems Configuration Specialist,SYSTEMS_OPERATIONS,Systems Administration and Operations,PLATFORM_INFRASTRUCTURE,"Cloud, Platforms and IT Operations",existing,existing_reviewed_mapping,1,Preserved existing leaf assignment.
TITLE:57859,57859,System Technologist,conditional,needs_it_duties,1,1,SYSTEMS_ENGINEER,Computer Systems Engineer,SYSTEMS_ARCHITECTURE,Enterprise and Systems Architecture,ARCHITECTURE_ANALYSIS,IT Architecture and Systems Analysis,medium,manual_title_by_title_resolution_v2,1,
TITLE:57859,57859,System Technologist,conditional,needs_it_duties,2,0,HARDWARE_ENG_TECHNICIAN,Computer Hardware Engineering Technician,HARDWARE_ENGINEERING,Computing Hardware Engineering,COMPUTER_HARDWARE,Computer Hardware Engineering,medium,manual_title_by_title_resolution_v2,1,
TITLE:57860,57860,System Testing and Evaluation Specialist,core,source_supported_proposal,1,1,SOFTWARE_TESTER,Software Test Engineer,SOFTWARE_TESTING,Software Quality and Testing,SOFTWARE,Software Engineering,existing,existing_reviewed_mapping,1,Preserved existing leaf assignment.
TITLE:57861,57861,System Trainer,core,source_supported_proposal,1,1,IT_TRAINER,IT Trainer,TECHNICAL_ENABLEMENT,Technical Documentation and Learning,IT_ENABLEMENT,"IT Documentation, Learning and Advisory",existing,existing_reviewed_mapping,1,Preserved existing leaf assignment.
TITLE:57862,57862,System Validation Engineer,review,non_it_source_collision,1,1,OUTSIDE_IT_SCOPE,Outside IT Scope,OUTSIDE_SCOPE,Outside IT Occupational Scope,EXCLUSIONS,Excluded / Non-operational Labels,high,manual_title_by_title_resolution_v2,0,Manually classified as outside the operational IT occupation scope.
TITLE:57863,57863,System and Networks Administrator,core,source_supported_proposal,1,1,SYSTEM_ADMIN,Systems Administrator,SYSTEMS_OPERATIONS,Systems Administration and Operations,PLATFORM_INFRASTRUCTURE,"Cloud, Platforms and IT Operations",existing,existing_reviewed_mapping,1,Preserved existing leaf assignment.
TITLE:57866,57866,Systems Administrator,core,preferred_source_supported_proposal,1,1,SYSTEM_ADMIN,Systems Administrator,SYSTEMS_OPERATIONS,Systems Administration and Operations,PLATFORM_INFRASTRUCTURE,"Cloud, Platforms and IT Operations",existing,existing_reviewed_mapping,1,Preserved existing leaf assignment.
TITLE:57867,57867,Systems Analysis Specialist,core,source_supported_proposal,1,1,SYSTEMS_ANALYST,Systems Analyst,SYSTEMS_ANALYSIS,Business and Systems Analysis,ARCHITECTURE_ANALYSIS,IT Architecture and Systems Analysis,existing,existing_reviewed_mapping,1,Preserved existing leaf assignment.
TITLE:57868,57868,Systems Analyst Engineer,core,source_supported_proposal,1,1,SYSTEMS_ANALYST,Systems Analyst,SYSTEMS_ANALYSIS,Business and Systems Analysis,ARCHITECTURE_ANALYSIS,IT Architecture and Systems Analysis,existing,existing_reviewed_mapping,1,Preserved existing leaf assignment.
TITLE:57869,57869,Systems Application Engineer,core,parent_only_proposal,1,1,SYSTEMS_ENGINEER,Computer Systems Engineer,SYSTEMS_ARCHITECTURE,Enterprise and Systems Architecture,ARCHITECTURE_ANALYSIS,IT Architecture and Systems Analysis,medium,manual_title_by_title_resolution_v2,1,
TITLE:57869,57869,Systems Application Engineer,core,parent_only_proposal,2,0,APPLICATION_DEVELOPER,Application Developer,SOFTWARE_DEVELOPMENT,Software Development,SOFTWARE,Software Engineering,medium,manual_title_by_title_resolution_v2,1,
TITLE:57870,57870,Systems Architect,core,source_supported_proposal,1,1,SYSTEMS_ARCHITECT,Systems Architect,SYSTEMS_ARCHITECTURE,Enterprise and Systems Architecture,ARCHITECTURE_ANALYSIS,IT Architecture and Systems Analysis,existing,existing_reviewed_mapping,1,Preserved existing leaf assignment.
TITLE:57871,57871,Systems Auditor (ICT),core,source_supported_proposal,1,1,IT_AUDITOR,IT Auditor,SECURITY_GOVERNANCE,"Cybersecurity Governance, Risk and Compliance",SECURITY,Cybersecurity,existing,existing_reviewed_mapping,1,Preserved existing leaf assignment.
TITLE:57872,57872,Systems Consultant,review,unresolved,1,1,IT_CONSULTANT,IT Consultant,SYSTEMS_ANALYSIS,Business and Systems Analysis,ARCHITECTURE_ANALYSIS,IT Architecture and Systems Analysis,medium,manual_title_by_title_resolution_v2,1,
TITLE:57872,57872,Systems Consultant,review,unresolved,2,0,SYSTEMS_ANALYST,Systems Analyst,SYSTEMS_ANALYSIS,Business and Systems Analysis,ARCHITECTURE_ANALYSIS,IT Architecture and Systems Analysis,medium,manual_title_by_title_resolution_v2,1,
TITLE:57873,57873,Systems Coordinator,core,source_supported_proposal,1,1,SYSTEM_ADMIN,Systems Administrator,SYSTEMS_OPERATIONS,Systems Administration and Operations,PLATFORM_INFRASTRUCTURE,"Cloud, Platforms and IT Operations",medium,manual_title_by_title_resolution_v2,1,
TITLE:57873,57873,Systems Coordinator,core,source_supported_proposal,2,0,IT_PROJECT_MANAGER,IT Project Manager,PROJECT_PRODUCT,IT Project and Product Delivery,IT_DELIVERY,IT Leadership and Delivery,medium,manual_title_by_title_resolution_v2,1,
TITLE:57874,57874,Systems Design Engineer,review,non_it_source_collision,1,1,SYSTEMS_ENGINEER,Computer Systems Engineer,SYSTEMS_ARCHITECTURE,Enterprise and Systems Architecture,ARCHITECTURE_ANALYSIS,IT Architecture and Systems Analysis,medium,manual_title_by_title_resolution_v2,1,
TITLE:57874,57874,Systems Design Engineer,review,non_it_source_collision,2,0,SYSTEMS_ARCHITECT,Systems Architect,SYSTEMS_ARCHITECTURE,Enterprise and Systems Architecture,ARCHITECTURE_ANALYSIS,IT Architecture and Systems Analysis,medium,manual_title_by_title_resolution_v2,1,
TITLE:57876,57876,Systems Engineering Manager,core,parent_only_proposal,1,1,ENGINEERING_MANAGER,Software Engineering Manager,IT_MANAGEMENT,IT and Engineering Management,IT_DELIVERY,IT Leadership and Delivery,medium,manual_title_by_title_resolution_v2,1,
TITLE:57876,57876,Systems Engineering Manager,core,parent_only_proposal,2,0,IT_MANAGER,IT Manager,IT_MANAGEMENT,IT and Engineering Management,IT_DELIVERY,IT Leadership and Delivery,medium,manual_title_by_title_resolution_v2,1,
TITLE:57877,57877,Systems Integrator,core,source_supported_proposal,1,1,INTEGRATION_ENGINEER,Systems Integration Engineer,SYSTEMS_ARCHITECTURE,Enterprise and Systems Architecture,ARCHITECTURE_ANALYSIS,IT Architecture and Systems Analysis,existing,existing_reviewed_mapping,1,Preserved existing leaf assignment.
TITLE:57878,57878,Systems Librarian,review,non_it_source_collision,1,1,OUTSIDE_IT_SCOPE,Outside IT Scope,OUTSIDE_SCOPE,Outside IT Occupational Scope,EXCLUSIONS,Excluded / Non-operational Labels,high,manual_title_by_title_resolution_v2,0,Manually classified as outside the operational IT occupation scope.
TITLE:57880,57880,Systems Operator,review,unresolved,1,1,COMPUTER_OPERATOR,Computer and Systems Operator,SYSTEMS_OPERATIONS,Systems Administration and Operations,PLATFORM_INFRASTRUCTURE,"Cloud, Platforms and IT Operations",medium,manual_title_by_title_resolution_v2,1,
TITLE:57880,57880,Systems Operator,review,unresolved,2,0,SYSTEM_ADMIN,Systems Administrator,SYSTEMS_OPERATIONS,Systems Administration and Operations,PLATFORM_INFRASTRUCTURE,"Cloud, Platforms and IT Operations",medium,manual_title_by_title_resolution_v2,1,
TITLE:57881,57881,Systems Protection Technician,review,non_it_source_collision,1,1,OUTSIDE_IT_SCOPE,Outside IT Scope,OUTSIDE_SCOPE,Outside IT Occupational Scope,EXCLUSIONS,Excluded / Non-operational Labels,high,manual_title_by_title_resolution_v2,0,Manually classified as outside the operational IT occupation scope.
TITLE:57882,57882,Systems Reliability Engineer,review,non_it_source_collision,1,1,SRE,Site Reliability Engineer,DEVOPS_PLATFORM,DevOps and Platform Engineering,PLATFORM_INFRASTRUCTURE,"Cloud, Platforms and IT Operations",low,manual_title_by_title_resolution_v2,1,
TITLE:57883,57883,Systems Requirements Engineer,core,label_policy_proposal,1,1,REQUIREMENTS_ENGINEER,Software Requirements Engineer,SYSTEMS_ANALYSIS,Business and Systems Analysis,ARCHITECTURE_ANALYSIS,IT Architecture and Systems Analysis,existing,existing_reviewed_mapping,1,Preserved existing leaf assignment.
TITLE:57884,57884,Systems Requirements Planner,core,source_supported_proposal,1,1,REQUIREMENTS_ENGINEER,Software Requirements Engineer,SYSTEMS_ANALYSIS,Business and Systems Analysis,ARCHITECTURE_ANALYSIS,IT Architecture and Systems Analysis,existing,existing_reviewed_mapping,1,Preserved existing leaf assignment.
TITLE:57885,57885,Systems Software Designer,core,parent_only_proposal,1,1,SYSTEMS_PROGRAMMER,Systems Programmer,SOFTWARE_DEVELOPMENT,Software Development,SOFTWARE,Software Engineering,medium,manual_title_by_title_resolution_v2,1,
TITLE:57885,57885,Systems Software Designer,core,parent_only_proposal,2,0,APPLICATION_DEVELOPER,Software Developer / Engineer (General),SOFTWARE_DEVELOPMENT,Software Development,SOFTWARE,Software Engineering,medium,manual_title_by_title_resolution_v2,1,
TITLE:57886,57886,Systems Software Quality Assurance Specialist (systems Software QA Specialist),core,source_supported_proposal,1,1,SOFTWARE_TESTER,Software Test Engineer,SOFTWARE_TESTING,Software Quality and Testing,SOFTWARE,Software Engineering,existing,existing_reviewed_mapping,1,Preserved existing leaf assignment.
TITLE:57887,57887,Systems Software Specialist,core,parent_only_proposal,1,1,SYSTEMS_PROGRAMMER,Systems Programmer,SOFTWARE_DEVELOPMENT,Software Development,SOFTWARE,Software Engineering,medium,manual_title_by_title_resolution_v2,1,
TITLE:57887,57887,Systems Software Specialist,core,parent_only_proposal,2,0,APPLICATION_DEVELOPER,Software Developer / Engineer (General),SOFTWARE_DEVELOPMENT,Software Development,SOFTWARE,Software Engineering,medium,manual_title_by_title_resolution_v2,1,
TITLE:57888,57888,Systems Specialist,core,source_supported_proposal,1,1,SYSTEMS_SPECIALIST_GENERAL,Systems Specialist (General),SYSTEMS_ANALYSIS,Business and Systems Analysis,ARCHITECTURE_ANALYSIS,IT Architecture and Systems Analysis,medium,manual_title_by_title_resolution_v2,1,
TITLE:57888,57888,Systems Specialist,core,source_supported_proposal,2,0,SYSTEM_ADMIN,Systems Administrator,SYSTEMS_OPERATIONS,Systems Administration and Operations,PLATFORM_INFRASTRUCTURE,"Cloud, Platforms and IT Operations",medium,manual_title_by_title_resolution_v2,1,
TITLE:57889,57889,Systems Support Engineer,core,source_supported_proposal,1,1,SUPPORT_ENGINEER,IT Support Engineer,USER_APPLICATION_SUPPORT,User and Application Support,SUPPORT,IT Support,existing,existing_reviewed_mapping,1,Preserved existing leaf assignment.
TITLE:57890,57890,Systems Support Representative,core,source_supported_proposal,1,1,SUPPORT_ENGINEER,IT Support Engineer,USER_APPLICATION_SUPPORT,User and Application Support,SUPPORT,IT Support,existing,existing_reviewed_mapping,1,Preserved existing leaf assignment.
TITLE:57891,57891,Systems Support Specialist,core,source_supported_proposal,1,1,SUPPORT_ENGINEER,IT Support Engineer,USER_APPLICATION_SUPPORT,User and Application Support,SUPPORT,IT Support,existing,existing_reviewed_mapping,1,Preserved existing leaf assignment.
TITLE:57892,57892,Systems Technician,review,non_it_source_collision,1,1,COMPUTER_TECHNICIAN,Computer Hardware Technician,HARDWARE_SUPPORT,Computer Hardware Support,SUPPORT,IT Support,low,manual_title_by_title_resolution_v2,1,
TITLE:57892,57892,Systems Technician,review,non_it_source_collision,2,0,SYSTEM_ADMIN,Systems Administrator,SYSTEMS_OPERATIONS,Systems Administration and Operations,PLATFORM_INFRASTRUCTURE,"Cloud, Platforms and IT Operations",low,manual_title_by_title_resolution_v2,1,
TITLE:57893,57893,Systems Test Engineer (ICT),core,source_supported_proposal,1,1,SOFTWARE_TESTER,Software Test Engineer,SOFTWARE_TESTING,Software Quality and Testing,SOFTWARE,Software Engineering,existing,existing_reviewed_mapping,1,Preserved existing leaf assignment.
TITLE:57894,57894,Systems Test Technician,review,non_it_source_collision,1,1,SOFTWARE_TESTER,Software Test Engineer,SOFTWARE_TESTING,Software Quality and Testing,SOFTWARE,Software Engineering,existing,existing_reviewed_mapping,1,Preserved existing leaf assignment.
TITLE:57895,57895,Systems Tester,core,source_supported_proposal,1,1,SOFTWARE_TESTER,Software Test Engineer,SOFTWARE_TESTING,Software Quality and Testing,SOFTWARE,Software Engineering,existing,existing_reviewed_mapping,1,Preserved existing leaf assignment.
TITLE:57896,57896,Systems Tester Admin (systems Tester Administrator),core,source_supported_proposal,1,1,SOFTWARE_TESTER,Software Test Engineer,SOFTWARE_TESTING,Software Quality and Testing,SOFTWARE,Software Engineering,existing,existing_reviewed_mapping,1,Preserved existing leaf assignment.
TITLE:57897,57897,Systems and Networks Manager,core,parent_only_proposal,1,1,NETWORK_ADMIN,Network Administrator,NETWORK_ENGINEERING,Computer Network Engineering,NETWORKS,Networks and Telecommunications,medium,manual_title_by_title_resolution_v2,1,
TITLE:57897,57897,Systems and Networks Manager,core,parent_only_proposal,2,0,IT_OPERATIONS_MANAGER,IT Operations Manager,IT_MANAGEMENT,IT and Engineering Management,IT_DELIVERY,IT Leadership and Delivery,medium,manual_title_by_title_resolution_v2,1,
TITLE:57907,57907,TELECOM Op (telecommunications Operator),conditional,needs_it_duties,1,1,TELECOM_OPERATOR,Telecommunications Operator,TELECOM_ENGINEERING,Telecommunications Engineering,NETWORKS,Networks and Telecommunications,medium,manual_title_by_title_resolution_v2,1,
TITLE:57985,57985,Tableau Developer,core,source_supported_proposal,1,1,BI_DEVELOPER,Business Intelligence Developer,DATA_ANALYSIS,Data Analysis and Business Intelligence,DATA_AI,"Data, Analytics and Artificial Intelligence",existing,existing_reviewed_mapping,1,Preserved existing leaf assignment.
TITLE:58252,58252,Target Network Analyst,core,source_supported_proposal,1,1,NETWORK_TECHNICIAN,Network Technician,NETWORK_ENGINEERING,Computer Network Engineering,NETWORKS,Networks and Telecommunications,existing,existing_reviewed_mapping,1,Preserved existing leaf assignment.
TITLE:58413,58413,Technical Architect,core,source_supported_proposal,1,1,SYSTEMS_ARCHITECT,Systems Architect,SYSTEMS_ARCHITECTURE,Enterprise and Systems Architecture,ARCHITECTURE_ANALYSIS,IT Architecture and Systems Analysis,existing,existing_reviewed_mapping,1,Preserved existing leaf assignment.
TITLE:58460,58460,Technical Platform Engineer,core,label_policy_proposal,1,1,PLATFORM_ENGINEER,Platform Engineer,DEVOPS_PLATFORM,DevOps and Platform Engineering,PLATFORM_INFRASTRUCTURE,"Cloud, Platforms and IT Operations",existing,existing_reviewed_mapping,1,Preserved existing leaf assignment.
TITLE:58494,58494,Technical Security Specialist,review,non_it_source_collision,1,1,OUTSIDE_IT_SCOPE,Outside IT Scope,OUTSIDE_SCOPE,Outside IT Occupational Scope,EXCLUSIONS,Excluded / Non-operational Labels,high,manual_title_by_title_resolution_v2,0,Manually classified as outside the operational IT occupation scope.
TITLE:58501,58501,Technical Solutions Director,core,parent_only_proposal,1,1,IT_MANAGER,IT Manager,IT_MANAGEMENT,IT and Engineering Management,IT_DELIVERY,IT Leadership and Delivery,medium,manual_title_by_title_resolution_v2,1,Technical-solutions leadership role.
TITLE:58501,58501,Technical Solutions Director,core,parent_only_proposal,2,0,SOLUTION_ARCHITECT,Solution Architect,SYSTEMS_ARCHITECTURE,Enterprise and Systems Architecture,ARCHITECTURE_ANALYSIS,IT Architecture and Systems Analysis,medium,manual_title_by_title_resolution_v2,1,Technical-solutions leadership role.
TITLE:58505,58505,Technical Support,review,non_it_source_collision,1,1,SUPPORT_ENGINEER,IT Support Engineer,USER_APPLICATION_SUPPORT,User and Application Support,SUPPORT,IT Support,existing,existing_reviewed_mapping,1,Preserved existing leaf assignment.
TITLE:58506,58506,Technical Support Analyst,core,source_supported_proposal,1,1,SUPPORT_ENGINEER,IT Support Engineer,USER_APPLICATION_SUPPORT,User and Application Support,SUPPORT,IT Support,existing,existing_reviewed_mapping,1,Preserved existing leaf assignment.
TITLE:58507,58507,Technical Support Call Center Representative (technical Support Call Center Rep),core,source_supported_proposal,1,1,SUPPORT_ENGINEER,IT Support Engineer,USER_APPLICATION_SUPPORT,User and Application Support,SUPPORT,IT Support,existing,existing_reviewed_mapping,1,Preserved existing leaf assignment.
TITLE:58508,58508,Technical Support Content Manager,core,source_supported_proposal,1,1,SUPPORT_ENGINEER,IT Support Engineer,USER_APPLICATION_SUPPORT,User and Application Support,SUPPORT,IT Support,existing,existing_reviewed_mapping,1,Preserved existing leaf assignment.
TITLE:58509,58509,Technical Support Engineer,review,unresolved,1,1,SUPPORT_ENGINEER,IT Support Engineer,USER_APPLICATION_SUPPORT,User and Application Support,SUPPORT,IT Support,existing,existing_reviewed_mapping,1,Preserved existing leaf assignment.
TITLE:58510,58510,Technical Support Manager,core,source_supported_proposal,1,1,SUPPORT_MANAGER,IT Support Manager,USER_APPLICATION_SUPPORT,User and Application Support,SUPPORT,IT Support,existing,existing_reviewed_mapping,1,Preserved existing leaf assignment.
TITLE:58511,58511,Technical Support Representative (technical Support Rep),core,source_supported_proposal,1,1,SUPPORT_ENGINEER,IT Support Engineer,USER_APPLICATION_SUPPORT,User and Application Support,SUPPORT,IT Support,existing,existing_reviewed_mapping,1,Preserved existing leaf assignment.
TITLE:58512,58512,Technical Support Technician (technical Support Tech),core,source_supported_proposal,1,1,SUPPORT_ENGINEER,IT Support Engineer,USER_APPLICATION_SUPPORT,User and Application Support,SUPPORT,IT Support,existing,existing_reviewed_mapping,1,Preserved existing leaf assignment.
TITLE:58513,58513,Technical Support Worker,review,non_it_source_collision,1,1,SUPPORT_ENGINEER,IT Support Engineer,USER_APPLICATION_SUPPORT,User and Application Support,SUPPORT,IT Support,existing,existing_reviewed_mapping,1,Preserved existing leaf assignment.
TITLE:58585,58585,Telecom Equipment Maintainer,conditional,needs_it_duties,1,1,TELECOM_INSTALLER_REPAIRER,Telecommunications Equipment Installer and Repairer,TELECOM_ENGINEERING,Telecommunications Engineering,NETWORKS,Networks and Telecommunications,medium,manual_title_by_title_resolution_v2,1,
TITLE:58585,58585,Telecom Equipment Maintainer,conditional,needs_it_duties,2,0,TELECOM_TECHNICIAN,Telecommunications Technician,TELECOM_ENGINEERING,Telecommunications Engineering,NETWORKS,Networks and Telecommunications,medium,manual_title_by_title_resolution_v2,1,
TITLE:58588,58588,Telecommunication Administrator,review,non_it_source_collision,1,1,TELECOM_TECHNICIAN,Telecommunications Technician,TELECOM_ENGINEERING,Telecommunications Engineering,NETWORKS,Networks and Telecommunications,medium,manual_title_by_title_resolution_v2,1,
TITLE:58588,58588,Telecommunication Administrator,review,non_it_source_collision,2,0,TELECOM_MANAGER,Telecommunications Manager,TELECOM_ENGINEERING,Telecommunications Engineering,NETWORKS,Networks and Telecommunications,medium,manual_title_by_title_resolution_v2,1,
TITLE:58589,58589,Telecommunication Design Analyst (telecom Design Analyst),core,label_policy_proposal,1,1,TELECOM_ANALYST,Telecommunications Analyst,TELECOM_ENGINEERING,Telecommunications Engineering,NETWORKS,Networks and Telecommunications,existing,existing_reviewed_mapping,1,Preserved existing leaf assignment.
TITLE:58590,58590,Telecommunication Design Engineer (telecom Design Engineer),core,source_supported_proposal,1,1,TELECOM_ENGINEER,Telecommunications Engineer,TELECOM_ENGINEERING,Telecommunications Engineering,NETWORKS,Networks and Telecommunications,existing,existing_reviewed_mapping,1,Preserved existing leaf assignment.
TITLE:58591,58591,Telecommunication Electronic Inspector,review,non_it_source_collision,1,1,TELECOM_TECHNICIAN,Telecommunications Technician,TELECOM_ENGINEERING,Telecommunications Engineering,NETWORKS,Networks and Telecommunications,medium,manual_title_by_title_resolution_v2,1,
TITLE:58592,58592,Telecommunication Electronic Technician,conditional,needs_it_duties,1,1,TELECOM_TECHNICIAN,Telecommunications Technician,TELECOM_ENGINEERING,Telecommunications Engineering,NETWORKS,Networks and Telecommunications,existing,existing_reviewed_mapping,1,Preserved existing leaf assignment.
TITLE:58593,58593,Telecommunication Equipment Repairer,conditional,needs_it_duties,1,1,TELECOM_TECHNICIAN,Telecommunications Technician,TELECOM_ENGINEERING,Telecommunications Engineering,NETWORKS,Networks and Telecommunications,existing,existing_reviewed_mapping,1,Preserved existing leaf assignment.
TITLE:58594,58594,Telecommunication Equipment Shop Manager,excluded,outside_it_scope,1,1,OUTSIDE_IT_SCOPE,Outside IT Scope,OUTSIDE_SCOPE,Outside IT Occupational Scope,EXCLUSIONS,Excluded / Non-operational Labels,high,manual_title_by_title_resolution_v2,0,Manually classified as outside the operational IT occupation scope.
TITLE:58595,58595,Telecommunication Lines Repairer,conditional,needs_it_duties,1,1,TELECOM_TECHNICIAN,Telecommunications Technician,TELECOM_ENGINEERING,Telecommunications Engineering,NETWORKS,Networks and Telecommunications,existing,existing_reviewed_mapping,1,Preserved existing leaf assignment.
TITLE:58596,58596,Telecommunication Systems Designer (telecom Systems Designer),core,label_policy_proposal,1,1,TELECOM_ENGINEER,Telecommunications Engineer,TELECOM_ENGINEERING,Telecommunications Engineering,NETWORKS,Networks and Telecommunications,existing,existing_reviewed_mapping,1,Preserved existing leaf assignment.
TITLE:58597,58597,Telecommunication Tower Technician (telecommunications Tower Tech),conditional,needs_it_duties,1,1,TELECOM_TECHNICIAN,Telecommunications Technician,TELECOM_ENGINEERING,Telecommunications Engineering,NETWORKS,Networks and Telecommunications,existing,existing_reviewed_mapping,1,Preserved existing leaf assignment.
TITLE:58598,58598,Telecommunications Analysts,core,source_supported_proposal,1,1,TELECOM_ANALYST,Telecommunications Analyst,TELECOM_ENGINEERING,Telecommunications Engineering,NETWORKS,Networks and Telecommunications,existing,existing_reviewed_mapping,1,Preserved existing leaf assignment.
TITLE:58599,58599,Telecommunications Antenna Foreman,review,non_it_source_collision,1,1,TELECOM_INSTALLER_REPAIRER,Telecommunications Equipment Installer and Repairer,TELECOM_ENGINEERING,Telecommunications Engineering,NETWORKS,Networks and Telecommunications,medium,manual_title_by_title_resolution_v2,1,Telecommunications antenna field-installation supervision.
TITLE:58599,58599,Telecommunications Antenna Foreman,review,non_it_source_collision,2,0,TELECOM_TECHNICIAN,Telecommunications Technician,TELECOM_ENGINEERING,Telecommunications Engineering,NETWORKS,Networks and Telecommunications,medium,manual_title_by_title_resolution_v2,1,Telecommunications antenna field-installation supervision.
TITLE:58600,58600,Telecommunications Cable Technician,conditional,needs_it_duties,1,1,TELECOM_TECHNICIAN,Telecommunications Technician,TELECOM_ENGINEERING,Telecommunications Engineering,NETWORKS,Networks and Telecommunications,existing,existing_reviewed_mapping,1,Preserved existing leaf assignment.
TITLE:58602,58602,Telecommunications Commissioning Manager,core,parent_only_proposal,1,1,TELECOM_MANAGER,Telecommunications Manager,TELECOM_ENGINEERING,Telecommunications Engineering,NETWORKS,Networks and Telecommunications,medium,manual_title_by_title_resolution_v2,1,
TITLE:58603,58603,Telecommunications Consultant,core,parent_only_proposal,1,1,TELECOM_ANALYST,Telecommunications Analyst,TELECOM_ENGINEERING,Telecommunications Engineering,NETWORKS,Networks and Telecommunications,medium,manual_title_by_title_resolution_v2,1,
TITLE:58603,58603,Telecommunications Consultant,core,parent_only_proposal,2,0,TELECOM_ENGINEER,Telecommunications Engineer,TELECOM_ENGINEERING,Telecommunications Engineering,NETWORKS,Networks and Telecommunications,medium,manual_title_by_title_resolution_v2,1,
TITLE:58604,58604,Telecommunications Designer,core,source_supported_proposal,1,1,TELECOM_ENGINEER,Telecommunications Engineer,TELECOM_ENGINEERING,Telecommunications Engineering,NETWORKS,Networks and Telecommunications,existing,existing_reviewed_mapping,1,Preserved existing leaf assignment.
TITLE:58605,58605,Telecommunications Development Manager,core,parent_only_proposal,1,1,TELECOM_MANAGER,Telecommunications Manager,TELECOM_ENGINEERING,Telecommunications Engineering,NETWORKS,Networks and Telecommunications,medium,manual_title_by_title_resolution_v2,1,
TITLE:58605,58605,Telecommunications Development Manager,core,parent_only_proposal,2,0,IT_PROJECT_MANAGER,IT Project Manager,PROJECT_PRODUCT,IT Project and Product Delivery,IT_DELIVERY,IT Leadership and Delivery,medium,manual_title_by_title_resolution_v2,1,
TITLE:58606,58606,Telecommunications Engineers,core,source_supported_proposal,1,1,TELECOM_ENGINEER,Telecommunications Engineer,TELECOM_ENGINEERING,Telecommunications Engineering,NETWORKS,Networks and Telecommunications,existing,existing_reviewed_mapping,1,Preserved existing leaf assignment.
TITLE:58607,58607,Telecommunications Equipment Manager,core,parent_only_proposal,1,1,TELECOM_MANAGER,Telecommunications Manager,TELECOM_ENGINEERING,Telecommunications Engineering,NETWORKS,Networks and Telecommunications,medium,manual_title_by_title_resolution_v2,1,
TITLE:58610,58610,Telecommunications Equipment Technician,conditional,needs_it_duties,1,1,TELECOM_TECHNICIAN,Telecommunications Technician,TELECOM_ENGINEERING,Telecommunications Engineering,NETWORKS,Networks and Telecommunications,existing,existing_reviewed_mapping,1,Preserved existing leaf assignment.
TITLE:58611,58611,Telecommunications Facility Examiner,review,unresolved,1,1,TELECOM_TECHNICIAN,Telecommunications Technician,TELECOM_ENGINEERING,Telecommunications Engineering,NETWORKS,Networks and Telecommunications,medium,manual_title_by_title_resolution_v2,1,
TITLE:58612,58612,Telecommunications Field Engineer,conditional,needs_it_duties,1,1,TELECOM_ENGINEER,Telecommunications Engineer,TELECOM_ENGINEERING,Telecommunications Engineering,NETWORKS,Networks and Telecommunications,existing,existing_reviewed_mapping,1,Preserved existing leaf assignment.
TITLE:58613,58613,Telecommunications Hardware Professional,conditional,needs_it_duties,1,1,TELECOM_INSTALLER_REPAIRER,Telecommunications Equipment Installer and Repairer,TELECOM_ENGINEERING,Telecommunications Engineering,NETWORKS,Networks and Telecommunications,medium,manual_title_by_title_resolution_v2,1,
TITLE:58613,58613,Telecommunications Hardware Professional,conditional,needs_it_duties,2,0,TELECOM_TECHNICIAN,Telecommunications Technician,TELECOM_ENGINEERING,Telecommunications Engineering,NETWORKS,Networks and Telecommunications,medium,manual_title_by_title_resolution_v2,1,
TITLE:58614,58614,Telecommunications Installation Technician,conditional,needs_it_duties,1,1,TELECOM_TECHNICIAN,Telecommunications Technician,TELECOM_ENGINEERING,Telecommunications Engineering,NETWORKS,Networks and Telecommunications,existing,existing_reviewed_mapping,1,Preserved existing leaf assignment.
TITLE:58615,58615,Telecommunications Installer,conditional,needs_it_duties,1,1,TELECOM_TECHNICIAN,Telecommunications Technician,TELECOM_ENGINEERING,Telecommunications Engineering,NETWORKS,Networks and Telecommunications,existing,existing_reviewed_mapping,1,Preserved existing leaf assignment.
TITLE:58616,58616,Telecommunications Installer and Repairer,conditional,needs_it_duties,1,1,TELECOM_TECHNICIAN,Telecommunications Technician,TELECOM_ENGINEERING,Telecommunications Engineering,NETWORKS,Networks and Telecommunications,existing,existing_reviewed_mapping,1,Preserved existing leaf assignment.
TITLE:58617,58617,Telecommunications Line Foreman,conditional,needs_it_duties,1,1,TELECOM_INSTALLER_REPAIRER,Telecommunications Equipment Installer and Repairer,TELECOM_ENGINEERING,Telecommunications Engineering,NETWORKS,Networks and Telecommunications,medium,manual_title_by_title_resolution_v2,1,
TITLE:58617,58617,Telecommunications Line Foreman,conditional,needs_it_duties,2,0,TELECOM_TECHNICIAN,Telecommunications Technician,TELECOM_ENGINEERING,Telecommunications Engineering,NETWORKS,Networks and Telecommunications,medium,manual_title_by_title_resolution_v2,1,
TITLE:58618,58618,Telecommunications Line Installer,conditional,needs_it_duties,1,1,TELECOM_TECHNICIAN,Telecommunications Technician,TELECOM_ENGINEERING,Telecommunications Engineering,NETWORKS,Networks and Telecommunications,existing,existing_reviewed_mapping,1,Preserved existing leaf assignment.
TITLE:58619,58619,Telecommunications Line Installers and Repairers,conditional,needs_it_duties,1,1,TELECOM_TECHNICIAN,Telecommunications Technician,TELECOM_ENGINEERING,Telecommunications Engineering,NETWORKS,Networks and Telecommunications,existing,existing_reviewed_mapping,1,Preserved existing leaf assignment.
TITLE:58620,58620,Telecommunications Line Maintainer,conditional,needs_it_duties,1,1,TELECOM_INSTALLER_REPAIRER,Telecommunications Equipment Installer and Repairer,TELECOM_ENGINEERING,Telecommunications Engineering,NETWORKS,Networks and Telecommunications,medium,manual_title_by_title_resolution_v2,1,
TITLE:58620,58620,Telecommunications Line Maintainer,conditional,needs_it_duties,2,0,TELECOM_TECHNICIAN,Telecommunications Technician,TELECOM_ENGINEERING,Telecommunications Engineering,NETWORKS,Networks and Telecommunications,medium,manual_title_by_title_resolution_v2,1,
TITLE:58621,58621,Telecommunications Linesworker,conditional,needs_it_duties,1,1,TELECOM_INSTALLER_REPAIRER,Telecommunications Equipment Installer and Repairer,TELECOM_ENGINEERING,Telecommunications Engineering,NETWORKS,Networks and Telecommunications,medium,manual_title_by_title_resolution_v2,1,
TITLE:58621,58621,Telecommunications Linesworker,conditional,needs_it_duties,2,0,TELECOM_TECHNICIAN,Telecommunications Technician,TELECOM_ENGINEERING,Telecommunications Engineering,NETWORKS,Networks and Telecommunications,medium,manual_title_by_title_resolution_v2,1,
TITLE:58622,58622,Telecommunications Maintenance Technician,conditional,needs_it_duties,1,1,TELECOM_TECHNICIAN,Telecommunications Technician,TELECOM_ENGINEERING,Telecommunications Engineering,NETWORKS,Networks and Telecommunications,existing,existing_reviewed_mapping,1,Preserved existing leaf assignment.
TITLE:58623,58623,Telecommunications Management Specialist (telecom Management Specialist),core,parent_only_proposal,1,1,TELECOM_MANAGER,Telecommunications Manager,TELECOM_ENGINEERING,Telecommunications Engineering,NETWORKS,Networks and Telecommunications,medium,manual_title_by_title_resolution_v2,1,
TITLE:58624,58624,Telecommunications Manager,core,preferred_source_supported_proposal,1,1,TELECOM_MANAGER,Telecommunications Manager,TELECOM_ENGINEERING,Telecommunications Engineering,NETWORKS,Networks and Telecommunications,existing,existing_reviewed_mapping,1,Preserved existing leaf assignment.
TITLE:58625,58625,Telecommunications Network Designer,conditional,needs_it_duties,1,1,NETWORK_ARCHITECT,Network Architect,NETWORK_ENGINEERING,Computer Network Engineering,NETWORKS,Networks and Telecommunications,existing,existing_reviewed_mapping,1,Preserved existing leaf assignment.
TITLE:58626,58626,Telecommunications Network Engineer,core,source_supported_proposal,1,1,NETWORK_ENGINEER,Network Engineer,NETWORK_ENGINEERING,Computer Network Engineering,NETWORKS,Networks and Telecommunications,existing,existing_reviewed_mapping,1,Preserved existing leaf assignment.
TITLE:58627,58627,Telecommunications Network Planner,conditional,needs_it_duties,1,1,NETWORK_ARCHITECT,Network Architect,NETWORK_ENGINEERING,Computer Network Engineering,NETWORKS,Networks and Telecommunications,medium,manual_title_by_title_resolution_v2,1,
TITLE:58627,58627,Telecommunications Network Planner,conditional,needs_it_duties,2,0,TELECOM_ENGINEER,Telecommunications Engineer,TELECOM_ENGINEERING,Telecommunications Engineering,NETWORKS,Networks and Telecommunications,medium,manual_title_by_title_resolution_v2,1,
TITLE:58628,58628,Telecommunications Network Technician,core,source_supported_proposal,1,1,NETWORK_TECHNICIAN,Network Technician,NETWORK_ENGINEERING,Computer Network Engineering,NETWORKS,Networks and Telecommunications,existing,existing_reviewed_mapping,1,Preserved existing leaf assignment.
TITLE:58629,58629,Telecommunications Officer,review,non_it_source_collision,1,1,TELECOM_SPECIALIST_GENERAL,Telecommunications Specialist (General),TELECOM_ENGINEERING,Telecommunications Engineering,NETWORKS,Networks and Telecommunications,medium,manual_title_by_title_resolution_v2,1,
TITLE:58629,58629,Telecommunications Officer,review,non_it_source_collision,2,0,TELECOM_MANAGER,Telecommunications Manager,TELECOM_ENGINEERING,Telecommunications Engineering,NETWORKS,Networks and Telecommunications,medium,manual_title_by_title_resolution_v2,1,
TITLE:58630,58630,Telecommunications Operator,conditional,needs_it_duties,1,1,TELECOM_OPERATOR,Telecommunications Operator,TELECOM_ENGINEERING,Telecommunications Engineering,NETWORKS,Networks and Telecommunications,medium,manual_title_by_title_resolution_v2,1,
TITLE:58631,58631,Telecommunications Project Manager,core,source_supported_proposal,1,1,IT_PROJECT_MANAGER,IT Project Manager,PROJECT_PRODUCT,IT Project and Product Delivery,IT_DELIVERY,IT Leadership and Delivery,existing,existing_reviewed_mapping,1,Preserved existing leaf assignment.
TITLE:58632,58632,Telecommunications Repairer,conditional,needs_it_duties,1,1,TELECOM_TECHNICIAN,Telecommunications Technician,TELECOM_ENGINEERING,Telecommunications Engineering,NETWORKS,Networks and Telecommunications,existing,existing_reviewed_mapping,1,Preserved existing leaf assignment.
TITLE:58633,58633,Telecommunications Rigger,conditional,needs_it_duties,1,1,TELECOM_INSTALLER_REPAIRER,Telecommunications Equipment Installer and Repairer,TELECOM_ENGINEERING,Telecommunications Engineering,NETWORKS,Networks and Telecommunications,medium,manual_title_by_title_resolution_v2,1,
TITLE:58633,58633,Telecommunications Rigger,conditional,needs_it_duties,2,0,TELECOM_TECHNICIAN,Telecommunications Technician,TELECOM_ENGINEERING,Telecommunications Engineering,NETWORKS,Networks and Telecommunications,medium,manual_title_by_title_resolution_v2,1,
TITLE:58634,58634,Telecommunications Service Manager,core,parent_only_proposal,1,1,TELECOM_MANAGER,Telecommunications Manager,TELECOM_ENGINEERING,Telecommunications Engineering,NETWORKS,Networks and Telecommunications,medium,manual_title_by_title_resolution_v2,1,
TITLE:58635,58635,Telecommunications Service Technician,conditional,needs_it_duties,1,1,TELECOM_TECHNICIAN,Telecommunications Technician,TELECOM_ENGINEERING,Telecommunications Engineering,NETWORKS,Networks and Telecommunications,existing,existing_reviewed_mapping,1,Preserved existing leaf assignment.
TITLE:58636,58636,Telecommunications Specialist,review,non_it_source_collision,1,1,TELECOM_SPECIALIST_GENERAL,Telecommunications Specialist (General),TELECOM_ENGINEERING,Telecommunications Engineering,NETWORKS,Networks and Telecommunications,medium,manual_title_by_title_resolution_v2,1,
TITLE:58637,58637,Telecommunications Switch Technician,conditional,needs_it_duties,1,1,TELECOM_TECHNICIAN,Telecommunications Technician,TELECOM_ENGINEERING,Telecommunications Engineering,NETWORKS,Networks and Telecommunications,existing,existing_reviewed_mapping,1,Preserved existing leaf assignment.
TITLE:58638,58638,Telecommunications Technician Supervisor,conditional,needs_it_duties,1,1,TELECOM_TECHNICIAN,Telecommunications Technician,TELECOM_ENGINEERING,Telecommunications Engineering,NETWORKS,Networks and Telecommunications,existing,existing_reviewed_mapping,1,Preserved existing leaf assignment.
TITLE:58639,58639,Telecommunications Technicians,conditional,needs_it_duties,1,1,TELECOM_TECHNICIAN,Telecommunications Technician,TELECOM_ENGINEERING,Telecommunications Engineering,NETWORKS,Networks and Telecommunications,existing,existing_reviewed_mapping,1,Preserved existing leaf assignment.
TITLE:58640,58640,Telecommunications Technologist,core,parent_only_proposal,1,1,TELECOM_TECHNICIAN,Telecommunications Technician,TELECOM_ENGINEERING,Telecommunications Engineering,NETWORKS,Networks and Telecommunications,medium,manual_title_by_title_resolution_v2,1,
TITLE:58640,58640,Telecommunications Technologist,core,parent_only_proposal,2,0,TELECOM_ENGINEER,Telecommunications Engineer,TELECOM_ENGINEERING,Telecommunications Engineering,NETWORKS,Networks and Telecommunications,medium,manual_title_by_title_resolution_v2,1,
TITLE:58641,58641,Telecommunications Tower Foreman,review,non_it_source_collision,1,1,TELECOM_INSTALLER_REPAIRER,Telecommunications Equipment Installer and Repairer,TELECOM_ENGINEERING,Telecommunications Engineering,NETWORKS,Networks and Telecommunications,medium,manual_title_by_title_resolution_v2,1,
TITLE:58641,58641,Telecommunications Tower Foreman,review,non_it_source_collision,2,0,TELECOM_TECHNICIAN,Telecommunications Technician,TELECOM_ENGINEERING,Telecommunications Engineering,NETWORKS,Networks and Telecommunications,medium,manual_title_by_title_resolution_v2,1,
TITLE:58642,58642,Telecommunications Utilities Foreman,review,non_it_source_collision,1,1,TELECOM_INSTALLER_REPAIRER,Telecommunications Equipment Installer and Repairer,TELECOM_ENGINEERING,Telecommunications Engineering,NETWORKS,Networks and Telecommunications,medium,manual_title_by_title_resolution_v2,1,
TITLE:58642,58642,Telecommunications Utilities Foreman,review,non_it_source_collision,2,0,TELECOM_TECHNICIAN,Telecommunications Technician,TELECOM_ENGINEERING,Telecommunications Engineering,NETWORKS,Networks and Telecommunications,medium,manual_title_by_title_resolution_v2,1,
TITLE:58645,58645,Telecoms Equipment Maintenance Engineer,conditional,needs_it_duties,1,1,TELECOM_ENGINEER,Telecommunications Engineer,TELECOM_ENGINEERING,Telecommunications Engineering,NETWORKS,Networks and Telecommunications,existing,existing_reviewed_mapping,1,Preserved existing leaf assignment.
TITLE:58646,58646,Telecoms Equipment Maintenance Technician,conditional,needs_it_duties,1,1,TELECOM_TECHNICIAN,Telecommunications Technician,TELECOM_ENGINEERING,Telecommunications Engineering,NETWORKS,Networks and Telecommunications,existing,existing_reviewed_mapping,1,Preserved existing leaf assignment.
TITLE:58647,58647,Telecoms Infrastructure Engineer,conditional,needs_it_duties,1,1,TELECOM_ENGINEER,Telecommunications Engineer,TELECOM_ENGINEERING,Telecommunications Engineering,NETWORKS,Networks and Telecommunications,existing,existing_reviewed_mapping,1,Preserved existing leaf assignment.
TITLE:58648,58648,Telecoms Infrastructure Technician,conditional,needs_it_duties,1,1,TELECOM_TECHNICIAN,Telecommunications Technician,TELECOM_ENGINEERING,Telecommunications Engineering,NETWORKS,Networks and Telecommunications,existing,existing_reviewed_mapping,1,Preserved existing leaf assignment.
TITLE:60445,60445,Trainee Data Analyst,review,non_it_source_collision,1,1,DATA_ANALYST,Data Analyst,DATA_ANALYSIS,Data Analysis and Business Intelligence,DATA_AI,"Data, Analytics and Artificial Intelligence",existing,existing_reviewed_mapping,1,Preserved existing leaf assignment.
TITLE:61588,61588,UI Designer,review,source_scope_conflict,1,1,UI_DESIGNER,User Interface Designer,DIGITAL_EXPERIENCE,Digital Interface and User Experience,DIGITAL_DESIGN,Digital Product Design,existing,existing_reviewed_mapping,1,Preserved existing leaf assignment.
TITLE:61590,61590,UI Product Designer (user Interface Product Designer),review,non_it_source_collision,1,1,UI_DESIGNER,User Interface Designer,DIGITAL_EXPERIENCE,Digital Interface and User Experience,DIGITAL_DESIGN,Digital Product Design,existing,existing_reviewed_mapping,1,Preserved existing leaf assignment.
TITLE:61591,61591,UI Programmer,core,source_supported_proposal,1,1,FRONTEND_DEVELOPER,Frontend Developer,SOFTWARE_DEVELOPMENT,Software Development,SOFTWARE,Software Engineering,existing,existing_reviewed_mapping,1,Preserved existing leaf assignment.
TITLE:61597,61597,UX Designer,core,source_supported_proposal,1,1,UX_DESIGNER,User Experience Designer,DIGITAL_EXPERIENCE,Digital Interface and User Experience,DIGITAL_DESIGN,Digital Product Design,existing,existing_reviewed_mapping,1,Preserved existing leaf assignment.
TITLE:61598,61598,UX Developer (user Experience Developer),core,source_supported_proposal,1,1,UX_DESIGNER,User Experience Designer,DIGITAL_EXPERIENCE,Digital Interface and User Experience,DIGITAL_DESIGN,Digital Product Design,existing,existing_reviewed_mapping,1,Preserved existing leaf assignment.
TITLE:61599,61599,UX Product Designer (user Experience Product Designer),review,non_it_source_collision,1,1,UX_DESIGNER,User Experience Designer,DIGITAL_EXPERIENCE,Digital Interface and User Experience,DIGITAL_DESIGN,Digital Product Design,existing,existing_reviewed_mapping,1,Preserved existing leaf assignment.
TITLE:61600,61600,UX Research Assistant (user Experience Research Assistant),review,non_it_source_collision,1,1,UX_RESEARCHER,User Experience Researcher,DIGITAL_EXPERIENCE,Digital Interface and User Experience,DIGITAL_DESIGN,Digital Product Design,existing,existing_reviewed_mapping,1,Preserved existing leaf assignment.
TITLE:61601,61601,UX Researcher (user Experience Researcher),core,source_supported_proposal,1,1,UX_RESEARCHER,User Experience Researcher,DIGITAL_EXPERIENCE,Digital Interface and User Experience,DIGITAL_DESIGN,Digital Product Design,existing,existing_reviewed_mapping,1,Preserved existing leaf assignment.
TITLE:61602,61602,UX Writer (user Experience Writer),conditional,needs_it_duties,1,1,UX_DESIGNER,User Experience Designer,DIGITAL_EXPERIENCE,Digital Interface and User Experience,DIGITAL_DESIGN,Digital Product Design,existing,existing_reviewed_mapping,1,Preserved existing leaf assignment.
TITLE:61909,61909,Usability Developer,core,source_supported_proposal,1,1,UX_DESIGNER,User Experience Designer,DIGITAL_EXPERIENCE,Digital Interface and User Experience,DIGITAL_DESIGN,Digital Product Design,existing,existing_reviewed_mapping,1,Preserved existing leaf assignment.
TITLE:61914,61914,Usability Tester,core,source_supported_proposal,1,1,USABILITY_TESTER,Usability Tester,SOFTWARE_TESTING,Software Quality and Testing,SOFTWARE,Software Engineering,existing,existing_reviewed_mapping,1,Preserved existing leaf assignment.
TITLE:61928,61928,User Interface Developers,core,source_supported_proposal,1,1,FRONTEND_DEVELOPER,Frontend Developer,SOFTWARE_DEVELOPMENT,Software Development,SOFTWARE,Software Engineering,existing,existing_reviewed_mapping,1,Preserved existing leaf assignment.
TITLE:61930,61930,User Interface and User Experience Architect (UI/UX Architect),core,source_supported_proposal,1,1,UI_DESIGNER,User Interface Designer,DIGITAL_EXPERIENCE,Digital Interface and User Experience,DIGITAL_DESIGN,Digital Product Design,existing,existing_reviewed_mapping,1,Preserved existing leaf assignment.
TITLE:61931,61931,User Interface and User Experience Designer (UI/UX Designer),core,source_supported_proposal,1,1,UI_DESIGNER,User Interface Designer,DIGITAL_EXPERIENCE,Digital Interface and User Experience,DIGITAL_DESIGN,Digital Product Design,existing,existing_reviewed_mapping,1,Preserved existing leaf assignment.
TITLE:61932,61932,User Support Analyst,core,source_supported_proposal,1,1,SUPPORT_ENGINEER,IT Support Engineer,USER_APPLICATION_SUPPORT,User and Application Support,SUPPORT,IT Support,existing,existing_reviewed_mapping,1,Preserved existing leaf assignment.
TITLE:61933,61933,User Support Specialist,core,source_supported_proposal,1,1,SUPPORT_ENGINEER,IT Support Engineer,USER_APPLICATION_SUPPORT,User and Application Support,SUPPORT,IT Support,existing,existing_reviewed_mapping,1,Preserved existing leaf assignment.
TITLE:62450,62450,Vessel Electronic Networks Technician,review,non_it_source_collision,1,1,NETWORK_TECHNICIAN,Network Technician,NETWORK_ENGINEERING,Computer Network Engineering,NETWORKS,Networks and Telecommunications,existing,existing_reviewed_mapping,1,Preserved existing leaf assignment.
TITLE:62610,62610,Video Game Developer,core,source_supported_proposal,1,1,GAME_DEVELOPER,Game Developer,SPECIALIZED_DEVELOPMENT,Specialized Software Development,SOFTWARE,Software Engineering,existing,existing_reviewed_mapping,1,Preserved existing leaf assignment.
TITLE:62613,62613,Video Game Programmer,core,source_supported_proposal,1,1,GAME_DEVELOPER,Game Developer,SPECIALIZED_DEVELOPMENT,Specialized Software Development,SOFTWARE,Software Engineering,existing,existing_reviewed_mapping,1,Preserved existing leaf assignment.
TITLE:62615,62615,Video Game Tester,core,source_supported_proposal,1,1,GAME_TESTER,Game Tester,SOFTWARE_TESTING,Software Quality and Testing,SOFTWARE,Software Engineering,existing,existing_reviewed_mapping,1,Preserved existing leaf assignment.
TITLE:62728,62728,Virtual Games Developer,core,source_supported_proposal,1,1,GAME_DEVELOPER,Game Developer,SPECIALIZED_DEVELOPMENT,Specialized Software Development,SOFTWARE,Software Engineering,existing,existing_reviewed_mapping,1,Preserved existing leaf assignment.
TITLE:62729,62729,Virtual Games Tester,core,source_supported_proposal,1,1,GAME_TESTER,Game Tester,SOFTWARE_TESTING,Software Quality and Testing,SOFTWARE,Software Engineering,existing,existing_reviewed_mapping,1,Preserved existing leaf assignment.
TITLE:62877,62877,Voice and Data Technician,review,unresolved,1,1,NETWORK_TECHNICIAN,Network Technician,NETWORK_ENGINEERING,Computer Network Engineering,NETWORKS,Networks and Telecommunications,medium,manual_title_by_title_resolution_v2,1,
TITLE:62877,62877,Voice and Data Technician,review,unresolved,2,0,TELECOM_TECHNICIAN,Telecommunications Technician,TELECOM_ENGINEERING,Telecommunications Engineering,NETWORKS,Networks and Telecommunications,medium,manual_title_by_title_resolution_v2,1,
TITLE:62922,62922,WAN Engineer (wide Area Network Engineer),core,source_supported_proposal,1,1,NETWORK_ENGINEER,Network Engineer,NETWORK_ENGINEERING,Computer Network Engineering,NETWORKS,Networks and Telecommunications,existing,existing_reviewed_mapping,1,Preserved existing leaf assignment.
TITLE:62923,62923,WAN Support Specialist (wide Area Network Support Specialist),core,source_supported_proposal,1,1,NETWORK_SUPPORT,Network Support Specialist,NETWORK_ENGINEERING,Computer Network Engineering,NETWORKS,Networks and Telecommunications,existing,existing_reviewed_mapping,1,Preserved existing leaf assignment.
TITLE:63305,63305,Wastewater Network Manager,excluded,outside_it_scope,1,1,OUTSIDE_IT_SCOPE,Outside IT Scope,OUTSIDE_SCOPE,Outside IT Occupational Scope,EXCLUSIONS,Excluded / Non-operational Labels,high,manual_title_by_title_resolution_v2,0,Manually classified as outside the operational IT occupation scope.
TITLE:63433,63433,Water Network Technician,excluded,outside_it_scope,1,1,OUTSIDE_IT_SCOPE,Outside IT Scope,OUTSIDE_SCOPE,Outside IT Occupational Scope,EXCLUSIONS,Excluded / Non-operational Labels,high,manual_title_by_title_resolution_v2,0,Manually classified as outside the operational IT occupation scope.
TITLE:63697,63697,Web Administrator,core,preferred_source_supported_proposal,1,1,WEB_ADMIN,Web Administrator,SYSTEMS_OPERATIONS,Systems Administration and Operations,PLATFORM_INFRASTRUCTURE,"Cloud, Platforms and IT Operations",existing,existing_reviewed_mapping,1,Preserved existing leaf assignment.
TITLE:63698,63698,Web Analyst,review,non_it_source_collision,1,1,OUTSIDE_IT_SCOPE,Outside IT Scope,OUTSIDE_SCOPE,Outside IT Occupational Scope,EXCLUSIONS,Excluded / Non-operational Labels,medium,manual_title_by_title_resolution_v2,0,Official source resolves primarily to search marketing; excluded from IT occupation matching.
TITLE:63699,63699,Web Application Developer,core,source_supported_proposal,1,1,WEB_DEVELOPER,Web Developer,SOFTWARE_DEVELOPMENT,Software Development,SOFTWARE,Software Engineering,existing,existing_reviewed_mapping,1,Preserved existing leaf assignment.
TITLE:63700,63700,Web Applications Programmer,core,source_supported_proposal,1,1,WEB_DEVELOPER,Web Developer,SOFTWARE_DEVELOPMENT,Software Development,SOFTWARE,Software Engineering,existing,existing_reviewed_mapping,1,Preserved existing leaf assignment.
TITLE:63701,63701,Web Architect,core,source_supported_proposal,1,1,WEB_DEVELOPER,Web Developer,SOFTWARE_DEVELOPMENT,Software Development,SOFTWARE,Software Engineering,medium,manual_title_by_title_resolution_v2,1,
TITLE:63701,63701,Web Architect,core,source_supported_proposal,2,0,SOLUTION_ARCHITECT,Solution Architect,SYSTEMS_ARCHITECTURE,Enterprise and Systems Architecture,ARCHITECTURE_ANALYSIS,IT Architecture and Systems Analysis,medium,manual_title_by_title_resolution_v2,1,
TITLE:63701,63701,Web Architect,core,source_supported_proposal,3,0,WEB_DESIGNER,Web Designer,DIGITAL_EXPERIENCE,Digital Interface and User Experience,DIGITAL_DESIGN,Digital Product Design,medium,manual_title_by_title_resolution_v2,1,
TITLE:63703,63703,Web Consultant,review,unresolved,1,1,WEB_DEVELOPER,Web Developer,SOFTWARE_DEVELOPMENT,Software Development,SOFTWARE,Software Engineering,medium,manual_title_by_title_resolution_v2,1,
TITLE:63703,63703,Web Consultant,review,unresolved,2,0,IT_CONSULTANT,IT Consultant,SYSTEMS_ANALYSIS,Business and Systems Analysis,ARCHITECTURE_ANALYSIS,IT Architecture and Systems Analysis,medium,manual_title_by_title_resolution_v2,1,
TITLE:63704,63704,Web Content Administrator (admin),core,parent_only_proposal,1,1,WEB_ADMIN,Web Administrator,SYSTEMS_OPERATIONS,Systems Administration and Operations,PLATFORM_INFRASTRUCTURE,"Cloud, Platforms and IT Operations",medium,manual_title_by_title_resolution_v2,1,
TITLE:63704,63704,Web Content Administrator (admin),core,parent_only_proposal,2,0,SERVICE_DELIVERY_MANAGER,IT Service Delivery Manager,SERVICE_GOVERNANCE,IT Service Governance,IT_DELIVERY,IT Leadership and Delivery,medium,manual_title_by_title_resolution_v2,1,
TITLE:63705,63705,Web Content Coordinator,core,parent_only_proposal,1,1,WEB_ADMIN,Web Administrator,SYSTEMS_OPERATIONS,Systems Administration and Operations,PLATFORM_INFRASTRUCTURE,"Cloud, Platforms and IT Operations",medium,manual_title_by_title_resolution_v2,1,
TITLE:63705,63705,Web Content Coordinator,core,parent_only_proposal,2,0,SERVICE_DELIVERY_MANAGER,IT Service Delivery Manager,SERVICE_GOVERNANCE,IT Service Governance,IT_DELIVERY,IT Leadership and Delivery,medium,manual_title_by_title_resolution_v2,1,
TITLE:63706,63706,Web Content Curatorspecialist,conditional,needs_it_duties,1,1,WEB_ADMIN,Web Administrator,SYSTEMS_OPERATIONS,Systems Administration and Operations,PLATFORM_INFRASTRUCTURE,"Cloud, Platforms and IT Operations",medium,manual_title_by_title_resolution_v2,1,
TITLE:63706,63706,Web Content Curatorspecialist,conditional,needs_it_duties,2,0,WEB_DESIGNER,Web Designer,DIGITAL_EXPERIENCE,Digital Interface and User Experience,DIGITAL_DESIGN,Digital Product Design,medium,manual_title_by_title_resolution_v2,1,
TITLE:63707,63707,Web Content Developer,core,source_supported_proposal,1,1,WEB_DEVELOPER,Web Developer,SOFTWARE_DEVELOPMENT,Software Development,SOFTWARE,Software Engineering,existing,existing_reviewed_mapping,1,Preserved existing leaf assignment.
TITLE:63708,63708,Web Content Manager,core,parent_only_proposal,1,1,WEB_ADMIN,Web Administrator,SYSTEMS_OPERATIONS,Systems Administration and Operations,PLATFORM_INFRASTRUCTURE,"Cloud, Platforms and IT Operations",medium,manual_title_by_title_resolution_v2,1,
TITLE:63708,63708,Web Content Manager,core,parent_only_proposal,2,0,SERVICE_DELIVERY_MANAGER,IT Service Delivery Manager,SERVICE_GOVERNANCE,IT Service Governance,IT_DELIVERY,IT Leadership and Delivery,medium,manual_title_by_title_resolution_v2,1,
TITLE:63709,63709,Web Content Specialist,core,parent_only_proposal,1,1,WEB_ADMIN,Web Administrator,SYSTEMS_OPERATIONS,Systems Administration and Operations,PLATFORM_INFRASTRUCTURE,"Cloud, Platforms and IT Operations",medium,manual_title_by_title_resolution_v2,1,
TITLE:63709,63709,Web Content Specialist,core,parent_only_proposal,2,0,WEB_DESIGNER,Web Designer,DIGITAL_EXPERIENCE,Digital Interface and User Experience,DIGITAL_DESIGN,Digital Product Design,medium,manual_title_by_title_resolution_v2,1,
TITLE:63711,63711,Web Coordinator,core,parent_only_proposal,1,1,WEB_ADMIN,Web Administrator,SYSTEMS_OPERATIONS,Systems Administration and Operations,PLATFORM_INFRASTRUCTURE,"Cloud, Platforms and IT Operations",medium,manual_title_by_title_resolution_v2,1,
TITLE:63711,63711,Web Coordinator,core,parent_only_proposal,2,0,SERVICE_DELIVERY_MANAGER,IT Service Delivery Manager,SERVICE_GOVERNANCE,IT Service Governance,IT_DELIVERY,IT Leadership and Delivery,medium,manual_title_by_title_resolution_v2,1,
TITLE:63713,63713,Web Design Consultant,core,source_supported_proposal,1,1,WEB_DESIGNER,Web Designer,DIGITAL_EXPERIENCE,Digital Interface and User Experience,DIGITAL_DESIGN,Digital Product Design,existing,existing_reviewed_mapping,1,Preserved existing leaf assignment.
TITLE:63714,63714,Web Design Specialist,core,source_supported_proposal,1,1,WEB_DESIGNER,Web Designer,DIGITAL_EXPERIENCE,Digital Interface and User Experience,DIGITAL_DESIGN,Digital Product Design,existing,existing_reviewed_mapping,1,Preserved existing leaf assignment.
TITLE:63715,63715,Web Designer,core,preferred_source_supported_proposal,1,1,WEB_DESIGNER,Web Designer,DIGITAL_EXPERIENCE,Digital Interface and User Experience,DIGITAL_DESIGN,Digital Product Design,existing,existing_reviewed_mapping,1,Preserved existing leaf assignment.
TITLE:63716,63716,Web Developer,core,preferred_source_supported_proposal,1,1,WEB_DEVELOPER,Web Developer,SOFTWARE_DEVELOPMENT,Software Development,SOFTWARE,Software Engineering,existing,existing_reviewed_mapping,1,Preserved existing leaf assignment.
TITLE:63717,63717,Web Development Manager,core,source_supported_proposal,1,1,WEB_DEVELOPER,Web Developer,SOFTWARE_DEVELOPMENT,Software Development,SOFTWARE,Software Engineering,existing,existing_reviewed_mapping,1,Preserved existing leaf assignment.
TITLE:63718,63718,Web Director,core,parent_only_proposal,1,1,WEB_ADMIN,Web Administrator,SYSTEMS_OPERATIONS,Systems Administration and Operations,PLATFORM_INFRASTRUCTURE,"Cloud, Platforms and IT Operations",medium,manual_title_by_title_resolution_v2,1,
TITLE:63718,63718,Web Director,core,parent_only_proposal,2,0,SERVICE_DELIVERY_MANAGER,IT Service Delivery Manager,SERVICE_GOVERNANCE,IT Service Governance,IT_DELIVERY,IT Leadership and Delivery,medium,manual_title_by_title_resolution_v2,1,
TITLE:63720,63720,Web Engineer,core,source_supported_proposal,1,1,WEB_DEVELOPER,Web Developer,SOFTWARE_DEVELOPMENT,Software Development,SOFTWARE,Software Engineering,existing,existing_reviewed_mapping,1,Preserved existing leaf assignment.
TITLE:63722,63722,Web Infrastructure Developer,core,source_supported_proposal,1,1,WEB_DEVELOPER,Web Developer,SOFTWARE_DEVELOPMENT,Software Development,SOFTWARE,Software Engineering,existing,existing_reviewed_mapping,1,Preserved existing leaf assignment.
TITLE:63724,63724,Web Manager,core,parent_only_proposal,1,1,WEB_ADMIN,Web Administrator,SYSTEMS_OPERATIONS,Systems Administration and Operations,PLATFORM_INFRASTRUCTURE,"Cloud, Platforms and IT Operations",medium,manual_title_by_title_resolution_v2,1,
TITLE:63724,63724,Web Manager,core,parent_only_proposal,2,0,SERVICE_DELIVERY_MANAGER,IT Service Delivery Manager,SERVICE_GOVERNANCE,IT Service Governance,IT_DELIVERY,IT Leadership and Delivery,medium,manual_title_by_title_resolution_v2,1,
TITLE:63729,63729,Web Operations Specialist,core,source_supported_proposal,1,1,WEB_ADMIN,Web Administrator,SYSTEMS_OPERATIONS,Systems Administration and Operations,PLATFORM_INFRASTRUCTURE,"Cloud, Platforms and IT Operations",existing,existing_reviewed_mapping,1,Preserved existing leaf assignment.
TITLE:63730,63730,Web Page Designer,core,source_supported_proposal,1,1,WEB_DESIGNER,Web Designer,DIGITAL_EXPERIENCE,Digital Interface and User Experience,DIGITAL_DESIGN,Digital Product Design,existing,existing_reviewed_mapping,1,Preserved existing leaf assignment.
TITLE:63731,63731,Web Page Developer,core,source_supported_proposal,1,1,WEB_DEVELOPER,Web Developer,SOFTWARE_DEVELOPMENT,Software Development,SOFTWARE,Software Engineering,existing,existing_reviewed_mapping,1,Preserved existing leaf assignment.
TITLE:63732,63732,Web Platform Designer,core,source_supported_proposal,1,1,WEB_DESIGNER,Web Designer,DIGITAL_EXPERIENCE,Digital Interface and User Experience,DIGITAL_DESIGN,Digital Product Design,existing,existing_reviewed_mapping,1,Preserved existing leaf assignment.
TITLE:63737,63737,Web Programmer,core,source_supported_proposal,1,1,WEB_DEVELOPER,Web Developer,SOFTWARE_DEVELOPMENT,Software Development,SOFTWARE,Software Engineering,existing,existing_reviewed_mapping,1,Preserved existing leaf assignment.
TITLE:63738,63738,Web Project Manager,core,source_supported_proposal,1,1,IT_PROJECT_MANAGER,IT Project Manager,PROJECT_PRODUCT,IT Project and Product Delivery,IT_DELIVERY,IT Leadership and Delivery,existing,existing_reviewed_mapping,1,Preserved existing leaf assignment.
TITLE:63739,63739,Web Publications Designer,review,non_it_source_collision,1,1,WEB_DESIGNER,Web Designer,DIGITAL_EXPERIENCE,Digital Interface and User Experience,DIGITAL_DESIGN,Digital Product Design,existing,existing_reviewed_mapping,1,Preserved existing leaf assignment.
TITLE:63743,63743,Web Security Manager,core,source_supported_proposal,1,1,SECURITY_MANAGER,Cybersecurity Manager,SECURITY_GOVERNANCE,"Cybersecurity Governance, Risk and Compliance",SECURITY,Cybersecurity,existing,existing_reviewed_mapping,1,Preserved existing leaf assignment.
TITLE:63744,63744,Web Site Developer,core,source_supported_proposal,1,1,WEB_DEVELOPER,Web Developer,SOFTWARE_DEVELOPMENT,Software Development,SOFTWARE,Software Engineering,existing,existing_reviewed_mapping,1,Preserved existing leaf assignment.
TITLE:63745,63745,Web Site Specialist,core,parent_only_proposal,1,1,WEB_DEVELOPER,Web Developer,SOFTWARE_DEVELOPMENT,Software Development,SOFTWARE,Software Engineering,medium,manual_title_by_title_resolution_v2,1,
TITLE:63745,63745,Web Site Specialist,core,parent_only_proposal,2,0,WEB_ADMIN,Web Administrator,SYSTEMS_OPERATIONS,Systems Administration and Operations,PLATFORM_INFRASTRUCTURE,"Cloud, Platforms and IT Operations",medium,manual_title_by_title_resolution_v2,1,
TITLE:63745,63745,Web Site Specialist,core,parent_only_proposal,3,0,WEB_DESIGNER,Web Designer,DIGITAL_EXPERIENCE,Digital Interface and User Experience,DIGITAL_DESIGN,Digital Product Design,medium,manual_title_by_title_resolution_v2,1,
TITLE:63746,63746,Web Software Engineer,core,source_supported_proposal,1,1,WEB_DEVELOPER,Web Developer,SOFTWARE_DEVELOPMENT,Software Development,SOFTWARE,Software Engineering,existing,existing_reviewed_mapping,1,Preserved existing leaf assignment.
TITLE:63747,63747,Web Specialist,core,source_supported_proposal,1,1,WEB_DEVELOPER,Web Developer,SOFTWARE_DEVELOPMENT,Software Development,SOFTWARE,Software Engineering,medium,manual_title_by_title_resolution_v2,1,
TITLE:63747,63747,Web Specialist,core,source_supported_proposal,2,0,WEB_ADMIN,Web Administrator,SYSTEMS_OPERATIONS,Systems Administration and Operations,PLATFORM_INFRASTRUCTURE,"Cloud, Platforms and IT Operations",medium,manual_title_by_title_resolution_v2,1,
TITLE:63747,63747,Web Specialist,core,source_supported_proposal,3,0,WEB_DESIGNER,Web Designer,DIGITAL_EXPERIENCE,Digital Interface and User Experience,DIGITAL_DESIGN,Digital Product Design,medium,manual_title_by_title_resolution_v2,1,
TITLE:63748,63748,Web Technician,core,source_supported_proposal,1,1,DESKTOP_SUPPORT,Desktop Support Specialist,USER_APPLICATION_SUPPORT,User and Application Support,SUPPORT,IT Support,medium,manual_title_by_title_resolution_v2,1,
TITLE:63748,63748,Web Technician,core,source_supported_proposal,2,0,WEB_ADMIN,Web Administrator,SYSTEMS_OPERATIONS,Systems Administration and Operations,PLATFORM_INFRASTRUCTURE,"Cloud, Platforms and IT Operations",medium,manual_title_by_title_resolution_v2,1,
TITLE:63749,63749,Web Technologies Administrator,core,source_supported_proposal,1,1,WEB_ADMIN,Web Administrator,SYSTEMS_OPERATIONS,Systems Administration and Operations,PLATFORM_INFRASTRUCTURE,"Cloud, Platforms and IT Operations",existing,existing_reviewed_mapping,1,Preserved existing leaf assignment.
TITLE:63750,63750,Web User Experience Strategist,review,non_it_source_collision,1,1,UX_DESIGNER,User Experience Designer,DIGITAL_EXPERIENCE,Digital Interface and User Experience,DIGITAL_DESIGN,Digital Product Design,existing,existing_reviewed_mapping,1,Preserved existing leaf assignment.
TITLE:63753,63753,Web and Digital Interface Designers,core,parent_only_proposal,1,1,UI_DESIGNER,User Interface Designer,DIGITAL_EXPERIENCE,Digital Interface and User Experience,DIGITAL_DESIGN,Digital Product Design,medium,manual_title_by_title_resolution_v2,1,
TITLE:63753,63753,Web and Digital Interface Designers,core,parent_only_proposal,2,0,UX_DESIGNER,User Experience Designer,DIGITAL_EXPERIENCE,Digital Interface and User Experience,DIGITAL_DESIGN,Digital Product Design,medium,manual_title_by_title_resolution_v2,1,
TITLE:63753,63753,Web and Digital Interface Designers,core,parent_only_proposal,3,0,WEB_DESIGNER,Web Designer,DIGITAL_EXPERIENCE,Digital Interface and User Experience,DIGITAL_DESIGN,Digital Product Design,medium,manual_title_by_title_resolution_v2,1,
TITLE:63760,63760,Webmaster,core,preferred_source_supported_proposal,1,1,WEB_ADMIN,Web Administrator,SYSTEMS_OPERATIONS,Systems Administration and Operations,PLATFORM_INFRASTRUCTURE,"Cloud, Platforms and IT Operations",existing,existing_reviewed_mapping,1,Preserved existing leaf assignment.
TITLE:63761,63761,Webmaster Analyst,core,source_supported_proposal,1,1,WEB_ADMIN,Web Administrator,SYSTEMS_OPERATIONS,Systems Administration and Operations,PLATFORM_INFRASTRUCTURE,"Cloud, Platforms and IT Operations",existing,existing_reviewed_mapping,1,Preserved existing leaf assignment.
TITLE:63763,63763,Website Coordinator,core,parent_only_proposal,1,1,WEB_ADMIN,Web Administrator,SYSTEMS_OPERATIONS,Systems Administration and Operations,PLATFORM_INFRASTRUCTURE,"Cloud, Platforms and IT Operations",medium,manual_title_by_title_resolution_v2,1,
TITLE:63763,63763,Website Coordinator,core,parent_only_proposal,2,0,SERVICE_DELIVERY_MANAGER,IT Service Delivery Manager,SERVICE_GOVERNANCE,IT Service Governance,IT_DELIVERY,IT Leadership and Delivery,medium,manual_title_by_title_resolution_v2,1,
TITLE:63764,63764,Website Designer,core,source_supported_proposal,1,1,WEB_DESIGNER,Web Designer,DIGITAL_EXPERIENCE,Digital Interface and User Experience,DIGITAL_DESIGN,Digital Product Design,existing,existing_reviewed_mapping,1,Preserved existing leaf assignment.
TITLE:63765,63765,Website Manager,core,source_supported_proposal,1,1,WEB_ADMIN,Web Administrator,SYSTEMS_OPERATIONS,Systems Administration and Operations,PLATFORM_INFRASTRUCTURE,"Cloud, Platforms and IT Operations",existing,existing_reviewed_mapping,1,Preserved existing leaf assignment.
TITLE:63766,63766,Website Optimization Strategist,review,non_it_source_collision,1,1,OUTSIDE_IT_SCOPE,Outside IT Scope,OUTSIDE_SCOPE,Outside IT Occupational Scope,EXCLUSIONS,Excluded / Non-operational Labels,high,manual_title_by_title_resolution_v2,0,Manually classified as outside the operational IT occupation scope.
TITLE:63767,63767,Website Programmer,core,source_supported_proposal,1,1,WEB_DEVELOPER,Web Developer,SOFTWARE_DEVELOPMENT,Software Development,SOFTWARE,Software Engineering,existing,existing_reviewed_mapping,1,Preserved existing leaf assignment.
TITLE:63768,63768,Website Project Manager,core,source_supported_proposal,1,1,IT_PROJECT_MANAGER,IT Project Manager,PROJECT_PRODUCT,IT Project and Product Delivery,IT_DELIVERY,IT Leadership and Delivery,existing,existing_reviewed_mapping,1,Preserved existing leaf assignment.
TITLE:63769,63769,Websphere Administrator,core,source_supported_proposal,1,1,WEB_ADMIN,Web Administrator,SYSTEMS_OPERATIONS,Systems Administration and Operations,PLATFORM_INFRASTRUCTURE,"Cloud, Platforms and IT Operations",existing,existing_reviewed_mapping,1,Preserved existing leaf assignment.
TITLE:64181,64181,Wide Area Network Administrator (WAN Administrator),core,label_policy_proposal,1,1,NETWORK_ADMIN,Network Administrator,NETWORK_ENGINEERING,Computer Network Engineering,NETWORKS,Networks and Telecommunications,existing,existing_reviewed_mapping,1,Preserved existing leaf assignment.
TITLE:64361,64361,Windows Administrator,core,source_supported_proposal,1,1,SYSTEM_ADMIN,Systems Administrator,SYSTEMS_OPERATIONS,Systems Administration and Operations,PLATFORM_INFRASTRUCTURE,"Cloud, Platforms and IT Operations",existing,existing_reviewed_mapping,1,Preserved existing leaf assignment.
TITLE:64363,64363,Windows Software Engineer,core,label_policy_proposal,1,1,DESKTOP_DEVELOPER,Desktop Application Developer,SOFTWARE_DEVELOPMENT,Software Development,SOFTWARE,Software Engineering,existing,existing_reviewed_mapping,1,Preserved existing leaf assignment.
TITLE:64364,64364,Windows Tech (windows Technician),review,non_it_source_collision,1,1,DESKTOP_SUPPORT,Desktop Support Specialist,USER_APPLICATION_SUPPORT,User and Application Support,SUPPORT,IT Support,medium,manual_title_by_title_resolution_v2,1,
TITLE:64364,64364,Windows Tech (windows Technician),review,non_it_source_collision,2,0,SYSTEM_ADMIN,Systems Administrator,SYSTEMS_OPERATIONS,Systems Administration and Operations,PLATFORM_INFRASTRUCTURE,"Cloud, Platforms and IT Operations",medium,manual_title_by_title_resolution_v2,1,
TITLE:64508,64508,Wireless Cellular Technician (wireless Cell Tech),conditional,needs_it_duties,1,1,TELECOM_TECHNICIAN,Telecommunications Technician,TELECOM_ENGINEERING,Telecommunications Engineering,NETWORKS,Networks and Telecommunications,existing,existing_reviewed_mapping,1,Preserved existing leaf assignment.
TITLE:64509,64509,Wireless Engineer,review,unresolved,1,1,NETWORK_ENGINEER,Network Engineer,NETWORK_ENGINEERING,Computer Network Engineering,NETWORKS,Networks and Telecommunications,medium,manual_title_by_title_resolution_v2,1,
TITLE:64509,64509,Wireless Engineer,review,unresolved,2,0,TELECOM_ENGINEER,Telecommunications Engineer,TELECOM_ENGINEERING,Telecommunications Engineering,NETWORKS,Networks and Telecommunications,medium,manual_title_by_title_resolution_v2,1,
TITLE:64510,64510,Wireless Installation Technician,conditional,needs_it_duties,1,1,TELECOM_TECHNICIAN,Telecommunications Technician,TELECOM_ENGINEERING,Telecommunications Engineering,NETWORKS,Networks and Telecommunications,existing,existing_reviewed_mapping,1,Preserved existing leaf assignment.
TITLE:64511,64511,Wireless Internet Installer,review,non_it_source_collision,1,1,TELECOM_INSTALLER_REPAIRER,Telecommunications Equipment Installer and Repairer,TELECOM_ENGINEERING,Telecommunications Engineering,NETWORKS,Networks and Telecommunications,medium,manual_title_by_title_resolution_v2,1,
TITLE:64511,64511,Wireless Internet Installer,review,non_it_source_collision,2,0,NETWORK_TECHNICIAN,Network Technician,NETWORK_ENGINEERING,Computer Network Engineering,NETWORKS,Networks and Telecommunications,medium,manual_title_by_title_resolution_v2,1,
TITLE:64512,64512,Wireless Network Engineer,core,source_supported_proposal,1,1,NETWORK_ENGINEER,Network Engineer,NETWORK_ENGINEERING,Computer Network Engineering,NETWORKS,Networks and Telecommunications,existing,existing_reviewed_mapping,1,Preserved existing leaf assignment.
TITLE:64513,64513,Wireless Operator,conditional,needs_it_duties,1,1,TELECOM_OPERATOR,Telecommunications Operator,TELECOM_ENGINEERING,Telecommunications Engineering,NETWORKS,Networks and Telecommunications,low,manual_title_by_title_resolution_v2,1,
TITLE:64516,64516,Wireless Technician,conditional,needs_it_duties,1,1,TELECOM_TECHNICIAN,Telecommunications Technician,TELECOM_ENGINEERING,Telecommunications Engineering,NETWORKS,Networks and Telecommunications,existing,existing_reviewed_mapping,1,Preserved existing leaf assignment.
TITLE:64517,64517,Wireless Telegrapher,excluded,outside_it_scope,1,1,TELECOM_OPERATOR,Telecommunications Operator,TELECOM_ENGINEERING,Telecommunications Engineering,NETWORKS,Networks and Telecommunications,low,manual_title_by_title_resolution_v2,1,
TITLE:64518,64518,Wireless Watcher,excluded,outside_it_scope,1,1,TELECOM_OPERATOR,Telecommunications Operator,TELECOM_ENGINEERING,Telecommunications Engineering,NETWORKS,Networks and Telecommunications,low,manual_title_by_title_resolution_v2,1,
TITLE:64857,64857,Wordpress Developer,core,source_supported_proposal,1,1,WEB_DEVELOPER,Web Developer,SOFTWARE_DEVELOPMENT,Software Development,SOFTWARE,Software Engineering,existing,existing_reviewed_mapping,1,Preserved existing leaf assignment.
TITLE:64870,64870,Work Station Support Specialist,core,source_supported_proposal,1,1,DESKTOP_SUPPORT,Desktop Support Specialist,USER_APPLICATION_SUPPORT,User and Application Support,SUPPORT,IT Support,existing,existing_reviewed_mapping,1,Preserved existing leaf assignment.
TITLE:64979,64979,XML Developer (extensible Markup Language Developer),core,parent_only_proposal,1,1,APPLICATION_DEVELOPER,Software Developer / Engineer (General),SOFTWARE_DEVELOPMENT,Software Development,SOFTWARE,Software Engineering,medium,manual_title_by_title_resolution_v2,1,
TITLE:64979,64979,XML Developer (extensible Markup Language Developer),core,parent_only_proposal,2,0,WEB_DEVELOPER,Web Developer,SOFTWARE_DEVELOPMENT,Software Development,SOFTWARE,Software Engineering,medium,manual_title_by_title_resolution_v2,1,
